row_index,text,true_label,pred_label
2634,"I had a very pleasant two-night stay at the Palmer. The lobby and corridors have a classic look, with patterned carpets and older wood furniture, so the decor is not especially fresh or trendy, but everything was clean and well maintained. Check-in was quick, and the front desk staff were genuinely friendly without being overbearing; they also helped me find a good nearby restaurant. Breakfast was better than expected, with hot eggs, bacon, fresh fruit, yogurt, and decent coffee, though the dining room became crowded after 8 a.m. My room faced the side street and was surprisingly quiet at night. I heard a little hallway noise in the morning, but nothing disruptive. The bed was comfortable, and I would happily stay here again.",1,1
2635,"I recently had the displeasure of staying at the Conrad Chicago. Although the hotel came with some recommendations from various online websites, my experience was anything but pleasent. First of all, they tell you that check in time is at 3pm. Well I arrived at the hotel at 3:30pm and checked in only to discover that my room was not ready. After waiting for nearly an hour for the room to be ready, I decided to go settle in. The carpets in the room smelled old and musty. Additionally, the bathroom was not in the the cleanest of states and there were numerous noticeable chips, scratches, and dents in the furniture. Although the bed was comfortable, I just couldn't get over the musty smell coming from the carpet. It was very difficult to get the air conditioning to set a comfortable temperature and I did not have a very good nights sleep. All in all, my experience was not the worst I've ever had, but far from anything worth writing home about.
",1,1
2636,"I took my family to the Affinia Chicago for a short vacation last summer and it was fabulous. My kids say that their favorite part was the pool and the fact that the amusement park is really close by. My wife was really stoked with Spaffina. The pampering and really made her feel special. And they are very attentive to pets also. My dog we left home but he would have been stoked with the pets amenities and attention.The hotel is also connected to a ton of other hotels, so their Stash award lets you earn points at a lot of other hotels also. My favorite part of all was that my family was happy and content, which left me free to go over to Underground Wonderbar for a nice cocktail.
",1,1
2637,"We stayed at the Conrad for four nights and I honestly can't find much to fault. The front desk team remembered our names after the first morning and even mailed back a charger we left behind in the lobby. Breakfast was a highlight: fresh pastries, made-to-order eggs, and strong coffee that rivaled the place around the corner. Our room on the 20th floor was remarkably quiet despite being in the middle of everything; once the door closed, we heard nothing but the hum of the AC. Wifi stayed fast and reliable throughout, which mattered since my husband had to join a few video calls. Housekeeping deserves a shout-out too. It's not the cheapest option in town, but we felt it was worth every cent and would happily return.",1,1
2638,"My Husband and I did not enjoy stay at Hotel Allegro! The room was so small. The bathroom was ridiculously stupid, everytime you use the sink you would splash water on yourself. Truly one person at time in the bathroom, it was like being in an airplane's bathroom. The walls are so thin, we heard the people across hall having sex. The some staff were really rude. I did not appreciate it when we had a sign on the door saying do not disturb the day of our check out. Check out time is 11am or 12 and we got a know on the door at 8AM with the sign stating ' do not disturb. ' The hotel did not have any microwaves in their rooms, no mini fridge, and no coffee maker either. NO DRAWERS to put your clothes in and the closet was very very very tiny. We were there for four days and three nights, so we had three suit cases full of clothes and no places to store them at. I also hated the fact that we had to pay almost fifty to park our car. My Husand and I will never stay at Hotel Allegro again!!!
",0,0
2639,"I booked the Hotel Amalfi expecting charm, but the reality was a tired, lackluster stay. Breakfast was a sad affair of watery coffee, stale pastries, and scrambled eggs that had clearly been sitting under a heat lamp for hours. Our room's 'sea view' was mostly a brick wall and a sliver of gray water, which felt like a cruel joke given the price. The decor was aggressively dated--think brown floral carpets and wobbly furniture from the 1980s--which immediately made the place feel grimy rather than quaint. The bed was the worst offender: a lumpy mattress with a sagging middle that guaranteed a night of tossing and turning, punctuated by the noisy air conditioning unit rattling like a dying engine. I left more exhausted than I arrived, feeling completely ripped off. I genuinely cannot recommend this place to anyone.",1,1
2640,"Absolutely loved my stay at Hotel Monaco! The rooftop pool was a dream, and the staff went above and beyond when I asked for late checkout. Comfy beds, great cocktails, and a perfect location for exploring.",1,1
2641,"Hard Rock exceeded our expectations for a fun, comfortable stay. The lobby and room decor felt fresh rather than overdone, with stylish music-themed details and everything looking well maintained. Our room faced the city, and the evening skyline view from the window was a real highlight. Staff members were upbeat, quick to help with directions, and remembered our names when we returned later in the day. Breakfast had a good mix of hot options, fruit, pastries, and made-to-order eggs; the coffee was better than typical hotel coffee too. It was busy, but tables were cleared quickly and service stayed friendly. We would happily stay again.",1,1
2642,"The view from our window was the sole saving grace--the Eiffel Tower twinkling against the night sky felt like a cruel joke given the mediocrity surrounding it. Our stay felt paradoxically both too rushed and interminably long; we were eager to leave, yet the check-out process dragged on as if the front desk was trying to punish us for our departure. The staff, while outwardly polite, were chronically unhelpful, responding to simple requests with vague shrugs and redirecting us to the concierge, who was perpetually 'occupied.' The room itself was a letdown: the corners held a fine film of dust, the bathroom grout was visibly stained, and a small, sticky residue on the bedside table went untouched for our entire two nights. For this price, I expected polish, not a lesson in disappointment.",1,1
2643,"I expected much more from the Conrad given the rate and reputation. My room faced the street, and traffic, sirens, and late-night voices carried through the windows well past midnight. The breakfast looked polished but was underwhelming: lukewarm eggs, stale pastries, and coffee that tasted as if it had been sitting for hours. The bathroom was attractive at first glance, yet the shower pressure was weak, the drain backed up, and there was very little counter space for toiletries. Wi-Fi was another irritation; it repeatedly disconnected during a video call and was too slow to reliably work from the room. Staff were courteous when asked, but no one followed up on the problems. Overall, it felt more like an expensive inconvenience than a relaxing stay.",1,1
2644,"Slept like a log at the Sheraton--surprisingly quiet despite the downtown location, and the city skyline view from my floor was a treat. Wifi was fast and never dropped once. Would happily return.",1,1
2645,"I really wanted to like the Ambassador, but our stay was a letdown from start to finish. Check-in took nearly half an hour because the front desk was staffed by one visibly overwhelmed clerk. The room itself was dated, with a sagging mattress, a wobbly desk chair, and an air conditioning unit that rattled loudly every time it kicked on. We asked three times about the AC before anyone came up, and even then the fix lasted a day. Housekeeping skipped our floor one afternoon entirely. The location is decent, I'll grant that, and the morning coffee in the lobby was fine, but for this price I expected far more. The hallways smelled musty, and our window faced a brick wall. We won't be returning.",1,1
2646,"The Intercontinental exceeded expectations--the club lounge was a quiet haven with great views, and the bed was incredibly comfortable after a long travel day. Staff remembered my name at breakfast, which felt genuinely personal. I'd gladly return.",1,1
2647,"We stayed at the Hotel James for three nights and honestly can't figure out how it gets such decent ratings. Check-in took forever because apparently only one person works the desk in the evenings, and when we finally got to our room the AC was barely blowing cool air. Asked twice about it before anyone came up. The hallway carpets were stained and the whole place just felt tired. Breakfast was the biggest letdown, lukewarm eggs, ran out of coffee both mornings, and no one refilled anything. Our window overlooked the loading dock, so we were woken at 5:45am bydeliveries every day. Bathroom had a musty smell that never really went away. Staff were polite enough but completely ineffective. For the price, there are far better options nearby. Won't be returning.",1,1
2648,"My wife and I stayed at the Ambassador East Hotel last month for my son's wedding. When we got there nobody helped us with our bags and they took forever to Valet our car. After waiting 15 minutes to get my car parked he expected a tip, which I found rude. After finally getting to our room I noticed crumbs on the floor and a dirty bathroom. I was extremely disappointed with the room and the service. I will not recommend this place to anyone.
",1,1
2649,"We chose Hotel Amalfi for the view, but honestly, the staff made the stay. Every single person, from the front desk to the breakfast crew, greeted us by name after day one - a small touch that felt incredibly personal. The room itself was spotless, though the bathroom was a bit snug, a fair trade for the private balcony overlooking the water. Mornings were a highlight: strong espresso, flaky pastries, and a spread of local cheeses that fuelled our daily hikes. The only minor hiccup was the thin walls; we could hear our neighbours' late-night chatter. Still, the location is unbeatable - a five-minute stroll to the marina and tucked away from the main drag. I'd absolutely return for the hospitality alone.",1,1
2650,"Disappointing stay at the James--our room felt worn, the air conditioner rattled all night, and housekeeping missed basic items. For the price, I expected much better.",1,1
2651,"We stayed at the Sheraton for three nights and left genuinely disappointed. The photos online promised a lovely outlook, but our 'view' was mostly a grey parking garage wall with a slice of rooftop AC units humming away. Breakfast was the biggest letdown: the scrambled eggs were lukewarm and watery, the fruit looked tired from the day before, and the coffee was so weak we ended up paying extra at a cafe across the street. Sleep was a struggle too. Even though our room was far from the elevator, the hallway noise carried badly, and every night around 11pm we could hear music and laughter from the bar two floors down until well past midnight. The bed itself was decent, but that hardly matters when the walls are this thin. For the price, we expected far better.",1,1
2652,"Honestly expected more from a hotel at this price point. Checked in around 4pm and my room still wasn't ready, then when I finally got in around 5:30 the AC was barely working. Front desk offered to 'look into it' but it never really cooled down during my whole three-night stay. The room itself was decently designed but small, and you could hear the elevator whirring all night through the wall. Housekeeping skipped my floor entirely one day, and when I called down I got transferred twice before anyone picked up. The bar downstairs is gorgeous, I'll give them that, but service there was slow even when it was half empty. Location is fine, near the theater district, but for this money I'd rather stay a few blocks away and actually sleep well. Won't be back.",1,1
2653,"I expected more from the James given the price and the photos online. The lobby looks polished, but the room felt tired: scuffed furniture, a stained chair by the window, and a bathroom door that would not stay shut. Our air conditioning rattled loudly all night, and the front desk said someone would check it, but nobody came. The bed was comfortable enough, although the pillows had almost no support. Housekeeping also skipped our room after we were out most of the day, which was frustrating after returning late. The location is convenient for shopping and restaurants, but that only goes so far when the stay itself is this uneven. Staff were polite when approached, just not especially proactive. For what we paid, I would choose another downtown hotel next time.",1,1
2654,"I stayed there on October 6, 2012. When I pulled the covers of my bed, there was a small dark brown insect the size of a grain of rice, which was either a bed bug or cockroach. I trapped it under a glass (see the attached pictures) and called the front desk. The housecleaning person claimed it was a cockroach. Absolutely horrible service by the hotel management to respond to the problem, failing to follow through on promises they made to me. Setting aside the bug problem, I caution that the windows are quite thin. We could hear a lot of the street noise, which made for a hard night's sleep, not to mention worrying about insects even after changing rooms. For $400 a night after tax, I strongly encourage you to check for alternatives.
",0,0
2655,"We stayed at the Sheraton for a long weekend and honestly, it exceeded my expectations. The check-in process was smooth, and the front desk agent actually acknowledged our status tier and upgraded us to a room facing the city, which was a lovely surprise. The room itself was spotless and the bed was, as expected, incredibly comfortable--I slept better there than I do at home. The location was great for walking to restaurants and the water.

The only minor hiccup was the pool area being a bit crowded on Saturday afternoon, but we just went back in the morning and had it almost to ourselves. The lobby bar had a great vibe too, perfect for winding down with a craft cocktail. The staff throughout the hotel were consistently polite and helpful. All in all, a really solid, stress-free stay. We'll likely be back.",1,1
2656,"I was expecting an experience comparable to my stays at the Olympia in Seattle. The decor and overall feel of the hotel was much above average but not inspiring. Biggest disappointment was the inadequate internet connection in the room. The wireless was very slow and the hard-wire from the wall did not work at all. I did request a replacement of the wall wire, but it did no help. This hotel can do better than this. With a 5 star rating, it should be an experience to be pleasantly remembered -- but, was just a mediocre experience for me. Even the bed covers were not that special. Needs more intense management. Next time, I will try the Trump facility Thanks
",0,0
2657,"Stayed three nights for a conference and left feeling genuinely let down. The lobby is gorgeous in photos, but the reality is worn carpets and a front desk that seemed annoyed by basic requests. My room faced the inner courtyard, which meant constant noise from the housekeeping carts starting at 6 AM--no blackout curtains either, just thin sheers. The air conditioning rattled all night, and when I asked to switch rooms, I was told nothing was available, which felt like a lie given the empty hallways. Breakfast was a disaster: lukewarm scrambled eggs, stale pastries, and coffee that tasted burnt. The pool was closed for 'maintenance' without any prior notice, and the gym had two broken treadmills. For the price, this was a massive miss. I've had better experiences at chain motels. Save your money and book elsewhere--this place trades on old glory and delivers nothing but frustration.",1,1
2658,"We stayed at the Fairmont for four nights over a long weekend and honestly have very few complaints. Our room on a higher floor had a gorgeous view of the mountains and the water, and the bed was one of the most comfortable I've ever slept in at a hotel - I actually looked up the mattress brand before checking out. Housekeeping was prompt and thorough every day, and the front desk straightened out a small billing mix-up within minutes without any fuss. The pool area never felt crowded even though the hotel was fairly full, and the concierge booked us a last-minute dinner reservation at a place that turned out to be the highlight of our trip. Location is excellent too, an easy walk to everything we wanted to see. None of this is cheap, but you get what you pay for. We'd happily return.",1,1
2659,"The view was mostly of other buildings, which was a letdown. While the room felt grungy and under-vacuumed, the location was decent for clubs. The bathroom, however, had clogged drains and a musty smell. Very disappointing for the price.",1,1
2660,Loved our stay here--the sea view room was worth every euro and the breakfast spread was impressive. Staff went out of their way to help with ferry schedules. Would happily return next summer.,1,1
2661,"My visit to the Conrad Chicago in the heart of downtown was a luxurious experience bar none. The lobby is immaculate and is filled with reams of class and style. The rooms are beautifully adorned. I especially like the flat screen TV and wired internet. I'm never happy with wireless connections so it is nice to find a hotel that knows that its guests need fast, reliable internet connectivity, and it's included at no additional charge. The view from the room was magnificent...downtown Chicago at night! The Restaurant is spectacular but the Terrace is the place to be when weather permits. You cannot get a more breathtaking view and be able to relax in the gentle breeze of evening while dining on the finest gourmet foods. Don't forget to visit the Health and Fitness center with their selection of aerobic and anaerobic workout equipment. The staff is attentive to your every need and the concierges can get you whatever you need. Just ask! This is the place to stay in Chicago if you want to be pampered in luxury!
",1,1
2662,"The Amalfi Hotel in Chicago is a wonderful hotel. I had the opportunity to stay there on business and wished I could have stayed for longer. The staff is so nice and helpful. They really treat you like a VIP and are there to help with any questions you might have. The rooms are so beautifully decorated that you wish you could hire their designer to do your home. In my room I had access to my own personal dvd and cd collection. Did I say IN the room? I didn't even have to leave or order something on the television. It was nice to shower with their AVEDA products and get into my microfiber robe and slippers that they supplied me. While staying in for the night I was also able to use my laptop in my room since they have wifi throughout the hotel.The bed was very comfortable and everything was so clean! In the morning I was treated to a great complimentary breakfast and ordered a massage. Yes...ordered. They came to my room and I didn't even have to leave. Very comfy! This hotel was by far the best that I have stayed in and I travel a lot for business so I would know.You always have high expectations when you're staying at hotels and I'm pleased to say that my expectations were far exceeded. I'm recommending this hotel to everyone I know that will be staying in the Chicago area. I will definitely be back and make reservations for a longer stay this time because I just didn't want to leave! I would rate this hotel 5 out of 5 stars.
",1,1
2663,"I had a very pleasant stay at the Sofitel. The lobby felt polished without being overly formal, and the front desk team handled check-in quickly while still taking time to answer my questions about the area. My room was quiet, comfortable, and thoughtfully laid out, with a genuinely comfortable bed, good lighting, and plenty of space for luggage. I especially appreciated the large windows and the spotless bathroom, which had strong water pressure and nice toiletries. Breakfast was fresh and well presented, although the coffee service was a little slow during the busiest period. The hotel's location made it easy to walk to restaurants, shops, and public transport. Overall, it offered the kind of dependable service and calm atmosphere that made returning after a long day especially enjoyable.",1,1
2664,"The room looked dated, and despite the Fairmont name, service felt slow and indifferent. Breakfast was overpriced, and the noise from the hallway made sleep difficult.",1,1
2665,"The Hyatt Regency Chicago hotel is perfecty located in the center of downtown Chicago. Whether you are going there for business or pleasure, it is in the perfect place. The rooms are large and beautiful and the ball room took my breath away. The wi-fi connection was perfect for the work I needed to do and the show at the Navy Pier was perfect for when I needed a break. Other hotels have nothing on the Hyatt. I just wish there was a Hyatt Regency in every city for all of my business trips.
",1,1
2666,"My husband and I stayed at the Sofitel Chicago Water Tower for three nights last month. We were celebrating our anniversary, so we decided to splurge on the Prestige Suite. According to the website, we were to be given either a city or park view, neither of which we had. Instead, our room was overlooking a dirty field with some sparse trees. The woman who checked us into our room was rude and impatient, and the man who helped with our bags was the same. When we got to the room, the beds were unkempt and the floors were in serious need of a vacuuming. The bathroom was dirty and there was dried toothpaste in the sink. My husband requested that we be given another room, preferably a clean one, but the clerk told us that there were no other rooms available. If given the chance, I would not stay at this hotel again, even if I were offered a free night.
",1,1
2667,"We stayed at the Talbott for a long weekend and it exceeded what I expected from the price point. It's a smaller boutique property, which I actually ended up loving, because the service felt personal rather than scripted. The doorman remembered our names by day two, and the front desk accommodated our late checkout without any hassle when our flight got pushed back. Rooms are European-sized, so on the cozy side, but the bedding was genuinely comfortable and everything was spotless. Location is hard to beat: quiet residential street feel off Rush, yet a short walk to Michigan Avenue and tons of restaurants. The free evening wine reception was a nice touch after a day of walking around. Only quibble is the elevator situation during busy times, but honestly it wouldn't stop me from returning. Solid choice.",1,1
2668,"Homewood was a comfortable, welcoming stay with a spotless room and genuinely helpful staff. I especially appreciated the quiet atmosphere and convenient location, which made everything feel easy from check-in to checkout.",1,1
2669,"I had a very pleasant stay at the Hotel Ambassador. The room was spotless when I arrived, with fresh linens, dust-free surfaces, and plenty of space to unpack. The decor is not especially trendy, but it felt well cared for rather than tired; the classic furnishings actually suited the building's character. The bathroom was compact but bright and genuinely clean, with good water pressure and a shower that heated up quickly. My only minor complaint was that the counter space was limited. The bed was comfortable, and despite being in a lively neighborhood, the room stayed quiet enough for me to sleep soundly both nights. Staff were friendly and efficient throughout, and the location made it easy to get around. I would happily stay here again.",1,1
2670,"We stayed two nights. We were registered by a very unfriendly desk attendant. He was very cold. Our room was very, very small and the closet did not even hold the few clothes we packed for two days. The room was stylishly decorated but lacked the nice small touches such as an extra pillow in the closet. We were attracted to this hotel because a bar was on the ground level - however when we went to have a drink, the door to the bar was locked. We called to inquire why the sign said was open when it really wasn't and were told they were short staffed, 'sorry'. WHAT?? are you running here? You are a hotel in the country's third largest city and your amenities are open at whim? This was our first and last visit to a Kimpton hotel.
",0,0
2671,"Stayed here for a conference and left feeling underwhelmed. The room was tired, with scuffed furniture and a view of a wall. Staff were polite but painfully slow, and the so-called luxury breakfast was cold and overpriced. For this price tag, I expected far more polish.",1,1
2672,"The Hilton was a comfortable stay: the bathroom was spotless, Wi-Fi worked reliably, and the central location made getting around easy. Breakfast offered plenty of fresh, tasty choices.",1,1
2673,"Hotel Palmer was a really pleasant surprise. The lobby has a warm, slightly vintage feel, and the front desk team made check-in quick even though we arrived later than planned. Our room was spotless, with a comfortable bed, good blackout curtains, and enough space to unpack without living out of a suitcase. I also appreciated the strong Wi-Fi and quiet air conditioning--small things that make a stay much easier. Breakfast was fresh and well stocked, especially the coffee and pastries. The location worked well for walking to nearby restaurants, and parking was simpler than expected. It is not an ultra-luxury place, but everything felt cared for and welcoming. I would happily stay here again.",1,1
2674,"Four nights at the Hilton felt like two too many. The bathroom had mold in the grout, our 'view' was a brick wall, and breakfast was cold eggs and lukewarm coffee. way overpriced for what you get.",1,1
2675,"When I planned my summer vacation, I was wanting to travel somewhere new. Chicago was on my mind because of the fast city life. I got in a flight to Chicago and arrived at the Hard Rock Hotel. It was grand and I spent a total of 4 days and nights there. The luxury was exotic and the location was right around the corner from most shopping and dining venues. The room service had me drooling because the food was so delicious, I could hardly picture not feeling satisfied. I met up with a few of my friends and they offered me a tour around town. I enjoyed the stay there and will come back sooner than later. 
",1,1
2676,"The lines at the check in desk were tremendously long so we decided to use the computerized self check in. The only option the self check in gave us was the size of the bed. When we got to our room, we immediately realized we were placed in a smoking room but we were unable or perhaps the staff was unwilling to move us to a non smoking room. I am allergic to the smoke and that made my stay uncomfortable. The walls seemed thin and we could clearly hear the conversations of the guests in the rooms next to us. When we went to breakfast, we were seated quickly but it was nearly ten minutes before our server arrived. For the price they were charging, the wait was unacceptable and we went elsewhere. It also took ten extra minutes than promised for the valet to get our car. For forty dollars a day for parking, we expected better.
",0,1
2677,"I expected much more from a Fairmont stay, especially at this price point. The lobby has some classic charm, but the room decor felt dated rather than elegant, with worn carpeting and heavy furniture that made the space seem gloomy. The bathroom was cramped and disappointing: chipped tile, weak water pressure, and a shower curtain that looked like it had seen better days. Housekeeping also missed replenishing towels. Staff at check-in were polite but noticeably rushed, and when I mentioned the bathroom issues, the response was a vague promise to 'look into it' with no follow-up. The location was convenient, but the overall experience felt overpriced and far below the level of comfort and service I expected.",1,1
2678,"I have just returned from a lovely shopping trip to Chicago. It is a very nice hotel, and I will love to stay there if I visit Chicago again! There is a lot of positive to say about the hotel; staff is excellent, never experienced such an excellent service -- that alone is worth coming back for. Was pleasantly surprised that the room rate was including breakfast. A few things that could make this hotel even better... A hand shower in the bathroom. The hairdryer to be placed in the bedroom, instead of the bathroom, when the bathroom is all damp after a shower I prefer leaving the bathroom to dry my hair. Free internet access in the lobby. I was surprised I had to pay 6 or 7 USD (for 15 minutes) to log-on and check-in with my airline (only with a few airlines you can check-in without paying?!?!?!?) 
",0,0
2679,"We stayed here because of the enthusiastic positive reviews on Trip Advisor and Yelp. We might have had a one in a million experience, but we: - were served a hairy salad (a long black hair held a lettuce leaf hostage); - considered our guest room tiny; - could not submerge a thigh, much less a body, in the tub (we're not obese and we're not Dexter); - endured a broken air conditioner for days (it couldn't be repaired); - experienced the delight of an inexplicably broken toilet (they fixed it that day). On a positive note, the tea from room service tasted delicious, employees were abundant and friendly, the location is great, and it's very easy to get a taxi. In the future, I would reluctantly stay here for business. I would not stay here for pleasure. I think a 20-something who hasn't traveled much would appreciate this hotel more than a seasoned traveler would...as a friend said to me today, 'Oh, the Sofitel? That's the Hilton of France.' I agree.
",0,0
2680,"Stayed here for three nights and left genuinely impressed. It wasn't cheap, but for the location and quality, I felt it was worth every penny. Our room on the 28th floor offered a stunning panorama of the city skyline, especially at sunset when the windows caught the golden light. The bathroom was a real highlight - spotless, with a powerful rain shower and soft, thick towels that felt luxurious. Despite being in a busy area, the soundproofing was superb; we heard nothing from the street or neighboring rooms, which made for incredibly restful sleep. The bed was firm yet comfortable, and the blackout curtains did their job perfectly. Breakfast was extensive with fresh pastries and made-to-order eggs. Staff were professional and attentive without being intrusive. If you're after a solid, reliable base with great views and silence, this is it. I'd happily return.",1,1
2681,"Stayed three nights for a business trip and honestly couldn't have picked a better spot. The location is unreal--steps from the riverfront and a quick walk to all the good restaurants, yet the room was eerily quiet. I slept like a rock through two busy weekdays, which never happens in downtown hotels. My corner room faced the water, and watching the barges glide by at sunset was a peaceful bonus I didn't expect. The staff genuinely stood out--front desk remembered my name on day two and the bartender mixed a perfect old fashioned without me even asking. Check-in was swift, and housekeeping was thorough without being intrusive. Only minor gripe: the hallway carpets felt a bit dated. But the vibe, the calm, and the friendly service make me want to come back for a leisure stay.",1,1
2682,"The service from check-in to checkout was excellent - timely and efficient. The room was more then I has expected. It was spacious and laid out very well. I particularly enjoyed the living room area as well as the double closets and separate bath and shower. The bed abd pillows were extremely comfortable. I believe it's the first time I stayed in a hotel that provided a toothbrush and toothpaste in the room. The location was perfect for us as we were able to walk to everywhere we needed to go. I particularly enjoyed the excellent food at theChina Grill which is attached to the Hard Rock hotel. The service was very good and the staff very friendly. 
",0,0
2683,"We had a really enjoyable stay at the Conrad. The room felt modern and calm, with a very comfortable bed, blackout curtains, and a spotless bathroom with great water pressure. I appreciated the little details, like plenty of outlets by the bed and complimentary water refreshed each day. Staff were consistently friendly without being intrusive; the concierge gave us excellent dinner suggestions and helped arrange a car quickly. Breakfast was a highlight, with fresh pastries, made-to-order eggs, and attentive service even during the busy morning rush. The location made it easy to walk to nearby shops and restaurants. The only minor issue was a short wait for the elevator at peak times, but it hardly affected the experience. Would happily return.",1,1
2684,"I had an awful experience here. The staff were rude and unhelpful. It took forever to check in and when I did, they took a while to even find my reservation. When I got to the room, it was marginally clean and when I complained, they said they were full and could not do anything for me. I would never go back. They are obviously not worried about customer service.
",1,1
2685,"For the price, Fairmont was a letdown: our room smelled stale, the air conditioner rattled all night, and requests for extra towels took hours to arrive.",1,1
2686,"When you enter the lobby at the Millennium Knickerbocker Hotel you immediately see that this is a special place where you are going to be pampered. The staff are very friendly and helpful and seem genuinely happy to assist you in any way they can. The check in process is smooth and friendly as I expected. When you enter your room the decor catches your eye. Luxurious yet not stuffy is how I describe it. The restroom tub is large and made of marble. The whole room is tasteful and made to make you feel special yet at home. I highly recommend The Millennium Knickerbocker Hotel to anybody looking to escape for a while.
",1,1
2687,"Our non-smoking room smelled very badly of stale cigarette smoke. We were not allowed to change rooms. Also, the concierge staff was unprofessional, telling long winded personal stories to uninterested guests while long lines formed. The location was great. Hotel is dated, but would still be a nice place to stay if it weren't for customer service issues.
",0,0
2688,"I have to admit, I was a little worried the Sheraton would feel dated, but my corner room was spotless and surprisingly modern. The carpet looked fresh, the bathroom grout was pristine, and the blackout curtains worked perfectly. My only real complaint is that I booked a two-night stay and it simply flew by--I could have easily used a third day just to lounge in that ridiculously comfortable bed. Breakfast downstairs was a pleasant surprise, with made-to-order omelets and proper barista coffee, far above the usual hotel buffet mush. Given the location, the lovely pool, and the overall polish, it genuinely felt worth every penny. I left already checking dates for my next visit.",1,1
2689,"My stay at The Palmer House Hilton was less than satisfactory. I would have expected much for from such a 'high end' hotel. The rooms were way over priced, and the service was less than satisfactory. At one point, I left my dirty towels on the floor to be picked up, and when room service came through, they were still there! On the other side of things, the cup I had left on my desk (which I was planning to use later) was gone. My coffee and my towels were also never replaced. I also was astounded that internet service did not come with the price of the room. Rather, it was a 'nominal fee'. After paying so much for a room, I had hoped to at least have complimentary wifi. My stay at the Palmer House Hilton left much to be wished for. I will not be staying there again.
",1,1
2690,"Disappointing stay at Hotel Ambassador: the room was dated, housekeeping missed basic details, and the front desk seemed uninterested when we reported the noisy air conditioner. Definitely not worth the price.",1,1
2691,"The location is convenient, but the room felt tired and the hallway noise was relentless. The promised 'city view' was mostly a brick wall, and breakfast was a sad, lukewarm afterthought. Overall, this stay was a miss for the price.",1,1
2692,"We experienced bed bugs in our room while staying at the Omni Chicago Hotel on the Magnificent Mile. We never received a return call from General Manager Sanjay Mahajan after several voicemails. We will never return to the hotel and will work to spread the word. We also heard from several employees from the cleaning staff that this is common in the hotel.
",0,0
2693,"I recently traveled up to Chicago for business and had a terrific 3 day 2 night stay at the Sofitel Chicago Water Tower in downtown. The location was perfect as it gave me easy access to Michigan Avenue and the conference center where I was doing business. My hotel room was rather nice with a very comfortable king size bed and a cozy atmosphere. I ordered room service for dinner and it came within 30 minutes so I was quite pleased with that and they serve from their own restaurant which is located downstairs. The food was extremely good and I really enjoyed not having to go out and fight the traffic to find a good place to eat. I had been really tired from my meeting earlier in the day and had no trouble going to bed on the comfortable mattress. I woke up and took a shower and the bathroom was definitely up to standard with any other quality hotel. They had all the soaps and stuff as usual and they had plenty of towels on hand as well. After shower I headed down and they had a breakfast buffet at the restaurant which was free for hotel guests. The breakfast was delicious and started my day out right. After my business stuff was over I really got out and enjoyed Chicago. I met up with a friend who came over and visited my hotel and she was quite impressed with it as well. When I go back to Chicago I will definitely stay at the Sofitel again.
",1,1
2694,"Gorgeous property with stunning views, and the staff went out of their way to make our stay special. Rooms were spacious and immaculate. Would absolutely come back!",1,1
2695,"Stayed here on business a few nights and really liked it. Very attractive, classy and comfortable hotel that's got an element of sexy and sharp. Public spaces are very nice, with an open area bar in the front lobby and nice sitting areas. Rooms are lovely as well, with handsome fixtures and furniture, a terrific desk work space and comfortable bed. Bathroom amenities and fixtures are sleek and attractive as well. Best of all, the hotel has breathtaking views of the city and the water - both the river and the lake. If you're working in the area, it's the best choice for that part of town, and I prefer it to the nearby Hyatt and Monaco. 
",0,0
2696,"Home away from home! The suites are amazing with great views of the city. The food is delious and served by an excellent staff. I loved the heated pool on the top floor, very relaxing after a long day of meetings. Great place to stay when your in Chicago!
",1,1
2697,"As others have said, once all the construction works are completed I suspect that the prices this hotel can (legitimately) charge will put it out of our price range. Which will be a pity because it is an excellent hotel, & the location couldn't be better. The room was very spacious, with separate sitting & study areas & a nice bathroom. Only 3 minor points: downstairs they were serving a free basic breakfast (coffee & pastries), but we only knew of it on our last morning - nobody had mentioned this; the cost of internet - $9.99 - is a bit dear especially when lots of motels now offer it free; there was only powered milk in the rooms, which wasn't that nice. But none of these really spolied a really enjoyable stay. 
",0,0
2698,"I stayed this hotel for 2 nights. I had high hopes seeing as this is a 4 star hotel and seems quite elegant based on pictures I've seen. Upon entering the building, you can easily see that it is clean and high class. The lobby was nice, and everything seemed as it should be. However, as soon as I made it into my room, it was completely different than everything previous to it. It was dirty, visible yellow stains on the walls and all around the restroom. The room too was not completely organized as all other hotel rooms I've been to. There was also a lingering smell from the last tenants. When I called the front desk about these issues, they sent someone up to fix it. I left the hotel about two hours and upon returning, they were still at it! This is an unreasonable amount of time to fix these glaring errors. The smell also did not completely disappear when they were done. As I was too tired, I just decided to deal with it for the rest of my stay here and focus on enjoying my vacation at Chicago instead. I hope its shallow exterior does not fool others like it fooled me.
",1,1
2699,"We booked our hotel stay thru Yahoo and requested a room for 4 with 2 beds. When we got to the hotel, not only did they not have a room for us (we pre-paid!), but they said they could not guarantee what we had requested online, they could only give us what was available. The hotel staff was rude and condescending and only after I got upset did they finally tell me they did have a room for us. If you book online - beware! You may not get what you paid for. They did not stand by their promise they advertise in each room.
",0,0
2700,"My husband and I recently went to Chicago for my Aunt's funeral. We are not familiar with the area so we asked for recommedations of where to stay for the two nights we would be in town. We were told to stay at the Ambassador East Hotel. I wish we could say that our experience there was a good one, but sadly, it was one of of the more disappointing travel experiences we have had. Upon check in we were quickly shown to our rooms, but when we entered our king suite a very strong, musty smell greeted us on the other side. At first I thought I was just being sensitive, but after about an hour in the room we simply had to request to be moved. The smell was too overwhelming. The front desk said they would be happy to move us, but the only other room available was a suite with two double beds, rather than the king bed suite we originally reserved. While this was not exactly what we wanted, we didn't really have a choice to refuse. After transfering to the new room and getting settled, we discovered that the electrical outlet near the sink in the bathroom did not work. While this did not bother my husband too much, I was very annoyed, as I need the mirror while I use my hair dryer, curling iron, etc. I absolutely did not want to have to switch rooms yet again, so I simply had to make due with doing my hair next to the bed. They also only gave us two towels of any kind in the bathroom, so we had to request washcloths and small hand towels, BOTH DAYS we were there! Each time the housekeeping staff seemed incredibly annoyed at these requests. For what we paid to stay at this hotel, we were not impressed at all. The customer service was lackluster and the rooms were not up to par. If you are ever in Chicago, do yourself a favor and stay somewhere else.
",1,1
2701,"I booked the Sheraton expecting the dependable comfort of a big-name chain, but the experience left a sour taste. The moment I walked into the lobby, the dated floral carpets and worn armchairs screamed 1990s, and the hallways had a faint musty smell. My room was a mixed bag: the bathroom sparkled, but the carpet by the bed had a suspicious dark stain I avoided stepping on, and the curtains were frayed at the edges. I slept terribly--the mattress sagged in the middle, and the air conditioner rattled loudly every few minutes, keeping me half-awake all night. Breakfast was the final letdown: lukewarm scrambled eggs that tasted powdered, stale croissants, and coffee that was weak and bitter. For nearly $250 a night, I'd expect modern fixtures, a truly clean floor, and at least decent morning fuel. Sadly, this felt more like a budget motel with a fancy sign. I won't be returning.",1,1
2702,"I recently had my wedding at the Omni Hotel in Chicago and I was more than pleased. The decision to use a hotel as my wedding reception venue was at first a hard one, I was worried that a hotel would be too impersonal but once I met with the staff at the Omni I was certain that it was the way to go. The staff was so attentive and friendly, and I felt as if my wedding was the most important thing at the hotel. I highly recommend the Omni Hotel in Chicago, brides will not be dissapointed!
",1,1
2703,"Stayed here for a long weekend and honestly, it exceeded expectations. The room was spotless, the bed super comfortable, and the blackout curtains actually worked, which never happens. We had a minor issue with the AC on the first night, but housekeeping sorted it out within twenty minutes and even left a small fruit plate as an apology. The location is brilliant if you want to be near the waterfront, and the lobby bar makes a mean old fashioned. Breakfast buffet was pricier than I'd like, but the omelet station was worth it. Staff throughout were friendly without being overbearing. If you're after luxury, it's there, but it feels more like genuine hospitality than show. Would definitely book again.",1,1
2704,"I was not at all impressed with my stay at the Millennium Knickerbocker Hotel Chicago. Checking in there were two people ahead of me but apparently that takes the 1 (one!!) front desk agent 30 minutes to process. Both guests had issues with their rooms regarding, it seemed, wrong room types and being out of the room type requested. I was nervous about my own reservation and, sure enough, my Superior Corner room wasn't available. The hotel tried to compensate me with complimentary breakfast and drinks at the bar but it is still annoying to reserve a room type and not have it be available. I was also annoyed that every little thing has an upcharge at the hotel. Want internet? Upcharge. Want extra pillows? Upcharge. Extra coffee for the room? Upcharge. Bad enough to get that treatment on the airline ride over but to have a hotel nickle and dime you is very annoying and aggravating. I won't be back and would strongly recommend other travelers to beware before booking.
",1,1
2705,"Stained carpet and dusty surfaces made the room feel unclean, and the constant hallway chatter kept me up until 2 AM. Breakfast was a sad spread of cold eggs and stale pastries, so I didn't sleep well at all.",1,1
2706,"We travel to Chicago regularly and have always wanted to stay at the Hilton Chicago. We booked a PriceLine room on the weekend of the half marathon. The place was busy, but the staff certainly found time for each individual guest. The room was nice and just what we expected. The pool area is also very nice for a downtown hotel. The location was great as we were taking in the Bears 49ers game on a Thursday night and a Sox game on a Friiday night. We would certainly stay there again and would recomment it to others. Great quality even at the regular room price. 
",0,0
2707,"Just putting in a good word for the Hard Rock Hotel in Chicago. The reviews I read before going were mixed so we were not sure what to expect. The location was perfect. The hotel was beautiful. Our view was awesome. The room was large enough and very clean. The bed was very comfy. The staff were helpful - especially the concierge, Jared. I couldn't find anything negative to say. If you want to stay in downtown Chicago - you can't go wrong with this cool hotel. 
",0,0
2708,"I was really excited when we booked a night at the Hard Rock Hotel in Chicago. It was actually beyond our budget, but my husband and I needed a weekend away, so I decided to splurge for the occasion. WORST WASTE OF MY MONEY EVER!!! Our room was smaller than pictured online, and it looked like the maid didn't vacuum the carpet! We visited the hotel restaurant, Angels and Kings, one night for dinner and the drinks were overpriced and my husband's steak was cooked wrong (he ordered medium, but received a well-done steak). By the end of our trip we were so glad to leave, but they were under-staffed and the Sunday morning checkout line was so long that we waited in line for 30 minutes until we could check out. Chicago was a fun city, but next time we return I'll be choosing a different hotel - and I suggest you do too!!
",1,1
2709,"Terrible experience, I will not stay here again. The walls were so thin that I was kept up all night by the party going on in the suite next to mine. I talked to the management several times, but nothing was done. It may just be the people that I had contact with, but I thought the staff was standoffish and rude. Very unpleasant experience, especially given the cost of staying here!
",1,0
2710,"Stunning lake view from the 28th floor, but that's where the wow ended. The bed sagged, I woke up stiff, and crumbs under the desk made it feel neglected. At $400 a night, this was a letdown I won't repeat.",1,1
2711,"If you're looking for luxuary, look no more. The Conrad is the best. I was in Chicago on business, and had to stay much longer than anticipated. A coworker suggested this hotel and boy am I glad he did. The location is perfect, you're close to everything. The best part is the Conrad is a smoke free hotel. I'll be back soon. Very Satisfied
",1,1
2712,"I expected more from a Hyatt, especially for the rate we paid. The location was convenient for meetings downtown and close to restaurants, but that was the main positive. Our room faced the street, and traffic, sirens, and late-night voices made it hard to sleep even with the windows shut. Breakfast was disappointing: lukewarm eggs, sparse fruit, and a crowded buffet that was not replenished quickly. Coffee was weak, too. The room itself looked worn, with a stained chair and slow-draining shower. Staff were polite but seemed overwhelmed when we mentioned the noise. Overall, it did not feel worth the price.",1,1
2713,"I loved the Ambassador! What a great hotel. It's really beautiful, and the room was absolutely striking, very classic and elegant. Everything was done really well: the staff treated me like a regular. This is a top-notch hotel, the best place I've stayed in a long time. My only complaint is that I wish it was on the Mile, but that's it. 
",0,0
2714,"I chose to stay at the 'Millennium Knickerbocker Hotel' during a recent trip to Chicago because I had heard they had good reviews. Boy, were these reviews wrong!! I had terrible service from the moment I walked in the doors. I was not greeted by the receptionist, it was like I wasn't even there. My room was NOT ready for me when I got there, even though I got there AFTER my required check-in time, then once I was allowed to go to my room, it was filthy! It was as if they didn't even clean it, so I don't know what the hold up was. There were no towels, shampoo or soap in the bathroom. The worst part was that there were bugs in the tub! The place was the most disgusting place I've ever been to, and it is supposed to be one of the nicest! It should be the nicest for the price they charge. I do not recommend staying here! Stay at your own risk!!
",1,1
2715,"I was surprised by the fact that there were no extra sheets or blankets to make up the hide a bed. I called the desk and asked for some and they said that I couldn't have any and that only the maid could come and set up the bed. My husband was ill and I wanted the bed set up so I wouldn't disturb him. but they were un moved and wouldn't bring the sheets. I ended up sleeping on the mattress with bath towels over it and another bath towel as a blanket. They could have given me a set of sheets and a blanket, I didn't pay that much a night to sleep on a bare mattress. Seriously! Lack of concern for the customer.
",0,0
2716,"The city view was disappointing, and although the Fairmont's location was convenient, loud hallway noise ruined the stay. Staff remained polite but seemed indifferent when we raised concerns.",1,1
2717,"I recently stayed at the Ambassador East Hotel for two night, and my visit was nothing short of disappointing. Expecting to have a wonderfully romantic weekend with my fiance, we specifically chose this hotel because we prefer boutique hotels for the extra attention from the staff and unique atmosphere. Our expectations for the Ambassador were not met. The room was small and, frankly, outdated. The bathroom smelled musty. The A/C in the room had two settings: polar cold or off. The walls did nothing to muffle sound from adjacent rooms, and it was loud at night - a good night's sleep was impossible. Staff were indifferent. Do yourself a favor and avoid this hotel. Frankly, it's not worth the steep price and mediocre character. Since there are far better and more accommodating boutique hotels in Chicago, I know I won't be back at this place.
",1,1
2718,"Stayed at Fairmont Chicago Millennium Park and it was not a good experience. The room had been cleaned in a haphazardly fashion and was not pleasant to walk into. When I called the service desk for more towels to be brought up into the room, it took an exceedingly long amount of time for them to be brought up, and the woman who delivered the towels was as rude as can be. Will not be staying at Fairmont Chicago Millennium Park again.
",1,1
2719,"My stay was beyond comfortable, and the staff genuinely went out of their way to make me feel at home. The breakfast spread was fantastic, and the bed was perfect for a deep sleep. I'm already planning my next visit!",1,1
2720,"Honestly really disappointed with my stay at the Homewood. The ads make it look like a cozy extended-stay spot but the reality is way off. My first room had a stained couch and the AC rattled all night, so I barely slept. They moved me the next day, which was fine, but the new room's kitchenette was missing half the dishes and the dishwasher smelled weird. Housekeeping skipped my room twice despite my requests. The breakfast was the one bright spot the first morning, but by day three the eggs were cold and half the trays were empty with no staff around to restock. The location is okay, nothing special. For the price I expected a lot more. I won't be back and can't really recommend this place to anyone.",1,1
2721,"I had a very pleasant three-night stay at Affinia and would happily return. My room faced the avenue, with a surprisingly open view of the city rooftops and a nice glimpse of the river between buildings. Traffic was noticeable during the afternoon, but once the windows were shut the room was quiet enough for uninterrupted sleep. The decor is not ultra-modern, but it felt warm and well maintained rather than dated, with comfortable furniture and thoughtful lighting. The bathroom was especially roomy for the area, with a deep tub, strong shower pressure, and plenty of counter space for two people's toiletries. Front desk staff were friendly without being overly formal, and the location made it easy to walk to restaurants and transit.",1,1
2722,"I was extremly unhappy with my recent stay at Affinia Chicago! When I arrived to check in, my reservation that I had made, (and confirmed), 2 weeks earlier, was not in the computer.I had to wait 40 minutes in the lobby while a room was being cleaned for me. The whole time the desk clerk gave me dirty looks and texted non-stop on her cell phone, while the office phone rang off the hook. I had no toilet paper in my restroom or trash can in room.I'll never go back,dont waste your money.
",1,1
2723,"Wifi kept dropping all week, the bathroom had mold in the shower corners, and the room never felt clean. Only plus was the location, right by the metro. Otherwise a big letdown.",1,1
2724,"I had a very pleasant stay at the Fairmont and would happily return. From check-in onward, the staff were warm, professional, and genuinely helpful without being overbearing. My room was spacious, quiet, and spotless, with a comfortable bed and a great city view. I especially appreciated the small details, such as the excellent water pressure, quality toiletries, and plenty of outlets near the desk. Breakfast was varied and fresh, though the restaurant became busy later in the morning. The lobby had an elegant atmosphere, and it was nice to have a quiet place to sit between meetings. The location also made getting around easy, with several restaurants and attractions within walking distance. Service at checkout was equally smooth. It is not the least expensive option, but the comfort and attentive service made it feel worthwhile.",1,1
2725,"I stayed at the Sheraton Chicago hotel for a business meeting and had an absolutely horrible experience. When i arrived, exhausted after a series of delayed flights, I was told that my room was not ready. Not ready at 5pm, are you kidding me! After waiting in the lobby for 30 minutes I was finally called over to the desk only to be told my king room was changed to a room with two queen beds, fine, whatever. I get up to my room and unload all of my bags only to find my a/c doesn't work. I call down to the desk and the clerk tells me that they are sold out and there is no where to move me but she could discount my rooms $20. No apology. Nothing. Im exhausted and deal with my 80+ degree room. When I went to check out the next morning I find out no one even bothered to apply the discount. Again, no apology. I have never received such poor customer service in my life and will not be comming back.
",1,1
2726,"I left Hotel James feeling more relieved than rested. The room's decor looked tired, with scuffed furniture, faded carpet, and lighting that made everything seem dingy rather than cozy. The bathroom was especially disappointing: cramped, poorly ventilated, and marked by mildew around the shower seal; the water pressure also dropped to a trickle in the morning. Our two-night stay somehow felt much too long because the noise from the hallway carried straight through the door. Staff at check-in were curt and offered no useful information, and when I mentioned the bathroom issue, they said someone would look into it but nobody came. For the price, this was far below expectations.",1,1
2727,"The hotel is staffed by very nice but many inexperienced people. Executive lounge has limited hours and no access outside of those hours. Other areas similarly lack the level of service that is expected for this type of hotel. One of the individuals at the concierge desk twice gave us bad information about public transportation and the hours at one place. While the location is good, this particular hotel is simply not a good representation of what Swissotel is supposed to be, and there are far better choices in Chicago. It would not be my choice for a return stay.
",0,0
2728,"Not worth the hype at all. Our room smelled musty, the AC barely worked, and housekeeping skipped our floor twice. For the price we paid, the Monaco felt tired and understaffed. Won't be back.",1,1
2729,"The Conrad exceeded expectations from the moment I walked in. The bathroom was a standout--a massive walk-in rain shower with excellent water pressure, plus thick, plush towels that actually felt spa-quality. As for the decor, it felt refreshingly current, not sterile or tired; the warm wood accents and soft lighting created a genuinely cozy atmosphere. Our room was spotless, with no dust or wear and tear visible anywhere, and the housekeeping team did a meticulous job each day. Breakfast in the restaurant was a lovely surprise: the made-to-order omelets were perfectly fluffy, and the fresh pastries were still warm. Even the coffee was properly strong. Everything felt seamless, calm, and genuinely cared-for. I left feeling rested and impressed, and I'd happily book again without hesitation.",1,1
2730,"Loved my weekend here, honestly too short. The room was spotless and the decor felt fresh and updated, and the breakfast spread with fresh pastries and good coffee got mornings off right. Would happily return for a longer stay.",1,1
2731,"Stayed here for a conference and left pretty deflated. The room was dated, with a musty smell and paper-thin walls--I heard every door slam. Staff were polite but overwhelmed, and housekeeping skipped our floor until late afternoon. Not worth the star rating.",1,1
2732,"I had the misfortune of being booked at the Amalfi Hotel in Chicago a few weeks ago. What a joke. To start off, the housekeeping staff must be on strike or they are very understaffed. I don't know who made the bed up in my room, but it could have been done better by my 7 year old. Ditto the bathroom. Water spots, soap scum and (ugh) hair of ALL kinds in the sink, tub and about the floor. GROSS. I requested non-smoking, either they didn't listen or didn't care, but my room and the linens smelled like an old ashtray. The 'beautiful view' was ruined by water spots - not outside(which is forgiveable) but INSIDE! And they were sticky. I stayed only one night. The Holiday Inn had rooms available, and they were clean. Never Again.
",1,0
2733,"My friend and I stayed for just one night, and loved the hotel. It had an awesome water feature in the hotel, and great large bar. Like all Hyatts it had a very comfortable bed, lot's of pillows, and large bathroom. 
",0,0
2734,"I was scheduled to stay at the Hard Rock in June, but had to cancel. I had booked the hotel back in January. When I called six days before my arrival date to cancel, I was told that I would be charged for my stay because I did not cancel seven days in advance. I told the customer service rep that I had never heard of such a practice, but she said, in a very smug manner, that I was told back in January. I honestly don't remember being told of the cancellation policy, but think it is a unprofessional practice to capture some additional dollars since it is not an industry standard to require a seven day cancellation policy when you book directly with the hotel. I, for one, will never stay at a Hard Rock hotel and will make sure that my friends and business associaties know of this unfair practice.
",0,0
2735,"I was really looking forward to a luxurious weekend at the Conrad, but it fell short in every meaningful way. The noise was the first problem--our room faced the street, and sirens and traffic kept me up until 2 a.m. despite the advertised soundproofing. The bathroom looked nice at first, but the shower pressure was dismal, and the glass door leaked water all over the floor. Breakfast was a crowded, chaotic buffet with lukewarm eggs and stale pastries; the omelet station had a 20-minute wait. Worst of all, the Wi-Fi kept dropping every ten minutes, and the front desk suggested I 'move closer to the router.' For nearly $400 a night, I expected calm, comfort, and functioning basics. Instead, I left exhausted and annoyed. I won't be returning.",1,1
2736,"During my recent stay at the Hyatt Regency Chicago, I was severely disappointed in the quality of the facility and its staff. To start off, the rooms did not provide an adequate sound barrier between rooms. Hoping to spend a quiet evening after a long day of business meetings, I had hoped to spend a quiet night in. My neighbors, however, watching what I can only imagine was a Real House Wives of New Jersey marathon on full volume, destroyed my chance for peaceful ambiance. When I asked the concierge to address the issue, he seemed more concerned about his texting than doing his job. As I visited the gym, I found their 'state-of-the-art' StayFitTM gym consisted in nothing more than a couple of treadmills, weights and yoga mats. The water in the cooler was quite warm, and the workout towels were stained and tattered. Finally, all the hypo-allergenic features touted on their website were rendered null by the presence of dust balls under the beds.
",1,1
2737,"I had a very pleasant stay at the InterContinental. Check-in was smooth, and the receptionist took a moment to explain the breakfast hours and hotel facilities rather than just handing over a key. My room was spotless, quiet, and had a comfortable bed with surprisingly good pillows. The city view from the higher floor was a nice bonus, especially in the evening. Breakfast offered plenty of choices, from fresh fruit and pastries to made-to-order eggs, and the staff kept everything well stocked. I also appreciated how quickly housekeeping responded when I asked for extra water. The location made it easy to walk to nearby restaurants and attractions. Prices are not exactly budget-friendly, but the service, comfort, and overall attention to detail made it feel worthwhile.",1,1
2738,"The room was wonderfully quiet, and our two-night stay felt far too short. The bathroom was spotless with a strong shower, while the city view made mornings especially enjoyable.",1,1
2739,"Disappointing stay at the Fairmont: the room was only passably clean, the bathroom felt dated, and hallway noise kept us awake, despite the otherwise convenient downtown location.",1,1
2740,"We were encouraged to stay at the Affinia as part of a group in town for a Chicago wedding. We booked our rooms 6 months in advance, with the promise of a brand-new, full service hotel in a great locaiton in Chicago. The lobby was non-existant (under construction). The front desk staff was incredibly rude and unhelpful. The hallways and elevators are small, cramped and uncomfortable. The rooms are great - great beds, great television set. NO ROOM SERVICE - the kitchen is under construction. The bottom line is that during our stay, this was NOT a full-service hotel and should not have charged what they did. We were totally disappointed, hope it will improve, but vow to never stay there and will recommend to anyone to check out one of Chicago's truly amazing hotels. It is not worth the risk with this unproven dress rehearsal.
",0,0
2741,"Having traveled to Chicago on business once before, I was looking forward to spending some vacation time in the city and wanted to have the best accommodations for my trip. After some research, I decided that the Palmer House Hilton sounded like the perfect place to stay. And, in a way, it was perfect -- perfectly awful. After reading some positive reviews and checking out the hotel's website, I was expecting a luxury room that was a notch above the ordinary. However, my standard guest room, which the hotel's website describes as 'deluxe,' was very bland and generic and reminded me of rooms I had stayed in at budget chain hotels, not pricier historic hotels, such as this one. The carpeting looked dingy, so I had to wear shoes or slippers any time I walked on it and there was a gap in the curtains that made it impossible to block out the sunlight in the morning -- or the horrendous view of a brick wall that I had from my window. In addition, the sink in the bathroom dripped constantly and was an annoyance all night long. Everything cost extra, including the gym, the pool and the spa, and the restaurant prices were outrageous. This hotel is overpriced, overrated and definitely subpar. I wouldn't recommend it to my worst enemy.
",1,1
2742,"The Sheraton felt polished and welcoming, with a comfortable room, great city views, and staff who handled a late check-in smoothly. Breakfast was fresh and well worth adding.",1,1
2743,"I was a little wary about booking Homewood given the price, but after three nights, I genuinely feel it was money well spent. The room wasn't just tidy; it was spotless, with fresh-smelling linens and a carpet that showed no signs of wear. The bathroom surprised me--plenty of counter space, a powerful showerhead with great water pressure, and a mirror that didn't fog up immediately, which is a small victory. What really sealed it, though, was the sleep quality. The blackout curtains did their job flawlessly, and the mattress had that perfect firmness that supports you without feeling like a board. I woke up refreshed each morning, which rarely happens in hotels. The check-in was smooth, and the lobby had a nice, quiet vibe. For a comfortable, hassle-free stay that doesn't nickel-and-dime you, this place hits the mark. I'd book again.",1,1
2744,"The James felt polished without being stuffy; our room was quiet, the bed was excellent, and the front desk pointed us to a great late-night spot nearby.",1,1
2745,"The Conrad felt more like a corporate checkbox than a luxury escape. Our room had a stale odor, AC rattled all night, and housekeeping missed turn-down despite asking twice. Staff were polite but utterly indifferent--we expected far more for the price.",1,1
2746,"All I can say is avoid this place at all costs. From the reservations assistant (who took 45 minutes to book a room) to check out (they billed my card for 750 dollars) and getting a refund (numerous voicemails and emails no one returned my call). AVOID AVOID AVOID a truely hideous experieince I will never stay at a Starwood resort again, and given I stay in a hotel 4 or 5 days a week this is a big statement!
",0,0
2747,"Booked the Fairmont for a milestone anniversary and left deeply underwhelmed. The bathroom was the first red flag: a grimy shower curtain that stuck to you, a sink faucet that sprayed water everywhere, and a constant, faint musty odor. Our room faced an air conditioning unit and a brick wall, so the 'city view' was a joke. Worse, we heard every door slam in the corridor all night, plus the plumbing gurgling from neighboring suites--zero soundproofing. The staff, while polite, were shockingly indifferent; when I mentioned the noise and the damp towels at the front desk, the response was a shrug and a scripted 'we'll look into it,' which never happened. For the price, I expected far more care. It beats me how this place gets the ratings it does. A disappointing stay that did not match the brand's reputation at all, and I can't recommend it unless you get a lucky room.",1,1
2748,"The James Hotel met and exceeded our expectations. A haven of cool, uncluttered comfort in a hot, crowded but congenial city. Located within steps of some of the greatest art, architecture, culinary and cultural opportunities anywhere in North America, the staff of the James provided us with a home away from home for the week we visited. The check-in was quick and flawless and the king suite a calm, restorative oasis. It is difficult to over-praise the friendly, attentive staff; this is a hotel that truly has its act together! The day before our visit ended, we experienced problems with the room's air conditioner. When the technician was unable to quickly solve the problem, we were immediately upgraded to a one-bedroom apartment with stunning views of the Chicago skyline. We eagerly await the opening of new James Hotels in other cities. 
",0,1
2749,"I had a very pleasant stay at the Fairmont and would happily return. The location was incredibly convenient, with restaurants, shops, and public transportation all within an easy walk, while the hotel itself still felt calm and welcoming. My room overlooked the city skyline, and watching the lights come on in the evening was a real highlight. The decor has a few traditional touches, but it felt well maintained and elegant rather than outdated; the lobby in particular was fresh and beautifully presented. Wi-Fi connected quickly and remained reliable for video calls and streaming throughout my stay. Staff were courteous without being intrusive, and check-in was smooth. The bed was exceptionally comfortable, and the room was quiet despite the central location. Overall, it offered the polished service and relaxed atmosphere I was hoping for.",1,1
2750,"Hotel Monaco was a pleasant stay: the bathroom was spotless with good water pressure, the room stayed wonderfully quiet, Wi‐Fi was reliable, and I slept deeply in the comfortable bed.",1,1
2751,Lovely stay at the Omni -- room was spotless and the bed ridiculously comfy. Staff went out of their way to get us a late checkout. Great location for walking everywhere. Would happily return.,1,1
2752,"My stay at the Homewood Suites was absolutely one of my greatest stays away from home. The locations right in the heart of downtown Chicago. Within the River north shopping district.I love to shop so that was what i needed. Magnificent 2 room layouts with kitchen. The room was fully equipted with anything I needed,nice Flat screen along with a breakfast buffet and a fantastic complimentary dinner and wine. After dinner and wine I enjoyed the comfort of the heated indoor pool so relaxing. I would recommend these suites to everyone I know. 
",1,1
2753,"The room was shabby and smelled like stale smoke, plus the AC sounded like a lawnmower all night. Staff were indifferent, and the 'rock star' vibe felt more like a cheap motel. Total letdown for the price.",1,1
2754,"Upon entering the Hotel Monaco CHicago, i could see the beauty of a classically elegant building. The old fashioned furnishings, the wonderful view, and the polished wood decorating the entore hotel. At first i had been skeptical, but any doubts i had carried into the hotel were gone. As i entered my room, the fresh flowers and the amazing Chicago view greeted me. During my stay i enjoyed my free time lounging by the pool, winding down every night with a comforting massage. I would recommend this hotel not only for the pure elegance, but for the wonderful customer service and the fantastic amenities. 
",1,1
2755,"I loved this hotel - fabulous old building but with first class modern amenities. Great location, as it's so close to both lakeshore and city. Chicago is such a walkable city, so this was a superb base. The staff were just lovely - so very friendly and efficient. The room was wonderful - very, very comfortable and exceptionally clean. Great chair. Great coffee. Lovely bathroom with a huge, absolutely fantastic shower. It was also extremely quiet. That, and the best bed ever, meant I slept so well and since I was there for a week, that was very important to me. Yummy martinis at the Martini Bar. I will most definitley be back! 
",0,0
2756,"The Talbotts' fresh, understated decor felt like a welcome escape, and that sweeping river view made the single night fly by far too quickly. It's not cheap, but the comfort and quiet clarity made every penny feel justified.",1,1
2757,"My first stay at this hotel and was expecting good things based on reviews. For some reason, I kept being disappointed at every turn. Noisy room on the 4th floor. Could not get the room to cool down - it was stifling. BE WARNED - No water, no mini-bar no vending machine, no nothing once you get in your room. You might as well be in prison. They have coffee in the morning, but it starts at 6 so I had to wait both days. I guess that is convenient for them, but what about me? Workout facility - pretty small but not the smallest. The only treadmill I could get on was broken. Guess what a cooler with water in it! Oh no - it was only stocked for one day. After that nothing. Way to set expectations and then fail to deliver. Same with towels - one day they have them - next day they don't. They essentially forced me to sign up for their loyalty program to avoid a riduculous $10 charge for wireless (go a few doors down to Starbucks where it is free). They should fire the marketing moron who came up with that approach. I have stayed at much better for less. Won't be coming back.
",0,0
2758,"We stayed at this hotel for 4 nights in August. We waited a while to check in even though there were quite a few desks open, this was a little annoying as the receptionists seemed to work in two's. Our room had a great view of Navy Pier and was a good size. The bed was very comfortable and the room was spotlessly clean. The location of the hotel is the best, we walked to Navy Pier and Michigan Ave. The breakfast buffet was great although a little pricey and the bar very relaxing for a nightcap or two. Would certainly recommend this hotel and would stay here again. 
",0,0
2759,"I expected more from the Knickerbocker given the rate and the location. The lobby looks polished, but the experience fell apart once we got upstairs. Our room was surprisingly worn, with scuffed furniture, a stained chair, and an air conditioner that rattled loudly all night. Housekeeping missed our room the first day, and after calling twice we only received fresh towels, not the cleaning we requested. The shower pressure was weak and the bathroom door would not stay shut. Staff at the desk were courteous enough, but seemed overwhelmed and offered little beyond an apology. The rooftop was crowded and service there was painfully slow. Being close to Times Square was convenient, but it also meant constant noise. For the money, I would choose another hotel next time.",1,1
2760,"The view was a dreary brick wall, and the constant hallway noise made rest impossible. Though central, the staff's indifference soured the convenience, leaving me feeling utterly let down by this Intercontinental stay.",1,1
2761,"I really loved my stay at the Talbott. My room was amazing! The bathroom (and I am VERY picky about hotel bathrooms) had ample room for all of my stuff, which is a bonus for me. The staff treated me really well and they were very friendly. I was afraid that I'd get a little lost, since it was my first trip to Chicago, but the staff helped me navigate to the downtown area (Rush St./Michigan Ave.-- which are *very* close by). The hotel reminded me of those I'd stayed at in Europe. The room service is 24 hours, which for me, was a bonus because I am up mostly during the nights. This is the *only* place I will ever stay if I visit Chicago again. For a single woman traveling alone to a strange city, this hotel made me feel very safe and comfortable.
",1,1
2762,"Breakfast had plenty of fresh choices and good coffee, while the room was spotless and the decor pleasantly updated. I only wish our stay had been longer.",1,1
2763,"I'll be honest--I booked the James mainly for the location, but the stay itself ended up being the highlight of my trip. The lobby has this quiet, understated cool that doesn't try too hard, and the front desk team was genuinely warm without being overbearing. My room faced the river, and the floor-to-ceiling windows made the whole space feel twice as big. The bed was firm but plush, and the blackout curtains actually worked. I'm picky about bathrooms, and this one impressed me--huge shower head, good water pressure, and the Kiehl's products were a nice touch. The gym had decent equipment, though it's small. I grabbed a drink at the bar one night, and the bartender remembered my order the next day, which felt like a small, pleasant miracle. For a few nights in the city, this place hit every mark, and I'd happily return for the views alone.",1,1
2764,"Great location with a nice city view from our window, and the room was spotless on arrival. Wifi was fast and reliable, and the beds were so comfy I slept like a rock every night. Would happily return.",1,1
2765,"Stayed for three nights during a conference and was genuinely impressed. The room was spotless, with a super comfortable bed and blackout curtains that actually worked--slept like a log. Staff at the front desk were efficient and friendly, even when the lobby was crowded. The in-house restaurant had a solid breakfast spread, and the omelet station was a nice touch. Location is a bit far from the main tourist drag, but the free shuttle to the downtown core made it easy. Gym is well-equipped, though the treadmills could use a tune-up. Pool area was quiet and clean. Only minor complaint: the Wi-Fi in the room dropped a couple of times during video calls. Otherwise, a dependable, comfortable stay that delivered on all the basics. Would book again for business trips.",1,1
2766,"This is the best hotel to stay in when visiting Chicago. I travel a lot, both for business and vacation. The Talbott Hotel is a cozy yet stately hotel that is handsome, and elegant. Not to mention all the modern features that I'm used to having at home, are available in the room. I brought my wife on my last business trip and we stayed in the one bedroom suite. She didn't even want to leave the room. The concierge was especially helpful in finding us a romantic place to go for dinner. 
",1,1
2767,"Homewood felt overdue for an update. The lobby decor had a worn, early-2000s look, and our room showed the same age with scuffed furniture and a tired carpet. Sleep was difficult because the air conditioner rattled on and off all night, while hallway noise carried straight through the door. Breakfast was another letdown: lukewarm eggs, empty juice dispensers, and very few tables cleared during the busy morning rush. The staff at check-in were polite but distracted, and when I mentioned the noisy unit, no one followed up or offered a different room. For the rate, I expected a cleaner, more comfortable stay.",1,1
2768,"I really wanted to love this place, given the Sofitel name and the price point, but our stay was riddled with small letdowns that added up quickly. Check-in took an eternity, and the front desk agent seemed utterly indifferent, barely making eye contact while handing over our keys. Our room, though spacious, had a musty smell and a stained carpet near the minibar that we had to ask to have vacuumed twice.

The air conditioning sounded like a freight train all night, so sleep was almost impossible. Breakfast was another low point; the croissants were stale, and the coffee tasted burnt. I mentioned the AC issue at checkout, hoping for some acknowledgment, but the response was a shrug and a generic apology. For these rates, I expect polish, and honestly, we were relieved to leave. I'm not sure I'd gamble on a return visit.",1,1
2769,"I reserved an Omni King expecting the usual polished experience, but this visit just felt off from the start. The front desk agent barely looked up during check-in and handed over keys without mentioning breakfast hours or the pool situation--turns out the pool was closed for 'maintenance' with no notice beforehand. My room faced an alley, and the noise from garbage trucks at 5 a.m. was relentless; the blackout curtains also had gaps letting in streetlight all night. The bathroom had a lingering musty smell, and the towels were thin and scratchy. I ordered room service once--the club sandwich arrived cold and soggy, and the fries were limp. Housekeeping skipped turndown entirely and only replaced the coffee pods after I called twice. Honestly, for this price, I expected better attention to detail. Location is fine, but that doesn't compensate for the overall apathy. I won't be back to this Omni.",1,1
2770,"Loved my stay at the Hotel Monaco -- spacious room with fun decor, super friendly staff, and the evening wine reception was a nice touch. The location made walking everywhere easy. Would happily return!",1,1
2771,"My wife and I stayed two nights at the Talbott at the end of February. This little hotel was the perfect place for us. The lobby is very small but also cozy, and with both fireplaces going it was a welcoming atmosphere coming in from the cold. The staff was very friendly and efficient. The room was pretty spacious, and the king bed was extremely comfortable. We had a seventh floor room facing delaware st, so there was really no view. The bathroom was a good size, including two sinks and a spacious tub/shower. There was also free wireless internet...a big plus for us. Perhaps the best thing about the Talbott is the location. We were only a few steps from State, Rush, and North Michigan. Tons of shopping, bars, and good food are easily within walking distance. This makes the Talbott a great place for tourists who want to walk around and take everything in. We highly recommend the Talbott, and will gladly stay again on return trips. 
",0,0
2772,"The bathroom was spotless with great water pressure, and the Wi-Fi handled video calls without a hitch. Breakfast offered plenty of hot options, and being steps from the Metro made exploring effortless--exactly what I needed.",1,1
2773,"Loved the lively vibe at Hard Rock, and our room was clean, comfortable, and surprisingly quiet at night. Staff were welcoming, and the pool area made the stay feel like a real getaway.",1,1
2774,"The Ambassador East Hotel, located in downtown Chicago, is one of the BEST hotels I've ever stayed in. My wife and I went into the city on a weekend getaway and found the Ambassador East on a hotel booking website. Their rates are very, very reasonable for the high class and luxury that they provide. I was pleased to know that they allow pets as we decided to go into the city last minute and couldn't find anyone to watch our dog for the weekend. I was more than pleased with the friendly staff and felt like their hotel put an extra emphasis on knowing their customer, which is nice because most places in Chicago are very impersonal. All in all i was very pleased with our stay and would recommend it to anyone looking for a place to stay in the downtown area. 5/5 Stars. 
",1,1
2775,"I have to say that the Hard Rock Hotel in Chicago is a cool place to stay. When I first got there, getting checked in was very fast. The lady at the counter was nice and well spoken. The bellhop had out bags into the room very fast. The room was very hip and cool. There was musical items all over the place. I really loved the Beatles art that was in my bathroom. After being in the room a few minutes, I got a call from the front desk asking me if I liked my room. They also asked me if I would be interested in things like spa treatments and or if I needed to use their business room. I needed some things shipped while I was there, which they had supplies to help me with that. After getting some work done, I called the concierge if there was some really good pizza places around. They gave me information for 3 awesome places. I left and came back after having a night out on the town. They were very understanding that I was a wee bit out of it. I had more than pizza that night if you get my drift. When I got back to my room, the bed was so comfortable. I feel right off to sleep and had a good nights sleep. In the morning I order breakfast, which was really a Philly cheese steak. They will make anything you want anytime of day. I checked out by 9am with my bags feeling rested and very relaxed. Thank You Hard Rock, You Rock!
",1,1
2776,"We absolutely loved the Knickerbocker. Now, if you expect your hotels to be cookie cutter comfortable, forget this place. If Holiday Inns are like the rows of housing developments in the suburbs, the Knickerbocker is like those beautiful old houses in the center of the city. The location is great, the hotel bar is cozy and classy, and the rooms feel like guest bedrooms in Victorian mansions. For the price, you simply can't do any better than this in downtown Chicago. 
",0,0
2777,"staff was very courteous. desk clerk gave only one coupon for the free breakfast instead of two. second desk clerk gave the wrong time for the breakfast on the second day, causing us to miss the free period. room was very clean, with a nice view of the river. bed was very comfortable. toilet looked like it belonged in a public restroom (no tank; instead it had a stainless steel valve) instead of a 4-star hotel. no dresser to store clothes. no wastebasket in the room, and there was a cover for the icebucket, but no icebucket. folding luggage stand had a broken strap. location was good, close to the river. several american-style eating places nearby. overall, a disappointment for a four-star hotel. i expected more for a hyatt regency.
",0,0
2778,"If you want a 5-star hotel with 1-star service, make sure you book your next Chicago stay at Fairmont Chicago Millennium Park. When I checked in to the hotel, I had to wait at the desk for over ten minutes with no line. I was greeted with no 'thank you for your patience,' or anything similar. The room was fine, but nothing too glamorous or outstanding. The internet cost $14.95/day which is outrageous considering the price of the hotel itself. The thing that pushed me over the edge, however, was the valet parking. When I wanted my car in the morning, I had to wait 15 minutes to be acknowledged (the valets were talking to each other and ignoring me altogether). And for this 'service' I was charged $51.00/night!!!! When I went to complain at the front desk, they just said that sometimes the valets get overwhelmed, and you have to exercise patience! I will exercise patience as I check out of this hotel!!!
",1,1
2779,"My stay at Affinia was far below what I expected for the rate. The room looked tired, with scuffed furniture and a weak air conditioner, and the view was mostly a brick wall and fire escapes. Noise was another issue: I could hear doors slamming in the hallway well past midnight and traffic started early in the morning. Wi-Fi technically connected, but it dropped every few minutes and was too slow for a video call. Breakfast was disappointing as well--lukewarm eggs, dry pastries, and coffee that tasted like it had been sitting out for hours. The staff were polite when approached, but no one seemed able to resolve the internet problem. Convenient location aside, I would not choose this hotel again.",1,1
2780,"I booked this hotel for $75 on Hotwire with mid-level expectations for one night. Totally blown away. Arrived on a Sunday night. Gave car to valet ($51/night). Lobby was a social people watching scene with swank music. Check-in was smooth and easy. I asked for an upgrade and was told no free upgrades to 3rd party bookings. Upgrade to suite was available at a cost. I passed since only 1 night stay. I asked for a nice, quiet room away from noisy housekeeping and ice machine. Received room 10-120. Room was huge with 2 beds. Felt like 400 square feet. Newly renovated last year. Bell hop told me some rooms are very small so I totally lucked out! Service from start to finish was top notch. Everyone had a smile on their face. Always spoke with great respect and made us feel welcome. Ordered room service at 10:45 PM. Arrived in 1/2 hour. food was so-so. Had pancakes in Lockwood for breakfast. Very good food and very good service. Strong coffee. Hotel is right on State Street shopping. FYI - Rooms on floors 15 and below were renovated last year. Rest were done 5 years ago. For the price, it was a great bargain! Only complaint is bathroom is small. 
",0,0
2781,"We chose the Allegro based on the photos and the location, but the stay fell short of expectations almost immediately. Our room overlooked the alley, so the 'view' was a brick wall, dumpsters, and constant deliveries starting before 6 a.m. The bathroom was cramped and dated, with peeling wallpaper, a showerhead that barely had pressure, and a drain that seemed permanently slow. The room itself wasn't much better; there were stains on the carpet, smudges on the mirror, and what looked like old hair behind the nightstand, which made me question how thoroughly the housekeeping staff cleans between guests. As for the front desk, they were indifferent at best. When we mentioned the noise, we were told the hotel was full and given nothing in the way of an apology or adjustment. For the price, I expected far more and won't be returning.",1,1
2782,"Honestly, I wasn't sure what to expect with the Affinia, but it ended up being the perfect home base for our long weekend. The location is fantastic--we walked to the park, grabbed late-night bites, and never touched the subway once. What really stood out was the front desk crew; they remembered our names by day two and went out of their way to swap our room when street noise got annoying. The room itself was cozy but cleverly laid out, with a comfortable bed and a small kitchenette that saved us a fortune on breakfast. Bathroom was spotless, water pressure was great. I've paid double for hotels with half the charm. A few dated spots here and there, but the vibe was so welcoming that I honestly didn't care. Would absolutely book again.",1,1
2783,"This was the 2nd time that we have stayed at the Hyatt Regency Chicago. The first time was far above our expectations for a $69/per night room. The rooms are very nice, and the beds are comfortable. This time we got a great rate through travelzoo @ $104/ night for a room with a view. We were aware of the $41 parking per night. The first night we got there the valet was yelling at us and said that we couldn't park they were full. We had no clue where to park at this point and had to drive around for over 45 minutes looking at closed parking garages. (It was a Saturday evening) Finally found a spot and were told that it would be $38. This was 6 blocks from the hotel. Mind you its -6 outside and we have luggage to carry too. Not very good service for a 5-star hotel. We got inside and apparently they were running a nightclub out of thier lobby, its called the harddrive. That's cool and all, yes it was very noisy but once we got to our room, it wasn't an issue. The HVAC controls to our room were broken. The first night we were ok, but by the second night it was blazing hot in there, 86 degrees. So hot we couldn't sleep. It was miserable. They sent up the 'engineer' and he determined that there was definately a problem and opened our window, 24 floors up. It never did cool down enough in there we kept that window open all night. It was 5 below that night and the window being open 8' didn't help. They would not put us in another room either. At checkout, Monday morning, our bill came to $240.43 after taxes for the room. We then had a second bill in which our internet and parking was billed on for $56.65. Cool, I got my reciepts and went on our way. On Wednesday I was on my online banking checking my account, to find that Hyatt charged me $289.03 and another charge of $103.63!!! That is almost $100 more than what the reciepts from checkout say. I was furious, so I called the hotel. Nothing was resolved by my phone call, they treated me as if $100 isn't but something you wipe with. She said give it another day or two and see if the additional authorization falls off. That didn't settle well with me, but what could I do. I waited. Its Friday now. I check on my account again and the charges cleared as they should have with the correct original amounts, and they still have 'authorizations' on the two incorrect amounts as well. They have charged me an additional $300!!!!!! Im so furious! and guess what... Hyatt doesn't care. They gave me the same [--] line as they did Wednesday. SAVE YOURSELF SOME HASSLE AND DON'T STAY AT THIS HOTEL UNLESS YOU HAVE EXTRA MONEY FOR THEM TO PLAY WITH.
",0,0
2784,"Going to the Internet Retailer 2010 at the last minute and this was the only hotel left available with shuttle services. First of all, from reading other reviews, now I know I got ripped @ $249 a night when Priceline folks are sniping these rooms for $79 (albiet, I got free wifi). The hotel is nice; but it can only get so nice for an oldie...no matter how much money you dump into it. Shower head was really low (I'm 6'1'), water pressure was low. It is in a decent part of town with a hype bar close by (check out reviews on Yelp!) For some off reason I ended up with two double beds (they asked me a few times if I was traveling alone). If traveling here: 1 - make sure you get a better deal than I did 2 - confirm your exact needs with reservation over the phone and in person 3 - Don't have super high hopes My room was neither up to par as a business class (although the 22nd floor is called the executive floor) nor was it a good fit for the romantic couple...it wasnt even spacious enough for those last minute get awayers (sp?) trying to save money.
",0,0
2785,"The room was stiflingly hot and the constant street noise meant I barely slept, a real shame given the lovely terrace view. Staff were aloof and unresponsive to my complaints, making the whole stay feel more like a chore than a getaway.",1,1
2786,"We just returned from a girls shopping /sight-seeing trip.The Palmer House was like home away from home.The hotel is undergoing renovations but we did not notice any inconveniences or hear any noise from the work.The lobby was breathtaking, all dressed up for Christmas.The staff from check-in to housekeeping was very welcoming and friendly.Our room was updated with two beds and two separate baths which was great for everyone to have their own personal space.I would not hesitate to recommend this hotel to anyone.Chicago is a great town. 
",0,0
2787,"I had a really pleasant stay at Affinia and would happily return. The location made it easy to get around, but the room was surprisingly quiet at night, which I appreciated after long days in the city. My room felt spacious for New York, with a comfortable bed, a small kitchenette area, and enough storage that I didn't have to live out of my suitcase. The front desk team was friendly and gave useful restaurant suggestions without being pushy. Housekeeping was consistent, and everything was clean and well maintained. The lobby has a relaxed, welcoming feel rather than the usual rushed hotel atmosphere. It's not ultra-luxury, but it was comfortable, convenient, and genuinely good value.",1,1
2788,"Hyatt made our weekend easy: spotless room, friendly front desk, and a surprisingly quiet floor despite the busy lobby. Breakfast was fresh, and checkout took less than a minute.",1,1
2789,"A friend and I stayed at the Hyatt Regency in Chicago for a weekend while visiting a mutual friend of ours for her Birthday. The hotel at first glance was very nice and charming. But, We quickly found out that was not the case. Our room reeked of smoke when we first stepped in. The bathroom was filthy, it looked as though it had not been cleaned in weeks!! There was mold around the toilet and a film over the mirror. There were also very large stains all over the carpet through the room. We immediately called the front desk to tell about our smelly, unkempt room. The women at the front desk was rude and assured us that what we were smelling 'was not smoke' because that is not permitted in the hotel. We were also told that room was cleaned that day. After several minutes of arguing with her and a manager, we were moved to a another room which took 2 hours because there were no other clean rooms available at that time. WE had to sit in the lobby with our baggage until one was made available for us. The food we ordered from the restaurant was horrible and WAY over priced. Our waiter was rude and only stopped by our table twice the whole time we were there. All the staff at this hotel seemed unhappy and barley even acknowledged any of the guests. I will never stay here again and I would never recommend this hotel to any one.
",1,1
2790,"I traveled to Chicago with my husband for a romantic weekend away. Our stay at the Sofitel Chicago Water Tower could not have been more luxurious! Our room had anything you could ever want, a mini bar, air conditioning. We were also within walking distance of many sites and fun restaurants. The staff was friendly, and the beds were like clouds. Overall,the experience was worth every penny. 
",1,1
2791,"no bell boys there when you need them, sully staff, no smiles at all in this place. had to wait 30 min for my luggage and was never greeted by any of the staff. boy, sure is a lousy fairmont compared to the one in SF. never here again!
",0,0
2792,"Loved the quiet room and plush bedding at Sofitel; breakfast had plenty of fresh options, and the concierge quickly found us a lovely nearby restaurant.",1,1
2793,"My husband and I had a wonderful time at Swissotel Chicago, when my husband went for a trade fair. We got a classic double room for two nights and it was definitely worth the money. Clean and comfortable, chic and new fixtures. The view of the pier was magnificent. Staff were most helpful and prompt when we requested extra towels and pillow. It's right next to riverside restaurants and river is very pretty.
",1,1
2794,"The sweeping city view from my room was absolutely stunning, and despite the central location, it was wonderfully peaceful. Breakfast was a delightful spread, though our two nights felt far too short to enjoy everything this refined haven offers.",1,1
2795,"I was genuinely surprised by how comfortable this stay turned out to be, especially given the hotel's slightly older reputation. The lobby has that classic, polished feel--marble floors and dark wood--and while the guest corridors show a few scuffs, my room itself felt fresh and well-kept, with a crisp white duvet and modern bedside USB ports. Breakfast was a real highlight: the made-to-order omelet station beat any generic buffet, and the fresh pastries were still warm at 7 a.m. I slept like a log on the firm mattress, and the blackout curtains actually did their job despite the bright streetlights below. The wifi was consistently strong--streamed a movie in bed without a single buffering pause. The only tiny disappointment was the pool being chilly, but that didn't dampen an otherwise smooth, efficient, and pleasant two nights. I'd happily book here again for business or a quick city break.",1,1
2796,"Honestly, this stay was a letdown for what we paid. The Sheraton charges premium rates but the wifi in our room barely worked, dropping every few minutes and making it impossible to get any work done, which was the whole reason we booked. When I mentioned it at the front desk, the staff member just shrugged and said 'it happens sometimes' without offering any fix or even an apology. Housekeeping skipped our room entirely one afternoon and we had to call twice to get fresh towels. For over $300 a night, I expected far better service and a connection that actually functioned. The room itself was clean enough, though dated and smaller than the photos suggested. By the last day we were genuinely ready to leave, and the four nights felt much longer than they should have. Won't be returning.",1,1
2797,"Expected more from the James. My room smelled musty, the AC rattled all night, and housekeeping skipped my floor entirely one day. Staff were pleasant enough but the value just wasn't there. Won't be returning.",1,1
2798,"My recent stay at the Talbott Hotel in Chicago was miserable. My visit began on the wrong foot when they couldn't locate my reservation. I had my reservation code and the email confirmation but they insisted they couldn't find me 'in the system'. We finally agreed to scrap that reservation and start over. That process was lengthy as they were training a new girl on how to take reservations. The room that I had originally reserved (King) was not available and I had to wait 45 minutes for them to clean a Double room. I was so tired from the traveling and the hassle at the front desk that I decided to stay in and order room service. It took an hour and a half for my food to arrive. When finally delivered, it was cold and not exactly how I had ordered it. So now I am cranky, tired and starving! I ate what I could from the mini bar (poor selection of items) and went to bed. The room was spacious but had a stale smell to it, as if someone had smoked in it. The next morning I complained and wanted to change rooms. The woman at the front desk couldn't be bothered with me and didn't try to make things right in any way. I decided to check out and go to another hotel for the remainder of my stay in Chicago. I will never waste my time or money at The Talbott again.
",1,1
2799,"The InterContinental hotel is truly a hidden treasure. Nestled deep in sky scraping steel epicenter of downtown Chicago, the hotel is a taste of both modern day luxury and old time charm. From the tiled indoor pool surrounded by high Romanesque arching ceilings to the rich mahogany furniture and lace curtains in the suites, the InterContinental was built to satisfy the taste of even the most hardened traveler. Book well in advance as it is one of the most sought after retreats in all of Chicago.
",1,1
2800,"When most people think Hilton, they think luxury. I know I did. I only wish I'd been half right. Upon arriving, I was informed that the incompetent staff had lost my reservation entirely. Not a very auspicious start, but they did find me another room. Granted, the new room had an oh-so-scenic view of the broadside of an adjacent building. But, fine. I was willing to let this slide. I didn't want to be difficult. In the following days of my stay, it got a little harder to ignore all the minor problems that were making the Hilton very undeserving of the term, luxury hotel. Noisy neighbors. Rude staff. If the state of my bathroom towels was anything to go by upon checkout, I doubt my sheets were changed even once. Next time I'll ignore the hype and stay somewhere cheaper. The service couldn't possibly be worse.
",1,1
2801,"We stayed at the James hotel for a 40th birthday. The location was excellent for shopping and restaurants, but also very loud. The room was horrible. VERY SMALL. We had a double/double and it was the size of a college dorm room, plus completely white walls and linens. Absolutely no color except for one accent pillow. It was very sterile and uninviting. We were on the 11th floor and the lobby for the elevator was dark and done in red and balck with minimal lighting. It looked like the entrance to hell, if not a haunted house. Staff was very nice and accomodating. I would not return to this hotel.
",0,0
2802,"The Sofitel was a quiet escape in the middle of the city--the bed was heavenly and the blackout curtains worked wonders. Service felt genuine, not forced, and the bathroom's rainfall shower was a small luxury I didn't want to leave.",1,1
2803,"The dated decor made the lobby feel tired, and our bathroom had a persistent mildew smell. For the steep price, the convenience of the downtown location couldn't compensate for the underwhelming room.",1,1
2804,"We booked an American Girl Place package at Fairmont Chicago Millennium Park. Told that we'd have a room with a nice view, apparently their idea of a nice view is of another building! Ended up getting a smoking room when we booked non-smoking, cost us $100 more a night than we were told, and staff was incredibly rude at the restaurant. Would never recommend coming here for any reason whatsoever!
",1,0
2805,"We spent three nights at the Fairmont and honestly wished it had been a week. Our room on a high floor was remarkably quiet -- even with the elevator bank nearby, we never heard a thing, and both of us slept soundly through the night, which almost never happens for me in hotels. The bed was plush without being too soft, and the blackout curtains did their job well. Wifi was included and fast enough that I took a video call one morning with zero issues. Housekeeping kept everything spotless, and the concierge booked us a dinner reservation that turned out to be the highlight of the trip. The location near the water made evening walks easy. Would absolutely return, and next time for longer.",1,1
2806,"Although the InterContinental Chicago Hotel is located on 'The Magnificent Mile,' our entire experience as guests there was anything but ....believe me, the 'magnificence' ends at the hotel entrance! From check-in to check-out, our impressions ranged from lackluster to horrific. First, there was an error with our reservation, and once we got to our room, we found that neither our phone nor our internet connection worked, so down I trudged to the registration desk--where I had to wait in line for at least twenty minutes--to ask for help. The first night we spent was nearly totally sleepless due to TV noise coming from the next room; we weren't sure whether it was due to excessively inconsiderate neighbors or thin walls. Then, dog tired the next morning--even though we had hung a 'Do Not Disturb' sign on our door handle--in barged the maid all bright-eyed and bushy tailed with scrubber in hand. Following that rude awakening, I was jarred again by a blood-curdling shriek from my wife, who, upon entering the bathroom to take her shower, was greeted by an incredibly large roach! Breakfast--actually all meals of which we partook at the hotel--were served cold and were somewhat tasteless. We were routinely ignored by the concierge, who always seems to be on a personal call whenever we needed him. Trying to leave the hotel was equally as difficult as checking in. Of course, there was a gross error in our bill which caused us to be delayed in our effort to depart. Getting out of the InterContinental Chicago was, believe me, the best part of our experience as guests there.
",1,1
2807,"Our stay at the Omni was much more disappointing than expected for the price. The location is convenient, but that was about the only thing that worked in its favor. Check-in took nearly half an hour, and the front desk seemed overwhelmed and uninterested in helping. Our room looked tired, with scuffed furniture, a stained armchair, and a bathroom fan that rattled loudly all night. The bed was comfortable enough, but hallway noise and doors slamming kept waking us. Housekeeping also skipped our room despite the 'please service' sign, so we had to call twice for fresh towels. The restaurant downstairs was overpriced and slow, and even basic Wi-Fi required an extra charge. I expected a polished, comfortable experience from the Omni and left feeling that the hotel was coasting on its name and location.",1,1
2808,"My husband and I stayed here for three nights while visiting Chicago as tourists. What a beautiful hotel! Our room was lovely, the staff was super helpful and the location was convenient. They don't have an in house gym, but each day you can get a day pass to a cushy gym down the street. The restaurant in the hotel has a very yummy breakfast. The concierge helped us to make dinner reservations at the last minute our first night there. We were able to walk down the Magnificent Mile from our hotel, as well as through the Gold Coast and Old Towne neighborhoods. There are tons of great restaurants in the area (including the famous Gibsons and the Signature Room in the Hancock tower) as well as lots of shopping. There is currently a lot of construction going on near the Talbott (they are building condos right behind it), but regardless we had a wonderful stay and would definitely stay there again when visiting Chicago. 
",0,0
2809,"We stayed at Hotel Palmer for four nights and honestly couldn't have been happier with the choice. The location is perfect--a quiet street but still a five-minute walk to the main square, which meant we got peaceful mornings without being isolated. Our room overlooked a small courtyard, and the soundproofing was excellent; we never heard a peep from the neighbors. The bed was firm but supportive, and the blackout curtains worked wonders after late nights. Breakfast was a highlight: fresh pastries, local cheeses, and made-to-order eggs that weren't swimming in grease. The staff remembered our preferences by the second day, which felt genuinely thoughtful rather than scripted. Only minor hiccup was the shower pressure being a bit weak, but the water stayed hot. We'd absolutely return and would recommend it to anyone wanting a comfortable, unpretentious base.",1,1
2810,"We stayed at Omni Chicago for 2 nights in early July (July 1-3). The reason we chose this hotel was simply because of a great deal we got on TravelZoo. We got pretty good rate that included a valet parking and vouchers for food&beverages. I also signed up for their loyalty program, which was so worth it. I was concerned at first that we would be treated like a second-class guest because of the price we paid. But I was totally wrong! They treated us extremely well. Before our arrival, I got an email asking if we needed anything. So, I asked for a fridge to store the baby milk. And they arranged it for us without charge :) We arrived late on Thursday night. Our room was ready for us upon our arrival with the fridge I requested. We were given a corner suite on the 10th floor...very nice room...comfy bed. My husband was really wowwwww!!! The bed was made ready for us - both in the bedroom and the sofa-bed (we didn't use the sofa-bed though). We got a high-speed Internet as part of the loyalty program. All staff were friendly and helpful...front desk, valet parking, bell boy, room service, concierge,... everyone! We used the voucher for room-service breakfasts both morning. The first day was great. Food was great, and quick. We also got complimentary beverages as part of the loyalty program. We ordered OJ and hot chocolate. They both were so good that we ordered them again the next morning. But we were very disappointed that the hot chocolate tasted pretty horrible. It tasted like left-over coffee mixed with water and a bit of chocolate :( Also, we ordered Belgian waffle for our breakfast, which was supposed to come with whipped cream and strawberries...but we got a plain waffle. So, we had to call the restaurant and wait for a while to get those. This is why I didn't give '5' for service. However, I reported these issues to the front-desk when checking out, and the front-desk staff took care of it by not charging us for that meal. Another thing is that it's quite noisy at night even though we were on the high floor. We could hear siren going on & off during the night. But this is out of the hotel's control though. And I would say that it didn't bother us at all. My baby could sleep very well. Overall, we really enjoyed our stay, and would definitely consider Omni for our next trip to Chicago. 
",0,0
2811,"I booked the Fairmont expecting a landmark stay, but left feeling I'd overpaid for a faded name. The bed was decent, but the air conditioning cycled loudly all night, and I woke up more tired than when I arrived. At nearly $400 a night, that alone stung. The lobby has grand bones, yet the hallways and our room feel stuck in the early 2000s--scuffed baseboards, worn carpet, and furniture that looks like it survived a decade of conferences. Breakfast was the low point: a lukewarm buffet with watery scrambled eggs and stale pastries, all for $32 a head. Service was polite but stretched thin, especially at check-in. Honestly, the location is prime, but so is the competition. For this price, I expected polish, not a lesson in managing disappointment. I won't be back.",1,1
2812,"InterContinental was a great choice for our weekend--quiet room, comfortable bed, and genuinely warm service. The concierge pointed us to an excellent nearby breakfast spot, too.",1,1
2813,"I had originally chosen the Conrad Chicago Hotel for its location near shopping centers that were within walking distance. However, I later learned that I had made a poor choice. Upon arrival, the lobby seemed nice and we checked in with the clerk. Although, when we reached out hotel room, we were dissapointed in finding it to be a one-bedroom suite. My family went back down to demand another room with two queen-size beds. The clerk, after a twenty minute waiting period, was able to find us a suitable room. Upon entering, the room was noticably hot. We turned on the air conditioning, and after waiting for thirty minutes, the room remained muggy and humid. I called the front desk to complain and ask for a repair man or another room. They promised a repairman within ten minutes. 1 hour later I called again and remined them that the repairman hadn't shown up. They once again promised a speedy repair. While waiting, I discovered that our room had no soap and the towels were still damp. I called the front lobby and she said that they were sorry for the inconvenience and that there were some more one the first level, but I had to go get them. After all this trouble, I argued that they should bring it up to me, but in the end, I wound up going to get it myself. After returning to my room and waiting another 30 minutes, the repair man had not shown up. So I called again, and within 5 minutes the repairman came. He managed to fix the air conditioner, but it was about 12am. We were finally able to get some peace and rest well after the room cooled off, but as the night went on, we noticed another problem. The air conditioner began to make wretched screeches and banging sounds. It also emitted a strange odor. Upon checking with the front desk, we demanded another room because it was too late at night to have it repaired. There were not available rooms left, and being so fed up with this hotel's poor service, we promptly left and checked in at a nearby hotel. I don't recommend the Conrad Chicago to anyone who wants to enjoy their time.
",1,1
2814,"The bathroom was cramped and showed its age, while street noise kept me awake most of the night. For the price, I expected better; staff were polite but disengaged.",1,1
2815,"Stayed here for a conference and left genuinely underwhelmed. The room smelled musty, the AC rattled all night, and housekeeping never replaced our towels. Overpriced for what feels like a tired property that's clearly seen better days.",1,1
2816,"I stayed at the Hilton Chicago during a recent business trip. I elected to go with their Executive Suite upgrade. All I can say is, 'What upgrade?' It's barely anything above what you get normally. And for the price I paid, I was expecting much better acommodations. Because I arrived around 10:30 the night I checked in (delayed flight) I did not get the concierge service as it stops at 10. I find that an odd hour to stop a service like that especially when you're expecting a guest who has not checked in yet. Beyond that, it took them 20 minutes to get me into my room. First it was a room mix-up, then it was a missing key card. That was extremely frustrating as I was tired and I had a presentation to give the next morning. Speaking of the next morning, the complimentary breakfast was a joke. When I just want a stale muffin and a bad cup of coffee for breakfast, I'll stay at the next Super 8 I find. And the wireless internet in the room that you actually have to pay for on top of everything else was a horrible connection with angonizingly slow speed. I will not be staying at the Hilton Chicago every again even though I frequent Chicago. This tops out my list of horrible hotel experiences by a long shot.
",1,1
2817,"I really expected more from a property with the Swissotel name. Check-in took almost 40 minutes because the front desk seemed understaffed and confused about my reservation, and nobody apologized properly. The room itself was worn out: stained carpet, a shower head that dribbled water, and the AC made a rattling noise all night so I barely slept. Housekeeping skipped my room on the second day entirely and I had to call twice to get fresh towels. Breakfast was the biggest letdown; cold eggs, empty trays that stayed empty for 20 minutes, and a bill that somehow included items I never ordered. Location is convenient, sure, but at this price point I've stayed in much better hotels. For what they charge, the service should be flawless, not this sloppy. I won't be returning.",1,1
2818,"I expected more from Hard Rock, but the stay felt overpriced and poorly managed. The bathroom looked stylish at first, yet the shower drain backed up and left water across the floor, while the towels were thin and worn. Staff at check-in seemed distracted and barely acknowledged our concerns; when we called about the drain, no one came until the next afternoon. Noise was another major issue, with loud hallway conversations, doors slamming, and music thumping late into the night. Even with earplugs, I slept in short stretches and woke up exhausted. The location was convenient, but I would not return unless service and soundproofing improve.",1,1
2819,"I had a very pleasant stay at Hotel Monaco. The location was especially convenient, with restaurants, shops, and public transportation all within an easy walk, so I rarely needed a taxi. My room was comfortable, quiet, and clean, with a surprisingly good bed and enough space for a short visit. The Wi-Fi worked reliably throughout the hotel, including during video calls, which was important for me. What stood out most was the staff: everyone at reception was welcoming, efficient, and happy to offer directions or restaurant suggestions without being pushy. The hotel is not the cheapest option in the area, but the convenient location, comfortable amenities, and attentive service made it feel worth the price. I would gladly stay here again.",1,1
2820,"We stayed at Hotel Amalfi for four nights in early June and genuinely didn't want to leave. The room was spotless, housekeeping seemed to appear at exactly the right moments, and the beds were surprisingly comfortable for a coastal hotel, so we slept soundly every night despite the church bells in the morning. The staff deserve special mention; the front desk arranged a last-minute boat tour for us and the breakfast team remembered our coffee order by day two. As for the view, waking up to terraced lemon groves tumbling down toward the sea never got old, and the rooftop terrace at sunset was simply breathtaking. Yes, it's on the pricier side, but for the location, service, and those balcony views, we felt it was absolutely worth it. Would return in a heartbeat.",1,1
2821,"Our long weekend at Hotel Amalfi flew by too fast--the sea-view balcony alone was worth the price. Beds were incredibly comfortable, and we slept better there than at home. Already planning a return trip.",1,1
2822,"Stayed here for a long weekend and honestly couldn't have picked a better spot. The Sofitel's location was perfect for wandering--right between the river and the main shopping streets, so we never felt stranded. The wifi in the room was solid, even for a couple of late-night work calls, which was a relief. Breakfast was a real highlight: the pastries were flaky and fresh, and they had a nice mix of hot items plus a decent cheese spread, definitely better than your average hotel buffet. Given the quality of the bedding and how quiet the room was, I felt the price was justified--not cheap, but you're paying for that polish. Staff were professional without being stuffy. I'd happily book here again.",1,1
2823,"The Fairmont made our weekend feel effortless, with a quiet, comfortable room, quick check-in, and genuinely friendly staff. The lobby bar was a nice spot for a late drink.",1,1
2824,"My husband and I recently stayed stayed at the Hilton Chicago and it was a horrible experience. When we arrived, the front desk clerk was on the phone on what sounded like a personal call and didn't even acknowledge us for at least five minutes. When we got to our room I went to lay on the bed and noticed a black hair on the pillow. I'm am very paranoid about hotels being dirty, so I pulled back the sheets and moved all the pillows around and noticed several more hairs. I called for some new sheets which they said they would send right up but it actually took nearly 30 minutes. The second night we were there we decided to try the Irish pub in the hotel called Kitty O'Sheas because my husband loves pub food. We had the shepherd's pie which was awful. It was watery and had no flavor and it was not cheap! Our server seemed annoyed when we complained and did not offer it to be taken off the check. While we had a great trip to Chicago, the Hilton was definitely NOT a highlight of our trip. Overall, we had rude service, a dirty room and bad food. Spend your money elsewhere
",1,1
2825,"Slept like a rock on the plush Fairmont bed, and the wifi never glitched once during my work calls. Waking up to that skyline view was the best part. Three nights honestly flew by--would happily have stayed another week.",1,1
2826,"My friends and I were in Chicago last month and were looking for a resonably priced hotel in a decent neighborhood. Well we came across the Hotel Allegro and immediately fell in love! Everything from the colors, the staff, the architecture, and the pricing were AMAZING! We couldn't have found a better hotel. The service was impeccable..talk about a 5 star hotel for someone with a 2 star budget! My friends and I plan on staying here next year when we return.. I can't wait until then! 
",1,0
2827,"The Palmer House Hilton, while it looks good in pictures, and the outside, is actually a disaster of a hotel. When I went through, the lobby was dirty, my room hadn't been cleaned, and smelled thoroughly of smoke. When I requested more pillows, the lady on the phone scoffed at me and said she'd send them up. It took over an hour for 2 pillows. This hotel is a good example that what you pay for isn't always what you get. I will not be returning.
",1,1
2828,"I stayed at the Sheraton Chicago Hotel for two nights and I must say the service they rendered was quite impressive. They had very attentive and friendly staff members. The room that I stayed in was spacious for me and my husband. Their hotel restaurant served the most delicious steaks I have tasted, I ordered a classic fillet mignon and it was cooked to perfection. I would definitely stay at this hotel again if ever I come back to Chicago and would absolutely highly recommend this to my friends and family.
",1,1
2829,"The Sofitel's central location was convenient, but our two-night stay felt too long; the room was only moderately clean, and staff were polite yet distant when we needed help.",1,1
2830,"We stayed at Homewood for a long weekend and it worked out better than expected. Our suite was clean, quiet, and genuinely useful with the small kitchen, full-size fridge, and enough counter space to make breakfast before heading out. The bed was comfortable, and the separate sitting area gave us room to relax without feeling like we were living out of suitcases. Staff at the front desk were friendly every time we came through and quickly brought up extra towels when we asked. Breakfast was simple but fresh, with hot items, fruit, coffee, and plenty of seating. Parking was easy, and the location made it convenient to get around. A little hallway noise one morning, but nothing that spoiled the stay. We would happily return.",1,1
2831,"My wife and I just spent 3 nights at The Talbott. The room was spacious, comfortable and well-appointed. The hotel is quiet although there is some construction nearby. Linens and towels first-class. Free Wi-Fi in the room. The location is terrific, just one block to Michigan Avenue. We will stay here on future visits. 
",0,0
2832,"The view from our room was absolutely stunning, overlooking the city skyline, and the decor felt fresh and modern. Breakfast offered a great spread, and given the quality throughout, it felt well worth the price.",1,1
2833,"Homewood was a very solid choice for a short family trip. The suite was spotless when we arrived, including the kitchenette counters, fridge, and carpeting, which can be hit-or-miss in extended-stay hotels. Our bathroom was bright and well maintained, with good water pressure, plenty of towels, and a roomy shower that stayed hot even in the morning. I also appreciated having a separate living area to relax in after dinner. The bed was comfortable, and despite being near the elevator, we slept surprisingly well; the room was quiet and the blackout curtains helped. Breakfast was convenient and kept us from having to rush out looking for food. It was not the cheapest option nearby, but the space, cleanliness, and included amenities made it feel worth the price.",1,1
2834,"Beautiful views and awesome service! My husband and I stayed at the Swissotel in Chicago while meeting up with some old friends from college. We have been to Chicago a few times but never stayed at this hotel before. First off the architecture and feel of the hotel is just amazing. So beautiful! The views from our corner suite was breathtaking and the accomodations were flawless. The fact that we could have an apartment like setting rather than a cold hotel room made all the difference. From the big tub in the bath to the entertainment system and work area, everything is in place to make your stay like being at home but with an awesome view of the Chicago Skyline. We took advantage of the Executive Club for desserts and breakfast and had dinner one night at the Palm restaurant. Delicious food! We will definitely stay at the Swissotel the next time we visit Chicago.
",1,1
2835,"Hard Rock was a great choice for our weekend stay and felt worth the price, especially given the central location, stylish rooms, and friendly service. Our room was spotless, with a comfortable bed and blackout curtains that made it easy to sleep deeply. Although the lobby and pool area had a lively atmosphere, we barely heard any noise once our door was closed. Breakfast had a good mix of fresh fruit, pastries, eggs, bacon, and made-to-order coffee; it was busy but staff kept everything replenished. The music-themed details were fun without being overdone, and check-in was quick. I would happily stay here again.",1,1
2836,"I've stayed at the Allegro a couple of times. Like the other Kimpton properties, it's a classic old hotel that's been beautifully updated. I found the staff to be cordial, and I really like their corporate culture. They're pet-friendly (although I wasn't travelling with the dog), I got a recycling bin in my room, Aveda products in the bath and they don't clean with toxic chemicals. The rooms aren't huge and the bathrooms aren't what you're going to get at a Hilton. What the Allegro lacks in square footage it more than makes up for in cool. OK, they may be a little pricey, but I'm willing to pay a bit more considering the higher cost of doing business responsibily. 
",0,0
2837,"O.M.G best hotel ever ! i've stayed at various hotels in the area and the service has been really suckish. evan at one hotel i stayed at they had a molded sandwhich under the bed , how gross and i could of really got sick ! but this hotel was the perfect location right by the beach and by all the clubs . ohh . and the pump room , the best food i've evr had at a hotel . i evan got to take a picture with Queen Anne ! i will never regret coming to this hotel! i loved this hotel so much me and my bridemaid's stayed here . and it's just walking distance from all the popular food places and clubs . ( all the places to be at least )
",1,0
2838,"I had a very pleasant stay at Hotel Talbott and would happily return. The location in the Gold Coast was ideal--quiet enough to sleep well, but close to restaurants, shopping, and the lakefront. My room was comfortable and thoughtfully laid out, with a surprisingly cozy bed, plenty of storage, and a spotless bathroom. I especially appreciated the friendly front desk staff, who gave good local recommendations and handled a late check-in without any fuss. The hotel has a warm, boutique feel rather than a generic chain atmosphere. There was a little hallway noise one evening, but it wasn't a major issue. Overall, the service, cleanliness, and relaxed atmosphere made this a comfortable and convenient base for exploring Chicago.",1,1
2839,"Slept like a log in the blissfully quiet room, and the wifi never dropped once during my work calls. Waking up to that skyline view over the river made the whole stay feel worth it.",1,1
2840,"The staff were fantastic from check-in to checkout, and the breakfast buffet had everything we craved. Our room was spotless with a killer view. The pool was a bonus. We left feeling completely refreshed.",1,1
2841,"Staff were indifferent, the decor looked tired, and breakfast was a disappointing spread of lukewarm items. The cramped bathroom had worn fixtures and poor water pressure.",1,1
2842,"My wife and I decided to stay at the Amalfi while we visited friends in Chicago; we will not stay here again nor would we recommend this 'Luxury' hotel to any of our friends. Amalfi claims that your stay begins with a 'warm greeting,' but we received the exact opposite. The front desk clerk was rude, sighed and rolled her eyes anytime we asked her a question, and became agitated when asked for a pet friendly room. Apparently there was extra work for her since we had to change our reservations and add our dog, who we had to bring at the last minute. The room on the Pet Floor was alright, nothing spectacular, and unfortunately had a slight scent of covered-up dog urine. We proceeded to dinner at Keefer's Restaurant and had to wait an additional 45 minutes past our reservation time. I have my suspicions we were segregated upon because of our casual attire; opposed to the elegant environment that was prominent throughout the restaurant. The next day, I could not get the wireless in the room to work correctly, and had to finish some work at our friend's house. My wife had called for some extra towels and pillows, which took about half an hour to receive. She also ordered breakfast because Breakfast in Bed WAS her favorite- until the eggs that showed up had a long black hair in them. We were set to stay for 3 days, but only managed to stay 2. We will not be staying here again.
",1,1
2843,"Hotel Palmer was a very pleasant surprise for our weekend stay. The lobby has a relaxed, slightly old-fashioned character, but everything felt well cared for and clean. Our room was quiet despite facing the street, with a comfortable bed, good blackout curtains, and enough outlets near the desk and bedside tables, which I always appreciate. The bathroom was compact but spotless, and the shower had excellent water pressure. Check-in was friendly and efficient; the front desk person even pointed us toward a nearby breakfast spot that became our favorite. Location made getting around easy, with shops and restaurants within a short walk. The only small drawback was that the elevator took a little while during the morning rush. Otherwise, it was an easy, comfortable stay, and I'd happily book Hotel Palmer again.",1,1
2844,"Disappointing stay at Affinia: the Wi‐Fi kept dropping, the bathroom was dated and cramped, and breakfast was bland and overpriced. The location was convenient, but not enough to offset everything else.",1,1
2845,"Perfect spot for exploring the city--everything was walkable. The staff were genuinely friendly and helpful. WiFi never dropped, and the complimentary breakfast with fresh pastries and strong coffee was a lovely start to each day.",1,1
2846,"Stayed three nights at Hotel Monaco and came away genuinely impressed. The wifi was rock-solid from the moment I connected--I streamed video calls and work files without a single drop, which is rarer than it should be downtown. My room's bathroom had a rainfall shower with strong pressure and plenty of hot water, plus fluffy towels that actually smelled fresh. Street traffic was audible on the lower floor, but the double-paned windows and white-noise machine in the closet kept it easy to sleep by midnight. Location couldn't be beat: four blocks from the train, a two-minute walk to a decent coffee shop, and an easy stroll to the riverfront for evening walks. Staff were friendly during check-in, and the lobby's quirky decor grew on me. Would happily book again.",1,1
2847,"My experience at the Ambassador East Hotel was truly terrible. I went to Chicago with my husband and children to attend a wedding. This hotel was recommended by the wedding party. It was a terrible choice. Despite the special discount we got because of the wedding, the hotel turned out to be very expensive compared to other nearby hotels. The staff and amenities were also very unfriendly to children. My kids were absolutely terrified of several members of the staff who scowled at them and yelled at them for no reason. The place was also very formal and stiff and decorated with a lot of breakable and expensive items. My son narrowly avoided breaking a vase when an ill tempered bellhop nearly ran him down with a luggage cart. Overall, I would say I was very displeased with the staff, the hotel's attitude towards children, and the expense of the hotel. On the plus side, our window had an excellent view of the city. Still, I would not return here again.
",1,1
2848,"The location was ideal, minutes from everything, but that's where the positives end. Our bathroom had a persistent mildew smell, the carpet and furniture felt tired from another decade, and the Wi-Fi dropped every few minutes--hardly worth the premium rate.",1,1
2849,"We stayed four nights at the Hyatt and honestly wished it could have been a week. From check-in, the staff went out of their way to make us feel welcome--the front desk agent remembered our names the entire stay, and the concierge arranged a last-minute dinner reservation without blinking. Our room on the 14th floor had a floor-to-ceiling window overlooking the harbor, and waking up to that skyline every morning was worth the trip alone. The decor felt fresh rather than dated; warm woods, crisp linens, and lighting that actually worked instead of the usual hotel gloom. Housekeeping was prompt and thorough. If I had one quibble, it's that our trip felt far too short to enjoy the pool and lounge properly. We'll be back for a longer stay.",1,1
2850,"Hotel Amalfi was a letdown despite its convenient central location, just a short walk from the station and several restaurants. The room felt tired, and the view was especially disappointing: our window faced a narrow inner courtyard with bins and noisy air-conditioning units. The bathroom was cramped, with stained grout around the shower, weak water pressure, and barely any space to put toiletries. Breakfast was included but uninspiring--lukewarm coffee, dry pastries, and limited fruit that was not replenished promptly. Staff were polite enough, but the overall condition of the hotel did not justify the rate. I expected more comfort and care for the price.",1,1
2851,"We had a fantastic stay at Hard Rock. The room was spotless, modern, and surprisingly quiet considering how lively the property felt downstairs. Our balcony view was a nice bonus, especially at sunset. Staff at check-in were friendly and gave us helpful recommendations for nearby restaurants and shows without being pushy. The pool area had a great atmosphere, with good music and plenty of loungers when we went in the morning. Breakfast was a little pricey, but the portions were generous and service was quick. I also appreciated the comfortable bed and blackout curtains after a long day out. A few elevators were busy around checkout, but that was a minor inconvenience. Would happily stay here again.",1,1
2852,"Hotel Monaco looked charming online, but the room felt worn and noisy, with thin walls and a slow check-in. For the price, I expected much better upkeep and service.",1,1
2853,"I recently was in Chicago on business and chose to stay at the Swissotel, Chicago. The hotel sells itself as being stylish, sophisticated and luxurious and says it is in the center of the city. I would have been better off anywhere else. I was not impressed with the interior, finding them bordering on clinical and too modern for my taste. I guess 'stylish' might be modern in some people's minds, but not mine. Also, luxury to me means plush not hard and clinical. When I made my way to reception, I hardly encountered the friendly customer service boasted of on the website. I had organized an executive suite as I was planning to work some of the time from my hotel room, and thought the extra space would come in handy. When I proceeded to check in, the girl at the desk told me, while smacking gum, that I had no reservation. I handed over my booking confirmation and she told me that at first she had spelled my name wrong, even though I had spelled it out for her. She then proceeded to tell me that due to a conference, all of the executive suites had already been allocated, but that they would be happy to assign me to a lake view room. Correct me if I am wrong, but this is a step down from the room I had asked for! Surely if you give away my room, you should try to compensate me with something better! I said that no, I really needed more space as I would be using the room as an office, and finally she said that they did have a corner king room available, and that if I wanted to switch the following evening, I would be welcome to do that. The room was ok, although, again, I was disappointed by how cold and clinical it felt. I did attempt to make use of some of the hotel services, but found them sadly lacking. Some comments on the services: the high speed wireless was not available in the room unless you were willing to pay a fee for a cable to connect, and also a per day fee which borders on extortion! There was free wifi in the lobby, but requires you to sit near the doors which open constantly letting in freezing blasts of air, plus deal with the noise and bustle of people constantly coming in and out. I did phone room service on my arrival to request an extra pillow and towels, but had to wait 2 hours before they arrived. The fitness center and pool which I was looking forward to using, were closed for cleaning when I went up. Breakfast the next morning consisted of continental items, which is not what I would have expected for the money. All in all, I would say your money is better spent elsewhere.
",1,0
2854,"Swissotel was a really pleasant surprise. Check-in was quick even though we arrived early evening, and the staff gave us a clear rundown of the facilities without sounding rehearsed. Our room was spotless, quiet, and had a great city view; the bed was especially comfortable after a long day of walking. Breakfast had plenty of fresh options, from fruit and pastries to eggs made to order, and the coffee was better than expected for a hotel buffet. We also used the pool area, which was clean and relaxing, though it got a little busy around midday. The location made it easy to get around by taxi and on foot. I'd happily stay here again.",1,1
2855,"Loved the quirky decor and the free evening wine hour by the fireplace. Staff remembered my name and my coffee order, and the bed was unbelievably comfortable. Perfect downtown location, would absolutely return.",1,1
2856,"Checked in expecting the James' usual polish, but our room smelled musty, the AC rattled nonstop, and housekeeping skipped us entirely one day. For $400 a night, that's just insulting--service felt indifferent, and the rooftop bar was overcrowded. Disappointed.",1,1
2857,"The Affinia's convenient location was the highlight, but the dated decor and only moderately clean room made the high price feel unjustified. I expected much better.",1,1
2858,"Booked through Hotwire and consequently was placed in a room where we barely had room to walk around our luggage. The 'view' was of the 'inner courtyard' of nothing but walls of windows of the other rooms. You were unable to determine what the weather was outside except that it was either day or night. They no longer have in-room coffee appliances. You either have to go down to their ostentatious dining room, or go around the corner to Starbucks or McDonald's. Internet access is not free ($12.95/24 hours), the 'Gift Shop' is a joke (tucked away in the corner of the coat check room, Concierge services have limited hours, and the business center is open only during 'business hours' which made it difficult to get work done after 'business hours.' I would not stay there ever again, nor do I recommend it to anyone. I have had better stays at any Holiday Inn Express!
",0,0
2859,"My stay at the Ambassador was genuinely pleasant, and I left feeling like I'd gotten real value for the money. The room was spotless from top to bottom; I checked the corners and baseboards out of habit, and there wasn't a speck of dust anywhere. The bathroom was compact but smartly arranged, with a walk-in rain shower that had solid water pressure and thick, fluffy towels that actually dried you off. I'll admit the decor leans slightly retro--think warm woods and muted golds--but it's well-maintained and has a cozy, almost vintage charm rather than feeling tired or neglected. What impressed me most, though, was the sleep quality: the blackout curtains seal out all street light, and the mattress has that perfect firm-but-giving feel. I woke up once for water and fell right back asleep, which never happens at home. Service at check-in was quick and friendly, too. I'd happily book here again for a quiet, comfortable city break.",1,1
2860,"Our room was spotless, and the bathroom had a roomy shower with great water pressure. Breakfast was fresh and filling, while the friendly staff made check-in and every question easy.",1,1
2861,"I really wanted to love this place given the price, but our four nights here were a letdown. The AC in our room never cooled properly no matter what we set it to, and after sweating through two nights they finally moved us, only for the new room to smell faintly like mildew. Breakfast was included and pushing it -- diluted juice, lukewarm eggs, and the coffee machine ran empty most mornings. The pool was closed 'for maintenance' our entire stay, which nobody mentioned at booking. Housekeeping skipped our room one day entirely and knocked at 8:30am the next. Location is fine, walkable to the beach, and the front desk clerk on Tuesday was genuinely kind. But for what we paid, we expected far better. Probably won't be back.",1,1
2862,"The Hilton Hotel helped us make the most of our trip to Chicago. Not only are they centrally located near most of Chi towns hot spots, but they also helped coordinate discounted admissions to various other attractions. The Hilton is very classy with their accommodations. I will be returning at my earliest convenience, be it for business or pleasure.
",1,1
2863,"The Talbott was a pleasant stay: reliable Wi-Fi, a spotless and comfortable room, and an easy walk to restaurants and shopping. It felt like excellent value for the price.",1,1
2864,"Here are my experiences: - Had three rooms reserved, when checked in we were charged 2 different rates for the rooms - screwed up initial room assignments, gave us a room that was not even cleaned yet when we checked in - Could not get us new keys to a different room without great difficulty (we had to go to the front desk because bell staff went to the wrong room to give us new keys) - In room guide says pool in on the 8th floor and signs say it is on the 7th - could not get to the pool from the 14th floor without going all the way down to the lobby and then had to go to the 7th floor and take the stairs to the 8th - When we checked in we had the front desk staff go over which credit cards were assigned to which room. - When we received our bills, the credit card assignments were still wrong. I stay at 'economy' hotels a lot and I have not even come close to having this many problems with a hotel until this one. This hotel should do Chicago a service and just close its doors. Due to this experience, I will never stay downtown again to deal with overpriced hotels with poor service and surrounding business that are just as bad.
",0,0
2865,"Disappointing stay. The room smelled musty, the AC barely worked, and the 'free breakfast' was cold and picked over by 8am. Front desk staff were indifferent at check-in too. Won't be back.",1,1
2866,"I stayed here August 20 through 23rd with my sixteen year old son and we thoroughly enjoyed this hotel. The price was very reasonable for a hotel located right on Michigan Avenue. The front desk and concierge service was excellent and enhanced our stay by making it easy for us to plan fun activities. The John Entwistle theme on our floor was a nice touch. Any of you single fathers out there can appreciate how difficult it can be to take a fun affordable vacation with your children and The Hard Rock Hotel in Chicago really helped me accomplish just that! 
",0,1
2867,"We originally made reservations for a weekend getaway but after looking at their website, read about their 'romantic weekend getaway.' Having never been in the area before or stayed at an Ambassador Hotel we really didn't know what to expect, but the pictures online made it look more inviting than it turned out to be. Upon arriving, the parking valet was on break and we ended up having to park our own car, unless we felt like leaving it in the line of traffic. It only went downhill from there. The bed sheets had footprints on them and the bathroom had an odor that we couldn't figure out what it was. We ended up getting a different room, which was very mediocre. Needless to say, we won't be staying here again.
",1,1
2868,"Breakfast was fresh with good coffee and pastries, the staff were warm and attentive, and our room's river view was lovely. For the location and comfort, it felt well worth the price.",1,1
2869,"We stayed four nights at this Hilton and honestly couldn't wait to leave. The photos online showed a beautiful city view, but our window faced directly at the neighbouring office building, so we kept the curtains drawn most of the time. The room itself showed its age: stains on the carpet, dust on the bedside lamps, and hair in the bathroom that clearly hadn't been cleaned before our arrival. Housekeeping skipped our room one day entirely. The staff were polite enough at check-in, but every request afterwards felt like an inconvenience; it took three calls and nearly two hours to get extra towels. Even the breakfast staff barely acknowledged us. Four nights felt far too long in a place like this, and at these prices we expected much better. We won't be returning.",1,1
2870,"Fresh, tasteful decor and a lovely view over the city made our room feel special. The central location was incredibly convenient, though our weekend stay felt far too short.",1,1
2871,"First let me say, I try not to be too critical, but in some cases the truth is warranted! We checked in and things seemed fine. Location was excellent. Woke up the first morning, to a slightly rumpled bed covered in 'stains', I hope-filthy and not 4 star hotel quality. Requested a linen change and heard a knock on the door- a gentleman was there to let me know if I wanted it done to take off the privacy sign, I did and no one even came until later in the day. The room was big enough, had no drawers, suposedly remodeled but carpet didn't reach the wall, toilet paper holder fell off constantly and shower head was broken. The mirrors were great and the water was always hot! The walls were paper thin, I heard every conversation the guests next door had. They were not noisy but you could hear everything including the t.v. through the walls and vents. Internet was $13.00, worked for a bit and then not again, I called customer service and spent 25 minutes on the phone and they asked if they could work on resetting the system and call back later. The hotel did give us a credit for the charges. At this point, enough was enough, we packed our bags and checked out. The front desk was very helpful- kudos to Rocco for caring and being the only friendly staff we saw other than the bell hops!!
",0,0
2872,"The view from my room on the 23rd floor was stunning, and the spotless carpets and crisp sheets made it easy to unwind. Wi-Fi stayed strong all evening, and I slept deeper than I have in months--a genuinely refreshing stay.",1,1
2873,"I had a very comfortable stay at the InterContinental and would happily book it again. The lobby has an impressive old-world feel, but the service was warm rather than formal or stiff. Check-in was quick, and the front desk arranged a late checkout without making it complicated. My room was quiet, with a genuinely comfortable bed, plenty of storage, and a good desk for catching up on email. I especially liked the large windows and the well-maintained bathroom, although the shower took a minute to get to the right temperature. The location made it easy to walk to restaurants, shops, and nearby attractions, and the fitness center was better equipped than expected. A small coffee shop in the building was also convenient on busy mornings. Overall, polished, relaxing, and worth the rate.",1,1
2874,"The air conditioning barely worked and the hallway smelled like stale cigarettes. For the price, the paper-thin walls and worn-out furniture felt like a real rip-off. I expected so much more.",1,1
2875,"The Talbott Hotel was very classy, professional, and luxurious. I loved how the staff was nice and respectful. I was treated like i was royalty when i was there, when in checked i was greeted by all of the people working behind the front desk and was offered a tour of the hotel. They took my bags and put them in my room while i was taking the tour and they even escorted me to my room right after we were done. This is a very nice and modern looking and their rooms are spacious and clean unlike other hotels in their area. I have recommended this hotel to all of my family and friends and would recommend it to anyone who is going to stay in that area. 
",1,1
2876,"Attended a wedding in Chicago; Sofitel is new, humming, very very modern (W hotel style - minimalist) and a great location. However, I miss the basics of a less trendy hotel. We checked in at 7 PM and our room wasn't ready - when they gave me a key the maid was still in the room making it up for me!!! I had to wait in the hallway .... On the weekend I came back for a nap at about 3:30 PM after vacating the room at 8:30 AM and it still wasn't made up. The housekeeping line was never answered so had to call front desk to get someone to make up my room. Also called housekeeping for a new hairdryer and they never brought me one....I gave up...This is a hot, youth hotel but for my next visit, I think I'd prefer some of the classic amenities likely timely housekeeping, a somewhat larger room that you can walk around, and a less trendy, hot, loud clientele. I'm over 40.
",0,0
2877,"We stayed at the Hyatt for three nights over a long weekend and honestly I can't find much to complain about. The front desk upgraded us at check-in because they had the availability, which was a nice surprise after a delayed flight. Our room on the 14th floor faced the river, and watching the boats go by at night became my favorite little ritual. The bed was genuinely comfortable, not the usual too-soft hotel mattress, and the shower had real pressure. Housekeeping came early every day and even left extra coffee pods without being asked. Breakfast in the lobby restaurant ran a bit pricey, around $22 for eggs and toast, but the buffet was fresh and the waiter kept my cup full. Location worked out great too, we walked everywhere. Would happily book again.",1,1
2878,"We chose the Talbott Hotel primarily for the location, but quickly discovered that the location was the only good thing about it. Although their website did a good job of selling their services and amenities, we found both severely lacking. We had mentioned to the reservationist when booking that this was to be a romantic weekend getaway for us - it was our anniversary. We asked for, and were promised, a king room. However, when we checked in, we were told by the front desk clerk that no king rooms were available. We could either take a double queen room, or pay significantly more for a suite. We took the key for our double queen room and were on our way. Upon arriving on our floor, we found a rowdy group of young girls running up and down the hallway, squealing and playing. It turns out that this hotel offers American Girl visits for the nearby store. It turns out that our romantic getaway room was in the center of a block of rooms reserved for a Girl Scout troop on an American Girl trip! We went back downstairs to request a move to another room, and were told no other double queen rooms were currently available. We explained that we were here for our anniversary, and the ambiance wasn't exactly what we were looking for. The clerk rolled her eyes and told us that she couldn't help us - they didn't have anything else. Sorry. Back upstairs we went. Tired from travel, we decided to order from room service for dinner. Our pasta, when it arrived, was barely warm and mediocre in flavor. We ate it anyway and prepared for bed. After using the bathroom, we discovered that the toilet in our room continued to cycle water after flushing. After jiggling the handle a few times and poking around in the tank, we couldn't get the water to stop running. It took three hours for a maintenance staff member to make their way up to our room to fix the problem. The next morning, after showering, I discovered the hair dryer didn't work properly. After pulling my wet hair back in a clip, we went out for the day. Upon our return, we expected to find our room made up and fresh. It hadn't been touched. We called downstairs to have someone sent up to clean it, but by the time we'd left for dinner, nobody had arrived. Our room wasn't made up that day. That night, the Girl Scouts sat in the hallway giggling and singing until well after 1am. We asked them several times to be quiet, but they didn't want to listen, and their chaperones were nowhere to be seen. We called down to the desk, and they told us 'they would take care of it', but the girls continued to have their party in the hallway anyway. Nobody came to shoo them away. The next morning, I turned on the hairdryer, expecting it to work after reporting the difficulty the day before. It didn't! Stuck wearing my clip again, we checked out and made a mental note to select another hotel in the area for our next trip. This hotel had potential, but the staff doesn't care enough about your experience to allow me to recommend it to other travelers.
",1,1
2879,"Disappointing stay at Affinia--the room looked worn, housekeeping missed basic details, and hallway noise continued late. For the price, I expected a much cleaner, quieter experience.",1,1
2880,"Affinia was a pleasant surprise--the beds were incredibly comfy and the staff actually remembered my name by day two. Location near the parks made evening strolls easy, and the rooftop bar had killer views. Would gladly book again.",1,1
2881,"The bathroom was the real highlight for me--a walk-in rainforest shower with excellent water pressure and those big, fluffy towels that actually wrap around you properly. Breakfast had a solid spread: made-to-order omelets, fresh pastries, and a surprisingly good Greek yogurt bar with local honey. My corner room looked straight out over the harbor, and I spent a good hour each morning just watching the ferries glide in, especially at sunrise when the water turned gold. The room itself was spotless, right down to the baseboards and the glass shower door without a single streak. Housekeeping even folded my stray charging cable neatly on the desk. Minor quirks like a slightly squeaky closet door didn't bother me--the staff were so warm and the location unbeatable. I'd happily return, and I'm already checking dates for next spring.",1,1
2882,"Hyatt was a solid value for the rate: the room was comfortable and remarkably quiet, breakfast had plenty of fresh choices, and the staff were warm, quick, and helpful throughout.",1,1
2883,"I had a very pleasant stay at Hotel Amalfi and would happily return. The room was clean, comfortable, and thoughtfully arranged, with a good-sized bed and fresh linens. I slept surprisingly well each night; the mattress was supportive, and the curtains kept the morning light out. Despite being fairly close to the main street, the hotel was quiet after about 10 p.m., with only occasional hallway sounds. The WiFi worked reliably for emails, streaming, and planning day trips, although it was a little slower during breakfast hours. The staff were welcoming and quick to help with restaurant recommendations and directions. My only complaint is that the stay felt too short--I wish I had booked an extra night to enjoy the area and the hotel at a more relaxed pace.",1,1
2884,"I was pleasantly surprised by how quiet my room at Affinia was--despite being on a lower floor, street noise never intruded, and the blackout curtains made for deep, restful sleep. The bathroom felt freshly updated with a rainfall showerhead and soft towels, though the vanity lighting was a touch dim for getting ready. My corner room faced the river, and watching the lights flicker on the city skyline at dusk became my favorite evening ritual. The decor skews mid-2000s boutique--dark woods and geometric accents that aren't exactly cutting-edge but remain clean and comfortable, showing minimal wear. Staff remembered my name by day two, and the lobby coffee bar was a lifesaver. Not a five-star luxury property, but for location and value, I'd happily book again.",1,1
2885,"I was disappointed in my stay at The James. I am on a strict gluten free diet and was told the hotel restaurant could accomodate my needs. Each time I sat down for a meal, I would explain my dietary needs to the waiter. Most times, I ended up having to send the plate back because some gluten item was included. My wife has sleep apnea and when we made our reservations, I made sure to ask if there was a room available with an outlet near the bed so that she could plug in her CPAP machine. I was assured that this was no problem. However, when we arrived at the hotel, we had to request a room change because there was no outlet near the bed. We had to wait in the lobby for sometime because the room we were moved to was not yet finished benig cleaned. Overall, it was not an entirely horrific stay, but I expected more out of a hotel of this supposed caliber. Next time I visit Chicago, I will be staying at another hotel.
",1,1
2886,"The Sofitel Chicago Water Tower in the downtown area is advertised as a four-star luxury hotel. However, modern architecture and a convenient location seem to be its only reliable perks. Room service is available 24 hours a day, but offers a limited variety of items and often lethargic service. Two bars are located on the premises, which is appealing at first. Once inside, patrons do not receive the quality of service that is to be expected and there is a complete absence of privacy, of any kind. The guest rooms are relatively spacious and clean, but a lack of adequate toiletries and personal items can interfere with a guests routine. Obtaining additional towels and grooming products is much too difficult. If you are a traveler who is in search of a relaxing and hassle-free experience, with reliable customer service, booking a room here is probably not a viable option.
",1,1
2887,"The InterContinental looked impressive online, but my room felt tired, the air conditioning barely worked, and breakfast was chaotic. For the price, I expected much better attention to detail.",1,1
2888,"Street noise and a rattling vent kept me awake most of the night, and our view was just a brick wall. Staff seemed indifferent when we mentioned it.",1,1
2889,"I had a very pleasant two-night stay at Hotel Allegro. The lobby has a lively, theatrical feel, and that colorful style carries into the guest room without making it seem overdone. The decor is a little eclectic rather than ultra-modern, but everything felt fresh and well cared for. My room was spotless when I arrived, including the bathroom and the corners that are often overlooked in older hotels. The bed was genuinely comfortable, and despite being in a busy part of downtown, I slept well both nights with very little street noise. WiFi connected quickly and stayed reliable for video calls and streaming. Staff at the desk were friendly, especially when I needed directions and a late checkout. It was an easy, comfortable stay, and I would happily return.",1,1
2890,"Not impressed at ALL. The hotel itself looks really nice, especially in the big foyer area. Our room was small, and the bathroom needed some major upgrades. It had the green tile, like at your grandmother's house, all over the walls, and 2 people couldn't fit in it if you tried. We could hear the people beside us in the early morning every morning, so obvioulsy the walls aren't so thick. Our room looked directly on to a brick building outside, VERY close, we couldn't even tell if it was nice outside or not. We are assuming we were not in a renovated room from the looks of it, and I felt yucky the whole time in it. I just wouldn't pay lots of money to stay here, there is nothing exceptional about it at all.
",0,0
2891,"Honestly expected more from Hotel Palmer given the rate they charge. The one bright spot is the location, which is genuinely convenient, steps from the metro and walking distance to several restaurants. Unfortunately, that's where the good news ends. My room, while not dirty, clearly hadn't been deep cleaned in a while -- dust on the lampshade and a sticky film on the bedside table. The bathroom was the real letdown: a cramped shower with weak water pressure and grout that looked like it hadn't seen a scrub brush all year. For what I paid, I'd expect fresh towels without chasing housekeeping and working lights above the mirror. Between the thin walls and the street noise at 5 a.m., sleep was a struggle. Decent neighborhood, but I don't think I got my money's worth here.",1,1
2892,"To whom this may concern, my name is Jamie Brown, and i was a recent guest of yours between July 4th through July 10th, and your staff made my stay so comfortable i almost didnt want to leave. The Kitchen in the room and the complimentary grocery shopping service made me rethink leaving all together and when i didnt feel like cooking the complimentary welcome home dinner with a glass of wine, helped me clear my mind for all the paper work i had to look forward to. The free wireless internet access both in my room and sitting by the pool helped get all that done and helped me get my laps in as well. I really couldn't have asked for anything more! I felt like a queen and I never though I could feel that way just staying in a hotel. I thank you so very much for treating me so kindly and I will gladly be visiting you again very soon, only for more pleasure and way less business. Sincerely yours, Jamie Brown 
",1,1
2893,"Stayed here for a long weekend and honestly, it exceeded expectations. The lobby has a sleek, modern vibe that sets a nice tone. My room was spotless, with a super comfy bed and blackout curtains that actually worked--slept like a log. The location on East 39th is a huge win, super close to Grand Central and a quick stroll to Koreatown for late-night bites. Staff were friendly without being overbearing, and the check-in process was a breeze. Only tiny gripe: the bathroom could use a bit more counter space, but that's minor. The rooftop bar is a hidden gem with great city views. Would definitely book here again for the price point and convenience. Solid pick for a city trip.",1,1
2894,"From checkin to departure a poorly run hotel. It took 30 minutes in line to check in because only one clerk was on duty. Another person, perhaps the manager, was in the back room but never came out to help the check in clerk even as the line grew. The hotels elevators are small resulting in 10 minute waits to get up and down floors,especially when 1 of the 3 breaks, as seems to be frequent occurence. After specifically asking for a room away from the elevators, I was assigned to a room directly across from them, necessitating another 20 minute wait in line. The room smelled of mildew and water dripped from the ceiling the first night. I requested a news paper be delivered to my room - it appeared on the morning and never again. Basically, the hotel is understaffed and poorly trained. Never again !
",0,0
2895,"I had a very comfortable three-night stay at the Conrad. The check-in process was quick, and the front desk staff were welcoming without being overly formal. My room was spotless, quiet, and thoughtfully laid out, with a genuinely comfortable bed, plenty of outlets, and a large bathroom with excellent water pressure. I especially appreciated the small touches, like the good quality coffee and the evening housekeeping service. The hotel's central location made it easy to get around, and I could walk to several restaurants and shops. I also used the fitness center, which was bright and better equipped than expected. Breakfast was a little expensive, but the food was well prepared and the service was attentive. Overall, it felt polished but still relaxed, and I would happily stay here again.",1,1
2896,"'Classy','Decent' and 'Serene'. these words clearly define the totality of my stay at the talbott hotel in the heart of chicago. the hustle and bustle of the city did little to affect the conducive atmosphere for relaxation provided by this posh hotel. the lounge was so welcoming and flashes of smiles from every angle.the staff from the bell-boy to the managers were polite, helpful and responsive to my needs. the room service was classy and to cap it all the beds were just as comfortable as back home, making the talbott a home away from home. my wife and i enjoyed the t-rex experience and learnt a lot about the city of chicago and what it has got to offer. believe me we will return with the kids because the talbott is family oriented and friendly to kids. it felt very safe. anytime we are in chicago the talbott is gonna be our home away from home!
",1,1
2897,"Ok, I just feel if you're paying well over $200 for a room you should get something to show for it. The location was on Michigan Ave but if I pay just a little more I could have had way better (Peninsula, Park Hyatt, shoot the Omni was 10x better). We ordered a deluxe executive suite, and it was so below sub par. The room was very small (so small the ice bucket was in the closet), the bathroom was just as small, just well lit (a plus). Wallpaper was peeling, outlets barely covered, no view. The only thing appealing was the bed, and that may have been because I was so tired. And we were really excited because this is the Palmer House. The Palmer House does have nice restaurants: the Lockwood (quiet, distinguished) and the Potter's Lounge (grown/sexy)
",0,0
2898,"This is a beautiful hotel inside and outside. The rooms were very comfortable and clean. The hotel made my experience of visiting this city even more wonderful, I highly recommend this to anyone. 
",1,1
2899,"I really wanted to like this place, but the Affinia let me down at nearly every turn. Check-in took over twenty minutes while the front desk clerk fumbled with the computer, and nobody offered an apology. My room looked tired, with a stained armchair and an AC unit that rattled all night no matter what I did. The 'suite' bathroom had a slow drain that left the sink filling up every morning. Housekeeping skipped my room entirely one day and left only two towels the next.(Location is fine, I'll give them that, but at these prices I expected far more.) When I mentioned the noise at checkout, the response was a shrug. Skip this one and book elsewhere.",1,1
2900,"Hotel Monaco was a really enjoyable base for a weekend in the city. The location made it easy to walk to restaurants, shops, and the river, but the room was quiet enough at night that we slept very well. I liked the playful decor and the little extra touches, especially the comfortable robes and the complimentary coffee in the morning. Our room was not huge, though it had plenty of storage and a surprisingly comfortable sitting area. Everyone at the front desk was friendly without being overbearing, and they gave us a couple of genuinely useful dinner suggestions. The only minor issue was that the bathroom lighting was a bit dim. Otherwise, the hotel felt clean, relaxed, and well run, and I would happily book it again.",1,1
2901,"Me and my husband stayed in the Allegro Hotel Chicago for 4 days 3 nights recently. We got a room with a king size bed.. Although the room is small, we got no problems with that as there was enough space for our luggages & all. However, we felt that the bed is not exactly comfortable, the bed sheets kinda feel rough to us. The walls are really thin and we could hear our neighbours talking and occasionally the flushing sound. 1 of the days, our room was not cleaned till afternoon and so we went to check with the front desk and was told that we got to request for our room to be cleaned which was a shock to us as we thought that like all hotels, rooms are cleaned except when you put on the no disturb sign. The worst is upon returning to the hotel at night, we found a bag of our garbage in the room and it was right next to our luggage. The housekeeping people must have forgotten to take it out after cleaning our bins. This is unacceptable to us. The hotel is in the theatre district and it is rather quiet at night. Although it is near the CTA trains, i would rec one to stay somewhere close to the magnificent mile where its lively at night or hotels near the chicago river so that you can get a great view. Am staying again at a Kimpton hotel in San Fran next month and i am contemplating if i should change! Overall, not a good experience and i wouldnt choose this hotel again if i were to head to Chicago again!
",0,0
2902,"Homewood was a great pick for our weekend--room was spacious, breakfast had plenty of options, and the staff handled our late check-in with a smile.",1,1
2903,"Hyatt Regency Chicago seemed like a nice place to stay, but we didn't like it very much. The renovations were cheap and poorly done (our bathroom faucet was leaky and the carpet had bumps in it.) The staff was RUDE! I was trying to find a good cab service, and the guy behind the front desk made me wait for 20 minutes while he was finishing a phone call! Couldn't he have at least called someone else to help me? The 'Babies Travel Lite' gave us the wrong sized diapers, so we had to go find some anyway, and with the hotel being located in the heart of the city that meant we found some unsavory characters along the way.
",1,1
2904,"Our corner room offered sweeping lake views that instantly relaxed me, and while the lobby decor leans classic, it felt polished rather than dated. Staff were genuinely warm and quick with local tips, and being steps from the Magnificent Mile made everything effortless.",1,1
2905,"Honestly expected more from Hotel Amalfi. The view was nice, sure, but the room smelled musty and the AC barely worked, and staff took ages to answer anything. Wouldn't stay again.",1,1
2906,"The bathroom had peeling grout and a weak, lukewarm shower, and our room felt grimy with dust on the baseboards. The so-called 'city view' was a brick wall, while the faded carpets and 80s furniture made the whole place feel sadly neglected.",1,1
2907,"The service was reasonably well...they seemed to have my reservation and checked me in fairly easily. The location was fine being that it was central to the city but I found out that it was also a tremendous drawback. It was interesting that the survey I took at the hotel in order to obtain internet access at the hotel asked what my most important quality was in a hotel visit and my response 'Quiet'. My visit was anything but, mainly attributed to the fact that they put me on the second floor, facing the street. I awoke at 4 a.m. and never did return to sleep because of the constant street noise and screeching of the L train that sounded as though it was just outside my window. Not the most conducive for a restful sleep prior to an important meeting. At check-out when I informed the hotel clerk of my dissatisfation he chuckled and said, ' Ah, city noise.'
",0,1
2908,"My husband, teenage son and myself stayed at this hotel last August. We were transferred there by tour operator who had sent us to a terrible hotel on the other side of Chicago. When I complained I asked for us to be transferred to the Sheraton which they arranged for us. I have stayed at many hotels in my life and this has been the best. The room (although I know it was not the largest) was beautiful and very clean with every amenity you needed. It also had superb views of the river and the lake. The entrance hall to the Sheraton is so imressive as is the leisure centre. In fact all areas are fantastic. The best thing about the hotel though was the staff! From the bellboy, to the receptionists, the dining staff to the concierge - each one was courteous and so very helpful. One of the conciergies spent fifteen minutes on the phone trying to locate a specific pair of trainers for my son! Above and beyond the call I would say! I cannot reccomend this hotel highly enough. The breakfast buffet cost about 10 dollars each but you could eat as much as you like and take as long as you like which we did!! It lasted us all day. If you have the choice of where to stay I think you will enjoy the Sheraton! We did!! 
",0,0
2909,"Our trip was our annual anniversary trip. The hotel did not honor my choice of king size bed. Instead we received two double beds. This seriously decreased our enjoyment of our stay at the Hyatt. There were two cups of coffee complimentary in the room. No complimentary coffee anyplace else in the very large hotel. Location was more of a business district, not appropriate for pleasure trip. Employees of Hyatt were very friendly and helpful, other than the failure to deliver the reserved room.
",0,0
2910,"The quirky decor was charming, but the wall-thin noise from the street and hallway made sleep impossible. Service felt indifferent, and the broken AC in our room sealed a disappointing stay.",1,1
2911,"Our stay at Hotel Amalfi was a real disappointment. The location was convenient, but that was about the only positive. Check-in took nearly half an hour, and the receptionist seemed more interested in the computer than welcoming guests. Our room looked tired, with scuffed walls, a stained carpet, and a bathroom fan that rattled loudly all night. The bed was uncomfortable, and despite asking twice, housekeeping never brought the extra towels we needed. Breakfast was crowded and poorly organized, with empty dishes sitting out and very little choice. Wi-Fi also kept dropping, which made working from the room frustrating. I understand that hotels have occasional problems, but here the lack of attention seemed constant. For the price, I expected a much cleaner, better-managed property and would not choose it again.",1,1
2912,"We stayed at this Hotel in February 2010. The room was great we had purchased it at a raffel at work for a fund raiser for United Way. So we probably paid more then we needed but it was for charity. We were woke up at 3:00am in the morning by a group of at least 25 young people that were so loud coming off the elevators and down the hall ways they must of woke everyone up on our floor. Of course one of the rooms they rented was right next to ours. They were so loud shouting profanities and banging on the walls that we thought there was maybe a fight going on. We called the front desk who sent security up immediately. Security tried to get the people that were not registered guests to leave. We called down to the front desk two more times to send security back up again since nothing changed this went on for over an hour until it finally quieted down. Because of this we ended up over sleeping in the morning since we were so exhausted. When we complained about it in the morning managemnet would do nothing for us because as they stated we used a gift certificate. Well we still paid for it!!. They would not give us one thing free for the trouble that we had. We would never stay at this hotel again, obviously they really don't care about their guests.
",0,0
2913,"The breakfast buffet was a chaotic mess of congealed eggs and lukewarm coffee, and I barely slept thanks to a rattling AC unit. My 'city view' faced a brick wall, and the dusty corners under the bed made the whole room feel neglected.",1,1
2914,"The Intercontinental's classic lobby charms, though the room decor skews slightly tired. Still, the spotless bathroom and lakeside views justified the rate. My one-night stopover felt fleeting--I'd happily trade two more days there.",1,1
2915,"I had a really comfortable stay at Homewood. The suite was spacious, clean, and laid out well, with a small kitchen that made it easy to keep drinks and snacks on hand. The bed was especially comfortable, and the room stayed surprisingly quiet at night despite the hotel being fairly busy. I also appreciated the included breakfast; there was a good variety each morning, and the staff kept everything stocked. Everyone I encountered at the front desk was friendly and genuinely helpful, particularly when I needed directions to a nearby restaurant. The lobby and fitness area were tidy, and parking was convenient. My only minor complaint is that the Wi-Fi slowed down in the evening, but overall the hotel felt welcoming, well-maintained, and like a great value.",1,1
2916,"Lovely stay at the Hotel Monaco--staff went out of their way to help, the corner room had a gorgeous city view, wifi was fast and reliable, and honestly it felt well worth the price. Would definitely return!",1,1
2917,"Great stay at Hotel Palmer! The staff were incredibly welcoming and the room was spotless with a lovely view. Breakfast had plenty of options, and the location made exploring easy. Would happily return.",1,1
2918,"I expected much more from a Fairmont stay, especially at the rate we paid. Check-in took nearly 30 minutes because the desk seemed understaffed, and nobody acknowledged the delay. Our room looked tired: scuffed furniture, a stained chair, and a bathroom fan that rattled all night. The air conditioning barely worked, so the room stayed stuffy despite several calls to the front desk. Housekeeping also missed our room one day and brought towels only after another long wait. Breakfast was expensive and surprisingly average, with lukewarm coffee and empty buffet trays not being refilled. The location was convenient, but that was about the only positive. This felt more like an aging business hotel than a luxury property.",1,1
2919,"Thin walls meant I heard every hallway conversation until 2 a.m., and my 'city view' was mostly a brick wall. At this price, the broken WiFi and lackluster breakfast felt like a total ripoff.",1,1
2920,"The Affinia turned out to be a genuinely pleasant surprise. The bathroom was a standout--spacious, flawlessly clean, with a rainfall shower that had excellent pressure, plus those lovely little Aesop toiletries that felt like a proper treat. Check-in was swift, and the staff, from the front desk to the bellman, were wonderfully attentive without being overbearing; they even remembered my preference for a high floor without me having to ask twice. My only real complaint is that my two-night stay felt far too short to fully enjoy the cozy, modern room and the cozy lobby bar. For the location and the level of service, I honestly felt the price was fair--not a steal, but certainly worth it for a comfortable, hassle-free city break. I'd happily return.",1,1
2921,"I slept soundly in the comfortable Sheraton bed, with barely any hallway noise. Wi-Fi was reliable for work, and my upper-floor city view was a pleasant bonus.",1,1
2922,"Overpriced for the experience: the bathroom was cramped and dated, hallway noise kept me awake, and while the central location was convenient, it didn't make up for the poor value.",1,1
2923,"The Good LOCATION Views Decor Room Service Friendly Staff The Bad Shower curtain in replacement room was too short and leaked Bed was just Ok The Ugly Had to pack our bags again and change rooms after loud noises from the elevator kept us up. I am a heavy sleeper but even with my white noise app cranked on the hotel's iPod dock it was still loud enough to keep me up. Also our toilet leaked into a puddle by the shower. The staff did however provide a replacement room although not immediately. Also, they mentioned that they had AREADY been aware of the noise problem with that room from past customers.
",0,0
2924,"I booked my reservations at The Talbott Hotel in hopes of finding luxury and excellent service. What I actually got was far less than that. When I first arrived to check in, the woman at the desk was very impolite and looked rather bored. It took her over 5 minutes to even find my reservation in the computer system! And I won't go into detail about how she messed up with my room keys and had to give me a second set! When I finally got to my room, the first thing I noticed was that it smelled stale. The air in the room literally smelled like it had been in that room, without any fresh air, for years. I soon discovered my bathroom toilet had a leak, as well, and every time you flushed the toilet, water would trickle out from the base onto the floor. Talk about concerning. I reported this to the desk, and the fellow who answered promised someone would be up right away to fix it. No one showed up until the next day, and very early in the morning, I might add. Later, I called room service and asked for a bottle of wine. It took them half an hour to deliver it to my room! And it wasn't even chilled by the time it showed up, either; it was lukewarm. Overall, my experience here was not very pleasant, and I don't recommend booking with this hotel.
",1,1
2925,"I wasn't sure what to expect from a downtown Omni, but this one surprised me in the best way. I slept like a rock--the blackout curtains actually worked, and the bed had that perfect balance of firm and plush. Breakfast downstairs was a cut above the usual hotel buffet; the omelet station was fast, and the fresh pastries were still warm. Honestly, I could have stayed another day just to lounge in the lobby with a coffee, but our schedule was packed. When I checked the bill, I felt the rate was justified, especially given the room size and the quiet despite being near all the action. It wasn't a bargain, but it wasn't a rip-off either. If you're on the fence, book it--just give yourself more time than we did. I left wishing we'd planned an extra night.",1,1
2926,"The Affinia Hotel is beautiful! It's in a great location, the service is top-notch, and the rooms are very comfortable and spacious. The look of the hotel is very modern, but it feels warm and cozy, too. The restaurant is amazing! I thoroughly enjoyed my stay and would definitely go back! If you're planning a trip to Chicago, check this place out!
",1,1
2927,"Our stay at the Conrad was genuinely relaxing, with a beautifully appointed room, exceptionally comfortable bed, and friendly staff who made everything feel effortless from check-in onward.",1,1
2928,"I was disappointed by my stay at the Ambassador. The lobby has some attractive old details, but the guest room looked tired, with worn carpet, scuffed furniture, and curtains that had clearly seen better days. My window faced a neighboring wall and a noisy alley, so there was barely any daylight and no worthwhile view. The staff were polite enough at check-in, though not especially welcoming, and my request for extra towels took two calls and nearly an hour. The bathroom was the biggest letdown: it was clean but cramped, with dated fixtures, weak water pressure, and grout that needed attention. The bed was reasonably comfortable, but that alone did not justify the price. I expected more care and upkeep from a hotel with this reputation.",1,1
2929,"Our room overlooked the city skyline, and the fresh, understated decor felt inviting. Everyone at the Omni was warm and efficient, and the central location made walking to restaurants and shops easy.",1,1
2930,"Great stay at the Hilton--spotless bathroom with a big tub, strong wifi throughout, and breakfast had fresh fruit and made-to-order omelets. Walking distance to everything downtown. Would happily return.",1,1
2931,"I had heard good things about the Ambassador East and decided to stay there on vacation with my husband -- what a mistake! First off, they charge for being able to use the internet, which should be a given these days, especially for how much you pay for the room. The 'champagne' was cheap , I could have spent $15 to get my own bottle. The King room was just as small as a double room anyway. The bed was really hard, and crudely made. Maybe there was someone new on the staff that didn't know how to make a bed, but besides that, the sheets were starched to military stiffness. It was so uncomfortable! When I asked if we might get some new sheets, the staff were so incredibly rude and told me I was basically stuck with what I had because they're 'all that way'. I was appalled! Anyway, we gave it a shot and stayed there that night, in the mediocre luster of the room design. We didn't sleep well and didn't particularly enjoy ourselves, especially because apparently there was a wedding going on in the building because we could hear the party! I mean, talk about the opposite of peaceful! Again, we tried appealing to the staff to have our room moved away from the party, but they said they couldn't move us because of the romance package. What a jip! After the kind of 'fun' we'd had, we realized we couldn't handle anymore. We called for a manager the next morning and fought with him for a couple hours. We wanted to just cancel the second night of our stay, and he said he'd do that, but that we'd still be charged a percentage of it! After telling him everything that had happened and how displeased we were, we finally got him to not charge us and left to go stay at another hotel that was actually relaxing.
",1,1
2932,"My husband and I stayed in the Hilton Chicago and had a very nice stay! The rooms were large and comfortable. The view of Lake Michigan from our room was gorgeous. Room service was really good and quick,eating in the room looking at that view, awesome! The pool was really nice but we didnt get a chance to use it. Great location for all of the downtown Chicago attractions such as theaters and museums. Very friendly staff and knowledgable, you cant go wrong staying here. 
",1,0
2933,"I really wanted to like the Hotel Allegro, but it felt like a missed opportunity at every turn. The location is fine, but walking into the room felt like stepping back into 1992, with tired floral curtains and worn, scuffed furniture that absolutely did not match the photos online. Cleanliness was a major letdown; I found a hair on the pillowcase and the bathroom grout was stained and grimy. The breakfast was chaotic and cheap--powdered eggs, stale pastries, and lukewarm coffee that ran out quickly. Honestly, the place felt overpriced for what you get, especially when there are better options nearby. The bed was comfortable enough, but that's the only positive. The hallways had a strange, musty odor, too. For the money I spent, I expected a charming, updated boutique experience, but instead I left feeling relieved to check out. I can't recommend it unless you're purely after a bed for one night.",1,1
2934,"The room was spotless, with crisp linens that made for the best sleep I've had in ages. The decor felt surprisingly fresh and modern, and the bathroom's rainfall shower was a delightful touch that sealed the deal.",1,1
2935,"During a recent business trip to Chicago I had the pleasure of staying at the Hotel Allegro. The lobby gave a good first impression. It was a very clean with a modern designer's feel and the customer service was great. I proceeded to the counter to check-in and within 5 minutes I had the key to my room. I was told to check out the infamous 312 restaurant but I was tired from my flight. I checked into my room. The room was great. A king size bed 37' flat screen tv and standard desk all designer furniture. After I unpacked I had to check my email. Hooking up to their Wi-Fi was quick and painless! I had a good night sleep and early wake up the next day for my business meeting. I decided to try the restaurant for breakfast. I had an omelet and fruit. The restaurant was great and the food was perfect. I only wish I had more time to stay and enjoy lunch; nevertheless duty called. The concierge had my taxi waiting for me right after breakfast and I was off to work. I would recommend this hotel to anyone visiting Chicago. It's one of the best I've ever stayed at after multiple business trips.
",1,1
2936,"Sad to say the InterContinental didn't live up to the photos. My room smelled musty, housekeeping skipped my floor one day, and the front desk took ages to sort a billing error. For the price, very underwhelming.",1,1
2937,"Dispite what other are saying, this was one, if not the best Hotel stay in Chicago I have had. I travel to the Big City about three times a year for pleasure and The James rates up with the best. I was upgraded and the staff made the stay worth my special weekend visit. I don't believe you will be disapointed. 
",0,0
2938,"This was a weekend trip for my friends and I. We booked a couple of rooms and asked in advanced for the reservations to be connected in some way. Our rooms were right next to one another as requested. As it was almost everyone's first time to Chicago, we had to do a bit of cold-searching for a hotel. And, our choice was next to perfect. I had an amazing time during my first visit to Chicago and it was largely due to this hotel. The customer service was AMAZING. Everyone was extremely nice and helpful. One of our rooms ordered late night room service and raved about how they felt they had ordered a 5 star lunch because it was as fresh as having ordered food at 2 pm, and delicious. My friend suggested they had a full-staff at 3 am because the food came up quickly too. In another of our rooms, housekeeping had accidentally discarded a CD when replacing the CD player with an iPod dock. The concierge had the exact CD purchased and ready at check-out from the neighboring record store. Our rate included complimentary breakfast which was fantastic! Everything was freshly made in their kitchen too. An added bonus was that the hotel is attached to a mall. Therefore, you don't need to leave the building to get a pair of shoes, a coffee, or a some other type of trinket. I was beyond pleased with this hotel and would stay here again without hesitation. 
",0,0
2939,"Well, this used to be a Le Meridian Hotel, and it has changed for the worse. We kept having to remind them we booked a package, because we were being over-charged separately for everything, when it should have been included. We were supposed to have champagne in the room upon arrival, and did not. Two phone calls and three hours later, it finally showed up. We tried to have a drink in the bar, and even though we were the ONLY people there, three servers/bartenders came and went, talking to each other, not one of them acknowledging us. After ten minutes we left the hotel and went down the street for a drink. And don't bother to pay extra for 'City View'; because you may get the view we had from only the sixth floor, looking across the street directly into a plain brick wall - that is all we could see. Oh yes, the valet lost his cell phone in someone's car, and called me at home today to see if we found it. He wanted me to call him back at home. Nice of the hotel to give out our personal information to the staff, huh? For the money, stay at any other hotel in Chicago with the same price-point and it will be much much better.
",0,0
2940,"WiFi was practically useless in my room, and the walls were so thin I heard every door slam. Breakfast featured lukewarm, rubbery eggs, while the bathroom had a constantly dripping shower and a broken exhaust fan.",1,1
2941,"Extremely disappointed in our stay. This hotel did not look like what pictures portrayed online. I booked online thinking what a perfect place this was going to be, only to arrive and have a room without a view even though that is what was paid for. The room smelled musty and not clean. Garbage was not changed from prior person. Found small ants in bathroom near shower. Called to complain and someone came up 2 hours later and used bug spray. Overall this hotel is in a great location, but we would never visit again. Staff was not overly friendly or helpful and the room was not as all as it seemed online.
",1,0
2942,"Breakfast had plenty of fresh options, and the updated decor gave the hotel a welcoming feel. Our room was spotless and comfortable; we only wished we could have stayed another night.",1,1
2943,"I had a very pleasant stay at Affinia and would happily return. The location was especially convenient, with restaurants, shops, and public transportation all within an easy walk, yet my room was surprisingly quiet at night. The suite was spacious by city standards, with a comfortable bed, a small sitting area, and plenty of storage for a longer visit. Everything was clean and in good condition, although the bathroom could use a little updating. The front desk staff were welcoming and quick to help when I needed directions and a late checkout. I also appreciated the relaxed atmosphere; it felt more personal than a typical large hotel. Wi-Fi worked reliably, and housekeeping did a thorough job each day. Overall, it was a comfortable, well-located, and good-value stay.",1,1
2944,"I selected The Talbott for my recent family vacation to Chicago. We chose the hotel for it's close proximity to Navy Pier and otherwise central location. In retrospect, the phrase 'location, location, location' apparently does not apply to hotels. It's a good thing the location was so great, because just about everything that happened inside the hotel was bad. Upon our arrival, our room was not ready. The clerk could have been nicer about the whole situation, and told us simply that 'we would have to wait' without offering any sort of help with our luggage or a timetable for when our room would be ready. When we finally arrived in the room, the sheets were not clean. A call to housekeeping proved difficult, as I do not speak Spanish. The second day of our trip, housekeeping never showed to clean the room despite the presence of our 'please service' sign hung on the door. We stayed in for some room service after a long afternoon on Michigan Ave. When the food finally arrived a full hour after placing our order, it was cold and not very good. Despite these poor impressions, the management was unwilling to compromise on price at checkout. My call to corporate headquarters was answered by a call center in Mumbai. They will not receive my business again.
",1,1
2945,"The Hyatt exceeded expectations--the lake view from my room was stunning, and the lobby coffee bar became my morning ritual. Staff remembered my name by day two, which felt genuinely thoughtful. A smooth, hassle-free stay from check-in to checkout.",1,1
2946,"Great location - right on the Chicago River - away from the other skyscraper hotels - our room was good size, very clean and with a nice river view - Overall, a great staff - in particular I would like to point out Christy Morgan - Chief Experience Officer and Paula Fortney - Concierge for their assistance in making this stay a memorable one - (in the interests of full disclosure, we stayed here on our AMEX - Starwood points) 
",0,0
2947,"The room was spotless, and the bathroom felt modern and well-maintained. Our stay was too short to enjoy everything, but the comfort and service made it feel worth the price.",1,1
2948,"My husband and I and our 10 month old took a quick trip to Chicago. We stayed one night at The Palmer house after reading that they were a four star hotel. I guess I am just confused as to why they are a four star hotel. Yes the lounge area is nice but the rooms were so small I couldn't set up a pack and play for my son. I had to call and 'upgrade' my room just so my son could have someplace to sleep. The lower levels have been updated which makes them slightly better than a Holiday Inn. The wall paper is peeling away from the walls and the shower was dirty. I will NEVER stay there again.
",0,1
2949,"This hotel is very busy and is operating way beyond their means. Incompetent service. Hotel ran out of hot water by 9am saturday. Elevators were very slow, waited 10 minutes on any given event. Red line trains ran every 10 minutes beneath city streets and you can hear the thunder in your room from them but it shouldnt keep you awake at night. Used my stay toward NW airlines bonus points. Bar was ok. One cup coffee service was awful. No free wireless and no free cable channels. Fridge was 25 bucks a day to use. With http://hotels.com res got it for 65 bucks with tax so what can you expect.?.... Location was superb and cab service was convenient but not enough to outweigh the negatives.
",0,0
2950,"We booked a standard room for a weekend escape and were genuinely impressed by the level of quiet. Despite the hotel being fully booked, we never heard a peep from the corridors or neighboring rooms--the insulation is superb. The Wi-Fi was a pleasant surprise, too; I streamed a movie on my laptop in bed with zero buffering, and my partner's video call in the lounge area was crystal clear. The bathroom was a highlight: a walk-in rain shower with excellent water pressure and those lovely, thick Hermes amenities. The room itself was spotless--fresh linens, not a speck of dust on the surfaces, and the carpet smelled clean, which is rare. We slept like logs and left feeling genuinely rested. Only wish we'd stayed another night.",1,1
2951,"Sofitel's marble bathroom and deep tub felt genuinely upscale, and the room stayed impressively quiet at night. The central location made sightseeing easy, so the higher rate felt justified.",1,1
2952,"The fresh, modern decor and skyline view made our stay feel special. Staff were warm and efficient, and despite the premium rate, the experience felt worth every dollar.",1,1
2953,"We stayed here for a weekend trip to Chicago and we will come back and stay here again. It was great place front desk clerks were very helpful.Also we loved the view. Very nice quiet place and upto date and super clean. We will def stay here again highly recommended.
",1,0
2954,"The Hyatt Regency Chicago hotel was a delight to stay at. I've never been to Chicago before, but the location was fantastic. They had all sorts of different rooms, from non-smoking to smoking to hypo-allergenic rooms. I've never seen so many options for rooms. The room I stayed in was well worth the nightly price. The location was so close to all the activities my husband and I had planned for our vacation. We have never been treated so much like royalty than at the Chicago Hyatt Regency.
",1,1
2955,"Stayed two nights at the InterContinental and was impressed by how smoothly everything ran; the room was quiet, breakfast had plenty of options, and the concierge gave us excellent dinner advice.",1,1
2956,"I stayed here for 2 nights in May 2008. I have to say the hotel was exceptionally clean and very modern and funky. They had a free wine tasting each evening! The restaurant served very good breakfasts and the staff were lovely and helpful throughout the stay. The hotel is located within walking distance to the metro system and also close to shopping / restaurants and sights! Rooms were lovely, althou the bathroom was slightly on the compact side. Will be back. 
",0,0
2957,"When you check into a hotel after being stuck in a airport, you areusually not in the best of mood. I, working in a upscale hotel, do encounter many guests checking in who this has happened to. All they want is a friendly face and a smooth check in. The desk clerk who checked me in at this property, did neither. She was short, rude, handed me my keys and walked away. I would never go back to this property due to this.
",0,0
2958,"I really enjoyed staying at this hotel. The separated living room and bedroom made it feel like I was renting a nice furnished apartment instead of a hotel room. The kitchen was a comfort since I could prepare a meal for myself if I wished, and the refrigerator and microwave was a must since I never finish my meals when I go out to eat. I felt more at ease here rather than the detatched feeling I have with most hotels. I would recommend staying at this hotel if you want to feel comfortable and welcome in a sophisticated atmosphere.
",1,1
2959,"My Hilton room was spotless, with crisp linens that made for a restful night. The decor felt fresh and polished, and the bright, modern bathroom was a real plus.",1,1
2960,"I had a very comfortable stay at Homewood. The suite was clean, quiet, and genuinely useful for a longer visit, with a small kitchen, full-size refrigerator, and enough seating to spread out instead of living from a suitcase. The bed was comfortable, and housekeeping kept everything in good shape without being intrusive. I appreciated the complimentary breakfast, especially on busy mornings, and the evening social was a nice bonus after a long day. Staff at the front desk were friendly and quick to help when I needed a late checkout and directions to a nearby restaurant. The fitness room was modest but perfectly adequate. A few fixtures looked slightly dated, but nothing affected my stay. Overall, it felt more relaxed and spacious than a typical hotel, and I would gladly return.",1,1
2961,"I recently stayed in The James Hotel in Chicago and trust me I will never do it again. When you pay a premium price you'd expect first rate service. Our whole experience was a disaster though short lived b/c we could stay their another second. When we arrived at the hotel we had to wait while the receptionist finished playing with her phone for service and then our room was not ready. So we had to wait in the lobby with our baggage. When we finally got to the room I wouldn't exactly call it clean but it wasn't to bad. The pictures on the website are nice enough but the furniture is falling apart and probably from Walmart. There was plenty of space for an average person of 5' but I'm 6'4' and the beds where smaller than what they said, not to mention uncomfortable. We ordered room service and not only did they bring us the wrong order but it took 2 hours. There walls were also paper thin so we got little sleep. The heater helped block out some noise until it stopped working in the middle of the night. So the next morning, sore from the uncomfortable bed, hungry tired and cold we checked out before we even had our coffee. Stay away!
",1,1
2962,"I made my reservation at the Hilton Chicago believing I was going to be staying in a classy hotel with many amenities. Unfortunately, my stay at the Hilton Chicago went downhill from the moment I checked in. There was only one clerk at the front desk, and several guests already waiting ahead of me. Once I finally got checked in and located my room, I discovered that neither of my room keys worked and had to make my way back to the front desk. Finally I made it into my room. It appeared nice enough until I went to use the bathroom and found the toilet clogged. The manager moved me into a new room, so I can't complain too much, but still it was a hassle. Finally settled, I was able to relax for the rest of my evening and was looking forward to sleeping in the next morning. That is -- until the front desk called me at 5 am with a wake up call I had not requested! Needless to say, my overall experience with this hotel left much to be desired and I will choose other accommodations for my next trip to Chicago.
",1,1
2963,"I booked the Swissotel expecting the dependable quality that comes with the brand name, but my stay left me genuinely underwhelmed. Our room faced the internal courtyard, and while that meant it was mercifully quiet, the view was essentially a grey wall and the top of the mechanical plant room. The bathroom felt like an afterthought from the early nineties, with a clunky, cracked tiled surround and a shower head that sprayed in every direction except on me. The carpet in the hallway had visible stains, and the room itself, despite the recent refurbishment claims, still had dated, beige furniture that creaked ominously. Honestly, for the nightly rate, I expected far more polish. You're paying for the location and the name, but the experience itself felt tired. I would think twice before booking here again, especially since there are fresher, better-value options a few blocks away. It wasn't a disaster, but it was a disappointment.",1,1
2964,"Excellent hotel in the heart of Chicago. The room we stayed in had a great view of Lake Michigan. We went in July for a vacation and everything is easily accesible from the hotel. Most major attractions are in around the Loop area. We also got a great deal on the price. I would recommend this hotel to anyone visiting Chicago - its in the right spot for both business and pleasure.
",1,0
2965,"We stayed at the Intercontinental for a long weekend, and the location was unbeatable--right in the heart of the city, with the metro entrance steps away. I was worried about street noise, but our high-floor room was remarkably quiet; I slept like a log, deeper than I have in months. The bed was plush without being too soft, and blackout curtains did their job perfectly. Housekeeping kept the room spotless, fresh towels appeared twice daily, and the bathroom sparkled. The only minor hiccup was a slow elevator during checkout rush, but that didn't dampen our experience. If you want a serene, convenient, and impeccably clean base, this is it. I'd book again tomorrow without a second thought.",1,1
2966,"I had a very comfortable three-night stay at the Omni. The location was ideal for getting around downtown, with shops, restaurants, and several attractions just a short walk away. My room was larger than expected and thoughtfully laid out, with a sitting area that made it easy to relax without feeling like I was on top of my luggage. Everything was clean, quiet, and in good condition, and the bed was especially comfortable after long days exploring the city. Check-in was quick, and every staff member I dealt with was friendly without being overbearing. I also appreciated the well-equipped fitness room and the easy-to-use Wi-Fi. Prices at the hotel restaurant felt a little high, but the service and food were good. I would happily stay here again.",1,1
2967,"In the 100 degree heat of a Chicago summer, it sucks if your air conditioner does not work. After 2 maintenance men attempted to rectify the issue I was offered a portable fan which on low speed sound as if a helicopter was hoovering over my room. I requested a room change and a not so polite, unsympathetic night front desk attendant stated that was not possible because the hotel was at capacity. Maybe a manager could help me in the morning. The next day went by and no call was received. At 7pm, I called the front desk. No one was aware of my problem. Approximately 45 minutes later, a manager returned my call and stated a double room was available. I accepted it was glee. Anything was better than a room that does not cool below 78 degrees in the middle of summer. I was paritally correct. The bathroom door of the new room did not close. Thank god my boyfriend and I are past the shy part of the relationship. As for room 1618, I believe I was not the first guest to complain about the air conditioner. What's unfortunate is they continued to place guests into this room. And did not offer any reufunds or perks for my sleepless night in the sauna! This hotel need a major overhaul!!
",0,0
2968,"This is a superb hotel. The rooms are huge, including a luxurious bathroom. It is clean and service is first rate. Breakfast was excellent (and complimentary for Hilton Honors members). Hotel is in a good location, and is connected to a mall, which I imagine would be a great asset in the Chicago winter. Next time I go to Chicago, I will stay here for sure. 
",0,0
2969,"I'm genuinely impressed with how comfortable our stay was at Homewood. The room was spotless and the bed was honestly one of the best I've slept in at a hotel in a long time--firm but not hard, great pillows. The kitchenette came in handy for late-night snacks, and the mini-fridge kept our drinks properly cold. Breakfast had a solid rotation: made-to-order omelets one morning and decent waffles the next. The staff at the front desk were friendly without being overbearing, and they even gave us a great recommendation for a local taco spot that was packed with residents. The only minor hiccup was the elevator being slow at peak checkout time, but it didn't ruin anything. We'll definitely book here again when we're in the area.",1,1
2970,"We booked Homewood for a weekend getaway based on the photos, and honestly, we should have known better. The hallway smelled like old carpet and stale cigarette smoke, which was a bad omen. Our 'king suite' was basically a standard motel room with a fake wall divider. The bed was lumpy, and the pillows were flat as pancakes. We found a hair in the bathroom sink, and the shower pressure was a pathetic drizzle.

To make matters worse, the air conditioner sounded like a lawnmower all night. We called the front desk twice about it, and the second time, they just said 'we'll have someone look at it tomorrow.' There was no offer to move us. The complimentary breakfast was a sad spread of powdered eggs and soggy cereal. For the price we paid, I expected so much more. This place is tired and overpriced. We left a day early and won't be back.",1,1
2971,"I wasn't sure what to expect with Affinia, but it turned out to be exactly the kind of stay that makes you forget you're in a hotel. The room was generous without feeling cavernous, and the bed was so comfortable I actually slept in past my alarm--which never happens when I travel. What really stood out, though, was how proactive the staff were. We mentioned we were heading to a show and they handed us a map with the fastest walking route plus a couple of dinner spots we hadn't considered. The gym had enough equipment to get a proper workout in, and the lobby coffee in the morning was a nice touch for early risers. Location-wise, you're close enough to walk to major sights but tucked away from the constant street noise. Only tiny hiccup was the elevator wait during peak checkout time, but that's a minor blip. I'd happily book here again.",1,1
2972,"in the windy city ,this is a very good place.amazing rooms and service.everything is a walking distance .An absolute must for business trio as ease with which you can conduct and schedule meetings here is unbeatable. Good decor and impishly modern 
",0,0
2973,"Great stay at the Omni--front desk upgraded our room with a city view, bed was incredibly comfortable, and the concierge nailed every restaurant recommendation. Would happily come back.",1,1
2974,"I traveled to Chicago recently with my giant German Shepard dog Rex and picked the Hard Rock Hotel for the perfect location and because a close friend had warmly recommended their pet friendliness. The service truly is incredible. They even had a web-cam so I could check in on Rex while I was out for dinner in the evening and a friendly staff member took him for a walk when I could not make it home from a meeting the day after. The rooms really rock (pardon the pun). Nothing like the cheap plastic laminated stained carpet decor so common in other places that allow pets. The easy chair looked so good that I was almost afraid Rex would snack on it while I was out, but he seemed to like the guitar chew-toy that came with the pet package better. I would definitely recommend the Hard Rock Hotel to my friends - whether they travel with or without pets. 
",1,0
2975,"Excellent location, feels like a boutique hotel. Right next to Neiman Marcus (V.expensive dept store) and 2 mins walk to John Hancock tower. As most American ,medium to high end, hotels service was excellent from the bellhop to reception. Upgrade to a suite if you are staying longer than a couple of days as walking around the windy city can be tiring and a suite feels like a small apartment. The pub in the basement is good for a sandwich and a Beer. They will be refurbing so take adavantage of lower rates now as I feel they will be going for very high end clients after the remodelling 
",0,0
2976,"We recently stayed at the Intercontinental Hotel for a week. The hotel was in a wonderful location and the service was great. We found all of the staff very helpful and prompt. We highly recommend the Intercontinental for any travel needs whether it be for business or pleasure. 
",0,0
2977,"Overall I had a VERY Bad experience when hosting a meeting for company, but when my parents came in from out of town and wanted to stay at the Swissotel, I thought we should give them another try. Turns out my first impression was correct, this is the LEAST friendly hotel I've ever been in! Even the concierge was rude and disagreeable. I could go on and on, but instead I'll just say GO SOMEWHERE ELSE!
",0,1
2978,"There were many positives when staying in this hotel at the north end of the Magnificant Mile. The rooms were spacious and beautifully appointed with great attention to detail. The quality of service was excellent, the staff professional, and the location was perfect. There are great views of Chicago from many of the rooms. The staff seemed to care about the quality of my stay from the moment I was greeted upon arrival to the moment I got in my taxi to leave. There is a nice rooftop bar/restaurant perfect for a lite meal or a refreshing cocktail with great views of the city. There really weren't any negatives and I would recommend this boutique hotel to anyone staying in the Chicago area.
",1,1
2979,"I never write these reviews, but felt that it was important to state that this hotel should not be the #1 2008 travelers choice. Terrible Service, Lazy Doormen/bellmen/concierge/valet, Lack of Respect, allow dogs to bark all morning after multiple complaints, Phantom charges to room, front dest at checkout and checkin were pompus. The icing on the cake was me watching the doormen stand and watch while a father tried to open a door to push his stroller through with his infant son, and the doorman watched on doing nothing. Me and my girlfriend are young, look young in how we dress, but in all honesty make more money than most...and we were treated like cheap poor kids. I had dinner reservations at Spaiggia and wanted to order a car to pick us up, the concierge exclaimed that, 'You know its not jeans and running shoes right Mr. Blank?' Assuming I was too dumb to realize that a 5 star $200/person restraunt wont allow tennis shoes because I am young? Very Dissapointed. Very nice looking, comfortable beds, great room service, contemporary, younger crowd, but service was terrible.
",0,0
2980,"I unfortunately stayed for 3 nights at the Knickerbocker Hotel ...I should have checked out on day 1. The bathrooms were filthy dirty with tangled hairs on the floor behind the door and after a few nights of scratching and the feeling of skin crawling...I pulled the bed away from the bedhead and watched as little rice sized brown bugs scurried over the white sheets...bed bugs! Which I might add the hotel are saying are flying insects from the windows being left open from when the window cleaners were there (fortunately I took photos to the contrary) Finding the bed bugs...I looked at the mattress protector and pillows and found long hairs on both...I was disgusted at the hygeine and would never stay again at this establishment.
",0,0
2981,"I had a very comfortable three-night stay at Swissotel. The location was convenient for getting around, with restaurants, shops, and public transport all within an easy walk. My room was bright, quiet, and surprisingly spacious, with a really comfortable bed and plenty of storage for a longer visit. I also appreciated the practical desk area and the large windows, even though the view was mostly city buildings. Everything was spotless when I arrived, and housekeeping was discreet and consistent. The front desk team handled check-in quickly and were happy to arrange a taxi and suggest a few nearby places for dinner. Breakfast had a good variety, including fresh fruit and made-to-order eggs. It is not the cheapest option, but the service and overall comfort made it feel worthwhile.",1,1
2982,"Honestly, I left the Hotel Amalfi feeling pretty deflated, especially given the price we paid. Check-in set the tone; we waited nearly twenty minutes while the sole receptionist struggled with a system that seemed to crash twice. Our 'sea view' room turned out to be a cramped box overlooking a construction site and a sliver of water, and the soundtrack was relentless drilling starting at 7 AM. The bed was hard as a rock, and the pillows were flat as pancakes. Breakfast was chaos--food lukewarm, coffee machine perpetually out of order, and not enough seating. It felt more like a hostel pretending to be a boutique hotel. The location is genuinely great, and I'll give the housekeeping credit for being thorough, but that doesn't make up for the noise, the uncomfortable room, and the manager's dismissive shrug when I complained. Save your money.",1,1
2983,"I went to the Homewood Suites in Chicago which is part of Hilton's famous hotels. I gotta say that this is the worst hotel that I have ever been to. In fact, Homewood Suites is the worst hotel on the face of this planet. I checked out the rooms and their rooms look like the hotel was built in bad shape. In fact, the rooms looked so bad that I wanted to leave the hotel early. I also got to check out the employees who worked for this hotel. I saw one of the employees and when I rung the bell for my room, they ignored me. How could a hotel have the worst service when they are supposed to not ignore you? One more thing that I hate about this hotel is that the logo didn't look like the actual logo. It looked more like the logo was changed to look more like something a baby could draw. I'll never go to this hotel again and it won't even be in a million years for that matter. This is a hotel that I will never recommend to anyone because of everything the hotel has to offer.
",1,1
2984,"I wanted to like the Talbott because the location is excellent, but the stay was frustrating from the start. Check-in took nearly 25 minutes even though there was only one person ahead of me, and nobody explained the delay. My room looked worn, with scuffed furniture, a weak shower, and an air conditioner that rattled loudly all night. Housekeeping also missed replacing towels after the first day. The hallway noise carried straight through the door, so sleep was difficult. Staff were polite when I mentioned it, but nothing really changed. For the price, I expected a more comfortable, better-maintained hotel and would probably choose somewhere else next time.",1,1
2985,"Really enjoyed my stay at Affinia--the room was spacious and quiet, the bed comfortable, and the staff genuinely welcoming. The location made getting around the city wonderfully easy.",1,1
2986,"I recently stayed at the Palmer House Hilton on a business trip to Chicago. I will do my best to make sure that future employees of my company do I have to stay here. When the reservation was made, an early check-in was arranged -- due to travel arrangements, my travel companion and I were to get to the city in the early hours of the morning. We had arranged an early check-in without having to pay for the night before. There was no fuss raised when we agreed on this and so we assumed it would be fine. When we got there, however, there were no rooms available for us for hours and they refused to keep our bags. We were forced to change clothes and wash up in the public restrooms of the office building where our first meeting took place, and cart our bags around with us. They offered insincere apologies and didn't offer to comp us anything for the inconvenience. The rest of the stay (one night) was nothing to praise. I guess not having bugs would count as positive? I would definitely never recommend that anyone stay here.
",1,1
2987,"I stay at this hotel 2 times a year on business and LOVE it! The staff are great, the rooms are spacious and clean, and the location is perfect for shopping and dining on Michigan Ave. Plus if you sign up for Omni Select Membership (for free) you get free wireless internet access. 
",0,0
2988,"First room's heating system sounded like we had a generator in our room. Second room had stool in the toilet and a smear on the linens (which we didn't notice until morning-eeewwhh!). The computer, scale and ink pen didn't work. The maintainance man took 30 mins to come unplug the toilet and dripped to toilet water through bathroom and on carpet. This room was quiet and the bed/pillows comfortable. The bath was large and water warm.
",0,0
2989,"The room was so noisy my neighbor's phone conversation kept me up half the night. Staff seemed annoyed when I asked for towels, and the AC barely worked, making it stuffy. Beautiful lobby, but that's where it ends. Not worth it.",1,1
2990,"The best service!!! The staff here was incredible. You never had to lift a finger. The room was huge as hotel rooms go. The view was phenomenal. Location great. What a great weekend. We did stop for a drink at the Palm Restaurant and unfortunately, it closes at 11 p.m. Too bad!!! The Lobby Lounge is open later but drinks costs twice as much as the bar at the Palm. 
",0,0
2991,"This is a great find for downtown Chicago. The price is right and the staff are excellent. As noted, there is construction going on around the hotel, but I didn't notice any issues that disturbed sleeping. I asked for a quiet room on an upper floor, and was gladly given one. The lobby is small, the atmosphere is that of a small boutique hotel. The concierge, Stephanie did a super job in finding us a restaurant and booking us reservations (along with a complimentary appetizer). We had a standard room, and it was spacious, tastefully decorated--everything we needed. The bathroom had a nice whirlpool tub for soaking--and the MP3 compatible radio was a nice perk. Just can't say enough about how nice the staff are--every single person you meet. Would definitely stay here again. 
",0,0
2992,"Great stay at Affinia! The beds were ridiculously comfortable, and the staff genuinely cared--even remembered my coffee order by day two. Location made exploring easy. Would definitely book again.",1,1
2993,"When we got checked and arrived at our room the first thing we noticed was the light didn't come on when we flipped the switch upon entering. The room was not very clean at all. Dust had collected on the back of the tv and on the stand behind it, on the window sill and stains on the carpet. We had requested wireless internet service but it was down the entire first night. The mattress was very hard making for an uncomfortable night. The jacuzzi was out of order also. When asked to be moved to a different room we were informed that there were not others available.
",1,0
2994,"We stayed for just one night ,but the hotel staff was extremely friendly and polite. The rooms were clean and large. The decor had just been redone. The best perks were the complimentary continental breakfast on each floor in the morning and the free cocktail hour with premium drinks and great appetizers at night. We got a great rate and would go back. Great location for walking around. 
",0,0
2995,"Rock music memorabilia everywhere made the Hard Rock Hotel feel fun from the second I walked in. Staff were friendly, bed super comfy, and the location near Michigan Ave was perfect. Would gladly come back.",1,1
2996,"My stay at Hotel Allegro was more disappointing than expected. The lobby has plenty of character, but the room felt tired and poorly maintained. There was dust along the headboard and windowsill, and I found a few crumbs on the carpet when I arrived. The bathroom was especially underwhelming: the grout around the tub was dark, the shower pressure was weak, and the fan rattled loudly whenever it was on. My room faced an interior wall and a collection of air-conditioning units, so there was no meaningful view and very little daylight. Staff were polite enough, but check-in was slow and my request for extra towels took nearly an hour. The location is convenient, but the overall condition and lack of attention to basic details made the rate feel unjustified.",1,1
2997,"The Palmer's location on State Street is genuinely hard to beat for sightseeing, which is the only reason I'm giving it two stars instead of one. Unfortunately, that's where the positives end. Our room, advertised as recently renovated, looked tired and worn, with a suspicious stain on the carpet near the mini-fridge and a layer of dust on the headboard. The bathroom was the real letdown--the shower pressure was pitiful, the grout was discolored, and the provided toiletries smelled like cheap generic soap. Housekeeping did the bare minimum, leaving wet towels on the floor and not replacing the coffee. At $280 a night, this felt like a $90 motel experience dressed up in a fancy lobby. The location saved the trip, but the value simply wasn't there.",1,1
2998,"Having had a great stay at the Monaco last Fall with friends, I was disappointed (initially) to arrive on Saturday with husband and find that they didn't have our Quikbook made reservation in their system and they had no rooms available for Sat. eve. BUT they immediately took responsibility for their mistake by doing the following: found us a nice room at the neighboring Swissotel and paid for it! Gave us cab fare to get the 4 blocks over there. Paid for our valet parking $33 that eve. So naturally when they asked if we were interested in returning for Sunday eve (when they did have room), we said yes. When we returned, they gave us a corner suite with jacuzzi tub for our $139 quikbook rate! Now that's what I call a recovery!! 
",0,0
2999,"We went to Chicago to see an exhibit at the Art Institute and selected the Fairmont because it was so close. Although the lobby is still being renovated, our experience at the hotel was uniformly positive. The room was nicely sized and newly remodeled and immaculate. The only glitch involved getting the room coffee replenished. The maid does not do that, and by bedtime on the first night, we still didn't have coffee. We called the front desk and they immediately delivered a fresh supply. The restaurant is a little underwhelming, but with so many other places to go within a very few blocks, we probably wouldn't have eaten there any more than we did. After having stayed in close to a dozen different Chicago hotels, this may be the hotel we return to whenever we return. 
",0,0
3000,"I arrived at the hotel 15 minutes prior to check in time as they recommend. When I get there I noticed that there is a couple and two other people waiting in line to check in. Ten minutes later after standing there with my suitcase, the woman at the front desk informs us that their computers are down due to a recent update to the software. She told us to wait until the computers booted back up. I asked if I could drop my suitcase off at the room and she said no because they need to electronically activate the cards and with the computers down they couldn't activate the cards. Finally another 20 minutes later the computers were up and I finally got my room. Wheres the 'luxury' in waiting 35 minutes for a room? They also need to change the name of the hotel because their service did not leave me 'allegro.'
",1,0
3001,"Conrad made our weekend feel special--beautiful room, genuinely warm staff, and a fantastic breakfast. The central location was perfect for walking to dinner and sightseeing.",1,1
3002,"We recently stayed at the Fairmont Chicago Millennium Park while travelling for business. What an incredible experience! Friends had stayed there years ago, but when we showed them our photos, they couldn't believe the amazing renovations. While we loved the modern decor and style, our main reason for choosing this hotel was because of what they call Fairmont PURE rooms. I have had so many awful allergy attacks while travelling, so I wasn't too optimistic that they could actually make a truly hypoallergenic and allergy-free room. I have to say I felt great during our entire stay. We enjoyed a delicious bottle of wine and incredible cheese and appetizers at Eno. What a treat to get such amazing food and wine without even having to walk out of the hotel. This hotel is truly beautiful, everything you would expect from a high-end, big city hotel. Our stay at the Fairmont Chicago Millennium Park didn't disappoint us in any respect. Our only disappointment? We don't have a reason to go back to Chicago anytime soon, but I have a feeling we will be making reservations for another visit in the very near future. 
",1,1
3003,"The Knickerbocker hotel is fantastic! It's an old hotel with updated rooms - so you get the old-timey charm and fresh comfort all at once. The hotel has a fabulous location. It's a one minute walk to the Cheesecake Factory and Bloomingdales, and about a 5 minute walk to Einstein Bagel Company (the best bagels and cream cheese EVER), Macys and Saks. This location can't be beat. You're at one end of the magnificent mile, so it makes for easy strolling, as you don't start in the middle and then backtrack. The hotel staff are super helpful and friendly. Checking in and out was very smooth, and the concierge (Cheryl) was amazing. She booked all our dinner reservations and activities for us, and recommended an incredible restaurant called Carmines which was a 5 minute walk. It was the greatest italian restaurant I have ever been to, and I can't recommend it more. The rooms are small but not too small. We had a beautiful big samsung flat screen, cordless phones, a rain shower, ample clean towels, and beautiful marble countertops. The hotel rooms have european charm to them and made me feel like I was at a 5 star hotel in Europe. The beds are very comfortable and the duvet is soft like butter. The only complaint I had was that housekeeping woke us up at 8:30 one morning when the knocked on our door despite the fact that we had the do not disturb sign on. When we answered and asked her to come back later she seemed a bit miffed. The issue was corrected, though, and it didn't happen again during our 4 night stay. The hotel has some unique items on their room service menu - ie - grilled cheese with mini tomato soup for dipping. Very cute. Their late night menu, however, is lacking. It would have been nice to see some soup on there. That being said, I RARELY order from room service when on vacation, so I really don't see that being a big deal. Overall I would recommend this hotel without hesitation. I think we paid about 130 a night and I would say it was worth far more than that. We had a wonderful experience and I truly look forward to staying there again....wouldn't stay anywhere else! 
",0,0
3004,"Although the Millennium Knickerbocker Hotel Chicago claims to be an affordable upscale hotel in the heart of Chicago, it is somewhat expensive, starting at $200 per night. There are very few special discount rates available for the budget conscious traveler. The rooms are modern looking and a little less cozy than one might prefer. The carpeting in the rooms is a little outdated and somewhat dirty in a few areas. The views from the rooms are not as great as they could be. The hotel seems to be understaffed and the heating unit in the room is hard to adjust to the right temperature. Although the hotel is located on Chicago's famous Michigan Avenue, it is a $40 taxi ride from O'Hare airport and a $36 taxi ride from Midway airport, both rather pricey options. If you chose to drive there, the valet parking charge is a hefty $53. Again, not very budget friendly. All in all, even though the Millennium Knickerbocker Hotel Chicago is close to some of the major Chicago attractions, it is only an average hotel on many levels.
",1,1
3005,"I went to stay in the Millenium Hotel Chicago. Now, first, being from rural midwest I was surprised at the price in general, but kind of accepted it when I was assured by my cousin(whom I was visiting in Chicago) said it was normal. So I check in, service seems fine. I get checked in, room seems ok. A couple of hours later, a lady comes into my room, not a hotel employee, just some lady. Turns out, they cross checked the rooms. We(her and I) went down and complained. Turns out they double booked the room, not that they were full, but they were full on THAT room type, Standard, as well as the Superior Rooms. Rather than simply upgrade one of us for the mistake they asked which one of us would like to 'move up'. We argued with them for 20 minutes, they didn't budge, our only option was for one of us to fork over an extra $60 for a Corner Superior. We(the lady, her name was Sharon) decided to split the difference some, she gave me $20 and I moved. I get to the new room about 20 minutes later, nobody, but Sharon helped me move. I get there, the bed was thrown together, not made, and the bathroom wasn't clean, the garbage had a kleenex in it(I wasn't going to check if it was used). I called down, it was now 5PM. No answer, I called for 10 minutes and finally got a hold of someone. I told them about the state of my room. They said they would have someone up 'right away'. I waited 30 minutes and a lady comes in, not in uniform, but she did a hell of a job cleaning. She switched out the garbage, wiped out the whole bathroom, vaccuumed around me, and switched out the bedding, all told she was in and out in 10 minutes. She didn't say two words to me, but she did clean. I stayed the night and checked out a 7AM and will never go back. Ryan from Iowa
",1,0
3006,"Disappointing stay at the Knickerbocker. Traffic noise kept me up all night despite requesting a quiet room, staff seemed indifferent at check-in, and while Times Square location is convenient, I won't be returning.",1,1
3007,"I picked this hotel mainly for the location, and it didn't disappoint. Being right by the harbour made exploring the city on foot effortless, and the train station was a quick stroll away. The check-in was efficient, though I did have to wait a few minutes for a room to be ready, which was fine. My room had a fantastic view of the water, and the bed was incredibly comfortable - I slept like a log. The breakfast spread was substantial, with a great mix of local pastries and hot items. The only slight downside was the air conditioning being a bit noisy, but it wasn't a dealbreaker. Overall, a very solid, comfortable stay that I'd happily book again.",1,1
3008,"Nestled just off the beaten path and about two blocks from the river the Fairmont Chicago offers an excellent location to operate as home base for your trip to Chicago. The staff were friendly and helpful, arranging many of the sightseeing events we enjoyed while in the city. There are many attractions withiin easy walking distance (The Art Institute is a must see and Millenium Park is a fun visit). The architectural tour by river departs a dock that is very close to the Fairmont and there are lots of restaurants nearby. The rooms were excellent and the club room is worth the extra expense. We would definitely stay here again. 
",0,0
3009,"I had such a horrible experience when I stayed at Omni Chicago Hotel last Saturday night. First of all, the plasma TV in my room was broken and the staff said they had no other rooms available, and they weren't particularly apologetic about it, either. Secondly, it was supposedly a non-smoking hotel, but as an ex-smoker, I can tell that people had smoked in the room recently. Additionally, the indoor swimming pool was closed due to high chlorine levels, which was really disappointing, because I was looking forward to using the pool. Finally, check-out was supposed to be at noon. At 11:15 am, the maid was knocking at the door. She asked if I would be out soon, and I thought was very quite intrusive. I will never, ever stay at that place again.
",1,1
3010,"Booked a 'Sound of Your Stay' package but the guitar in the room was locked away, staff seemed annoyed when I asked about it. Room felt worn, AC rattled all night, and the pool had a weird smell. Not the vibe you'd expect from this brand.",1,1
3011,"The Hotel Palmer was exactly what I needed after a long travel day, and honestly, it felt like a steal for the quality. My room was spotless, from the crisp white linens to the gleaming bathroom fixtures, and the housekeeping had clearly paid attention to every detail. The building itself is wonderfully solid--my room faced the street, but I heard nothing but a faint hum of traffic, which faded completely once I closed the window. I slept like a log on that firm, comfortable mattress; it was the best rest I'd had in weeks. The location is unbeatable, yet somehow the space felt serene and insulated from the bustle outside. For the price I paid, especially given the prime spot and the meticulous upkeep, I'd say it was well worth it. I will definitely be back.",1,1
3012,"I stayed at the Hard Rock Hotel in Chicago recently for a convention I was attending. This was my first trip to Chicago and I had no idea what to expect and this hotel came recommended by a colleague so I had high expectations. Check-in took a bit longer than I would have liked as they were experiencing computer problems and the staff at the front desk had to call their main reservation line to confirm reservations. Once I did get into my room, there was a strong cigarette odor in spite of the fact that it was a non-smoking room. I went down to the front desk and requested a room change. Given their computer problems, that took almost an hour and the staff was quite surly and didn't have the 'positive attitude in spite of any difficulty' I'd expect from such a high profile establishment. The new room was not a suite as I had originally booked but it was significantly fresher smelling. When I hooked up my laptop, I was dismayed to discover that there was no wi-fi service. I had made my reservation online to take advantage of their free wi-fi for online ressies, but as part of their computer problems, the wi-fi service was down. Fortunately, there was a Starbucks up the street with available wi-fi. Granted, I couldn't lounge at the Starbucks in my jammies like I could in my hotel room, but connectivity for work is necessary so we make sacrifices. I was determined not to let computer problems color my opinion of the hotel as it's not something that is necessarily under the control of local management. However, the hair in the bathroom sink and the wet washcloth that was on the floor behind the toilet are definitely under the control of local management. A quick call to housekeeping got a promise to give the room a once over while I was down the street at Starbucks. They did as promised and when I arrived back at the room there were no stray bits of previous customer's DNA and the dust bunny population had been eradicated. Once I had a chance to relax in the room, there were a few minor details that stood out. The carpet was starting to get worn in places, the edges on some of the furniture was dinged, and my personal pet peeve... the inside of the drawers were rough, unfinished wood which I dislike as the little splinters can cause runs in my clothes. I would have expected higher quality furniture for such a hotel. But, all things considered, my stay was tolerable. Water pressure was good and it was quiet enough at night to get decent sleep. The wi-fi was still down in the morning so I checked out early and spent my time enjoying a latte and free wi-fi at Starbucks.
",1,1
3013,"The staff made us feel genuinely welcome from the moment we arrived, and the rooftop pool was the perfect escape after a day exploring. Our room was spotless and quiet, making it incredibly easy to relax. I'd happily return.",1,1
3014,"This hotel is located right in the hustle and bustle of the city of Chicago. It is ideal for the corporate executive. Not only in terms of location but the hotel offers a spectacular view of the ocean. The dining room is spacious and makes eating at this hotel a really pleasant experience. While dining the guest experiences a nice ambiance as they overlook the city, which is picturesque especially at night, when the city lights come on. The rooms are nice and spacious and allows the guest to get all their work done with a desk area. I would strongly recommend this hotel for the corporate executive!
",1,1
3015,"Last month, my husband and I stayed at the InterContinental Chicago while we were in town for IMTS. Although they were very busy, the service was excellent and very professional. The staff were always smiling and happy to help. InterContinental was conveniently located near Michigan avenue, and the best stores and restaurants in town. The view from our room was great! Our room was always clean when we arrived home at night, it was decorated nicely, and the beds were extremely comfortable! We ate at the hotel's restaurant Zest, and the food was great! It was by far one of the best hotels we have visited in a while. We will definitely be back!
",1,1
3016,"The Millennium Hotel Knickerbocker sounds fine, and the website is pretty, but the reality is an over-hyped, overpriced, reality-isn't-as-good-as-fantasy package. The catering they offer is a joke; you can pick up better food for half the price at a dozen or more places in the Chicago area. While the rooms were cleaner than most, there was a lingering unpleasant odor from the cleaners they used that aggravated my sinuses, and when I called to complain about it, a nasal-voiced clerk blew me off. The rooms look small but cozy when you book online, but when you get there in person, you realize just how tiny they are. Trying to fit inside of one makes you think of being in a sardine can -- did I mention that it smelled like cleaning solution? I also found a hair on my supposedly clean bed, which made me wonder just how thorough their housekeeping staff is. In fact, it looks like all of their rooms are comparatively small; you'd get better prices and a far better room from the Hilton.
",1,1
3017,"The hotel is very impressive upon entering and the staff was very friendly, however we felt our room was very dated and worn looking. Our air conditioning didn't seem to be working well, but we turned it down and thought that it would eventually... cool off. Our first night was interrupted by a phone call at one A.M. That was a fax, it happened 4 times. By this time we realized that the air was not working again, so after fussing with the controls it did kick on. The next morning I mentioned to the concierge the issues with the phone, but didn't think to mention the issues with the air because it appeared to be working. After being out seeing the sites of Chicago for several hours and being very hot we were looking forward to resting in a cool room before going to a show . Our room was 78 degrees, I called and maintenience did come to check. After determining that the unit needed a motor it was another hour so we did not get to rest in a cool room before going out. I feel an offer should have been made to us by the hotel. Also was very surprised that WiFi was not a free service !! We will not be staying at the Hilton on our next trip to Chicago.
",0,0
3018,"Swissotel exceeded expectations--the corner room had stunning lake views and a ridiculously comfy bed. Breakfast was fresh and varied, and the staff remembered my name by day two. Location near the waterfront made evening strolls a breeze. Would happily return.",1,1
3019,"Fantastic Hotel! Upscale and luxurious, and in a great location! Rooms are spacious and comfortable and the staff goes out of their way to treat guests like royalty! The rooms are tastefully decorated and very clean, the beds are comfortable and even the bathrooms were to die for! My husband and I had a great time in the lounge and enjoyed many of the amenities. I would definitely recommend this hotel to everyone, and can't wait to get back there myself!
",1,1
3020,"We spent a week in this hotel and were very pleased with the experience. As described in previous reviews. the room was very comfortable with the huge televison and bathroom being particularly outstanding. Service was excellent overall (I especially liked the bottle of water at my bedside with the turn down service). The door and bellmen/women were particularly pleasant and helpful and the concierge was friendly and knowledgeable. We had completely satisfactory (though overpriced) drinks in the bar but didn't eat at the restaurant. The health club was fine and the equipment was well maintained. While there were only three treadmills and two elipitical steppers, I never had to wait for a machine although it might be a different story in the dead of a Chicago winter! One minor quibble--I like to have coffee first thing in the morning and there was no in-room coffee maker. The restaurant offered free coffee 'to-go' but only before eight AM. This is a very, very comfortable, attractive hotel in a wonderful location. Chicago is an expensive city but we felt that we got a reasonable value for our money. 
",0,0
3021,"Stayed here for a long weekend and honestly couldn't have picked a better base. The room was spacious, spotless, and the bed was like sleeping on a cloud--I actually wanted to check out late just to enjoy it more. The staff made the difference though; from the doorman who remembered my name to the front desk helping me sort out a lost charger without any fuss, everyone seemed genuinely happy to help. The location is brilliant for sightseeing, but the real highlight was the breakfast spread--fresh pastries, made-to-order eggs, and the best coffee I had all trip. My only tiny gripe is the gym could use a few more free weights, but that's nitpicking. Would absolutely book again next time I'm in town.",1,1
3022,"My stay at the Sofitel was disappointing, especially considering the price and the hotel's reputation. The room faced a busy road, so traffic noise continued well into the night, and I could clearly hear doors slamming in the corridor. The Wi-Fi was unreliable; it kept disconnecting during video calls and was too slow for uploading even small files. The bathroom looked tired, with worn grout, weak water pressure, and a shower that never maintained a consistent temperature. Our 'city view' was mostly a concrete wall and the roofs of nearby buildings, hardly the pleasant outlook shown in the photos. Staff were polite but not especially helpful when I reported these problems. The bed was comfortable enough, but that alone did not justify the cost. I expected a much more polished and restful experience.",1,1
3023,"The Ambassador East is a particularly crappy property, given the numerous quality hotels in and around the Gold Coast. Unfortunately, I saw an amazing rate and decided to book -- this experience will be a reminder that you get what you pay for. While the lobby was gorgeous (and appears to match the photos on the website) the room I was assigned was run down, and looked nothing like the photos posted on the website. It looked like someone had put a quick coat of paint on the walls, but the furniture was old and the fixtures in the bathroom were rusty. The room also smelled of must or mildew. While the room did have air-conditioning as advertised, it was an in-window unit that sounded like it was on its last leg. I was only here for a single night, but had I been here for anywhere longer I would have requested a refund. Please, if you're staying in this part of town, do yourself a favor and book at any one of the numerous other properties around here. The Hampton Inn and Hilton Garden Inn are both nearby, clean, and often have special-offers -- these aren't the only properties in the area, but both of these will save you a potentially unpleasant stay.
",1,1
3024,"We booked through a travel website. This hotel is currently undergoing major renovation and will be renamed in September. The public areas are still being renovated but the hallways and rooms are done. The hallway was so dimly lit, we couldn't see how to use the key card. The shock came when we entered the room. Whoever designed it obviously did not take function or a guest's comfort into consideration. The bed was a mere 15 inches off the ground - a mattress (rock hard) over a platform. The 'nigh stands' were shelves attached to the wall at around 12 inches height. The room was stark - all off-white, no color. No art work or any decoration at all. The full-length drapes completely blocked the air conditioning unit; if it were winter and the heat was on, I think this could be dangerous. There was a desk & chair but no clock/radio in the room; there was a wall mounted LCD tv with very poor channel selection. The bathroom was very small but clean. The problem with it was that the tub was almost 2 ft high and difficult to step in to. An older person could have never stayed in the room. Because of the renovation, there was no restaurant on-site. No vending or ice available on the floor either I can't see anyone ever becoming a repeat guest at this hotel. I would never stay there again.
",0,0
3025,"I stayed at the Omni with a Band that what in town. The room was amazing. Just walking in, the hotel was gorgeous. I have no complaints. Prompt Room service, Friendly front desk. Many shops, beautiful fountin. Just an all around great hotel in a great City. 
",0,0
3026,"Hotel Monaco was a great choice for a weekend downtown. The lobby has a fun, slightly quirky style without feeling overdone, and the front desk team was genuinely warm when we arrived early with our bags. Our room was quiet, very clean, and had a comfortable bed with plenty of pillows; I also appreciated the large windows and the little sitting area by the desk. We walked to restaurants, shops, and the theater in just a few minutes, which made it easy to come back and rest between plans. Coffee in the morning was a nice touch. The elevator was a little slow during the busy evening rush, but that was the only minor inconvenience. I'd happily stay here again.",1,1
3027,"Stayed here for three nights and honestly, it exceeded expectations. The location was perfect--steps from a metro stop and a short stroll to some great local eateries, which made exploring effortless without being in the tourist chaos. Our room faced the inner courtyard, so it was remarkably peaceful; the only sounds were distant morning chatter from the staff, but never disruptive. I was worried about noise given the central spot, but the windows did their job brilliantly. Breakfast was a pleasant surprise, with fresh pastries, made-to-order eggs, and proper coffee rather than the watery stuff you often get. Considering the quality of the bedding, the spotless bathroom, and the genuinely helpful concierge, I felt it was worth every penny--not cheap, but fair for what you receive. I would happily return next time and will recommend it to friends visiting the city.",1,1
3028,"Really enjoyed my stay at the Hilton. Check-in was quick even though I arrived late, and the front desk agent was friendly and gave me clear directions to the elevators and breakfast area. My room was spotless, with a comfortable bed, good blackout curtains, and enough outlets near the desk to work without hunting around. The bathroom had strong water pressure and plenty of towels. I also appreciated how quiet the floor was overnight; I slept better than I expected in a busy hotel. Breakfast had fresh fruit, eggs, pastries, and decent coffee, so it was easy to get moving in the morning. The lobby felt welcoming and well maintained. Parking was a little pricey, but overall the service and comfort made it worthwhile.",1,1
3029,"The third-floor room looked straight onto the leafy courtyard, not the city skyline, but that turned out to be a blessing--morning light filtered through the maples without any street noise. The wifi held strong even during evening video calls, which surprised me for an older building. Decor-wise, the lobby keeps its classic Art Deco bones, and the guest rooms walk a fine line: the furniture isn't new, but the crisp white linens and fresh paint keep it from feeling tired. I checked in on a Tuesday and left Thursday, and honestly, that second night flew by. I could have easily stayed one more day just to use the pool terrace again. Breakfast was a simple continental spread, but the coffee was excellent. A solid, comfortable pick, and I'd return without hesitation.",1,1
3030,"I had a very pleasant stay at Hotel Palmer. The lobby has a classic, slightly grand feel, but the service was relaxed and genuinely friendly rather than formal. My room was comfortable and quiet, with a good bed, plenty of storage, and a desk that made it easy to catch up on work. Everything was clean when I arrived, and the housekeeping staff did a nice job during the rest of my stay. I especially appreciated being able to walk to several restaurants, shops, and nearby attractions without needing a car. The elevators were busy around check-in, though they moved along quickly. Staff at the front desk were helpful with directions and a late checkout request. Overall, it was a convenient, comfortable stay, and I would happily book here again.",1,1
3031,"I was very disappointed with the hotel this time. They seem to be coming down in quality quite a bit. The clientele also seem to be of a lower quality. The lobby was quite a rambunctious scene with no one on staff seeming to notice. The house keeper only did the bare minimum in the room each day and did not replace the used toiletries or the coffee; she also left the dirty coffee cups in the room. I think I will have to stay with the InterContinental next time.
",0,1
3032,"The atmosphere at the Talbott Hotel is very welcoming when you first walk in. The employees are friendly and will greet you when you first arrive. The hotel seems to be luxurious, even from the lobby, and right away, I was very excited for my stay! I stayed in a double queen room with my friend. The room is spacious enough, and beds are very comfortable. I didn't try the room service, but they do have a fitness club close by with a spa, which is very convenient. I also love how the room has individual climate controls! Very neat! Also handy that there is an iHome in the room. I'm usually stuck using just a regular alarm clock radio at other hotels. I will most likely stay in this hotel another time. It was a wonderful experience!
",1,1
3033,"I wrote an email to the sales & reservation team a week ago.........i'm still waiting for a response. All I wanted to do was book a suite for 2 nights but they failed to even reply with an offer. We have now booked another hotel who can be bothered to answer emails. Shame you missed out, coz we tip like rockerfellers!!
",0,0
3034,"Location, location, location. What a great find! Excellent, well-run, small boutique-type hotel on a tree-lined street near all the action without being in the oppressive crunch of it. Rooms are good-sized and clean; good bed and shower with tub. The air conditioner, as mentioned in other reviews, is noisy, but it's a minor complaint. The staff is simply wonderful and attentive from housecleaning to concierge. The on site restaurant is great. The red-line El is about 3-4 blocks away which makes getting around the city a breeze. You are footsteps away from Rush Street and North Michigan Avenue and Lake Michigan. I would not have a moment's hesitation booking at this hotel again in the future; in fact, I wouldn't book anywhere else. 
",0,0
3035,"I recently stayed at the Affina Chicago hotel and was really dissappointed. When I arrived, the desk clerk was really slow checking me in. I feel like turtles could have checked me in faster. I was finally checked in and my room was on the 8th floor. The elevator ride seemed to take forever. I arrived and the room and at first glance it looked great, but after looking everything over there were finger smudges on the glass table. I figured maybe room cleanin must have accidentally touched it. I went to the C-House for supper that evening and I had to wait for what seemed like forever. The meal was good, but my waitress was very uptight. On my way back to my room, I asked the front desk to set up a wake up call for 6 AM the next morning and they were very grateful to set that up. It would have been nice to actually get it though. The next morning I surprisingly work up at 7:18 AM and realized that I had not received a wake up call. I was very upset and let them know. Overall this experience was not worth the 4 stars that this hotel has been given. For the price, quality and ratings the Affina Chicago hotel has been given, I would expect better service.
",1,1
3036,"We stayed at the Hilton for a long weekend to celebrate our anniversary and honestly couldn't have asked for a better experience. Check-in was quick and the front desk agent even sent a small plate of chocolates up to our room when she learned the occasion, which was a genuinely thoughtful touch. The room itself was spacious, spotless, and had a surprisingly comfortable bed, a real highlight since hotel beds usually leave us sore. Housekeeping was consistent without being intrusive. The executive lounge breakfast had a nice spread, and the omelet station was excellent. Location was convenient, a short walk to plenty of restaurants. Only minor gripe: the pool got crowded Saturday afternoon. Overall, wonderful stay, friendly staff, and we'd absolutely return for our next trip. Highly recommend this property.",1,1
3037,"Loved the unique design and the rooftop bar views! Staff were incredibly warm and helpful. Our room was super clean and quiet, a real retreat after exploring. Would definitely stay here again.",1,1
3038,"We just returned from our first trip to Chicago and stayed at the Omni. I read many reviews on trip advisor and picked the Omni based on its wonderful reviews and they were right on. The location, staff, rooms, amenities, etc were all wonderful. Huge thank you to TA members who suggested signing up for the preferred member program. We did that before we left and received complimentary beverages in the morning and newspapers among other perks. I loved being woken up to fresh orange juice and the Chicago Tribune newspaper. We were in room 816 which was perfect. Corner suite with two out of the 3 sides of the rooms being windows with a great view. The room was huge with a gorgeous king bed and great living area with plasma TV. The bathroom amenities were wonderful. I loved soaking in the tub with the mineral salts that were provided. The turn down service was great as well. We would come back to our room with relaxing music playing and our bed ready for us. We ate at their restaurant twice and the breakfast buffet was delicious. The blueberry muffins were the best I have ever had. Everything was so fresh and prepared perfectly. The staff at the Omni is so accomodating. Everyone is always smiling and asking you how your stay is. Have to thank the concierge Melissa and Curtis. They were both so helpful with great dining suggestions and maps for everything we wanted to do. I also used the gym during my stay and it was great. All the machines were top notch and each treadmill has a lcd TV attached. And the gym itself had two plasmas. They also had cold lemon water for you after your workout. I am a stickler for cleanliness and it was sparkling every morning. It really was a fantastic stay at the Omni and we would never stay anywhere else. I also wanted to mention we never heard any construction while we were there. Everything was quiet and we both slept wonderfully on the big comfy bed. Thank you Trip Advisor for another great trip suggestion! 
",0,0
3039,"This was my first time in Chicago and wanted a hotel that was in a good location. This definitely fit the bill. I could walk to all the places I wanted to see - very close to Michigan Ave and the Magnificent Mile. About a 15 minute walk to the Art Institute. The hotel staff was very friendly and went out of their way to be helpful. There was coffee in the lobby every morning, that was very welcome. The room was comfortable and clean and fairly quiet. I could hear the train and some traffic from the street (considering the location, this wasn't bad and didn't affect my ability to sleep or relax). I would definitely recommend this hotel - a gem!! 
",0,0
3040,"We stayed at the Fairmont two nights for the SOFA art fair at the Navy Pier. I was impressed that the bellman called us by name when he met the taxi and pronounced it correctly, which is quite unusual. Everyone smiled and welcomed us. The lobby looks clean and friendly, not ultramodern, but not at all tired or worn. Our room, also clean and comfortably furnished, was larger than we expected, with a clean, modern bath and a lovely view of the Navy Pier and the lake. We did not eat at the restaurant, but it looked attractive. Our only problem was that we had asked for non-feather pillows, upon reserving the room, upon checking in, and calling housekeeping. After waiting an hour, we went to bed. The next day the check-in desk person was extremely apologetic and by the time we returned, all the feathers were replaced with foam and non-allergenic materials. The hotel is convenient to Millenium Park and Michigan Ave. We would stay there again, assuming we could get good rates. 
",0,0
3041,"For InterContinental prices, I expected better: the room smelled stale, the AC rattled all night, and the front desk brushed off my complaint.",1,1
3042,"Disappointing stay at the Sheraton: the price felt far too high for a tired room, unreliable Wi-Fi, and a bleak city view. Two nights felt much too long.",1,1
3043,"Our weekend at Hotel Talbott felt too short; the central location made everything walkable, breakfast was fresh and generous, and the quiet room's bed gave us an excellent night's sleep.",1,1
3044,"Awesome hotel, our room overlooked Michigan Ave and we could see the river. Very stylish, trendy room and hotel. Lacked a bit in amenities (pool, etc) but more than made up for it with the location and quality of the hotel. Booked it thought Hotwire for $99 which was awesome value. 
",0,0
3045,"Over-hyped and over-priced. The fact that they have a complimentary wine reception every night at 5 doesnt take away from the fact that they have terrible beds and the place isnt as clean as it should be for a 4 star hotel. The hallways smelled like a dog parlor and the carpets in my room look like they hadn't been cleaned...well, ever. The decorative pillows on my bed were so filthy they were actually stained brown and looked like they had been sitting outside for everyone to use and then put back on my bed. The decor of the hotel was nice and eclectic but it wasnt enough to convince me to ever stay here again. The bed was the most uncomfortable thing I have every tried to sleep on. I couldnt sleep the whole week that I stayed there. It was hard and lumpy and the pillows were tiny. my final say is that it is an over priced Holiday Inn.....
",0,1
3046,"I stayed at ICH Chicago for business in November of 2006 and loved it. As a Royal Ambassador member, they upgraded me to a beautiful junior suite with a separate living and working area and 2 bathrooms! My upgrade was in place upon arrival and a beautiful fruit basket was waiting for me on the coffee table. They even had a nice young lady escort me to my room. The suite was beautifully furnished and had an Art Deco feel to it. The only thing I regretted was that I only stayed one night. I will definitely stay here on my next visit. 
",0,0
3047,"I really wanted to like this place, given the historic charm, but our stay was a letdown from the moment we checked in. The front desk staff were curt and dismissive, barely looking up from their phones when we asked about late checkout. Our room, while visually nice, had a grimy film on the bathroom sink and hair on the baseboards that made me question the cleaning standards. Worse, I slept terribly; the walls were paper-thin, and I could hear every footstep and muffled conversation from the hallway until past midnight, plus some kind of mechanical hum from the AC unit that wouldn't shut off. The bed itself was lumpy, with a sagging middle that left my back aching by morning. For the price we paid, I expected far more attention to detail. A genuine disappointment that didn't live up to its reputation.",1,1
3048,"I was sorely disappointed with the Sheraton Chicago. From the outside it looks like a great hotel, and I guess the inside was clean enough but the decor was really boring and frumpy, not what I expected when looked at the website. The front desk staff was nice enough at first, but when I asked for the wifi password they told me I had to pay extra. I mean come on, I'm paying over 200 bucks a night and wifi is EXTRA? The lady who checked us in got a little snippy about it and said it says so when you make the reservation. (Note to self, don't let your husband book a hotel without checking first about what amenities are offeredd.) So things started off on the wrong foot anyhow. I guess the positives for this hotel are the location and the lakeview (from some of the rooms) and it seems pretty safe. Other than that I was not impressed for the price - I've stayed in big city hotels for half the price that had better linens, a better restaurant, where they got your room cleaned up at a reasonable hour (we stayed two nights and we didn't get our beds made and fresh towels until almost 5). I guess the most unpleasant thing was the odd smell - not musty per se but maybe like chemicals they use to cover up a mildewy smell. In general it seems lke it's on the decline and the staff knows it, they're just kind of lackadaisical. I wouldn't stay there again.
",1,1
3049,"The view was mostly a parking garage, and hallway noise kept me awake until late. Staff seemed indifferent when I mentioned it, making the stay feel disappointing.",1,1
3050,"The Conrad sounded promising, but the reality fell flat. The room was dated and the air conditioning barely worked, making for a restless night. Staff seemed overwhelmed and distant, which really dampened the whole experience for the price.",1,1
3051,"Stayed three nights for a work conference and honestly, the Hotel Monaco was the best part of the trip. The location is perfect--steps from the French Quarter but quiet enough that you actually sleep. My room had this great little balcony overlooking the courtyard, and the bed was absurdly comfortable. I'm picky about pillows, and these were just right.

What really stood out was the staff. From the valet who remembered my name every morning to the front desk clerk who printed my boarding pass without me even asking, everyone seemed genuinely happy to help. The evening wine hour in the lobby is a nice touch too--met some fellow travelers and actually chatted instead of staring at my phone.

Only minor gripe: the bathroom sink drained a bit slowly. But honestly, I'd book again in a heartbeat. That rooftop hot tub at sunset? Worth it alone. Great value for the vibe.",1,1
3052,"My two nights at the Hyatt felt far too brief, but the spotless room and that gleaming rainfall shower made every minute count. The front-desk team was genuinely warm, and the bathroom's fresh towels were a lovely touch.",1,1
3053,"Hotel Allegro felt like a great value: the Wi‐Fi was reliable, the room stayed pleasantly quiet at night, and our weekend passed far too quickly.",1,1
3054,"The Hyatt's dated decor and hallway noise made the room feel less relaxing than expected. Even a short overnight stay felt too long, and I barely slept.",1,1
3055,"I stayed here with my family when we were in Chicago on a family vacation. All I can say is WOW! A fantastic experience all around. First off, the hotel is magnificent, the lobby/entreway is jaw dropping to say the least. Everyone we dealt with from the desk clerks, to the cleaning staff, to the doormen were all exceptionally cordial and friendly. The rooms themselves are fantastic, perfect for a business person there for a stay or for a family there for recreation. The new Serenity beds that the Hilton offered were to die for! One of the most restful nights sleep i have had in years! The kids loved the Ipod docks in the rooms and my wife and I loved th fact the kids could keep their bedroom ice cold like they like it and we could keep it warmer in ours. As usual, it had wifi, which was ultra cheap and very very fast. Over all i highly recommend The Palmer House Hilton!
",1,1
3056,"Checked in late and left far too soon--the bed was so plush I slept through my alarm twice. The decor felt elegantly current, not gimmicky, and the bathroom's rainfall shower made morning prep a genuine treat.",1,1
3057,"My weekend at the Conrad went by far too quickly. I slept deeply in the quiet, plush bed, and the fresh decor and roomy marble bathroom made the stay feel especially polished.",1,1
3058,"Hotel Monaco looked charming online, but the stay was far more frustrating than expected for the price. Our room faced an alley and the noise from delivery trucks started before 6 a.m.; the windows did very little to block it out. The air conditioner rattled all night, and the room felt stuffy even after we adjusted it. There were stains on the carpet near the bed and the bathroom had only one nearly empty bottle of soap. I mentioned both the noise and missing amenities at the desk, but was told maintenance was 'busy' and nobody followed up. The location is convenient, and the lobby is attractive, but that did not make up for poor sleep and indifferent service. I would choose somewhere else next time.",1,1
3059,"The Talbott felt wonderfully welcoming, with a spotless room, plush bed, and helpful staff who made check-in easy. Loved being able to walk to nearby shops and restaurants.",1,1
3060,"Homewood Suites by Hilton Chicago Downtown is a wonderful hotel. The hotel is very elegant, classy and only offers the best. The hotel offers complimentary breakfast, along with delicious meals and wines in the afternoons. The suites are very real designed and has a very upscale look. This wonderfully cozy yet graceful hotel leaves you with an experience of a lifeltime. I would recommend this awesome hotel to anyone that was looking for beautiful, yet comfortable hotel experience.
",1,1
3061,"We stayed at the Hotel Ambassador for four nights in early October and honestly it exceeded what we expected for the price. Our room on the fifth floor was a good size, spotless, and the bed was genuinely comfortable, which matters a lot after long days of walking around. The front desk staff deserve a special mention: they gave us great restaurant recommendations, arranged a late checkout without any fuss, and even printed our boarding passes when the business center was busy. Breakfast was a highlight too, with fresh pastries, decent coffee, and eggs made to order. Location was excellent, a short walk to the metro and plenty of cafes nearby. Only tiny complaint was slow elevator service at peak times, but that's minor. Would absolutely return next trip.",1,1
3062,"My Stay at Sheraton Chicago Hotel and Towers was wonderful, i stayed in the traditional guest room and i slept good, i was able to get to my meeting well rested, thank you Sheraton! -Bobby
",1,1
3063,"We stayed at this hotel for a conference. The lobby and the conference areas were immaculate. The restaurants (one of which was Shula's Steakhouse) and bars were great. The saff was exteremely helpful. The rooms left a lot to be desired...Our nonsmoking room smelled of smoke. The A/C system was ancient and tempermental, and the bathroom was old and in need of a makeover. It was surprising to see since the physical plant was so nice. We would choose, however, to stay elsewhere. Espcially for the money we paid.
",0,0
3064,"When we stayed at the Millennium Knickerbocker Hotel in Chicago, we had one of the worst visits i have ever experienced. Our room was not ready right away so we had to wait about an hour in the lobby. And finally when we made it to our room we found a moldy shower and a dirty floor. The room service took about an hours and a half to come to the room and she we went to the pool that day, it was so crowded there was no room to sit on the side. Our experience was definitely not a pleasant one. To make matters even worse, we were billed twice for our room which my husband luckily caught before we left. I am never coming back to Millennium Knickerbocker Hotel.
",1,1
3065,"I visited the Hotel Allegro Chicago while I was on vacation with my daughter. I booked the room and was very excited because the website alludes to a very lavish interior with amenities far superior to the surrounding hotels. I was particularly excited there was a fitness center because I work out on a regular basis and I would not have to give that up on my vacation. Let me start by saying the staff was very rude and I was very dissappointed they could not respect that I was very tired after traveling a very long way. I booked the hotel stay for over a week, which was very expensive, and that seemed to not matter to them at ALL, despite that fact that I was travelling with a small child as well! They did nothing to accommodate me, and the woman at the front desk even refused rudely to take my calls or answer any questions about nearby restaraunts insisting that even though she worked there she 'didn't know the area' To tope it all off, the fitness center was under construction so I never got to use it. Worst hotel experience of my life, I will never go back. - Sandy D.
",1,1
3066,"We stayed at the Knickerbocker for a long weekend and honestly expected much more for the price. Check-in took nearly forty minutes because they were 'short-staffed,' and the room wasn't ready until after 4pm even though we arrived at 2. The room itself was small and the street noise was relentless -- garbage trucks, sirens, everything -- despite requesting a quiet floor. Housekeeping skipped us entirely one day and we had to call twice for fresh towels. The rooftop bar looked appealing in photos but was so packed and overpriced ($22 for a mediocre cocktail) that we gave up after one round. Breakfast at the restaurant cost a fortune for cold eggs. Location is truly great, near Times Square but that's about the only upside. For $700 a night, I expected luxury, not excuses. Won't be back.",1,1
3067,"We reserved a room with a sleeper couch a few weeks before our stay. After checking in and unpacking, we discovered that the sleeper sofa had been removed (supposedly during renovation). The front desk clerk and bellman never mentioned that there was no sleeper sofa even though they saw all 4 of us check into the room. Colleen, one of the managers, was argumentative and did nothing to resolve the problem. We ended up having one of our children sleep on the couch and the other slept on an antiquated rollaway bed. We never spoke to the general manager who was conveniently 'absent from the hotel' during most of our stay. We stayed here on more than one occasion over the past decade and had never encountered such incompetence. We had to make several phone calls to receive a miserly discount and we never received an apology. The lack of training of the staff was clearly evident, as was the cavalier attitude of the management.
",0,0
3068,"Fantastic spot for exploring the city--everything was walkable. Staff were warm and efficient, and our room had a gorgeous rain shower. Despite being central, it was surprisingly peaceful at night, letting us recharge completely.",1,1
3069,"We stayed at the Omni for a long weekend and honestly expected more for the price. The WiFi was practically unusable, dropping every few minutes, which made it impossible to get any work done. Our room overlooked the parking garage and a stretch of rooftops with AC units humming away, so there was nothing pleasant to look at. Sleep was a struggle too: the walls are thin, we heard hallway conversations and elevator dings well past midnight, and the mattress sagged in the middle. The staff didn't help matters. Front desk agents seemed annoyed whenever we asked for anything, and a request for extra towels took nearly four hours to arrive. Housekeeping skipped our room one day entirely. Convenient location, but between the noise, the weak connection, and the indifferent service, we won't be returning.",1,1
3070,"We had a really lovely stay here. Check-in was quick, and the front desk agent was genuinely friendly, not just reciting a script. Our room on the 14th floor had a fantastic view of the park, and I'll admit we spent an embarrassing amount of time just watching the city lights at night. The bed was super comfortable, with great pillows, and the blackout curtains actually worked--a rare find. We grabbed breakfast at the restaurant one morning, and the avocado toast was surprisingly good, though the coffee took a while to arrive. The gym is solid, with new treadmills and plenty of towels. My only minor gripe: the hallway ice machine on our floor was out of order, but a quick call brought a bucket right up. Overall, a very polished, comfortable experience. We'd definitely book here again.",1,1
3071,"Wow. Here is a place to NEVER hold an event. First, no one smiles, including the bartenders. Doesn't anyone here know they are in the HOSPITALITY business? The bartender was 54 years old. Why do I know that? Because, she stated to another employee that 'when you get to be 54 years old, you tell it like it is.' Very specifically, she was referring to the fact that she could tell her employers how they should run things. Wow. The room was set up the wrong way for the event. The food was just plain bad. $9 at a Ponderosa would have been as good. However, this is the Swisshotel. Oh, let's go back to the bartender telling us, unsolicited, about all the problems with the hotel. Man, you just have to wonder how a place like this stays in business. $50 for valet. Ouch. Anyone asking you if you need something, like help? No. Does management make excuses? You bet. Do you ever want to hold an event here? Big no.
",0,0
3072,"For a hotel rated with four diamonds by AAA, one would think the Hilton Chicago would be almost like staying at a palace with royalty. The only royal thing about this hotel however is that it was a royal nightmare. I should have known from the moment I walked in with my wife that this was going to become a bigger headache than what it was worth. First off, as soon as we arrived to check in at the hotel with the clerk who couldn't be any older than nineteen or twenty, red flags started going up. The clerk was extremely rude and lazy, acting like it was a chore even getting up from texting on his cell phone. If that wasn't bad enough, the clerk pretty much ignored me while blatantly staring at my wife's breasts. She wasn't even wearing anything that could be considered skimpy as it was cold out and she was wearing a turtle neck sweater under a large fur lined coat. After diverting his atention several times we finally got our room keys. It shouldn't have been any surprise when we learned that there were no one to help us with our luggage as the clerk said they were all out on break. Okay, that was annoying, but we managed easy enough. We finally got to the third floor where our suite had been reserved for over a month and we looked forward to resting after our long trip. To our surprise, not to mention our disgust and horror, their was already a couple in what was supposed to be our room on the bed making out. It took almost a half hour between the couple in the room, the front desk, and my wife and me to get it straightened out. Apparently the night clerk didn't bother following policy as they had taken our reservation off the computer to give to their friends while leaving the printed card for the day clerk. After what could only be described as chaos, we were finally given another room on the next floor up. We were thankful when we got to it and my wife went to use the bathroom while I dropped our luggage by the beds. Hearing a clinking sound I bent down to look what one of the bags could have hit to see an empty beer bottle sticking out from under the bed. I was about to call back down to give the clerk a piece of my mind when I heard my wife cry out. There on the wall of the bathroom were several roaches crawling around and I noticed something else in the sink that almost made us leave then and there. There, in the sink and in very plain sight, was a used condom! So far we were less than thrilled about being there and we stomred back downstairs and demanded our money back. By then the desk manager had returned from where ever she went off to and talked us into taking another room, free of charge to make up for our troubles. The room itself was thankfully clean with no bugs and no trash or any other disgusting items laying around. Despite being a lot smaller and not having the promised view that our other room should have had, we decided to make due. So while my wife went to get cleaned up after our long trip I pulled my laptop out to use the so called high speed internet access. I shouldn't have even bothered as I've used dial up that went at least three times as fast as the speeds I was getting. With a quick call to the desk I was informed the person responsible for the internet was gone for the day and there was nothing that could be done for the moment. So instead of worrying about it, we went to get something to eat from the the onsite dinning area. Yet again we were met with rude people who either stared at my wife's chest or forgot half of our order. After arguing with them for what seemed like forever over not getting everything, we found that our found was not only bland, it was cold! We didn't even bother trying anything else, that was the final straw so we got our things and found another hotel. I don't know who would hire a bunch or rude employees who was barely out of high school or who couldn't clean a room, but I know that that hotel didn't deserve four diamonds unless it was in the negative. That place should be shut down because there is no way they know how to run a decent hotel.
",1,1
3073,"I had a very pleasant stay at Hotel Ambassador and would happily return. The check-in process was quick and friendly, even though I arrived a little later than planned, and the staff at reception were helpful throughout the visit without being overbearing. My room was clean, quiet, and more spacious than expected, with a comfortable bed and a good shower. I especially appreciated the little details, such as plenty of outlets and reliable Wi-Fi. Breakfast had a nice variety, including fresh fruit, pastries, and hot dishes, and the dining area never felt rushed. The location was also convenient for getting around, with restaurants and public transportation nearby. A few furnishings looked slightly dated, but everything was well maintained and the overall experience was comfortable, relaxed, and good value.",1,1
3074,"I booked the Fairmont for a milestone anniversary, expecting the usual grandeur. Instead, we got a room overlooking the HVAC units and a constant, low hum that never stopped. The 'classic' decor felt tired, with scuffed baseboards and a bathroom grout that was frankly gross. Service was glacial--we waited forty minutes for ice, and the concierge seemed annoyed by basic questions. Breakfast was a disaster: cold eggs, burnt toast, and a server who forgot our coffee twice. The pool was packed with non-guests, and the gym had two broken treadmills. I've stayed at far nicer properties for half the price. This felt like a brand living on its reputation, not its reality. Really disappointed, especially given what we paid.",1,1
3075,"I had a very pleasant three-night stay at Hotel Amalfi. The location was convenient, and the front desk team made check-in quick while still taking time to answer questions about nearby restaurants. My room was spotless when I arrived, with fresh linens, a well-maintained bathroom, and plenty of space to unpack. The Wi-Fi connected easily and stayed reliable enough for video calls and streaming. I was also impressed by how quiet the room was at night; I barely heard anything from the hallway or the street, which made sleeping easy. Breakfast was simple but satisfying, with good coffee, fresh fruit, pastries, yogurt, and a few hot options. Nothing felt overly fancy, but everything was clean, fresh, and well organized. I would happily stay here again.",1,1
3076,"The Swissotel's location is genuinely its only saving grace, putting you right in the heart of everything, which was a godsend for our business meetings. Unfortunately, that's where the positives end. My room on the tenth floor faced the courtyard, so the promised city view was a dull, concrete wall. Worse, the so-called 'soundproofing' is a myth; I could hear the housekeeping carts rumbling at 7 AM and the muffled television from the room next door well into the night. It was exhausting. Breakfast was a chaotic, overpriced affair. The scrambled eggs were watery, the pastries tasted stale, and the coffee machine had a queue that snaked around the entire buffet. By the second morning, I'd given up and grabbed a croissant from a nearby cafe. For the nightly rate, this level of noise, bland food, and grim outlook feels like a serious letdown. I left more tired than when I arrived. A real shame for such a prime spot.",1,1
3077,"Honestly, the James felt more like a flashy hostel than a luxury hotel. The room was impossibly small, the walls paper-thin, and I could hear every door slam until 3 AM. Staff were polite but useless when I asked for a quiet room. Not worth the premium price.",1,1
3078,"An excellent vacation destination. Clean rooms and many nice features. Superb location and proximity to local attractions. Staff is always friendly and eager to help. Highly recommended to anyone looking to travel to this area. 
",1,0
3079,"We stayed at the Ritz Carlton two weeks prior, and in comparison the Sofitel does not come close. With the deal the Ritz Carlton is putting on right now, stay two nights...get one free, choose the nicer option! Pros: Room Service: Quick! 15 minutes tops. Bathroom: Large bathroom with a separate shower and tub. Lobby: Very impressive, and the doormen are on top of opening the doors and hailing a cab for you. Location: Close to the train station and MI Ave. Cons: NO TOP SHEET! We asked the others at the conference, they confirmed...there is no top sheet. You just sleep with the duvet cover over you. Room: -Small, and not a fan of the modern decor. -Broken closet door, the bottom track was bent. By the last day my husband removed the closet door completely so I could get to my things. -Barely any storage: closet was teeny tiny anyways, almost no bigger than a tall locker, only the top drawers of the nightstands open. -Shower: Horrible water pressure. -The cleaning staff did not replace shampoo, soap, etc. Had to call the front desk, and they delivered within 10 mins. -The cleaning staff did not replace our duvet cover during the three nights we were there, realized this as I still noticed a stain we made the first night. I made sure not to leave the 'save the water' card out. They changed our towels, but not the bedding??? -Our room was at the end of the hall across from where the staff enter, and you could heard that door slam shut all hours of the day. -They charge for Wi-Fi! -You can change the settings on the tv...brightness, etc.
",0,0
3080,"Complete disappointment. Problems: 1. The alarm clock/stereo thing was broken in my room. It was constantly emitting low, changing hissing noises. Sooo annoying. And there was no off switch on the damn thing. I had to move the bed to unplug it (the outlet was wayyy back, buried behind the big bed). I kept hearing it, and didn't realize what it was, until it had kept me awake for a few hours. 2. The shower was ONLY incredibly hot. Turn it all the way cold...very hot. Turn it to hot, and you get boiling hot. Grrrrreat. So how do I get water that won't scald me? This is very inconvenient early in the morning when you need a shower and are in a hurry, and have to dance into and out of painfully hot water. Good job Omni! 3. Hallway carpets are disgusting and old. Walking around, you'd think you're in a motel 6. And my floor had been flooded or something, and they had box fans running in the hallway, 24/7, to try to dry it out. Talk about an overpriced dump.
",0,0
3081,"The room had a musty smell, and the corners were dusty, which made the short stay feel far too long--and spotty Wi-Fi only added to the frustration. Location was central, but that didn't rescue an otherwise disappointing visit.",1,1
3082,"The Hyatt's location was perfect for exploring downtown, and the decor felt fresh, not tired. Staff were genuinely welcoming, and given the comfort and service, the rate felt more than fair. I'd happily book again.",1,1
3083,"Our weekend stay felt far too long; the tired, brown decor screamed 1980s and the peeling wallpaper in the bathroom was off-putting. The room wasn't properly dusted, and for the hefty price, I expected polished upkeep, not a musty carpet that smelled old.",1,1
3084,"Homewood looked tired, the hallway smelled stale, and our room's air conditioner rattled all night. Breakfast was picked over by 8, and the front desk barely acknowledged the complaint.",1,1
3085,"I stayed at the intercontinental during the last weekend in September for a 'pleasure trip' -- the InterContinental was in a great location and the staff was excellent. The room was clean and comfortable -- and came equipped with a new LG flat panel tv. Had breakfast at Zest (hotel restaurant) -- a bit pricey but decent if you want a buffet. The hotel is in walking distance to millenium park, museums and the aquarium. There is also a lot of shopping - window shopping is best though, considering the sales tax is 9.5%! (and possibly raising to 11%) Great stay. I highly recommend it and would stay there again. 
",0,0
3086,"My husband and I stayed at the Sheraton Chicago Hotel & Towers in February. Everything about the hotel and experience was superb. The location was wonderful as well. Our room overlooked the river and we had a great view of the lake towards Navy Pier. The best part of the stay was the 'sweet sleeper' bed. It was so comfortable. The staff was friendly and helpful as well. Nothing bad to say about this Sheraton! I will stay here again! 
",0,0
3087,"I called the reservations line to book a room at the beginning of December 2012 for a rate with a local corporation. When I first made the reservation I did not get an e-mail confirmation. I had to call again to get the e-mail and then saw that I was booked in a handicapped accessible room which i did not need as there was me, my wife and three year old. I called the reservation line and asked for a regular room which they said was impossible at the rate I was at, however for ten dollars more I can upgrade to a regular room. I then asked what if a disabled person needs the room and he said he could not help me. i told them to cancel the room. based on the reservation experience, I did not want to run into anymore trouble at this hotel.
",0,0
3088,"Hyatt's central location made getting around effortless, and our weekend felt far too short. The staff were warmly attentive, while the room was spotless and comfortably maintained throughout.",1,1
3089,"I had a very comfortable stay at the Conrad. The room felt bright and thoughtfully arranged, with a genuinely spotless carpet, crisp bedding, and no dust hiding around the desk or nightstand. The decor is modern without being overly flashy; muted colors, warm wood, and good lighting made it feel fresh rather than cold or dated. I especially appreciated the bathroom, which was spacious and immaculate, with a large walk-in shower, strong water pressure, and plenty of counter space for toiletries. Breakfast was better than expected, offering fresh fruit, pastries, made-to-order eggs, and several healthy choices, with attentive service even during the busy morning rush. Staff were friendly and efficient throughout the visit, and the quiet room made it easy to sleep. I would gladly return.",1,1
3090,"The tired, dated decor made the room feel gloomy, and our supposedly short stay stretched on forever thanks to the relentless street noise and dirty carpet that never felt quite clean.",1,1
3091,"The Ambassador Hotel is located in Downtown Chicago right off Lakeshore Drive in the heart of the hotel industry downtown. I would recommend you look to one of those other hotels if you are wanting a place to stay downtown. The rates at this hotel indicate that it would be a top of the line place to stay, when in fact, we had a pretty unpleasant experience. It started with someone who was obviously a new employee checking us in. I have no problem with this, except the fact that this person was the only one on duty and had difficulties checking us in and had no one to assist him. After checking in, we went up to our room and were a bit disappointed. The pictures do not accurately depict the size of these rooms, they are very tiny and offer very little room to store luggage where it is out of the way. The beds were not very comfortable and when we called room service for extra pillows, they took over an hour to arrive. I will not be staying at this hotel anytime in the future.
",1,1
3092,"Thin walls meant I heard every door slam and hallway conversation, ruining any chance of proper sleep, and the staff's curt replies didn't help. The location is central, but that's the only saving grace--I'd skip this place next time.",1,1
3093,"I was visiting relatives in Chicago and wanted to stay in a hotel that emphasized luxury and was also environmentally friendly, and the Talbott seemed to fit the bill. I also couldn't help but notice all the positive reviews online. I figured I couldn't go wrong and I am happy to report the positive reviews are true. First of all check in was a breeze. I love their online reservation system. It was easy to use and the information presented was quick and accurate. Once I arrived in Chicago I was greeted by Tim at the door and I immediately felt like wanted and liked. The receptionist was very polite and when she heard I was visiting Chicago for the first time, she upgraded my Deluxe King to an Executive King. Score! The room was just as advertised, luxurious and convenient. It was also exceptionally clean and this is very important to me because I am paranoid of germs and bed bugs. Most importantly though, I got a good night's sleeep because the bed and pillows were super soft, but firm enough to help support my back. I also used the Equinox Fitness Club and, wow, what a club. This is another great amenity of the Talbott and easily beats other hotels skimpy workout centers. My check-out was quick, easy, and painless. This hotel gets my highest recommendation. The facilities are immaculate and modern with the recent upgrade, the staff is ultra-friendly and competent, and the location was perfect for my needs. 
",1,0
3094,"We booked the Omni almost on a whim for a long weekend, and honestly, it turned out to be the best decision of the trip. The location is unbeatable--steps from the Mag Mile but quiet enough that we slept like logs. What really impressed me was the check-in process; the front desk agent remembered my name and even had a list of local coffee spots ready when I mentioned we were jet-lagged. The room itself was huge for downtown, with a couch area that meant we weren't tripping over our suitcases. The pool was warm, the gym had actual squat racks, and the housekeeping staff folded my stray charging cable into a neat coil. Only minor gripe: the elevator wait during checkout rush. But honestly, we're already planning our return in the fall.",1,1
3095,"We became an Ambassador member just before spending Mother's day at the Chicago Intercontinental, and received a room upgrade to an exceptional room. Our Saturday night stay was the BEST $99 we ever spent (Mother's day special). The welcoming chocolate covered strawberries began the weekend on a high note; the concierge continued it by arranging a wonderful dinner (moderately priced) , and the great Sunday breakfast topped it all off. All in all, Mother's day in Chicago was Super. We loved it enough to be back for Labor Day weekend (another 'package'). 
",0,0
3096,"The room looked tired, the hallway noise carried straight through the door, and our shower barely stayed warm. For the price, The James felt more frustrating than stylish.",1,1
3097,"Stayed three nights at Homewood and came away genuinely impressed, though I'll admit the lobby made me pause--those dark wood beams and patterned carpet feel a little 2005, not fresh. But my room on the eighth floor flipped that first impression. The view faced the river, and watching the barges ease past during golden hour made the whole trip feel calmer. Bathroom was the real win: a deep soaking tub, excellent water pressure, and towels thick enough to dry off twice. The bed was firm without being board-like, and the blackout curtains actually worked. At $189 a night, I'd call that fair for the size and quiet. Decor could use a refresh, sure, but everything was spotless and functional. I'd return without hesitation.",1,1
3098,"We booked two nights at Hotel Palmer expecting a charming getaway, but honestly, one night would have been more than enough. The constant hum from the ventilation system made sleeping a miserable chore, and the thin walls meant I heard every door slam and every conversation in the hallway. It simply wasn't worth the premium rate they charge for a room with a peeling bathroom ceiling and a carpet that felt perpetually damp. We were counting the hours until checkout. Breakfast was a bleak affair too--tepid scrambled eggs, stale pastries, and coffee that tasted burnt. The only high point was the front desk staff's apology, but a kind word doesn't fix a sleepless night or justify the bill. We left exhausted, relieved, and thoroughly underwhelmed.",1,1
3099,"The Hotel Allegro looked charming online, but my room was cramped, noisy, and overdue for a refresh. Check-in dragged on, and the shower barely had any water pressure.",1,1
3100,"The Hilton family would be outraged after hearing about a recent stay (i.e. nightmare) at the Palmer House Hilton. I arrived 3 days before the National Restaurant Association tade show hoping to beat the crowds and settle in for a long week of trade show business. When I arrived I was greeted or really snarled at by the Clerk. This lady (if one can really call this beast that) was aggressive and rude from the get go. She made a snide comment on the number of bags I had and it was downhill from there. My guaranteed and confirmed reservation had been mysteriously cancelled and she indicated that I had been the one to contact their call center seeking a cancellation. I informed 'Brenda' that I had never cancelled my reservation. We had originally booked 2 rooms (one for me and one for colleague) and my colleague changed their reservation to come in one day later. She huffed and puffed and finally said, oh okay, I read it wrong but we don't have a room for you. My room had been given away to someone else that had arrived earlier that day. As a Hilton Honors member and someone that drops lots of money on this chain, I was furious. She said that perhaps someone else had found me a room at another hotel and to wait while she checked. She left the front desk and was gone for almost 20 minutes, coming back with a smirk on her face. She informed me that I had to make a decision and that both would not be satisfactory 100%. The first option was to stay at a hotel outside of the Chicago downtown, closer to the airport or that I could go with another room they had, a smaller smoking one with the potential but promise of an upgrade in 3 or 4 days. I was outraged. No, I'm sorry and certainly the options were horrible. I ended up taking the smoking room where I barely spent any time in it due to the strong cigarette smells. Additionally, there was no upgrade at all during my stay there. I was not offered anything to make up for my troubles, their screw-up nor did the hotel manager bother to return my call. The net outcome: I will NEVER stay at this hotel again and I'm thinking of shredding my Hilton Honors card. Don't make the mistake of dealing with this property. You will be very, very sorry. Thanks for reading all this. Hopefully it will help someone out there before booking at this joke of a hotel.
",1,0
3101,"I actually booked this reservation with the hotel over the phone and got a great rate -- much lower than the usual price! It was a lovely hotel, beautifully appointed, walking distance from the places we wanted to go. We would highly recommend the Fairmont. 
",0,0
3102,"After some deliberation I booked the Sofitel Water Tower Place for a 3 night stop-over in June. This was my first visit to Chicago and it turned out that we had a really great time. We loved our rooms, which were just the basic type on the lower floors but they were very well appointed. The decor is modern and personally I liked it a lot. The rooms were pleasant and airy and the bed extremely comfortable. The hotel location is just perfect, close to the shops on Michagan Avenue, and the beach at Oak Street. Lovely restaurants close by and nightlife in Rush Street is just steps away. The area although bustling was peaceful and quiet. We could walk to most places and I would not hesitate to stay here again. The hotel staff very helpful, always smiling and ready to help; from the doormen to the helpful lady at Conceriage. I would not hesitate at all to stay at Sofitel Water Tower Place next time I'm in Chicago; in fact I look forward to my next visit. 
",0,0
3103,"Spent three nights in Chicago at this property. First of all, I have to say that it would be hard to imagine a better location as it is perfectly situated on the Magnificent Mile close to terrific restaurants, the Art Institute and Orchestra Hall. The hotel has two sides - the historic tower and a new wing. The rooms are larger on the historic side but generally are looking a little tired. This property needs to be renovated. Some observations: The junior suite I had was laid out strangely. A small bedroom and smaller sitting room separated by a corridor off of which was the very large bathroom. The mirror over the sink was not over the sink but skewed to the right - made shaving a challenge and messy. While descending in the elevator one morning, it started shaking so violently that I could barely stand up. It stopped on the 11th floor and I was greeted by an extremely worried looking hotel employee who had a technician shut it down. (This experience was far more powerful than coffee in helping me wake up - an adrenaline rush certainly cures sleepiness!) Reports from my group were of sinks stopped up, exposed bolts in rooms, and generally things not working. Now the good news - the staff is terrific. They make you feel welcome, are personable, have their own personalities, great service in the bar and really went the extra distance to help. I wish they had a better property to work in.
",0,1
3104,"Breakfast was a satisfying spread of fresh pastries and made-to-order eggs, and the staff's genuine warmth set a great tone each morning. Perched steps from DuPont Circle, the view over the rooftops was lovely, making every errand an easy stroll.",1,1
3105,"We brought our giant rottweiler and she had a great time. Small rooms, but this is normal for the chicago hotel scene. Lots of interesting amenities in the room. Convenient to theatres and downtown restaurants and shopping. Really loved the lobby -- a great place to hang around or wait for someone. Lots of nooks and crannies and little tables and sofas everywhere. Watch out: The concierge (like all concierges at big hotels) will direct you to mediocre, large restaurants where they get kickbacks. We have stayed here several times and I always check for rooms here when I travel to Chicago. However, the hotel is often full so book early. 
",0,0
3106,"Sadly, Hotel Amalfi felt tired and poorly maintained, with a lumpy bed, thin walls, and a bathroom that wasn't properly cleaned. The staff were polite, but the stay was disappointing overall.",1,1
3107,"Despite the prime location near Michigan Avenue, I barely slept--the AC rattled all night--and the Wi-Fi kept dropping. For the hefty price, I expected far better, and I left feeling thoroughly underwhelmed.",1,1
3108,"We booked this hotel for the second leg of our Chicago stay..it was great!!!! The Lion King package was pricey but reasonable, given the ticket costs and the Suite. Room was great....classical music greeted us when we entered our room after a long day of sightseeing and shopping. NYTimes and Chicago Tribune at your door every morning. One block from the Washington El train station. We never saw the small rooms that every one apparently doesn't like, but the Suite rooms were fun and our kids loved it. Dunkin Doughnuts and Corner Bakery down the block. City Hall, Picasso structure....this was a great place. Book it and also use the Golden Touch Limo service...reasonable. Omar is a super guy. 
",0,0
3109,"I've stayed at Hard Rock properties before and usually expect a certain level of polish, but this visit missed the mark by a mile. The bathroom looked decent at first, but the shower drain was slow, and the cheap pump bottles of soap were nearly empty. Our 'city view' turned out to be a brick wall and a vent that hummed all night. Staff were polite at check-in but vanished when we called for extra towels--took three tries and over an hour. Sleep was rough: the mattress sagged in the middle, and the hallway noise from a rowdy group carried straight through the thin door. For the price, this felt more like a mid-tier chain than a rock-and-roll flagship. I wanted to love it, but left tired and frustrated. Won't be back.",1,1
3110,"Booked three nights expecting the standard Ambassador polish--left after two, exhausted and out of pocket. The hallway reeked of stale cigarettes, and our 'quiet interior' room faced a service courtyard where carts crashed from 5 AM onward. Breakfast was a genuine letdown: lukewarm scrambled eggs, rubbery bacon, and coffee that tasted burnt even after I asked for a fresh pot. The staff weren't rude, exactly, but they were robotic--one front desk agent shrugged when I mentioned the noise, another forgot to send up extra towels twice. I slept maybe four hours total, pillows flat as pancakes, mattress sagging toward the middle. Even the blackout curtains had a gap letting in the parking lot floodlight. For the price, I expected at least basic comfort. This felt less like a hotel and more like a tired rest stop wearing a suit. I won't return.",1,1
3111,"My daughter and I woke in the morning wanting to go swimming. When we arrived at the pool the water was covered by a white scum. I then attempted to use both of the phones at the pool, one white phone and one emergency red phone, to call the desk. Both were out of service!!!! I am glad there wasn't an emergency. As we were exited the pool area I ran into a hotel employee and told her about the problems and then asked her to call us when the pool was clean.... never heard back.
",0,0
3112,"The $400+ price tag felt absurd once I saw the uninspired skyline view and endured the sad, lukewarm breakfast buffet. WiFi dropped constantly in the room, so I gave up and read. Definitely not worth the hype.",1,1
3113,"Hotel Allegro was a fun downtown base--our room was quiet, the bed was genuinely comfortable, and the front desk pointed us to a great late-night pizza spot. Would happily return.",1,1
3114,"We stayed at the Homewood for four nights over spring break and it ended up being one of the better hotel experiences we've had in a while. The complimentary breakfast actually had variety every morning, not the same sad bagels on repeat, and my kids went crazy for the waffle maker. Our room had a full kitchen, which sounds like a small thing but meant we could heat up leftovers and keep drinks cold without trekking downstairs. The bed was genuinely comfortable, none of that thin lumpy mattress stuff. Housekeeping came promptly when we asked for extra towels, and the front desk guy at night gave us a solid tip about a taco spot two blocks over. Free parking was a bonus in an area where most places charge big. Would book again without hesitation.",1,1
3115,"We stayed at the Hilton for four nights over a long weekend and honestly it exceeded what I expected. Our room on the 14th floor was spotless when we arrived, and housekeeping kept it that way every day without us ever having to ask twice. The bed was one of the most comfortable I've slept in at a hotel, big and soft with plenty of pillows, which is rare. Location-wise you can't beat it, we walked everywhere we wanted to go. The breakfast buffet was pricey but worth it once, and the executive lounge snacks saved us a few times. One small hiccup with the TV remote was fixed within ten minutes of calling the front desk. Check-in was quick and friendly, and the bell staff handled our luggage cheerfully. Would absolutely book again for our next trip.",1,1
3116,"I would not recommend this hotel. Although it is in a good area, the room was very small and is getting rather dated. The room had extensive damage. The paint on the bathroom ceiling was peeling. The wallpaper in the bathroom was peeling. The wood work in the bathroom looked like it had been chewed on. There was mold and stains on the bathroom tile. The room was very small. There was not room for a sofa. Just a small faded chair and ottoman. The carpet had stains on it. Also, the bed was comfortable, but there was not a top sheet, just the bottom sheet and a comforter. Overall I was not satisfied with the hotel for the price that was charged. I have stayed in other hotels in the area that provided much more space, cleanliness, and value for the money paid.
",0,0
3117,"has gone downhill so much we almost checked out. We stayed in the Dean Martin Celebrity Suite for 3 nights while entertaining customers in Chicago. We've stayed there for many years and while not up to date like the Four Seasons or the Peninsula, it has always been a comfortable and clean, service oriented hotel. Not only has room service been eliminated (if you want room service it comes from Marios Italian restaurant down the street, so is ONLY Italian), complimentary morning coffee is no longer available, mini bars have been removed from the rooms, etc. etc. The only restaurant, the Pump Room was closed for a private function on Saturday night, the bar also, so we weren't even able to have an after dinner drink with our guests. Surely the function was planned before we made our reservations, but we weren't told of it. We also learned that the bell staff (who have been there for 13 and 8 years) is being eliminated. So, in other words, anyting to do with 'service' is gone from this hotel. I hear they are going to begin renovations in December, but that is no excuse to let an old glory 'go to pot' in the meantime. We won't be staying here when we go back in July or for Thanksgiving. We even had to pay for internet. Mind you, our bill for 3 nights was 900.00+, no room service, no restaurant/bar charges. Highway robbery for what you get ow at the Ambassador East. Sad.
",0,0
3118,"Hotel Allegro was pleasantly quiet, and the Wi-Fi worked reliably throughout my stay. I only wish I'd booked another night--the comfortable room and attentive service made it well worth the price.",1,1
3119,"Hotel Allegro looked tired, the room was noisy all night, and the front desk seemed indifferent when I mentioned the broken air conditioning. Not worth the price.",1,1
3120,"We just got back from a trip to Chicago for my 30th birthday and we could not have been more impressed by this hotel! Service was excellent, especially the maid service. Our room was so clean and fresh towels brought in daily. The front desk staff was some of the most professional and friendly staff I have ever dealt with while travling. The location is excellent as it is within walking distance of the best restaurants and stores. I highly recommend Affinia for a the perfect family vacation.
",1,1
3121,"On my recent weekend stay at the Fairmont Chicago Millennium Park hotel, i was very disappointed. I chose this hotel after scouring various hotel websites in the area. From the look of the website, my expectations were above average. I felt the website led one to believe it was upscale. Upon my arrival, i checked in. I was shown my room and at first glance everything seemed fine with the room. As i was settling into the room, I began to notice a general lack of cleanliness. I noticed spiderwebs in corners, and a lack of cleanliness in the bathroom. Also, it was advertised that there was an i pod docking station in the room, however, it did not work and I had to call down for them to bring a replacement. I, as a guest should not have had to call down, these items should be checked to ensure they work properly before a guest checks in. I found the restaurants on site to be crowded, loud and not to mention an unusally long wait to be served my meal. I did inquire about a few of the menu items and my waiter seemed to have a lack of knowledge about the menu items. Overall, my experience was not good and the next time I am in the area, I will chose another hotel for my stay.
",1,1
3122,"I had a very comfortable stay at the Hilton and would happily return. Check-in was quick and friendly, even though I arrived a little earlier than expected, and the front desk staff gave me useful recommendations for nearby restaurants. My room was spacious, quiet, and spotless, with a genuinely comfortable bed and plenty of outlets for working. I also appreciated the strong Wi-Fi and the large shower with good water pressure. Breakfast had a nice variety, from fresh fruit and yogurt to hot options, and the coffee was better than expected. The only minor issue was that the elevators were busy around checkout time, but it didn't affect the overall experience. The hotel felt well managed, welcoming, and convenient for both business and sightseeing.",1,1
3123,"How about this had reservation confirmation in hand and still had to argue with the registration desk about price on reservation. She tried to charge me price on bill they slide under your door. Sorry not on my watch! Then about this room you gave me I understand this place is old but for the price you charge how about some indoor plumbing! You take a shower and the tub fills with water will not drain this is absolutely redickulas for this being a Hilton I think you should step back and take a look at how this place is operating. Registration: Fail Parking price: Fail Plumbing: Fail Thank you Hilton for for my super 8 experience in Chicago.
",0,0
3124,"My stay at the Hyatt was frustrating from the start. The room faced a busy intersection, and even on the 18th floor I could hear traffic, sirens, and late-night voices well past midnight. The view was mostly parking garages and office buildings, hardly what I expected for the rate. The mattress felt worn and the air conditioner clicked on and off constantly, so I slept in short stretches rather than actually resting. I booked two nights for a quick break, but by the second morning the stay felt far too long. Staff were polite, but a delayed response to my request for extra towels did not help. The lobby looked nice, yet the room itself felt dated and not worth the price.",1,1
3125,"I was attending a training conference in Chicago and opted to book my own room thru one of the online discount programs rather than stay at the rather sterile and pedestrian hotel where the conference was being held. I booked 4 nights at the Intercontinental and was pleased with the elegance and convenient location (an easy walk to the conference). From the lobby to the rooms, this hotel lives up to it's storied reputation. (The indoor pool seems to be imported from the set of a Busby Berkeley movie!) And even tho' I was there for a conference, the hotel's location on the Mag Mile and a quick jaunt to restaurants and theaters, made for a very pleasant stay at a very affordable price. 
",0,0
3126,"We booked the Knickerbocker for a quick anniversary getaway, and honestly, it was over far too soon. The room was spotless--crisp white linens, gleaming bathroom fixtures, and not a speck of dust on the windowsill overlooking the bustling street below. I slept like a log, thanks to the blackout curtains and the surprisingly plush mattress that cradled my back after a long day of walking. The bed was so comfortable I almost wanted to extend our stay, but the weekend flew by. Given the prime location and the attentive staff who remembered our name each morning, it felt worth every penny. My only regret is not booking a third night.",1,1
3127,"The Hilton Chicago boasts to be one of the greats but falls into a cliche of a hotel. There are many different rooms with a supposed array of choices from King with two bathrooms, Lakeside view or suites. It only looks good on paper that is until you get your bill. You will pay a huge fee for what seems like a nice upgrade but gives you nothing in return! The staff is nice but when I stay at a hotel I do not go out of my way to seek out the staff. The casual dining atmosphere might be nice for a college couple looking for a getaway but it will not be cheap. Next time I stay in Chicago I will be looking elsewhere.
",1,1
3128,"I recently stayed at the Swissotel Chicago with my husband and two children. While the room was comfortable, I did not think that it was the best choice of hotel for those with children. The main reason for this was the dining. While the in house restaurants had children's options, there were not any other dining options that were a bit more informal. Anyone with children knows that you don't want to take them to a sit down restaurant at certain times. This was especially true since we were traveling. We arrived at the hotel with tired children in hand and wanted to eat a quick meal and then put them to bed. However, our only real options on location were these fancy restaurants. This was certainly not the most family friendly of options for a hotel with a kid friendly package.
",1,1
3129,"I had a very pleasant two-night stay at the Omni during a quick Chicago visit. My room faced Michigan Avenue, and the city view was especially nice at dusk when the buildings and traffic lights came on. Despite being so close to the activity outside, the room stayed surprisingly quiet; I only noticed street noise when I opened the curtains and listened for it. The bed was comfortable with crisp sheets and supportive pillows, and I slept through both nights without waking up. The bathroom was roomy, spotless, and had a strong shower with plenty of hot water, plus enough counter space for my toiletries. Staff at the desk were friendly and efficient, and the location made walking to restaurants and shops very easy.",1,1
3130,"Perfect location for sightseeing--steps from the station yet whisper-quiet. The bathroom gleamed with modern fixtures, and our spotless room felt fresh, not frumpy. A truly effortless, comfortable stay.",1,1
3131,"I expected more from Swissotel given the rate and its reputation. My room faced the river, but the view was mostly blocked by neighboring towers and construction cranes, hardly the relaxing skyline I had imagined. The decor looked tired: faded carpet, dark wood furniture, and a television that felt several generations old. Worse, the room was far from quiet. I could hear elevator traffic, doors slamming, and conversations in the hallway well past midnight. The bathroom was clean enough but cramped, with weak water pressure, a chipped vanity, and little counter space for toiletries. Staff handled check-in efficiently, but they seemed uninterested when I mentioned the noise. For the price, the stay felt dated and impersonal.",1,1
3132,"I booked this hotel for a business trip since I was able to get a $129 rate on Travelzoo and figured I'd save my company some money. I had also read excellent reviews on TripAdvisor. I had a guaranteed and confirmed room reservation for two nights in November. When I arrived in Chicago at 7:30pm I decided to go to dinner prior to checking in so called the hotel to request a late check in and was told 'no problem.' When I arrived at the hotel at 11:45pm I was told they didn't have a room for me and that I'd have to move to the Four Points Sheraton which they paid for. It was a major inconvenience to have to move and completely unacceptable that my confirmed room was given away. I was told that they overbooked and didn't get as many cancellations as they expected. I did check into the hotel the next day and once there did have a good experience. I would recommend staying here but do ensure that your reservation is indeed confirmed and avoid any late check-ins or you might not have a room! The 'experience designers' were great and very helpful. The rooms were very nice and comfortable (felt like home). The breakfast could stand to add on some bagels for the 'healthy factor.' It was nice that they did have fruit. I think that once the kinks are worked out that this will be a great hotel--they just need to get the basics down!
",0,0
3133,"The Chicago Hyatt Regency deceptively alters the cancellation policy by charging the full room rate upon cancellation--ie the room cannot be cancelled. I recently booked over the phone a one night stay directly with the hotel. The reservation specialist mentioned over the phone there was a 72-hour cancellation policy. However, when I tried to cancel the reservation within that timeframe, Robert, the reservation supervisor, said that the room could not be cancelled at any time without charging full price for the room. He said that I should refer to the confirmation e-mail that states at the bottom that prepayment is required at time of booking / non-refunable. This clearly was not what was agreed to over the phone. I told him to cancel without being charged. In response, he threatened to cancel and charge me for the full stay. Why would someone cancel if they are going to be charged full price? The bottom line is the hotel deceptively changed the terms of the agreement, and Robert should go back to customer service school!
",0,0
3134,"We had a really fun weekend at Hard Rock. The lobby has the music-and-memorabilia vibe you expect, but it never felt overdone, and the front desk team got us checked in quickly despite a busy Friday evening. Our room was spotless, comfortable, and surprisingly quiet once the door was closed. The bed was excellent, and I appreciated having enough outlets and counter space to actually unpack a little. We grabbed drinks at the bar one night and the bartender was friendly without rushing us. Location was also convenient for walking to restaurants and nearby attractions. The pool area got crowded in the afternoon, so go earlier if you want a lounger, but that was the only small downside. I'd happily stay here again.",1,1
3135,"When my sister got married last summer, our stay at the Sheraton Hotel was delightful! Billy and the kids and I were exhausted after the long flight from San Francisco, so it's a good thing that we found the perfect place to relax! The kids ADORED the indoor pool, Billy couldn't stop talking about the beautiful jogging path, and I even pampered myself by taking advantage of the massage therapy before the big day. The reception dinner at Shula's Steakhouse was fun and delicious. I would definitely recommend this hotel to any one who is in Chicago for an extended visit!
",1,1
3136,"I recently stayed at the Sheraton Chicago Hotel and Towers and there is no way I'll be going back. Check in took a long time as there many people arriving for a conference and only a single staff member at the reception desk. My room itself was barely passable - the bathroom seemed to need a good cleaning and the room itself looked like it had seen better days long before I ever was here. For the price I was paying, you'd think they'd allow access to the work out facilities, but they wanted an outrageous PER DAY charge! Top it off with the small pool and no hot tub and you won't want to be spending any time here at all. To top it off, the promised discount rate wasn't honored at the end of my stay, despite being assured that all was well at check in! I ended up arguing with the manager about it when I was checking out - since I had to catch a flight, no resolution happened and as of yet, I'm still waiting for responses to my calls and letters. Chicago has a lot better hotels to offer and for the price per night I paid, it wasn't worth it. Even the Shula's wasn't enough to make me want to return here.
",1,1
3137,"Stayed here for three nights and left genuinely puzzled by the good ratings. The bed was comfortable, I'll give them that, but the noise was relentless--thin walls meant I heard every door slam and hallway conversation from 6 AM onward. The 'city view' turned out to be a brick wall and a vent. Breakfast was chaotic, with lukewarm scrambled eggs and coffee that tasted burnt, plus staff who seemed annoyed when I asked for more pastries. The air conditioning unit rattled all night and the room never really cooled down. When I reported a leaky bathroom faucet at reception, the woman just shrugged and said maintenance would come 'when possible'--they never did. For the price, I expected way better. The location is convenient, sure, but that's the only real upside. I've had friendlier service at budget chains. Won't be returning.",1,1
3138,"Our room at the Fairmont was spotless and the marble bathroom felt genuinely luxurious. Honestly, the weekend flew by too quickly. Pricey, yes, but for this level of comfort it was worth every penny.",1,1
3139,"My stay at Swissotel was brief, but it felt like exactly the right amount of time to unwind. The room was spotless on arrival, with fresh linens, a perfectly clean bathroom, and no dust or overlooked corners. I especially appreciated the quiet atmosphere; the bed was very comfortable and the blackout curtains helped me sleep deeply through the night. Breakfast was a real highlight, with a generous selection of fresh fruit, pastries, hot dishes, eggs, and good coffee. Staff kept the buffet tidy and were attentive without being intrusive. I would happily return for a longer visit next time.",1,1
3140,"I expected more from the Omni given the rate and location. Our room looked tired, with scuffed furniture and a loud air conditioner that cycled on all night. The bathroom was especially disappointing: the grout around the tub was stained, the shower pressure was weak, and there was barely enough counter space for two toiletry bags. We faced an interior courtyard and the 'view' was mostly neighboring windows and rooftop equipment, so keeping the curtains open felt awkward. WiFi technically connected, but it dropped repeatedly and was too slow for a video call. We only stayed one night, yet the experience somehow felt longer because of the poor sleep and several small frustrations. Staff were polite, but not enough to make me want to return.",1,1
3141,"Despite the convenient location, the Sofitel was disappointing: traffic noise kept me awake most of the night, and the indifferent staff barely acknowledged our concerns.",1,1
3142,"Disappointing stay at the Talbott--the room felt dated, housekeeping missed basic details, and street noise kept us awake. For the price, I expected much better.",1,1
3143,"Very nice hotel, better than expected. The hot breakfast is great in the morning, but the Dinner at night goes above and beyond (even free wine!) The rooms are pretty good size, well furnished, and clean. I liked the view from my room. I used the fitness center and although did not have everything I would have liked, was adequate. I will say the pool is really nice and offers a pretty sweet view. The staff was friendly and helpful; being my first time in Chicago they were able to point me in the right direction and saved me some frustration. I would definitely recommend this hotel. 
",1,0
3144,"We booked the Fairmont for a milestone anniversary, expecting the usual grand experience. Instead, we got a study in faded glory. The lobby is still impressive, sure, but our room felt tired--scuffed baseboards, a bathroom door that didn't close properly, and a view of the concrete ventilation shaft. Housekeeping never replaced our coffee pods after the first day. We ate at the main restaurant one night and the duck was overcooked, served lukewarm, and the waiter vanished for twenty minutes. The pool area was packed and the water was cloudy. I get it, it's a big property, but for $700 a night, I expect attention to detail. No one ever asked if we were enjoying our stay. It was just transactional. We've stayed at better-run four-stars for half the price. I'd skip it next time and find something that actually cares.",1,1
3145,"We were hungry and tired when we checked into the Chicago Sheraton. The nice clerk at the front desk got us checked in efficiently and with a warm smile. He made us dinner reservations at Shula's (giving us time to shower and change) and arranged for a bellhop to take our bags up to the room for us - what service!! We enjoyed our steaks and the bottle of wine that was recommended by the waiter at Shula's - truly a lovely meal. When we returned to our room we were delighted to find that the towels had been replenished and the bed turned down! We enjoyed the view from our room before turning in and having a very restful night's sleep in an incredibly comfortable bed. KUDOS to the Chicago Sheraton for getting everything just right! 
",1,0
3146,"My daughter and I woke in the morning wanting to go swimming. When we arrived at the pool the water was covered by a white scum. I then attempted to use both of the phones at the pool, one white phone and one emergency red phone, to call the desk. Both were out of service!!!! I am glad there wasn't an emergency. As we were exited the pool area I ran into a hotel employee and told her about the problems and then asked her to call us when the pool was clean.... never heard back. One more thing, in our room the furniture was mostly child friendly except for a large metal and glass outdated coffee table. Within 30 minutes my 5 year old fell and hit her mouth and began bleeding. They need to update this piece of furniture.
",0,0
3147,"After reading the reviews on this hotel, I decided to book my stay for July 4th weekend here and I am glad I did, this hotel is absolutely beautiful. Our suite was gorgeous it is a very romantic hotel with big sit in picture windows. I do have 1 complaint. The bar is very boring and the resturant is not that great, but other than that I loved it. I would definitely stay there again. 
",0,0
3148,"Checked in after 4 PM only to find our room wasn't ready, and the front desk was indifferent when we complained. The air conditioning rattled all night, and the overpriced breakfast buffet was cold and stale. Not worth the hype.",1,1
3149,"I expected more from an Omni, especially at this rate. The location was convenient, but almost everything else felt tired and poorly managed. Our room had a strong musty smell when we arrived, and the air conditioner rattled loudly enough to wake us during the night. I called the desk twice about it; someone eventually came up, looked at it for a minute, and said maintenance would check it later. They never did. The bathroom was not especially clean either, with hair around the tub and an empty tissue box. Check-in took forever despite only two people ahead of us, and the staff seemed more distracted than apologetic. For a supposedly upscale hotel, the worn furniture and lack of follow-through were really disappointing.",1,1
3150,"Just got back from 2 days up in Chicago shopping with girlfriends. First time I have stayed at the Omni. I did so because I saw a $129.00 rate that included $25.00 of free food on Travelzoo. The three of us (55 year olds) all stayed in one suite with 2 double beds and a VERY comfortable pull out sofa. We had plenty of room. Food in the restaurant was great, service was outstanding from everone we came into contact with, early morning delivery of free coffee, juice and hot chocolate was fabulous and recommendations from the staff on where to eat, time of movies, shopping areas, etc was really helpful. Need I mention the outstanding location? Simply the best! We all decided that the Omni is our new favorite hotel. 
",0,0
3151,"Sofitel was wonderfully quiet at night, with a lovely city view from our room. The marble bathroom felt luxurious, and the comfort and service made the rate feel well worth it.",1,1
3152,"When I called to edit my existing reservation, I was placed on hold for 30 minutes! Finally someone came on the phone and said, 'Ill have to transfer you', so I was put on hold for another 5 minutes. When I finally did get to speak to someone, as I was going through my changes, I asked her to send me a revised copy of the reservation to which she huffed and acted very put off. Before she was able to disconnect with me, I said 'I have one more question' to which she replied 'I'm working at the front desk and I have customers waiting!' I thought, so am I not your customer? pathetic and rude. Hotel better find some better employees for their guests to truly enjoy their stay.
",0,0
3153,"We stayed at the Conrad for four nights over a long weekend and honestly I can't think of a single complaint. Our room on a high floor had a genuinely impressive view of the city skyline at night, and the bed was so comfortable I actually looked up where they buy their mattresses (turns out some things you just can't order). Housekeeping was discreet and spot-on every day. The location worked out better than expected since we could walk to a ton of restaurants and it's a short ride to the museums. One small thing that stood out was the front desk calling to check if our room was fine an hour after check-in, which has never happened to me anywhere else. Not the cheapest option in the city, but for an anniversary trip it was absolutely worth it. Would return without hesitation.",1,1
3154,"I had a wonderful two-night stay at the Fairmont for a quick city break. The lobby felt elegant without being stuffy, and the front desk team had us checked in quickly despite a busy afternoon. Our room was bright, exceptionally clean, and had a comfortable chair by the window that became my favorite spot for morning coffee. Wi-Fi connected immediately and was reliable enough for a video call and streaming in the evening. I slept extremely well on the plush bed; even though we were near the elevators, the room stayed remarkably quiet overnight. Breakfast was fresh and service was attentive without hovering. My only complaint is that the trip felt far too short--I would happily return and give myself another day to enjoy the hotel.",1,1
3155,"The Palmer's dated decor and thin walls made for a noisy night, though the room was clean. I was relieved the stay was only one night, as it felt disappointing overall.",1,1
3156,"The location was genuinely convenient, steps from the metro and a host of decent eateries, which made getting around painless. That's where the positives end. My room felt tired, but the bathroom was the real low point: the showerhead spat unevenly, the grout was dark and grimy, and the ventilation fan rattled all night. Breakfast was a sad buffet of lukewarm scrambled eggs, stale pastries, and coffee that tasted burnt. To top it off, the wifi dropped constantly, forcing me to hotspot my phone for work. I'm not sure what's changed, but this didn't live up to the brand's reputation. A serviceable mattress and friendly front desk staff couldn't rescue a stay that left me counting down to checkout. I'd only return if nowhere else was available.",1,1
3157,"Staying at the Sofitel was one of the less pleasurable experiences I have had in Chicago. Upon entering, there was no one offered to take my luggage so I was forced to carry it up to the check in desk. The front desk staff was not friendly or welcoming. The room was smaller than I expected and smelled of fake suede. I decided to have drink and some food in Le Bar and upon entering, I immediately noticed how dimly lit the room was. I could barely see the bartenders face. The drinks were alright and the food was sub-par compared to what I was expecting. After an hour, I was ready for bed so I returned to my room to lay down. The mattress was surprising stiff. The noise was higher than expected as well. Thankfully, it was only a one night stay.
",1,1
3158,"We just returned from a weekend at the Palmer House. We normally stay north on the Mag Mile but wanted to be closer to Soldier's Stadium and the Art Insitiute this time. We were able to upgrade to a suite upon arrival at half the price that we paid for a regular room at the Four Seasons two weeks earlier. What a suite!! It was huge. The basic living room, dining room and kitchen/wet bar area was one large room. Up to three additional bedrooms can be added by the use of connecting doors. All rooms were spotlessly clean. They even smelled good. Lovely soaps, robes, etc. Lots of large closets. The bathrooms were older but well maintained. Much better than the ones at the Four Seasons. The furniture was nice but worn in some spots. The beds and linens were excellent. Room service was fast. The food and service were great. The pool and workout areas were clean and well maintained. We had one small problem with a burned out lightbulb in one of the lamps. Maintaince arrived quickly with a new bulb. They wouldn't allow me to tip them!! Check-in was somewhat slow as the hotel has been sold out for several weeks. This is a very large hotel, so they have to move a lot of people and rooms. Also, the hotel does not have views as it is configured like an 'E'. All in all, the Palmer House is a good value for the money. 
",0,0
3159,"My stay at the Conrad was disappointing, especially given the price and reputation. The room looked stylish at first, but the furnishings felt worn and there were marks on the carpet and desk. Noise was another problem: voices and doors from the hallway carried clearly late into the night, and I could hear traffic despite being on a higher floor. Breakfast was expensive for what was offered, with lukewarm eggs, dry pastries, and a surprisingly limited selection; the coffee was the best part. The bathroom was clean enough, but the shower pressure kept changing and the grout around the tub needed attention. Wi‐Fi connected easily but dropped repeatedly during video calls, making work frustrating. Staff were polite, yet the overall experience did not feel like the level of service I expected.",1,1
3160,"Lovely stay at the Sofitel. Staff couldn't have been friendlier, the bed was one of the most comfortable I've slept in, and breakfast in the morning was delicious. Would happily come back next time I'm in town.",1,1
3161,"The wallpaper in the bathroom was peeling, and the plumbing groaned all night, making rest nearly impossible. Breakfast was a lukewarm buffet of stale pastries, and street noise bled through the thin windows without mercy.",1,1
3162,"I had a very comfortable three-night stay at the Hilton while in town for work. The lobby was busy in the evenings, but check-in was handled quickly and the front desk team was genuinely pleasant, even when I arrived later than planned. My room was quiet, clean, and had a good-sized desk where I could actually get some work done. The bed was excellent and the blackout curtains made it easy to sleep in after a long day. Breakfast had more variety than I expected, with fresh fruit, eggs, pastries, and decent coffee. I also appreciated having a gym that was clean and not overcrowded early in the morning. The location made getting around simple. I would happily stay here again.",1,1
3163,"My wife & I celebrated our anniversary at the Knickerbocker & could not have been treated better. Before we were out of our cab, our bags had been loaded on a cart & we were walked into the hotel by a doorman. The rooms were well appointed & the entire hotel staff was very friendly. This is a prime location for shopping, sightseeing or nightlife. 
",0,0
3164,"Stayed here for a long weekend and was genuinely impressed. The location is a huge win--we walked to the Louvre and the Seine in under ten minutes, and the metro was practically on the doorstep. The wifi was flawless throughout, even in the hallways, which was a pleasant surprise. Our room faced the inner courtyard, so it was wonderfully quiet, especially at night; I barely heard a peep. The decor felt more classic than cutting-edge, but it was tasteful and well-maintained, with plush carpets and elegant touches that didn't seem tired. The staff were attentive without being fussy. Breakfast was a lovely spread of pastries and fresh fruit. All in all, a very relaxing and convenient base, and I wouldn't hesitate to book here again.",1,1
3165,"I wanted to like Hotel Palmer because the location was convenient, but the stay was frustrating from check-in onward. The front desk seemed understaffed and it took nearly 20 minutes before anyone acknowledged us. Our room looked tired: scuffed walls, a stained chair, and a bathroom fan that rattled loudly all night. The air conditioning barely worked, so the room felt stuffy despite adjusting the thermostat several times. We also heard doors slamming and conversations in the hallway well past midnight. Breakfast was disappointing, with lukewarm coffee and very limited options by 8:30. When I mentioned the noise and AC at checkout, the response was polite but dismissive. For the rate charged, I expected a cleaner, better-maintained property and more attentive service.",1,1
3166,"Quite simply the Hyatt Regency Chicago is the business traveler's best friend. Recently I had to attend a seminar in Chicago and stayed at the Hyatt. To say I was impressed would be an understatement. Centrally located in the heart of downtown, the Hyatt has perfected the art of ultimate guest satisfaction. On arrival the staff goes into overdrive. They make you feel like you are the only guest in this huge hotel. The rooms are very big and elegantly furnished with 100 percent cotton linens. My room came equipped with flat screen tv, wi-fi and high speed internet. Room service was quite extensive and if it was not on the menu they went out of their way to accomodate you. There were also car rental on site as were restaurants, cocktail bar and a 24 hour dining room. They have state of the art conference rooms with high tech features. There is also catering and limo service. The staff is multilingual and the concierge service is very professional. All in all they will pamper you from head to toe and other parts in between. This hotel is definitely worth the price and I will definitely return not as a business traveler but as a tourist who wants to be pampered. My only regret? That I could not stay much longer. 
",1,1
3167,"Our window faced a dull brick wall, and the weekend somehow dragged on. For the price, Hotel Allegro felt underwhelming, especially with Wi-Fi that barely connected.",1,1
3168,"Great front desk staff, the rest of the experience was dreadful. The room service staff have to be among the most poorly trained I have ever encountered. We had to ask FOUR times for the staff not to slam the supply closet, adjacent to our room (almost in the room itself). They do these random room checks for the minibar, as if the entire budget hinged on the sale of a can of $9 peanuts. The roomservice is also equipped with walkie-talkies as loud as megaphones. If you like sleeping in on your vacation, don't stay here. Also, the hotel was under massive construction, a detail that was conveniently excluded from the website. SO we had to take the elevator with construction workers just about every time we used it. No discount because of the work and noise. I'd rather sleep in a box in the alley.
",0,0
3169,"I expected more from the Omni given the rates and downtown location. Our room looked tired, with scuffed furniture, a stained chair, and a bathroom fan that rattled loudly whenever the light was on. The bed was fine, but the air conditioner cycled all night and made sleep difficult. Check-in took nearly 25 minutes because only one person was working while a line formed behind us. When I mentioned the noise the next morning, the response was polite but no one followed up. Housekeeping also skipped our room despite the service request being on the door. The location was convenient, and the lobby is attractive, but those positives did not make up for the lack of attention. For the price, I would choose another hotel next time.",1,1
3170,"I had a very pleasant stay at the Hyatt and felt the experience was worth the price, especially considering the central location and consistently helpful staff. My room was bright, clean, and more spacious than expected, with a comfortable bed and plenty of outlets near the desk. The bathroom was spotless and modern, with good water pressure, soft towels, and a walk-in shower, although counter space was a little limited. Wi-Fi connected quickly and stayed reliable throughout, including during video calls and streaming. Despite being near a busy road, the room was surprisingly quiet at night; I only heard occasional hallway noise in the morning. Breakfast was fresh and convenient, and check-in was efficient. I would happily stay here again.",1,1
3171,"We booked the Allegro based on photos that must have been taken a decade ago. The hallway smelled like old cigarettes and fried food, and our 'renovated' room had a bathroom door that wouldn't close and a view of a brick wall. The bed was so lumpy we both woke up sore.

Breakfast was a disaster. The scrambled eggs were watery, the coffee was lukewarm, and the staff seemed annoyed that we even asked for more orange juice. The pool was advertised as heated, but it felt like an ice bath, and the lounge chairs were cracked and stained.

Honestly, the only thing that worked was the air conditioning. For the price we paid, this was a huge letdown. I'd recommend spending a bit more elsewhere--you'll get a much better experience for just a few extra euros. We left feeling ripped off and exhausted.",1,1
3172,"when we arrived the check in process was fairly quick, however the staff seemed in a bad mood all around. they seemed as if we were taking up their time. when we got to the room we tried to use our personal computer to look for attractions, and after having to pay $10 a day for wifi it was a total waste of money the speed of the internet was extremely slow. the free workout area was also not up to our expectations but since it was free we didnt complain. overall we would never stay at this hotel again and we do not recommend it.
",1,1
3173,"Fairmont Chicago delivers a classic, refined stay rather than cutting-edge style--the lobby's marble and warm wood feel timeless, not tired, and our room's furnishings were well-kept even if the palette leaned traditional. The Wi-Fi was rock solid throughout, easily handling video calls from the desk by the window. Breakfast in the main restaurant was a highlight: the made-to-order omelet bar was quick, and the fresh pastries and strong coffee set us up for a long day of sightseeing. Being steps from Millennium Park and a short walk to the Riverwalk made mornings effortless, and the doormen's transit tips saved us time. Staff were consistently courteous, and the pool was a bonus after a hot afternoon. A dependable, polished choice--I'd book again if returning to the Loop.",1,1
3174,"Our two nights flew by--I wished for one more lazy morning. The room stayed blissfully quiet despite downtown buzz, and the wifi never stumbled. Breakfast's scrambled eggs and fresh pastries hit the spot, making the whole stay feel effortless.",1,1
3175,"The International Chicago Magnificent Mile is shrouded in glamour, but underneath the facade fades away. The 'classical architectural landmark' should be translated to 'old and boring. I found this hotel via Google and have regretted it ever since. Room size was small and unaccommodating, and that was one of the newer rooms! Everything was free except for the gym (why that wouldn't be free with the price I paid I don't know). This hotel is overpriced for the quality and size of the room that you get, and I would not recommend staying there.
",1,1
3176,"Hotel Allegro was a great base for a long weekend downtown. The lobby has a fun, theatrical feel without being overdone, and the front desk team was genuinely friendly when we arrived late after a delayed flight. Our room was compact but thoughtfully arranged, with a very comfortable bed, good blackout curtains, and enough outlets near the desk to get some work done. I also appreciated that it was quiet at night despite being so close to the theaters and restaurants. We walked to the river, the Loop, and several shows with no trouble. The only minor issue was that the bathroom counter space was limited, but everything was spotless and well maintained. I'd happily stay here again for the location and welcoming service.",1,1
3177,"Our stay at the Fairmont was genuinely lovely, with a beautiful room, exceptionally comfortable bed, and warm, attentive service. The location made exploring easy, and we would happily return.",1,1
3178,"We stayed at the Hotel Amalfi for four nights and honestly couldn't have asked for a smoother getaway. The location is ideal--just enough off the main strip to avoid the racket, but a two-minute stroll gets you to the beach and all the little trattorias. What really stood out was the staff; they remembered our names by day two and went out of their way to book a last-minute boat trip when the tour we wanted was sold out. Our room had a small balcony overlooking the lemon groves, and the scent drifting in each morning was pure bliss. The breakfast spread was generous, with fresh pastries and excellent espresso. Sure, the decor leans a bit traditional, but it's spotless and comfortable. We left feeling genuinely rested and a little sad to go--that says it all. Would absolutely return.",1,1
3179,"We'd expected more from a property with this reputation. The room itself was fine at first glance, but sleep was impossible both nights thanks to the elevator bank directly through the wall--we heard the mechanical whine every few minutes until 2 a.m. Breakfast was the real letdown: $34 for a buffet where the eggs were rubbery, the fruit clearly came out of a can, and the coffee tasted burnt. Our bathroom had a persistent damp smell, and the shower drained so slowly I was standing in an inch of water by the end. The 'view' we paid a premium for? A mostly obstructed look at an air conditioning unit and a slice of roof. Staff were polite enough, but politeness doesn't fix a stay this pricey that delivered this little. Won't be returning.",1,1
3180,"Great breakfast spread, but the weekend felt way too short. The wifi was flawless for streaming, and the city view from our 15th-floor room was stunning at night.",1,1
3181,"I recently stayed at the Omni Chicago Hotel and it was awful. When I arrived my room was not ready. Two hours later when it was finally cleaned, I entered and saw they they had not brought the cot that I had requested for my son. I asked for it again, but they never brought it. My mattress was uncomfortable, and I did not like sharing it with my son. The AC did not even work and it was terribly hot in the room. The next morning we ate the continental breakfast before leaving, and it too was bad. There was cereal, low quality yogurt, and burnt flavorless muffins. I would not recommend this hotel to anyone.
",1,1
3182,"Breakfast was a lovely spread of fresh pastries and made-to-order eggs, well worth every penny. The room felt so cozy that my one night here flew by, though the reliable Wi-Fi kept me connected for late work.",1,1
3183,"I think the Sofitel Chicago Water Tower is a upscale place.I had my wedding there and it was the best of the best.The staff was so helpful and made me feel confident that my wedding would be a success. The chef prepared a lavish sit down dinner with appetizers and desserts.They also had a wonderful pastry chef who baked my wedding cake.The tables were decorated in very good taste and could not be more perfect.The bar was also set up the way I wanted it and even had a champagne fountain. My guests had a wonderful experience with their stay at the hotel and felt pampered.The rooms were like suites with a mini bar.They had terry cloth bathrobes in each bathroom. If you are looking to have a wedding in the Chicago area look into having it here you will not be disappointed!
",1,1
3184,"This hotel allowed me to experience the best of Chicago. The central downtown location was perfect for me and my boyfriend to come and go as we pleased, whether during the day or at night. It was a great get-away spot for me to relax away from work. Probably one of the best beds I've ever slept on. The Italian food that they served at Harry Carey's reminded me of when I lived in Italy. Overall a completely amazing experience. I can't wait to book my next stay here.
",1,1
3185,"Just returned from the James Hotel after staying at the Park Hyatt. I have stayed at most Chicago Hotels: Pennisula, Four Seasons, The Ritz, Fairmont etc. Had heard a little about the James and the Primehouse at the James. We paid MORE for the room at the James then at any of the above mentioned hotels. What a disappoitment! The room we stayed in had 2 double beds. The toilet broke and overflowed, the tub didnt drain while showering and the HUGE bathroom door that was almost too heavy to close broke several times. The closet had no door but a curtain to close and no drawer space for clothes at all. The room was very small and non descript. Much like staying at an IKEA but without the color. Windows to outside terribly dirty and the elevators dirty and small. The staff however was top notch and exceptionally helpful and friendly. The room had a huge 52' plasma TV that was nice. There is NO way this hotel is 4 star yet. The room rate close to $500.00 a night was WAY of of line. We paid more here than any of the above mentioned hotels. The rate should have been about half of that.
",0,0
3186,"I had a very enjoyable stay at the Omni. From check-in onward, the staff were warm, professional, and genuinely helpful without being overbearing; they quickly arranged a late dinner reservation and offered useful local suggestions. My room was comfortable and spotless, with a surprisingly peaceful view of the city skyline and river from the higher floor. The decor felt fresh and polished rather than dated, especially in the lobby and bathroom, though the room still had a pleasantly classic character. The bed was excellent, and everything I needed was close at hand. My only complaint is that the stay felt far too short--I had just settled in when it was time to leave. I would gladly return for a longer visit and recommend the hotel to both business and leisure travelers.",1,1
3187,"Stayed here for four nights on a work trip, and honestly, the Intercontinental more than lived up to its name. The lobby is grand without feeling stuffy, and the check-in process was smooth even though we arrived a bit early. They held our bags and texted us the moment the room was ready, which was a nice touch. The room itself was quiet, well-insulated from street noise, and the bed was genuinely comfortable--I slept better here than I do at home most nights. The pool area is worth a visit even if you aren't swimming; it's got that old-school charm that makes you feel like you've stepped back in time. Breakfast buffet was pricey but generous, with made-to-order eggs that weren't overcooked. Staff were consistently friendly, from the valet to the housekeeping team. Would happily book again.",1,1
3188,"Really enjoyed our weekend at the Conrad. The room was quiet and beautifully finished, bed super comfy, and the concierge got us a last-minute dinner reservation when everything nearby was booked. wouldn't hesitate to come back.",1,1
3189,"Absolutely loved my stay at Hotel Allegro. The location is unbeatable--right in the theater district, so we walked everywhere and never touched the car after parking. The lobby has this quirky, artsy vibe that feels more boutique than chain, and the staff genuinely seemed to enjoy their jobs. They upgraded us to a corner room with tall windows and a surprisingly comfy king bed; the pillows were perfect. Yes, the bathroom is small and the walls are a bit thin (we heard the elevator ding all night), but the nightly live jazz in the lounge more than made up for it. The blackout curtains worked wonders, and the in-room coffee was actually decent. For the price and location, this is a solid, character-filled pick--I'd book again in a heartbeat.",1,1
3190,"I really wanted to like Hotel Allegro, and the location near the theaters is genuinely convenient, but that's about where the positives end for me. Check-in took forever because there was only one person at the front desk, and while she was polite, she seemed completely overwhelmed. The room itself was tired--worn carpet, a bed that dipped in the middle, and a bathroom that had clearly seen better decades. Housekeeping didn't come until almost 5 PM, and when I asked for extra towels, it felt like I was putting someone out. The noise from the hallway was constant; I could hear every door slam and conversation. I get that it's an older building, but for the price, I expected better upkeep, maybe some attention to detail. It's a forgettable stay, and I won't be rushing back.",1,1
3191,"I expected more from a Sheraton, especially for the price. Check-in took nearly 30 minutes even though there was only one person ahead of me, and the front desk staff seemed distracted rather than apologetic. My room looked tired: stained carpet near the window, a rattling air conditioner, and a bathroom fan that ran loudly all night. The bed was comfortable enough, but the walls were so thin I could hear hallway conversations and the TV next door. Breakfast was overpriced and lukewarm, with empty trays left unfilled for a while. The location was convenient, but that was really the only positive. I mentioned the noise at checkout and got a polite nod, nothing more. Disappointing stay overall.",1,1
3192,"We stayed at the Omni between Christmas and New Year's in 2008 just to get away for a few days. We found it through web deals and got a penthouse suite very cheap. So this year we checked online just a day or so after Christmas and the deal was there again. It also included parking at the great price. Huge suite overlooking downtown Chicago. Best location to walk EVERYWHERE. My 12 and 11 yr olds loved swimming at night and the chocolate cookies on their pillows. Can't wait to go back. 
",0,0
3193,"Booked a Deluxe room for a three-night city break and left feeling thoroughly underwhelmed. The photos online are far more flattering than reality. Our room was tired, with stained carpet near the window and a bathroom that desperately needed regrouting. We asked for a quiet floor but got one facing the main road, which meant sirens and traffic noise until well past 2 AM. The air conditioning was either freezing or nonexistent, and the thermostat seemed to have a mind of its own. Breakfast was chaotic; the scrambled eggs were watery and the coffee tasted burnt. Staff were polite but overstretched, taking twenty minutes to bring extra towels. On the second night, the minibar wasn't restocked despite asking twice. For the price, this is nowhere near the standard you'd expect. It's acceptable if you're just passing through, but I wouldn't recommend it for a special occasion. Disappointing overall.",1,1
3194,"My one-night Hilton stay felt oddly drawn out; the cramped bathroom had worn grout, the view was a parking garage, and breakfast was lukewarm with little selection.",1,1
3195,"OK, we are back from the Knickerbocker and I would give it the best rating. I can't believe the bad reviews. I got a priceline deal, and I still got a fine room, clean, up-to-date furnishings (OK a little traditional for my taste) and smoke free. Someone said in another thread that some people write prank reviews. I think such people should get a life because people want to read the truth. Here it is from my point of view. Both rooms on 10th floor. Regarding the size of the rooms. We had two rooms. One was a 2 double bed room. It was about 20' x 15'. Each double bed had valences that were kind of mini-canopies. The furniture, bathroom tile, shower (no tub), wall paper and paint had been done in the last few years. A Chinese inspired cabinet held TV, coffeemaker, ice bucket, and mini-bar. Three separate levels (TV, ice/coffee, and minibar) The other room was called 'Queen executive'. This one had queen bed with more of a canopy than valence, sofabed, two TVs and terry bathrobes. Also about the same size but different configerations. One TV faced the bed, other in the three level cabinet, the sofabed. Smoke in the lobby. There is a bar to the right of the entrance. It is an open arrangement so that I am sure the smoke comes from bar to entrance door. No smoke smell in no-smoking rooms. Cost of rooms $75 on priceline plus taxes. Very good value one block from N. Michigan Ave. Only complaint. Concierge said that the free trolley didn't go down Michigan Ave to Field Museum/Museum complex when in fact it does. Was this ignorance? or trying to throw more business to taxi? Either case, not good. He said at this time of year free trolley only goes to Navy Pier during winter....which is clearly incorrect. 
",0,0
3196,"The Omni Chicago really delivers on all fronts, from the spaciousness of the rooms to the helpful staff to the prized location on Michigan Avenue. While this address in Chicago requires a high level of quality, the Omni delivers. Check in for myself and a whole group of people with me was under 3 minutes, the staff had plentiful recommendations for dining and events, and the rooms are some of the largest you'll find at this price range in Chicago. Even the 'standard' room has a separate living area and work desk. The fitness center has free weights, weight machines, and two rows of cardio equipment. I shared the room with 7 others and did not feel cramped in any way! All in all, a great property! 
",0,0
3197,"Expected much more from the Hotel Ambassador. The room smelled stale, the air conditioning barely worked, and the front desk staff seemed annoyed by every request. Breakfast was cold and overpriced. Won't be returning.",1,1
3198,"After a recent stay at the Talbott Hotel in Chicago, I left the city with an empty pocket book. I had booked a package deal online and although the service was absolutely terrific, i didn't realize some of the amenities i was paying for included personalized key cards and room service menus. I could have done with out my room key having my name printed across it as well as the menu. When did my name printed on things become an extra amenity that cost so much money? I basically felt overcharged for the so called 'extras' included in the package i purchased. One other thing, the traffic was pretty horrible and checking in seems like it could have somehow been made simpler.
",1,1
3199,"I booked the Ambassador expecting a quiet, central base, but between the rattling elevator shaft and the street-level bar's bass thumping until 2 AM, I barely got three hours of sleep. The room itself was clean enough, but the walls were paper-thin--I could hear the neighbor's TV news and every flush. The staff seemed overwhelmed and disinterested; my request for a fan to mask the noise was met with a shrug and a promise that never materialized. Location-wise, you can't beat the walk to the main square, but that's about all it has going for it. Check-in took twenty minutes, and the front desk didn't even acknowledge my loyalty status. I left more exhausted than I arrived, paying a premium for a night that felt like a dormitory. Unless you're a heavy sleeper or bring earplugs, I'd look elsewhere. Disappointing all around.",1,1
3200,"Stayed at the Chicago Affinia Dec 10 thru Dec 12 and was very impressed with the staff, the room, and the location. Close to shopping and the pizza place next door was great. Of course, there were many other restaraunts nearby as well. I had a little trouble figuring out the heat, but it was fine once I learned how to set it. They were working on the hotel, so we got a great rate. But the work never bothered us. The room was great, with the walk-in shower in the spacious bathroom a wonderful surprise. I would definately stay here again and would recommend to others. 
",0,0
3201,"Outmoded and worn furnishings combine with some poor original design choices to produce a drab place to stay. This hotel's five-star rating needs a downgrade! When I visited this hotel 14 years ago, The Fairmont was among the classiest brands. No more. My 29th floor room was expansive, but dark -- only one small window and one light was not working. The upholstery was frayed, the bathtub faucet produced only a trickle of water, and the room's door didn't close unless you pulled on it in a certain way. Worse, the management has filled the room with price lists and displays of things to sell you, with one set of snacks even in a large tacky plastic case on the dresser. It was like sleeping in an old vending machine, but when I looked for a pen to take a phone message, there was none to be found. Other reviewers remarked that this hotel 'needs updating,' but I think some of the original design choices are also to blame. For instance, someone decided to place a series of heavy doors in strange configurations. I couldn't sit on the toilet without leaving the door to the toilet cubby open -- the space wouldn't accommodate my legs. (I am not unusually tall.) There are so many great hotels in Chicago that deserve five stars, that the Fairmont shouldn't be able to compete. See my profile for better ideas. Niftyc
",0,1
3202,"The Hilton's lobby felt fresh and modern, though the room's carpet showed some wear. Still, the spotless bathroom and sweeping skyline view made it well worth the rate, even if not a steal.",1,1
3203,"Thanks Sheraton Towers for the invite to enjoy your indoor pool while a guest at your hotel recently. I did not know that the skyline of Chicago could be so beautiful or an afternoon at the pool so enjoyable. I'll be back soon and look forward to a seeing Chicago again.
",1,1
3204,"We attended a Bachorette Party in Chicago in Aug 2005. There were 10 girls total. We had 5 rooms ... and I did not hear one complaint from anyone during our entire extended weekend. Never been to Chi-town before, I booked our hotel based on reviews from TA. And we were not disappointed. The staff is wonderful, the happy hour was just fabulous. The room was nice and clean, with a great double headed shower and Aveda products was an extra bonus! Then you also get free internet in your room! The hotel was chic and hip without the pretentiousness. We still talk about what a wonderful time we had ... and we all agree that if we ever go back to Chicago we will be staying at the Amalfi again. Trust me the pics don't do it justice! 
",0,0
3205,"Just returned from a week in Chicago with the family. This hotel was perfect for us. Location is great, kids loved the pool as a place to wind down after a day of museums, touring, ball games, etc. We checked in through Hilton Honors Desk as opposed to the regular check in line. Even though our reservations were through priceline at a reduced rate, they gave us a pick of the the rooms. The room had a large closet which helped with the amount of gear we had with us. Used valet parking which was hasselfree. We had a great experience and would stay there again. 
",0,0
3206,"Our stay at the Sofitel was definitely below our expectations. The staff was less than nice to me after I waited several minutes until I was noticed. At first, my reservation could not be found, so I was provided a spare room. The hotel was fairly neat. However, once we got to the room, and onto the bed, we found the bed to be noisy. Just sitting on it made a squeaking noise that was unpleasant. We immediately called down to the front desk and informed them of our concern. We were told to go back downstairs to settle things out. Once we got downstairs, we were provided with another room number. However, we had to wait half an hour for another room to be cleaned and prepared. For such a well reviewed hotel, I was highly disappointed with the amount of time I had to spend to get settled into a room.
",1,1
3207,"My room at Hotel James was the perfect mix of style and comfort--loved the dark wood accents and the plush bed. Staff were friendly without hovering, and the location made exploring downtown a breeze.",1,1
3208,"Loved our stay at the Hyatt. Room was spotless with a super comfy bed, and the front desk upgraded us just because we asked nicely. Location made getting around easy. Would happily book again.",1,1
3209,"If you love Brick Walls and Alleyways, then this view is for you. I asked for a room facing the river, I get a room facing a Brick Wall. That really pissed me off. From all the great reviews, I was expecting better. Before I came here, I stayed in a Hyatt in NYC, and that was awesome. There was nothing about the hotel that blew me away. The wine hour was ok. I was hoping there would be something better food, but I guess that's why it's a wine hour. I ordered room service one night. There wasn't really anywhere to eat it, so I had to eat it on my bed to watch tv. This was my first time coming to Chicago, and I think it will be my last. Just thoroughly disappointed.
",0,1
3210,"The Hard Rock Hotel Chicago has become my favorite hotel. I've stayed there at least 5 times now and have never had anything other than a wonderful experience. As you might have guessed - it has a super Rock & Roll theme, with some music paraphanelia in the lobby and on each floor's elevator lobby. The rooms all have large photo murals that are themed to different musicians. You can request being on the floor of your favorite band (like KISS, Aerosmith, etc...) The rooms are GREAT. Well appointed. SUPER Comfortable beds and luxurious sheets and wonderous pillows. The large TV has a cool sound system that ramps up the viewing experience. There's a spacious desk in each room with a mini bar. I've always had a room with big windows and a view down Michigan Ave (the hotel sits right on Michigan - a block from the canal). The bathrooms are furnished with absolutely great fixtures sporting a great design... some of the showers have windows in side of them (you can shower AND enjoy the view down Michigan!) or close the waterproof drapes. I've never had anything but a great experience with the staff here... front desk, doorman, etc are all great. There's a lobby bar that still feels intimate and has nice energy. Big screen TV to catch the latest scores, too. Of course, Rock & Roll music pumps thru the place. You can stay at a 'plain' hotel anywhere... but this is a GREAT, WELL DESIGNED, FUN and MEMORABLE HOTEL that you'll want to return back to. If I had one concern - it would be the rather crazy charge for parking your car overnight. My daily car parking rate was close to $50 per night, which I'm sorry to say is about the going rate in the loop. Stay here. Be cool. 
",0,0
3211,"Best hotel in an excellent location I stayed at the Sofitel Chicago Water Tower with my husband and kid as he came there for a Business purpose. My 1 year old kid was jumping on the bed and he really enjoyed the atmosphere of the room. The front desk people were too welcoming and the staffs were very friendly . The room service was also good. The room was very clean and the bathrooms are so good . I like the decor of the room. The French restaurant in Sofitel is so good and we both enjoyed the dining . I will surely prefer to stay in Sofitel on a next time travel to Chicago.
",1,1
3212,"We booked the Ambassador specifically because of the location, and honestly, that's the only thing that lived up to the billing. The lobby looks impressive in photos, but the reality is tired and worn. Our 'deluxe' room had a stain on the carpet that looked like old coffee, and the air conditioning unit sounded like a lawnmower every time it kicked on. We asked for a quieter room and were told nothing else was available, though the front desk clerk didn't seem particularly interested in helping anyway.

The bathroom had a cracked tile and the shower pressure was a pathetic drizzle. We tried the hotel bar one night, but the service was so slow we ended up leaving before we got our drinks. For the price we paid, this was a major letdown. It feels like a budget motel with a fancy coat of paint. I genuinely don't understand the positive reviews, and we will not be returning, nor will we recommend it to friends.",1,1
3213,"Spent three nights at the hotel for a girls weekend. The staff was wonderful, room was beautiful and location great. You can take the train directly from Midway and walk one block to the hotel. Very close to museums and restaurants. I have stayed here before and it always proves to be a great choice for a trip to Chicago. 
",0,0
3214,"The Amalfi Hotel in Chicago was by far one of the best experiences I've had. It definitely felt as comfortable as home with the all the luxuriance of a five star establishment. I had forgotten my favorite CD that puts me to sleep each night. When mentioning this in front of the Front desk clerk, she told me that they have a huge collection of CD's available for guests. Low and behold, they had my favorite CD!! Also, my laptop was not cooperating. Come to find out, they offer every guest full access to their amazing and fully functional business center! From now on, when visiting Chicago, I will ONLY be staying at the Amalfi Hotel!
",1,1
3215,Loved the rock memorabilia everywhere and the staff were genuinely friendly. Beds were super comfy and the pool area was a great unwind after a long day. Would definitely stay again.,1,1
3216,"Breakfast was lukewarm and sparse, street noise kept us awake, and the dated decor felt tired. Our room overlooked a bleak parking lot, making the stay even less appealing.",1,1
3217,The air conditioning barely worked and the hallways smelled like stale cigarettes. Staff were polite but painfully slow to respond when our sink clogged. Definitely not worth the premium price for such a worn-down room.,1,1
3218,"My husband and I stayed here for New Years eve weekend. This is an excellent hotel in an excellent location. Hotel is very tastefully decorated and warmly welcoming. The rooms had the best electronics I've ever seen. Loved that they had a soaking tub and a spacious shower stall. The hotel restaurant seemed to be empty everytime we walked by, so we avoided it too. Ate at Joe's across the street - excellent seafood. And you can shop til you drop without going outside! Nordstroms and four story mall is attached. Lots of good 'food on the run' places in there. Loved Chicago - loved the Conrad. I will go back! 
",0,0
3219,"I really expected more from a Hilton, honestly. The lobby looks impressive when you walk in, but that's where the good impression ends. Check-in took almost forty minutes because their system was down and nobody seemed to know how to handle it manually. My room wasn't ready until nearly 4pm despite a confirmed early check-in request. The room itself felt tired -- stained carpet, a bathroom door that wouldn't stay closed, and the AC rattled all night so I barely slept. Housekeeping skipped my floor entirely one day and when I called down, no one came. Breakfast was the biggest letdown: lukewarm eggs, ran out of coffee twice, and a fifteen-minute wait for a table even though half the restaurant was empty. Staff tried to be polite but everything felt disorganized and understaffed. For the price, I'd book elsewhere next time.",1,1
3220,"Affinia was a comfortable base for our city trip, with a friendly front desk and a quiet, roomy suite. The neighborhood made getting around easy, and I'd happily return.",1,1
3221,"I expected more from a Hyatt, honestly. The room itself was okay at first glance, but the bathroom was grimy around the tub edges, the showerhead sputtered inconsistently, and there was a persistent damp smell no amount of venting seemed to fix. Sleep quality was poor both nights -- thin walls meant hallway conversations and door slams came through clearly, and the AC unit rattled loudly every time it kicked on. To be fair, the location is genuinely convenient: right by the metro stop, plenty of restaurants within a five-minute walk, and easy airport access. But convenience alone doesn't justify the price. At nearly $300 a night, dealing with a musty bathroom and two rough nights of sleep felt like a bad deal. I won't be rushing back.",1,1
3222,"Loved the welcoming staff and spotless room at Omni; the bed was wonderfully comfortable, and the downtown location made dinner and sightseeing easy. Would happily stay again.",1,1
3223,"We stayed for two nights for a meeting. It is an upscale chain hotel and was very clean. The service was very good, as the hotel front desk employees were kind and knowledgeable. The rooms are decent sized and have soft mattresses. The restaurant has good seafood, but was a bit expensive. We would come back again. 
",1,0
3224,"Amazing! I was swept away when I walked into the hotel it was gorgeous. The staff was very nice and helpful the hotel was very clean, and the food was delicious. We stayed two nights and the first night we went to the Lockwood restaurant and we were blown away by the food. It has to be the best food in Chicago the atmosphere was very classy and warm and the wait staff was very precise. The decor in our rooms did not look like any hotel I had been at they were very elegant and inviting. I cannot wait to go back it is a true escape from daily life.
",1,1
3225,"The James Chicago Hotel is located right in the heart of the one and only, downtown Chicago. This wonderful hotel has many classy and down to earth boutique's, and the views are breath-taking. The hotel just has a warm feeling to it, and the hotel staff is more than excellent. This hotel is situated right across from the Magnificent Mile, and only minutes away from the world famous shopping, dining, and fun for all ages. The James is modern and luxurious. The James is definately a hotel that I would recommend and will go back to in years to come. 
",1,1
3226,"The Hotel Palmer is undeniably convenient, with shops, transit, and several restaurants within an easy walk, but that was about the only upside to my stay. My room looked as though it had received only a quick once-over: dust on the desk, crumbs near the window, and a stained chair that I avoided using. The bathroom was especially disappointing, with weak water pressure, a loose faucet handle, and mildew around the shower seal. Towels felt thin and worn, and the extractor fan rattled loudly all night. For the rate charged, I expected a comfortable, properly maintained room rather than something that felt tired and neglected. The central location saved some time, but it did not make this stay feel worth the price.",1,1
3227,"Stayed at the Sofitel Chicago Water Tower for 3 nights in early April 2007. Very convenient location just a block from all of the shopping on the Golden Mile. Good restaurant at the hotel serving a la carte breakfast different from the usual fare and with a nice French twist. Dinner at the restaurant was also good. Prices are reasonable. Room is comfortable, only problem was with a card access door lock that usually required several swipes before opening. Excellent service from the bellmen to the concierge and front desk staff. Would definitely stay here again if visiting Chicago. Concierge recommended a small van tour, which was excellent. However early April is too early to visit Chicago as popular activities such as the boat tour of the architecture of Chicago was not operating yet. 
",0,0
3228,"My stay at the Amalfi was a very brief one. I booked the hotel based on all of the glowing reviews I saw here on Trip Advisor. When I arrived, I sat down at a desk with an amazingly aloof clerk. I felt like I stepped into an episode of the Twilight Zone. The room was very small and dark. Then the Internet wasn't working. I wasn't informed about this on my check in and couldn't be given a time frame when it would be back up. I walked the neighborhood and found another hotel more to my liking, gathered up my belongings and went there. If you're one of those people who likes trendy upscale and chi chi locations and hotels, you'll lurve this place. But if you like a hotel with lights on, working internet and a good view and real breakfast, go someplace else.
",0,1
3229,"The Swissotel Chicago hotel aspires to be a tourist's paradise, a hotel so grand and luxurious that you'd rather stay than return home at the end of your trip. But is it really as magnificent as suggested? True, you can get a massage, the rooms have flat screen T.V.s and iPod docks, heck, there's even a gym. But the truth is, you're really paying much more for a few things you don't really need. The Swissotel attempts to lure you in with their illusions of grandeur, when really, all you're getting is a Holiday Inn style room with fancy wallpaper and the ability to play tunes from your mp3 player. Overpriced dining options are available at the Palm Restaurant. They claim to serve excellent lobster, yet what I ordered was the size of a craw fish, and left the taste of a burnt fifty dollar bill in my mouth. This hotel hides behind a velvet curtain, hoping their facade won't be revealed.
",1,1
3230,"Breakfast was lukewarm and sparse, hallway noise kept us awake, the cramped bathroom felt dated, and our 'city view' was mostly a parking garage.",1,1
3231,"Overview: --Overrated hotel in a premium location. The Great: --Location - walking distance or cheap cab ride to a ton of great restaurants, bars, and sights. The Good: --Inviting lobby, pleasant staff though a few were a bit snobby, in particular the night deskman. --Nice bathroom, comfortable bed and desk chair. The Mediocre: --Room (excluding bathroom) was underwhelming in design. --No kitchen or bar though they have limited room service from Harry Caray's across the street. --Free cocktails 5-7pm in 'lounge' is right idea with wrong execution; tiny little room packed with people and a line extending out the door. --Hot water (or lack thereof) - almost every morning my shower water temperature would waver between comfortably hot to lukewarm. Pressure is pretty low. --View - mine wasn't great but apparently some of the rooms are horrible. The Bad: --Free wi-fi / ethernet has inconstant speeds and required multiple logins every day, even when my computer wasn't moved - really aggravating. Same deal for my iPhone. I also got numerous vulnerability threat warnings from my Norton Anti-virus that makes me wonder how secure it is. --No blackout curtains! I had a corner room with a huge wrap-around window and awoke to bright sunlight every morning (not to mention a near total lack of privacy at night). Never had this issue in any hotel or motel I've ever stayed at. --Noise! - the hotel is sandwiched between a few different bars and the late night cacophony of yelling, bar music, trucks, car horns, and sirens is hugely distracting well into the early hours of the morning. I had to wear ear plugs despite being on the 5th floor. --TV had crappy HD signal with out of sync audio on every channel. And the remote was useless. --In room bar had standard inflated prices but the $7 bottle of Fiji water bedside was insulting. Don't even think of opening it; there's a 7-Eleven around the corner that sells exact same bottle for a fraction of the cost. Summary: --Not recommended. Looks much nicer in the website photos than it is. Rating on Yelp is bloated by at a least a star.
",0,0
3232,"This is an absolutely exquisite hotel, at a great location, and boasting superb amenities. I was here on a personal trip and really enjoyed being so close to the shopping on Michigan Ave. The hotel itself has a pleasant ambiance and the staff made me feel welcome and quickly responded to my requests for various items from the front desk. I appreciated the homey, well-designed interior and views of the city. It was also nice to have good food at my disposal late night so I didn't have to wander the city for my late night meal. This will definitely be my hotel of choice when I return to the city. 
",1,0
3233,"The Omni is really showing its age. The hallway smelled like old carpet and the air conditioner rattled all night, making sleep impossible. Staff were polite but offered little help. Definitely not worth the premium price.",1,1
3234,"My wife and I came to spend the weekend in downtown Chicago for shopping and we found this Conrad hotel well located close to everything downtown and of a size that doesn't make you feel lost in the Convention world. We have had this feeling when staying at larger hotels in the past. Our Suite has view on Michigan avenue with a bit of the Lake at the end. Staff was very professional, pleasant and friendly making us feel very comfortable. Internet is free n the rooms and I am making my review from there. 
",0,0
3235,"Upon arrival at the Ambassador East Hotel in Chicago, I was immediately impressed with the courtesy and attentiveness of the staff. From the moment we checked-in until we left; the staff, from the front desk to roomkeeping were extememly pleasant and accomodating. Since we had our two daughters with us, we booked the traditional double room. The room was very nice with comfortable beds and a great view too. It had plenty of room for the four of us--or should I say five of us. The girls did not want to leave home without ChiChi, our teacup Chihuahua. Fortunately, the Amabassador East allows small pets (with a pet waiver). That made everybody happy! The location is great as well. Conviently located. Easy to get to from Lakeshore Drive. Close to the museums. I'm looking forward to my next visit to Chicago. I'll be staying here again!
",1,1
3236,"Affinia looked tired, and our room smelled musty despite being 'upgraded.' The elevator was painfully slow, the Wi-Fi kept dropping, and the front desk barely acknowledged our complaints.",1,1
3237,"The hotel is beautiful. It is an excellent location. There was a few minor issues. The hotel is clearly geared toward the convention and business crowd. There were charges for almost everything, although I did not incur any of these. Our room was a little small for the class of hotel, but not overwhelmingly small. Not a true complaint, but the elevators were very slow. My comparison was that we stayed in an equally aged hotel in a different city during our trip, and the Intercontinental's were significantly slower. That's it, no more little nit picks. The staff was excellent, the doormen being the highlight. The hotel bar was also very nice. The hotel was immaculately clean. I would definitely travel to this hotel again. 
",0,0
3238,"The hype is all wrong for this place. Room was tiny, walls paper-thin, and the 'vibe' couldn't mask the stale smell and rude front desk. Paid a fortune for a headache. Never again.",1,1
3239,"Had a great stay at Hard Rock: breakfast had plenty of fresh choices, the price felt fair, Wi‐Fi was reliable, and I only wished we could have stayed longer.",1,1
3240,"My wife and I just returned from a 3 night stay at the Amalfi Hotel in Chicago and enjoyed everything about the Hotel. Most importantly our room was perfect with plenty of space, great jazz CD's in the room, wonderful bathroom and one of the most comfortable beds I've ever slept in. The staff was very helpful with every request. The Amalfi offers a great continential breakfast on every floor each morning with good coffee and a great selection of pastry's, fruit's and jucie's. We also enjoyed the managers receptions one evening where they offer a great choice of complementary cocktails and antipasta's for their guests. Would highly recommend this hotel. 
",0,0
3241,"The Talbott looked charming online, but our stay was more disappointing than expected. The room was a decent size and the bed was comfortable, yet it felt worn in places, with scuffed furniture, stained carpet near the entrance, and a bathroom fan that rattled loudly whenever the light was on. Housekeeping skipped our room one day, and when we called the front desk for fresh towels, it took nearly an hour to get them. Staff were polite but seemed overwhelmed, especially at check-in, when we waited well past the stated time. The location is convenient and the neighborhood is pleasant, but the price felt far too high for the level of service and upkeep. I expected a more polished boutique hotel experience and would not rush back.",1,1
3242,"Stayed here for a long weekend and honestly couldn't have picked a better spot. The staff at the front desk were super welcoming, even let us check in a couple hours early after a red-eye. Room was on the smaller side but immaculate, with a super comfy bed and blackout curtains that actually worked--slept like a rock. The mini-fridge and microwave were a lifesaver for late-night snacks. Location is the real winner, though: a quick walk to the Metro and tons of great food spots around Logan Circle. We did have a minor issue with the key card not working once, but they fixed it in under five minutes with an apology. Would absolutely book again for the value and convenience.",1,1
3243,"Hotel Monaco was a great base for a long weekend downtown. The location made it easy to walk to restaurants, shops, and the river, and we only needed a cab once. Our room felt comfortable rather than oversized, with thoughtful touches and a very good bed. The bathroom was especially nice: clean tile, strong water pressure, plenty of counter space, and enough towels for two without having to ask. Wi-Fi connected quickly and stayed reliable while I handled a few work calls and streamed in the evening. Despite being close to busy streets, the room was surprisingly quiet after 10 p.m.; we heard only faint hallway noise once. Front desk staff were warm and efficient. I'd happily return.",1,1
3244,"I recently stayed at this hotel not to long ago. Sure, it looks nice, but it's really just a smoke screen. I went to the clerk to check in and she was VERY rude to me. I was asking about nearby attractions and she abruptly cut me off to tell me that I need to go find a phone book and ask someone else. She also encoded my key wrong, so I had to have it redone. I finaly get to my room, only to discover it was a mess. The sheets were thrown on the floor, the curtains were wide open and to top it all off, the toliet hadn't been flushed. It was horrible. I called the front desk to have a maid come and fix it up, but I was told they were on break. Whatever thoguh, I cleaned up myself. The night progresses and I awaken to the sound of someone beating on my door. Some guy said that I was in HIS room. It baffled me, but we went straight down to the lobby and got it cleared up. They had given his the wrong room. I couldn't take one more day of all the bull. I checked out early the next morning and stayed at a different hotel for the remainder of my visit to Chicago. I would NOT recommend this hotel to ANYONE.
",1,1
3245,"I had a very pleasant stay at the Sheraton and would happily return. Check-in was quick and friendly, even though I arrived later than expected, and my room was spacious, quiet, and exceptionally clean. The bed was comfortable, with good-quality linens, and I appreciated having plenty of outlets near the desk. The lobby feels modern without being overly formal, and the staff were consistently polite whenever I needed directions or extra towels. I also enjoyed breakfast; there was a good variety of fresh fruit, pastries, eggs, and coffee, and the dining area never felt chaotic. The fitness center was well maintained, although it got a little busy in the evening. Wi-Fi worked reliably throughout my stay. Overall, the Sheraton delivered a comfortable, dependable experience with a few thoughtful touches that made it feel easy and relaxing.",1,1
3246,"The room was spotless with a plush bed, and the marble bathroom felt luxurious. Despite being near the elevator, it was surprisingly quiet. Breakfast offered fresh pastries and made-to-order eggs--a perfect start. I'd happily return.",1,1
3247,"Stayed here for a long weekend celebrating my partner's birthday, and honestly, we were both blown away. The guitar-shaped tower is iconic, of course, but the vibe inside is what really sets it apart. We had a club-level room with a strip view, and the sunset over the palm trees was unreal - totally worth the upgrade. The staff at check-in were super friendly, even though the lobby was packed, and they surprised us with a small cake and a handwritten note for the occasion. We spent most of our time by the main pool - it gets busy, but the DJ kept the energy up and the cabana service was quick. Cocktails were strong and pricey, but you expect that. Dinner at the Mexican spot on property was surprisingly solid. Location can't be beaten for easy access to the strip, but the soundproofing meant we slept like babies. Would definitely book again for a special trip.",1,1
3248,"This hotel was very overpriced for what you get from staying here. The Amalfi Hotel Chicago advertises itself as a 'luxury hotel' located in downtown Chicago. Since it is in downtown Chicago, that means that I had street noises keeping me up most of the night. My view also suffered. They had nicer rooms available with better views, but the markups to stay in them was outrageous! The room itself was decent, with clean linens and nice air conditioning, but I can get that in just about any hotel these days. There wasn't anything particularly luxurious about the hotel to make it a stand-out for me, but for the price I paid for the room, I certainly had that expectation. It was a let down.
",1,1
3249,"I stayed in the Homewood Suites in downtown Chicago last week, and I was extremely disappointed with my experience. The breakfast buffet was minimal and did not seem to be frequently restocked. I came downstairs about 30 minutes before the end of the breakfast period to find about half of the food options completely depleted. Also, the milk provided for the coffee and cereals was warm, having been kept out on the counter. I would have been better off bringing my own food! Also, the layout of the rooms is extremely awkward. I had to move the furniture around to be able to watch TV, and then move it back before I could make dinner or comfortably use the room in other ways. I could barely close the door to the bedroom past the corner of the bed. It just wasn't what I would expect from a Hilton-brand hotel suite.
",1,1
3250,"I wanted to like the Knickerbocker, especially given the price and the convenient Times Square location, but the stay was more frustrating than enjoyable. Check-in took nearly half an hour, and the front desk staff seemed rushed and uninterested in answering basic questions. Our room looked stylish in photos, yet it was surprisingly cramped, with barely enough space to open two suitcases. The bathroom had dusty shelves and a shower that fluctuated between hot and lukewarm. Street noise came through the windows late into the night, and housekeeping skipped our room one day without explanation. The rooftop bar has a nice view, but drinks were overpriced and service was slow. This hotel seems to rely on its name and location more than consistent service. I expected much better for the cost.",1,1
3251,"After staying at the Omni Chicago Hotel recently, I was nothing but disappointed. This 'luxury hotel' obviously spends too much money on their marketing to convince people how luxurious they are and not enough on actually making their hotel comfortable. When I arrived, my hotel room was devoid of towels, and after calling down to the front desk, it took three hours and two more calls to finally get some fresh towels delivered. On top of that, when I went to connect to the internet in my room, the wifi signal was too weak and I was forced to go out into the hall to connect with my laptop! For the exorbitant price they charged me for one night in their 'superior corner suite', I could have stayed a week at a Holiday Inn, and after this stay, I wish I had.
",1,1
3252,"The James was a great downtown base: quiet room, genuinely friendly front desk, and an easy walk to restaurants and the river. The bed was especially comfortable.",1,1
3253,"The Hilton looked impressive online, but my room was dated, the air conditioning barely worked, and housekeeping skipped us entirely. For the price, I expected a much smoother stay.",1,1
3254,"Homewood was a comfortable surprise--our room was clean and quiet, the bed slept well, and the staff made check-in easy. The complimentary breakfast was a nice start each morning.",1,1
3255,"I expected a much smoother stay at Homewood, especially for the price. Check-in took nearly 25 minutes because the front desk was unattended, and no one apologized once they finally appeared. Our suite looked tired: stained carpet near the sofa, a sticky kitchen counter, and a bathroom fan that rattled loudly all night. The bed was reasonably comfortable, but the hallway noise started early and the walls seemed paper-thin. Breakfast was disappointing too--lukewarm eggs, empty coffee containers, and very little seating. I mentioned the cleanliness issues at checkout, but the response was basically a shrug. The location was convenient, but I would not choose this hotel again.",1,1
3256,"We had a wonderful stay at Hotel Monaco. The room was spotless, with crisp white linens and a smell of fresh lemongrass the moment you walked in. The bathroom felt modern and luxurious, featuring a rainfall shower with excellent water pressure and plenty of fluffy towels. Our window faced the harbor, and watching the boats bob in the morning light was a genuine treat, even with the slight street noise. I was a bit worried the decor might feel old, but it's actually a clever mix of classic charm and updated touches--velvet chairs next to a sleek desk, that sort of thing. It felt thoughtful, not tired. The staff were all smiles, and the location made everything easy. Definitely a place I'd book again.",1,1
3257,"Great hotel!! The staff is very friendly and helpful. The room was in perfect shape, very clean and just a beautiful setup. I will definetly go to this hotel many more times when i am in the area! I would definetly recommend it!
",1,1
3258,"The InterContinental made our weekend feel special--spotless room, incredibly comfortable bed, and staff who remembered our breakfast coffee order. The location was perfect for walking everywhere.",1,1
3259,"A decent place to stay. The people are nice enough, yet the atmosphere was not what I was expecting. The rooms were not very spacious, nor welcoming. So many places to eat, yet the food was very pricey and average. I would stay here again possibly, but I feel like I could find a better option for a better price.
",1,1
3260,"Breakfast was a cringe-worthy affair: lukewarm scrambled eggs that tasted of nothing, stale pastries, and coffee that was closer to dishwater. The wifi flickered in and out so unpredictably that I gave up trying to stream anything and just stared at my phone's 'no connection' icon. Oddly, our three-night stay felt both interminable and rushed -- endless hours of nothing to do in the room, yet checkout arrived before we'd ever relaxed. The noise was the real killer: walls thin enough to hear the neighbor's TV and a hallway that echoed with slammed doors until 2 a.m. For Hilton's reputation, this was a profound letdown. I left more exhausted than when I arrived, and I won't be back.",1,1
3261,"Booked Swissotel expecting their usual high standards, but this stay fell flat. Breakfast was a chaotic scrum - cold scrambled eggs, dried-out pastries, and coffee that tasted burnt, with staff more interested in clearing plates than refilling the buffet. The wifi was practically useless in my room; I had to sit in the hallway to send a single email, and even then it dropped twice. The bathroom looked modern at first, but the shower pressure was weak and the drain gurgled constantly, leaving a puddle on the floor no matter what I did. As for the view - I paid extra for a city panorama, but got a direct look at a concrete ventilation shaft and a sliver of rooftop, which felt like a cruel joke. For the price, this was a disappointing, forgettable experience that made me question the brand. I won't be back.",1,1
3262,"The Fairmont looked impressive online, but the stay was a letdown for the price. My room faced a neighboring building and a rooftop full of air-conditioning units, so the 'city view' was mostly brick and machinery. Noise was another issue: I could hear doors slamming in the hallway and music from an event downstairs well past midnight. The room itself was comfortable enough, though the furniture showed wear and the bathroom needed better cleaning around the fixtures. Staff were polite at check-in, but not especially welcoming, and my request for a quieter room was brushed off without much explanation. With the high nightly rate and added fees, I expected a more polished experience. It was acceptable, but nowhere near worth what I paid.",1,1
3263,"I had a very comfortable stay at the Conrad and would gladly return. Check-in was quick and friendly, and the lobby's modern design made a good first impression. My room felt fresh and thoughtfully maintained, with tasteful furnishings rather than the dated look some business hotels have. The bed was excellent, and I slept soundly for three nights; the blackout curtains and strong shower were welcome bonuses. Wi-Fi worked reliably throughout the room, including during video calls, with no frustrating dropouts. Despite being in a busy part of the city, the hotel was surprisingly quiet at night. I occasionally heard a faint hallway door close, but there was no traffic noise or disruptive activity. Staff were attentive without being intrusive, and the breakfast selection was varied and well prepared. Overall, it was a polished, relaxing experience.",1,1
3264,"We stayed at the Swissotel for four nights and honestly it exceeded what we expected. Check-in was quick and the front desk staff even remembered our names after the first day, which felt like a nice personal touch. Our room on a higher floor had an amazing view of the city skyline and was spotless when we arrived. The bed was genuinely comfortable -- my husband usually complains about hotel pillows but he slept great every night. Breakfast had a huge spread, everything from fresh fruit and pastries to made-to-order eggs, and the coffee was actually good, which is rare. Location was perfect too, walking distance to the main shopping street and a metro station right around the corner. Only tiny gripe was slow elevators at peak times, but that's minor. Would definitely come back.",1,1
3265,"I have recently stayed at the Hyatt Regency Chicago Hotel and although I have stayed there a variety of times before, for both business and pleasure, my experience this time was particularly poor. From right when I checked in to the day I left I felt like I was constantly around unfriendly people who didn't want to be at work their to do their jobs. My room was dirty the whole time even though the maid came every day, and when I was trying to sleep at night it was so loud in the hallways, I couldn't sleep. For my next visit to Chicago I won't be staying at the Hyatt Regency.
",1,1
3266,"A lovely hotel in a trendy part of Chicago which gives it a much more comfortable feel than the downtown hotels. The rooms are very, very well appointed, but not large, and the quality of the materials is wonderful without exception. Unfortunately, the service was below average in every way: they failed to deliver laundry by an important and assured deadline; valets didn't deliver the car and had to be asked twice; the concierge gave us miserable directions that got us lost, and the front desk was unable to rectify any issue. It amazed me that so much incompetence could happen in 6 hours! And even after recognizing their shortcomings, not one sincere or significant apology. A poster child of how bad service cannot overcome a well-built, well-furnished hotel.
",0,1
3267,"Location is excellent, but don't valet your car there,(53.00 a day). Bed was to soft, pillows were flat, we couldn't open up the mini bar cabinet because the bed was in the way. All in all not what you'd expect from a hotel in that area.
",0,0
3268,"We arrived for a weekend stay and really enjoyed the hotel. The cocktail hour was so full of people that we could not get in. The second night we went earlier and it was very nice. The staff was very helpful and had a good knowledge of the area. The rooms were modern and very clean. We will stay there again. 
",0,0
3269,"This hotel has the worst rooms we have stayed in during the last 10 years. The first room they gave us was a shock. TINY and the bathroom was a joke,, you had to step inside, move out of the way just to shut the door. The furniture is disgusting and all the wood trim was VERY beat up and painted over about 100 times. so they transfered us to the 'executive suite' That room had a tiny bathroom.. I mean TINY! The furniture was hideous and dirty. It was on the 3rd level so you heard every conversation on the street below and traffic was loud. The only impressive part is the lobby.. but don't be fooled. because after that .. the floors above look like they need a major overhaul.. and the rooms were not worth even $100 per night. we stayed there a year ago because we got stuck through Priceline deal. I don't think we want to do Priceline again only because they have the Knickerbocker as a 4 star Hotel and we don't ever want to go back there again. 2 Stars at best for the dumpy Knickerbocker. They should be ashamed of themselves for even allowing guests to stay in those rooms. Boomer. Naperville, IL
",0,0
3270,"Disappointing stay at the Sheraton. Check-in took forever, my room smelled musty, and the AC barely worked. Staff seemed indifferent when I mentioned it. For the price, I expected much better. Won't be back.",1,1
3271,"The Sheraton looked impressive online, but my room felt tired, the hallway was noisy all night, and staff seemed indifferent when I asked for help. Far too expensive for the experience.",1,1
3272,"Sofitel not-so-luxury Hotels I recently checked out from a short stay at the chicago water tower. I originally planned to stay for a week but as my business was concluded after only 3 days I decided I had had my share of the water tower. Simply put it offered no reasons to stay. The Hotel is quite lovely and elegantly dressed to impress, but little more is put forth to sway the more acquainted crowed. The First night was a spectacle meal and there was quite a crowd, I think for the weekend. The next night the food was only mediocre and the third when I orderd room service I had to call twice. Even if you don't care about the food I think you would be wise to think twice about your stay if you have the choice. They put on quite a show, but that is all and when the show ended I was still hungry for more and there was no more to be found.
",1,1
3273,"After reading good reviews about I booked a 5 night stay. Checked in late bit called early in the day to assure we'd have a roll away as well as the pull out sofa for 2 teens. They somehow had us booked for two rooms instead. Got that sorted out and arrived around 10 pm. Checked in and waited for our luggage... Finally went down and got it ourselves. The room was a little grungy, furniture shabby, and discovered a suspicious stain on the duvet cover. Ewww. Called for a new duvet cover which was delivered and unceremoniously handed to me. FYI it's kinda gross to have to change the duvet cover in a hotel. Next day tried to iron a dress for dinner and the iron didn't work. Called for a replacement, waited a while, called again and was brought another iron which also didn't work. Third time was a charm. Oh boy. Too bad we paid in advance. Won't be staying here again.
",0,0
3274,"After a one night stay at the Millennium Knickerbocker Hotel Chicago I must say that while I loved Chicago I will never go back to this hotel. The problems started in the parking lot, yup before I even got in. There was very little parking available and the area was filled with garbage, broken glass and kids hanging out looking for trouble. Upon first entrance the hotel seemed nice but all that changed as we got into the elevator to go up to the room. The elevator made all kinds of noise and the door slammed shut on my arm as I was trying to get the bags out. The hall smelled of smoke and the carpets were warn and dirty looking. When in the room we found that one of the curtains would not pull closed, the heater whistled and when I called the front desk to ask for assistance and fresh pillows I was hung up on. This was only the beginning of our terrible stay. Guests where in the hall and banging on walls all night long. The maids started running vacuums before 8 am and seemed to feel that the best way to do it was by hitting the vacuum on the wall with each pass. We could not check out soon enough! We called around and found another hotel to stay in for the remainder of our trip.
",1,1
3275,"Review's a little late, but... My husband & I first stayed at the Amalfi in 8/06 totally based on reviews I read on this website. We were totally WOWED!! Loved the location, the room, the Aveda bath products, but most of all loved the evening reception & breakfast on our floor. I returned to Chicago with 3 girlfriends in 9/07 and booked us in a suite at the Amalfi. It was great - room was very spacious and my girlfriends were quite pleased! Will stay next time I'm in Chicago too!! P.S. They honor a government rate!!!! 
",0,0
3276,"A perfect place for couples to get away too. The location couldn't be better,just three blocks from Navy Pier and Magnificent Mile. It's really romantic, the service was awesome. Very clean and quiet. It has big rooms with comfortable atmosphere, huge bathroom.Over all, i had the a great experience there, would definitely stay there again!
",1,0
3277,"The Palmer House has a beautiful lobby with a great bar and restaurant. The rooms are way too small!!! Two people in a room with a King size bed can barely move around. Not enough room for two suitcases. Our room was very outdated-reminded us of the movie The Shining. VERY NOISY!!!! Don't expect a quiet stay. You can hear EVERYTHING that your neighbors are doing and saying not to mention everything that is happening in the hallways. We requested a room change as soon as we checked in. The room that we originally were in had a huge square cut out of the wall that had exposed pipes, bricks, dirt and dust. Oh and the construction for their renovations starts at 7 a.m. during the week. We will never stay at the Palmer House again. You are better off spending a few more dollars at a different hotel.
",0,0
3278,"Oh My! More Like A Dank Museum Than A Four Star Hotel! I read so many reviews on this hotel that I was sure my husband and I wouldn't be disappointed on spending our 10th Wedding Anniversary in the heart of Chicago at such a luxurious hotel! All the reviews sounded great so I feel awkward writing this, but I have to be fair - this place was a major disappointment. While the location is superb, the images online must have been taken over 10 years ago because all of the decor when we visited looked very old and faded. I noticed dirt everywhere - the fabric on the furniture was stained, the baseboards and woodwork were scratched and dirty and there seemed to be a smell of mold and mildew that permeated the entire hotel. Even though the food was great, the linens, glassware and silverware were not sparkling - it sort of helped that candles were lit so I didn't focus too much on how dreary and washed out the dining facility was. I didn't realize experiencing history would actually mean staying at a hotel that's living in the past! This was barely a two star hotel and I do not recommend staying here at all.
",1,1
3279,"I had high hopes for this Sofitel given the price, but our stay was sadly underwhelming. The bathroom was the biggest letdown -- the shower drained so slowly that water pooled around our feet, and there was visible mold along the grout near the tub. Housekeeping came late most days, too. On the plus side, the location is genuinely convenient, just a short walk from the metro and plenty of restaurants, so getting around was easy. Our room faced a narrow back alley, so instead of city views we stared at air conditioners and brick walls the whole week. Breakfast repeated the pattern of disappointment: cold eggs, watery coffee, and a buffet that never got restocked on time despite the hefty price. For a property with this reputation, I expected far more attention to detail. Won't be returning.",1,1
3280,"The Hard Rock didn't just meet expectations--it shattered them. The room was surprisingly quiet despite the lively lobby, the bed was heavenly, and the staff remembered my name every single morning. Perfect spot for exploring downtown, and the pool scene was a vibe.",1,1
3281,"I am a fan of Kimpton Hotels, however I have never experienced top service as I did at the Hotel Allegro. Even before my visit, concierge Mark Kraemer advised us on things to see, and booked tickets in advance to Second City. We were welcomed warmly on arrival, and the bellman checked up on us as we came and went from the hotel. All the staff have a personal interest in making your stay a great experience. The hotel is next to City Hall, where I had some business. We had a large quiet room, and used room service-the meal came quickly, and included a a bonus fruit cup. Enjoyed the pasta night (20 dollars for a three course meal) at the 312 restaurant-the starter and the dessert were wonderful, the main pasta a bit too salty. And that is the only complaint I can make-from start to finish, if you want attentive service, this is the place to be. Thank you, Hotel Allegro, for a great stay. I can't wait to return. 
",0,0
3282,"First, several day s prior to my stay, I called and spoke at length with the concierge and made a breakfast order for room-service Saturday and Sunday. Saturday they didn't bring breakfast - and when I called room-service they stated they never got the advance order from the concierge. When they finally did bring it - they brought the wrong thing.. and then brought the wrong order again on Sunday. I was further inconvenienced by in-room dining staff when we ordered room service Saturday night. The food was limp and uninspired. Further, I ordered soup - which arrived without a spoon. When I called in-room dining to request a spoon, I was told one would be forthcoming. 15 minutes later, a waiter arrived with a menu. When I explained I already had food and I didn't need a menu - I needed a spoon, he had the audacity to argue with me. I respectfully requested he return with a spoon and he agreed to do so. Another 15 minutes (and one bowl of cold soup) later I decided to call in-room dining back to request (again) they send someone with a spoon. They too argued with me and expressed that they'd already sent someone with a spoon. I explained that they had not - that I had received a menu I didn't request, but that no spoon was forthcoming. Another 15 minutes later, a spoon finally arrived. Thanks - for charging me $100+ so that I could argue over cold, flavorless food. In addition to the gross customer service, surly attitude, and sorry food, I found the room woefully lacking. It reeked exhaust fumes so much so that on Saturday night I woke up from the smell. Further, I had specifically requested when I booked the reservation that you keep me away from the elevators... I was right next to the elevators and had the displeasure of listening to them ding all night long as other guests came and went.
",0,0
3283,"Really enjoyed my stay at the Hilton--the room was spotless and quiet, the bed incredibly comfortable, and the staff made check-in feel effortless. The breakfast selection was a pleasant bonus.",1,1
3284,"I recently stayed at the Sheraton Chicago Hotel. It was my first time staying at this hotel and, I am sorry to say, it was my last time staying there. One of my main issues with this hotel was the amount of noise. The walls must be very thin because lying in bed at night I could hear my neighbors in the next room talking. Although I could not quite make out the words of their conversations, I could definitely hear their voices as more than just a murmer. In addition, I was awakened several times by people conversing in the hallway as they walked by my door, presumably on the way to their rooms. Admittedly, I am a light sleeper, but this was ridiculous. If you decide to stay here, I suggest that you check your bill very carefully before check out. When I checked mine, I found that I was being charged a rate higher than the one that I was supposed to be charged. I had to wait in line at the front desk for someone to help me (and the front desk service is woefully slow) and finally had to ask to speak to a supervisor before the error could be corrected. Finally, though I had been told upon check-in that my room had been recently updated, I cannot believe that statement was accurate. The room appeared to be rather dated in its furnishings and decor and the carpet appeared to be somewhat worn. All in all, I round my stay at this hotel to be disappointing. Next time I will arrange to stay elsewhere.
",1,1
3285,"This was really an unexpected experience for me as far as hotel accommodations go. For this week's vacation in Chicago, I heard several recommendations regarding lodging, but the James Chicago was mentioned most emphatically. I expected an experience of comfort, luxury and customer satisfaction, but I was pleasantly surprised by the level of innovation and forward-thinking employed by every aspect of this hotel. The design is breathtaking -- modern, clean, stylish, sexy -- and its reflected everywhere from the lobby, shops and restaurants, to the stunning guest rooms themselves. My family and I felt energized by the smartly sleek environment we were in, and were impressed at every turn by the sophisticated take on hotel decor. Far from a traditional hotel experience, this was like moving into chic, exclusive downtown apartment, and truly an upscale adventure in modern luxury living. Impressive, too, was the hotel's overall approach to its guests and its use of the world's resources. From its offer of in-room recycling to the available bicycles for guest usage, the James offers a unique perspective on its place in the world, and gently helps its guests assist in maintaining that balance with ease and elegance. It's a respect that shows through, too, in other areas: support for artistic organizations, charities and other programs of merit, as well as Chicago-centric packages compiled for guests so they can make the best of their stay, whether for a weekend, a week, or longer. The James Chicago will definitely be our choice for accommodations whenever we revisit Chicago. In fact, we may visit again solely to stay at the James! 
",1,1
3286,"I was really looking forward to this stay, but the Sheraton missed the mark in nearly every way. The lobby looks like it hasn't been updated since the early 2000s, with worn carpet and furniture that's seen better days, and our room felt just as tired. The bed was uncomfortably firm, and the pillows were flat, so I spent most of the night tossing and turning. To make matters worse, the hallway noise was relentless--guests were chatting loudly until 2 a.m., and the thin walls meant I heard every door slam. The staff was polite but completely overwhelmed; the front desk took twenty minutes to check us in, and when I asked for extra towels, they never arrived. By morning, we just wanted to leave. Everything about this felt dated, disorganized, and drained of any charm.",1,1
3287,"I recently stayed in a room at the trendy Talbott Hotel. It looked nice on the outside so I decided to them a whirl. As soon as I walked in I noticed that there weren't alot of hotel employees. Usually, the large hotel are swarming with service people ready to lend a hand. I was tired and I needed a nice room so as I approached the front desk I noticed something odd. Food was sitting out right in front of the front desk. People were talking different items such as bagels and muffins from the left over breakfast rush. Crumbs everywhere especially where I was suppose to exchange cash and room keys. Let's just say it wasn't professional. The room was average and the bathroom didn't carry the kinds of brands I would have liked to see. No Wi-Fi connection and I had to walk down the hall for ice. Talk about lack of customer service. All in all, the stay was sub-par and nothing special.
",1,1
3288,"Despite the bustling heart of Amalfi just below, our room was wonderfully soundproofed--I slept like a log. The wifi didn't miss a beat for late-night planning, and waking to that pastel coastline and glittering sea was absolutely worth it.",1,1
3289,"We stayed at the AE for two nights for a three generation 'girls weekend' (Grandma, mom and daughter). I looked at their website for an idea of rates and looked at any packages that might interest us. Then I called the property directly and was assisted by a very gracious man named Reece. Rates were a bit high for the Saturday night portion of our stay but when I requested the American Girl Package, he was more than happy to honor the advertised rate. The American Girl package was perfect for us. My 8 year old daughter was thrilled. They give you a doll bed, a backpack and a travel kit to keep. They have matching bathrobes for girl and doll (you don't get to keep those). She also got a special welcome letter and a complimentary room service snack from a specially printed menu. Our room, 1334, was large and clean. It had two double beds with nice linens, two chairs, a desk and a clean bathroom. The employees are all very friendly and helpful. We had a drink in the Pump Room but did not eat there. We ate breakfast nearby at a great place called the 3rd Coast. This hotel is north of Michigan Ave. But it is just a short, pleasant walk to the Mag. Mile. I would definately stay here again in Chicago. 
",0,0
3290,"I wanted to like Hotel Palmer because the location was convenient, but the stay felt neglected from the moment we arrived. Check-in took nearly 25 minutes even though there was only one person ahead of us, and our room wasn't ready at the promised time. The carpet in the hallway smelled damp, and the room itself had scuffed furniture, a noisy air conditioner, and thin walls that made it impossible to sleep through the late-night conversations next door. The shower pressure was weak and the bathroom door wouldn't close properly. I mentioned the noise and maintenance issues to the front desk, but got a polite apology with no real solution. For the price, I expected a cleaner, more comfortable experience.",1,1
3291,"The bathroom looked dated, with weak water pressure and worn fixtures. I only stayed one night, but the constant hallway noise was exhausting, despite the convenient downtown location.",1,1
3292,"We stayed at the Hotel Monaco for three nights and honestly wished it could have been a full week. The room was spotless when we checked in, and housekeeping kept it that way throughout our visit, which is not something we say often. The bed was genuinely comfortable, and between the quiet hallway and the blackout curtains, I slept better than I do at home. Breakfast was a highlight each morning: fresh pastries, good coffee, and eggs that were actually hot instead of sitting under a heat lamp. The staff greeted us by name by the second day. Location is walkable to plenty of restaurants and shops. We left feeling rested and well taken care of, and we will absolutely be back next time we're in town. Highly recommend.",1,1
3293,"The city view from my room was lovely, and the bed was quiet and comfortable enough for a great night's sleep. Breakfast was fresh and varied, making the stay feel well worth the price.",1,1
3294,"Beautiful lobby, but our room felt worn and oddly cramped for the price. The elevator wait was ridiculous, and housekeeping never came despite two calls to the front desk.",1,1
3295,"As a frequent traveler to Chicago, I generally stay at the Sutton Court, but thought I would try a different boutique hotel. I will never stay at this hotel again. The first room they brought me to -- their standard room -- was a glorified closet, leaving me absolutely claustrophobic! Actually the smallest hotel room I've been in in the U.S! I complained to the front desk, who then moved me to a 'premium' room -- still quite small, but manageably so. The bathroom was tiny, without a vanity, making it difficult to put your toiletries in the room. The location leaves much to be desired, as my room looked out directly onto the El (elevated subway - background noise), and the street was pretty deserted on a Sunday evening. I will say that the free wi-fi was great. If you can find a chain or other hotel closer to Michigan Avene, I'd highly recommend you take that. If you want a nice room in a great location, check out Sutton Place hotel instead.
",0,1
3296,"I'll admit I was a little wary about the decor after seeing some older photos online, but honestly the lobby's marble floors and dark wood paneling felt more classic than dated--our room had a subtle retro charm that grew on me. Breakfast was a pleasant surprise: freshly baked croissants, made-to-order omelets, and a fantastic local honey that I piled onto thick-cut sourdough. The view from our fifth-floor window overlooked the treetops and a sliver of the harbor, golden at sunrise, which made morning coffee feel like a small ceremony. Yes, this place isn't cheap, but between the spotless linens, quiet corridors, and genuinely helpful staff who remembered our coffee order by day two, I'd call it fair value. I'd happily return for a weekend treat.",1,1
3297,"My husband and I stayed overnight at the Affinia. Prior reviews led us to believe this was a quality hotel; not true. Since it was a very special occasion, and also because we were only staying overnight, we didn't let the shabbiness and poor service of the hotel ruin our weekend. However, this would have qualified as one of the poorest hotel experiences. I've ever had. First, the smells: The linens and pillows on our bed smelled moldy and mildewy. The odors were not mild, and I found it pretty repulsive. I couldn't wait to jump out of bed in the morning, to get away from the odors. Hard to sleep and certainly didn't want to be in the bed any longer than absolutely necessary. I didn't discover how disgusting the bed smelled until around midnight when we got into bed. At that point, I chose not to contact housekeeping because (a) I was exhausted, and (b) I didn't want to upset my husband, who had fallen immediately to sleep after a long day of sightseeing. Also, the bathroom smelled like vinegar. Perhaps this is the cleaning agent used by Affinia, but the odor should have dissipated over the course of our stay and it never did. Incidentally, the bathroom floor tiles and wallpaper looked like they had seen better days; not a well-maintained property. Second, the elevators: If you stay above the first few floors, there are only two elevators that run from ground level to the rooftop c-view bar. With so many floors to service, and so many people going up to the c-view bar on a saturday, these elevators took forever to come, and were often full they did. Annoying. Also, on one occasion, there were several bottles (water and soda) left in the elevator; clearly, the maintenance crew doesn't inspect and clean the common areas frequently. Finally, and perhaps the most disappointing was the service when we arrived. First, when we booked, we asked for as quiet a room as possible. The hotel is located near Northwestern Memorial Hospital. But, its proximity to Michigan Ave., and the lack of accomodations elsewhere (due to the Transformers movie filming and a big international convention taking place the same week-end), led us to stay here anyway. At check-in, the clerk noted our request, and said our room was quiet room since it was not 'next to the elevators.' When we arrived at our room, we discovered that we were across from the elevators. Obviously, she was technically correct that we weren't next to the elevators, but it was still so close (15-20 feet) that we could hear the elevator noise. Also, since it was a special occasion, we asked if we could upgrade. The disingenuous, snarky, condescending clerk told us that checking in early was an upgrade. Clearly, the woman has not travelled enough to know that in many quality hotels, this is a matter of routine, not exception. Pretty awful experience all the way around. Other reviewers must have very low expectations. Can't explain any of the good reviews otherwise.
",0,0
3298,"Hard Rock was a fun surprise--our room was spotless, the beds were seriously comfortable, and the pool staff kept the vibe relaxed. Great location too; we walked everywhere.",1,1
3299,"I had a really enjoyable three-night stay at the Hard Rock Hotel. The room was stylish and comfortable, with a surprisingly good bed and plenty of space for my luggage. Breakfast was better than expected: the buffet had fresh fruit, eggs, pastries, and decent coffee, while the made-to-order options were worth the small extra charge. Every staff member I dealt with was friendly without being overbearing, especially at check-in and in the restaurant. The hotel has an energetic atmosphere, but my room was quiet at night; I only heard a little hallway noise on the first evening. Rates were not cheap, yet the location, service, and overall experience made the price feel fair. I would happily stay here again.",1,1
3300,"The lobby's fresh, modern decor was a pleasant surprise, and our room's skyline view was stunning at dusk. Breakfast had solid pastries and decent coffee, though nothing fancy, and the wifi never dropped during work calls.",1,1
3301,"Loved our stay at the james! Spotless room with a gorgeous rainfall shower in the bathroom, fresh pastries at breakfast, and the front desk couldn't have been friendlier. Totally worth the price.",1,1
3302,"Great location in Chicago downtown. The staff is professional and warm. The room is spacious and clean. Nice complimentartry breakfast. I will definitely stay here again next time in Chicago.
",1,1
3303,"I expected much more from a hotel with this location and reputation. Check-in took nearly 30 minutes because only one person was at the desk, and no one acknowledged the wait. My room looked tired: scuffed walls, a stained chair, and an air conditioner that rattled loudly all night. The bathroom had weak water pressure and the towels smelled slightly damp. Breakfast was disappointing too--lukewarm eggs, empty coffee containers, and tables left uncleared for ages. I mentioned the noise and cleanliness issues to reception, but was simply told they would 'make a note.' The staff were not openly rude, just indifferent. For the price, this was a frustrating stay and I would choose somewhere else next time.",1,1
3304,"Conrad felt worth the splurge: the fresh, polished decor made the room inviting, Wi-Fi was reliable for work, and the central location put restaurants and transit within an easy walk.",1,1
3305,"First of all, Expedia.com charged me for an additional person per my instructions but when I arrived at the Hotel these monies were not included and the complimentary breakfast was not offered. The Hotel service person who checked us in forgot to give me back my parking ticket but left a generic message for me stating that there was an envelope at the front desk. I had to wait in line for another 20 minutes to discover this the whole time this person was looking at me and never said a word!! I was charged and paid for parking adjacent to the Hotel. When we went to leave the gate would not open. We had to find the parking garage office and the Manager had to call several times over to the Hotel until finally someone picked up. They confirmed my payment and then we were allowed to leave the structure. The Hotel itself is beautiful!!! The bell hops and doormen were just wonderful. They were more than helpful and gracious but the internal staff were rude and not helpful at all!!!!
",0,0
3306,"This hotel is the perfect location for downtown Chicago shopping. The only thing is the pool is extremely small - it is indoors, but looks much larger on the website. 
",0,0
3307,"We booked Hotel James expecting a design-forward boutique stay, but the reality was a masterclass in mismanagement. Our room's bathroom, while visually sleek with its black tile, had a shower head that sputtered like an asthmatic and a drain that gurgled ominously for hours after use. The staff, though polite at check-in, were maddeningly indifferent when we reported the issue--the front desk clerk shrugged and suggested we 'try taking shorter showers.' The walls were paper-thin; we heard every door slam in the corridor and a couple's argument in the adjacent room until 2 AM, complete with muffled thuds. Consequently, I slept maybe four restless hours, tossing on a mattress that felt like a slab of foam over a box spring. For the premium price, I expected polish, not this mirage of comfort. I left more exhausted than I arrived, and I won't be returning.",1,1
3308,"Homewood Suites is a Hilton Group Hotel located in downtown Chicago. Though close to many sights, when we visited there was extensive construction going on along Michigan Avenue, so every morning we were awakened right at 8 am to the sound of jackhammering and bulldozers. We reserved the basic suite. Though we arrived at 5 pm, well past check-in time, our room was not ready for 30 minutes. The management apologized but did not offer any sort of compensation for our inconvenience. Once the suite was ready, it was nice. But then we quickly discovered that there was no hot water in our bathroom. We were relocated to another room with apologies, but again, no offer of compensation for the trouble. Once we were finally settled, the free welcome dinner reception had wine and beer. The food was okay, but we were so frazzled from the issues we had checking in that anything would have tasted good at that point. The staff suggested their complementary grocery shopping service. We though it was a good idea since we were already so tired. Unfortunately, it took them three hours to finally deliver the groceries to our suite and the bill was far more than we expected. All in all we were disappointed with our experience at Homewood suites. We understand there are problems that may arise but the fact that the management did nothing to make it up to us is unacceptable. I would not suggest this hotel to a friend visiting Chicago.
",1,1
3309,"My husband and I were planning our 1st year wedding anniversary and we wanted to go back and spend it in Chicago where we had first met. After spending several minutes frustratingly navigating The Talbott Hotel's website, I FINALLY was able to complete a reservation for a long weekend. After a long flight into Chicago, we were so ready to check in, shower, and lay down in our hotel room. However, once we arrived the unfriendly clerk behind the counter notified us that we did not have a reservation. I provided her with the confirmation email and she again said there must be a mistake because the room we reserved was already occupied. She begrudgingly found us a new room after what seemed like an hour of waiting. We then carried our own bags up to our room only to immediately be hit with a rancid smell of cigarette smoke as soon as we opened the door. I'm severely allergic to smoke and we ended up getting a refund and locating a much more accommodating and friendly hotel.
",1,1
3310,"The room looked like a country club prison cell. Flat paint on all walls, doors, trims, not especially clean. A platform bed and a long shelf/desk with an iron chair. No amenities, no homey touches, nothing on the walls. No room service, no gym, no concierge. The air conditioner clunked off and on all night. On the plus side, the bedding was nice and there was a large screen TV. Don't waste your money.
",0,0
3311,"The location is great, but the room was dated and the bathroom smelled musty. Staff were indifferent when I complained, and the thin walls meant I heard every word from the neighbors. Left feeling ripped off.",1,1
3312,"Recently staying at the Omni Chicago Hotel, was a waste of money. The rooms are typical standard rooms,(unless you want to pay an unreasonable amount for one of the premier rooms), the service from the staff was nothing to rave about unless, your ideal, idea of service is waiting in the lobby for 40 minutes waiting for anybody to help you carry your heavy luggage up to your room. Sorry to say in short I think my money would have been better spent staying at a HoJo's.
",1,1
3313,"Stayed at the Conrad for a weekend getaway and was genuinely impressed. The room was spotless with a gorgeous view, and the front desk went out of their way to make check-in effortless. The location is perfect for exploring, and I'd happily book again.",1,1
3314,"Avoid this place unless you love hallway chatter at 3 AM. My two-night stay dragged on forever, especially since the Wi-Fi kept dropping every few minutes. Location is decent for the metro, but the constant noise made everything feel wasted.",1,1
3315,"Room was musty and the AC barely worked, front desk took an hour to check us in. Breakfast was basically cold eggs and stale bread. For this price, honestly expected way more. Won't be back.",1,1
3316,"Homewood's fresh decor and convenient location near shops made our visit easy. The spotless bathroom had great water pressure, and although the stay was brief, we felt well rested.",1,1
3317,"I'd heard the Talbott was a classic Chicago institution, so I booked a weekend here expecting charm. What I got was a tired room with threadbare carpet and a bathroom that smelled faintly of mildew no matter how often I ran the fan. The 'courtyard view' turned out to be a brick wall and a dumpster. Service was indifferent--I waited 20 minutes at the front desk while two staffers argued about a schedule, and nobody acknowledged me. The air conditioning rattled all night, and the pillows were flat as pancakes. Location is decent, near the Gold Coast, but you're paying for the address, not the experience. Breakfast was overpriced and lukewarm. Honestly, I'd rather stay at a chain next time. This place needs a serious refresh and a dose of hospitality training. Won't be back.",1,1
3318,"Disappointing stay at Homewood: the room looked clean, but hallway noise continued past midnight. Breakfast was bland and picked over, and I barely slept.",1,1
3319,"Arrived on 06/04/05, greeted by friendly doorman, and zipped up to the 5th Floor Lobby. Very open lobby area with friendly reception staff. Room was on the 12th Floor and very nice. Everything was in order and very clean! The king size bed was nice and each night I had a restful sleep. Bathroom was large with separate glass shower stall. The room was furnished with everything I needed including internet hook-up access. Also, you can walk thru on the 5th Fl to the Westfield North Bridge Shopping Mall, where you will enjoy Nordstrom and other stores. Of course, you're steps from Michigan Ave. too. The central location of the hotel was great, as I could walk to most places. The CTA Subway stop (Grand Ave. on Red Line) was an easy 2 block walk. I will stay here again on my next trip to Chicago! 
",0,0
3320,"For the amount of money per night that the Millennium Knickerbocker Hotel charges, one would at least expect a room with a working bathroom. The toilet wouldn't flush, the sink dripped and the towels were rough and cheap looking. When I called the front desk to ask for maintenance on the sink and toilet, the staff were indifferent. It was over an hour before anyone arrived to fix the bathroom fixtures, and when they did arrive they were unable to stop the drip in the sink. All in all, I was disappointed with my stay.
",1,1
3321,"Expected way more from the Hard Rock. The music theme is fun for about five minutes until you realize the walls are paper thin and the bar noise carries all night. Room was tired, AC rattled, staff seemed annoyed we even asked for anything. Won't be back.",1,1
3322,"Homewood looked worn down, with a noisy AC unit and a room that wasn't properly cleaned. Breakfast was sparse and the front desk seemed uninterested when I mentioned the issues.",1,1
3323,"Disappointing stay at The Knickerbocker: the room felt worn, service was oddly slow, and street noise kept us awake despite the premium price. I expected a much more polished experience.",1,1
3324,"The spa was divine and the staff never missed a beat, even at midnight. Breakfast had the best views I've seen in ages. Slept like a rock; already plotting my return.",1,1
3325,"Had a really pleasant stay at Hotel Palmer--the room was comfortable, the staff were warm and quick to help, and being close to everything made getting around effortless. I'd happily return.",1,1
3326,"Honestly, I left feeling pretty let down. We booked the Ambassador for a weekend away, hoping for that boutique charm the photos suggest. Instead, we got peeling paint in the bathroom and a light fixture that flickered all night. The staff were polite, but stretched thin--we waited twenty minutes at the front desk just to get a simple question answered. Housekeeping never came until we called twice, and even then, they only dropped off towels. Our room faced the main street, and the soundproofing was a joke. You could hear every bus and siren until 2 AM. Location is convenient, sure, but for what they charged, I expected so much more. It felt tired, worn, and overlooked. Disappointed is putting it mildly--I won't be back and can't recommend it to anyone seeking even basic comfort.",1,1
3327,"Was there recently for one night for a conference. Tried to check-in at 5:30pm (the published check-in was 3pm), they said my room wasn't ready, where as others coming after me were assigned rooms. Was given a dummy door key card and asked to chill in the lounge on the 32nd floor and that they would call on may cell as soon as the room was ready. I chilled there until 8pm, no call, so went out for dinner. Came back at 9:30pm and asked if my room was ready. The gal said of course yes and give me a key. When asked why no one called me, she just shrugged. No, my troubles did not end there. I went to the room and opened the door only to find someone else in the room. Came back to the lobby, then they apologized and gave me another room. I said I was not going to walk-in on somebody else again, so they sent someone with me to open the new room. For all my 'trouble' they reduced my bill by about 40%. It was definitely not worth the trouble they put me thru. Very bad experience.
",0,0
3328,"We had our hotel reservations at another hotel set and after we were reading all of the negative reviews we cancelled and made out reservation at the Hilton - I am so glad we did the hotel was clean, hotel staff was pleasant and helpful and the beds were amazing. We knew we were paying a little more than some other hotels but it was well worth every penny. 
",0,0
3329,"My family and I stayed at the Hyatt on Wacker Dr. on March 27, 2012. We were excited about the great price we got for your 4-star hotel through priceline. Unfortunately, we were not impressed. In the past, we have stayed at the Hyatt in downtown San Diego for spring break on the Marina, but chose to stay closer to home this year. The room was not clean to our standards when we arrived, even though we paid for an upgrade. We asked for it to be cleaned while we were sight seeing and were assured it would be looked after. Upon our return, nothing had been moved in the room to re-clean including the tea my sons had made prior to our excursion so I can only assume, it wasn't even checked as promised. We only had 3 towels for the 4 of us and had to call for more. They were promptly delivered but room service took 40 + minutes to deliver us a knife and corkscrew we essentially paid for because we felt compelled to tip even though we had to call and ask for it twice! The curtains were dirty and frayed by the vacuuming, the bed skirt had a foreign stain on it, the honor bar/fridge was gouged and dirty, too! The mirror was dirty and the beds appeared to have been jumped on - not neat and tidy at all....There were boxes of trash in the hall and an old refrigerator or two as well. Very disappointing to say the least. I have buyer's remorse and wish we had just taken the train home and stayed in our own beds! We were compensated for our upgrade - $20.00 but given the price of parking, taxes, and etc. at this point I wouldn't recommend this Hyatt to anyone. My husband travels and uses his Hyatt business travel points quite often and also expected better from your 4-star hotel. I felt compelled to let you know how unhappy we were with your facility.
",0,0
3330,"I had a very pleasant stay at Homewood. The suite was clean, comfortable, and thoughtfully arranged, with a small kitchen that made the longer visit feel much easier. My room faced the quieter side of the property, so I rarely heard anything beyond an occasional hallway door, and I slept well each night. The view was not dramatic, but the windows looked out over a tidy courtyard with trees and plenty of daylight, which was a nice change from facing a parking lot. The location was especially convenient, with restaurants, shops, and major roads only a short drive away. Every staff member I met was warm, professional, and quick to help, from check-in to answering questions about the area. I would gladly stay here again.",1,1
3331,"Beautiful lagoon views from our room made mornings feel special, and the decor felt pleasantly modern, not tired. Breakfast had fresh pastries and made-to-order eggs, easily justifying the price. A cozy, smart stay we'd repeat.",1,1
3332,"Booked this for a work trip expecting the Omni name to mean something, but it felt more like a budget motel with a fancy lobby. The room was dated, the carpet had a suspicious sticky patch, and the A/C rattled all night, so the noise never let up. I paid over $200 and honestly, I've had better sleep in airport lounges. The 'complimentary breakfast' was a sad spread of powdered eggs and stale pastries, with coffee that tasted burnt. You'd think for that price they'd at least spring for real juice. Location was decent for the convention center--about a ten-minute walk--but that's the only saving grace. Between the thin walls, hallway chatter until 2 a.m., and the constant elevator dinging, I left more exhausted than I arrived. Definitely not worth the money, and I wouldn't return unless someone else was covering the bill.",1,1
3333,"This hotel does not live up to the reviews. The room was larger than I expected. However, the decor was a bit dated. The bedding was ripped, carpet was stained, and the shower door was broken. There was a long wait to the elevators, and if you're on floors 2-6 you need to take a second elevator to get to the roof bar and gym. The main issue I had was the attitude I received from the staff. There was literally only ONE nice person at the front desk. There are no ice machines in this building, so you have to request it from the front desk. One day I requested it by going down to the desk and asking in person. 20 minutes later I made a follow up call because I did not receive my ice. I was nastily told that ice takes 10 minutes and I should just wait. I finally got the ice 10 minutes later. Two days later I requested ice again. Waited 30 minutes and just gave up. While I was leaving, I mentioned this to the woman at the front desk and she just said 'I didn't get a call for ice.' Well I obviously wasn't making it up, lady! I called and spoke with someone. She didn't even apologize or offer me anything. Overall, I would not recommend this hotel. There are so many hotels in the Chicago area. Choose a different one.
",0,0
3334,"Hotel Amalfi was a comfortable choice for our weekend, with a quiet room, genuinely friendly staff, and an easy location for getting around. Breakfast was fresh, and everything felt clean and well cared for.",1,1
3335,"I really wanted to love the Knickerbocker given its reputation, but our stay fell flat. The noise was relentless -- our room faced the street and the bar below kept us up past 2am both nights, with doors slamming in the hallway constantly. The wifi was spotty at best; it dropped every time I tried to join a video call, which was the whole reason I booked. The bathroom looked sleek in photos but in reality the shower tolled lukewarm and the drain gurgled ominously. As for the view, we paid extra for a 'city view' and got a wall of scaffolding with a sliver of brick. Staff were polite enough, but for this price I expected far more. Disappointing.",1,1
3336,"The vintage charm still feels fresh, and the staff's warm efficiency justified every penny. Waking up to the glittering skyline from our high floor was pure magic--a classic stay that quietly exceeds expectations.",1,1
3337,"I have no idea why this is considered a four star hotel. The Omni Chicago's age shows, and not in a 'great ambiance' way! The rooms are dingy and just plain worn looking. I say rooms because we had to switch our original room as there was a terrible musty odor, almost like mildew, that permeated the first room we were given. Seriously, it brought tears to my eyes! The staff seemed rather indifferent to our dilemma, but finally agreed to switch us to another room. The new one didn't smell, but was clearly past its prime. Housekeeping was almost nonexistent. We had to call them back both days of our trip to empty the trash and for towels. How can you forget to leave towels for the guests? I'm not one to complain, but for the kind of money we spent for a weekend here, we were expecting at least a little luxury and special treatment. We received neither and will not be returning to the Omni Chicago.
",1,1
3338,"We booked our stay through Priceline.com and got a great deal. We were only staying one night and we had our 2 year old with us. At check-in, we were upgraded to a suite with a lake view of Lake Michigan. It was beautiful. The suite had a king bed with a living room and a bar and mini-fridge which we didn't need, but if we were staying longer, it would have been a godsend. This hotel is in close proximity with Grant Park which has the beautiful Buckingham Fountain. We walked around the park and even saw a movie being filmed....but if you are looking for a hotel with a lot of restaurants around it, this isn't the one. We ended up eating at the Irish Pub inside the hotel (Kitty O'Shea's) which has great food. (We have stayed here before and always end up eating here.) There are a lot of attractions within a mile including the Field Museum, Shedd Aquarium, Soldier Field, and Navy Pier. They may not be walking distance but we could see them from our hotel window. Overall, we had another wonderful stay at the Chicago Hilton. (Our 4th stay) The only downside is the expensive parking within the hotel.....41 dollars a night is kind of ridiculous. 
",0,0
3339,"If you want to stay in a fabulous hotel in the city and you're willing to pay a little extra, I'd recommend this place.Also, pay the extra for a corner room - the views of the city are spectacular.A short walk to Michigan Avenue. Excellent service from the valets, concierge, lobby agents, and waitstaff in the restaurants. The food in the restaurants was great and room service wasn't too shabby either.Well worth the money! 
",0,0
3340,"The Sheraton Chicago Hotel and Towers is my favorite place to stay in Chicago! I travel to Chicago very often to visit my son, who is training for the U.S. Navy. They make every stay feel like a luxorius vacation. The indoor pool and sauna are amazing, and I never have to miss a workout because the gym is fully equipped. If you dine at the LB Bistro, you must try the Eggs Benedict :) The staff are friendly and the prices are very reasonable for a hotel of this stature.
",1,1
3341,"I really wanted to love the Hard Rock, given its reputation, but my stay fell flat. The location is undeniably convenient--walking distance to the Strip's main attractions and a CVS for supplies. However, the noise was relentless. Our room faced the pool, and the thumping bass from the dayclub didn't let up until after midnight, then the hallway chatter and slamming doors started. I got maybe four hours of broken sleep, waking up groggy and irritated. The bathroom was another low point: the shower pressure was weak, the caulking was moldy and peeling, and the fan sounded like a jet engine. For the premium price, I expected far better. It felt more like a worn-out motel with a rock-and-roll facade than a four-star experience. I won't be returning unless they fix the soundproofing and bathroom maintenance.",1,1
3342,"Beautiful hotel, but doesn't have a lot to offer for the price. Sheets and pillowcases in the room had stains on them, TV remote would not function properly. Valet service truly needs improvement. We payed quite a bit for overnight parking, and it took them almost an hour to bring our car to us when we needed to leave. When we asked to find out what was taking so long, we got tossed back and forth between bell hop and front desk, with no answers.
",0,0
3343,"Disappointing stay--staff seemed indifferent, and for this price I expected far more attention. The constant hallway noise made it feel endless, yet somehow our short night passed without any real comfort. Not worth the splurge.",1,1
3344,"The Fairmont turned a quick business trip into something genuinely special. The lake view from my room was stunning, and the staff remembered my name by day two. That level of care makes all the difference.",1,1
3345,"I wanted to like Hotel Monaco, especially because the location is convenient and the lobby has a fun, colorful design, but the stay was more frustrating than enjoyable. Check-in took nearly 30 minutes even though I arrived well after the posted check-in time, and the desk agent seemed overwhelmed. Our room looked worn, with scuffed furniture, stained carpet, and a bathroom fan that rattled loudly whenever the light was on. The bed was comfortable enough, but the walls were thin; we heard hallway conversations and doors slamming until after midnight. Housekeeping also skipped our room one day, despite us leaving the sign out correctly. The staff apologized, but no real solution was offered. For the price, I expected a much better-maintained room and smoother service.",1,1
3346,"The Omni Chicago Hotel is amazing little get away right on the Magnificent Mile in Chicago. This hotel is warm and homey as well as modern and filled with amenities! The beds are very comfortable and there are flat screen televisions in the rooms (at least both times I have stayed). The Windy City Spa provides a relaxing getaway as well.The indoor pool provides something fun for all ages and the customer service was excellent. The garage was very secure and has unlimited in/out priviledges which made it nice to be able to access the car as much as you wanted without any penalty. All in all, well worth it and will plan to stay again!
",1,1
3347,"The room was spotless and surprisingly quiet, and the full kitchen made our weekend feel effortless. Staff were friendly without hovering, and the morning breakfast had plenty of hot options. We'd happily book Homewood again for the comfort and value.",1,1
3348,"Staff were warm and efficient, the updated decor felt fresh without being flashy, and our room overlooked the park. The bathroom was spotless, with a roomy shower and great water pressure.",1,1
3349,"We will not be back to this hotel. There are several reasons for this, but it began at check-in when the staff were very rude and uptight. Our reservation was lost in the system and they seemed to think it was a strain on their time to have to find it. The room was OK, but the beds were hard and uncomfortable. The room next door had their TV turned up very loudly, and when we called to ask if we could change rooms were were told that was not an option. They didn't offer any other solutions. The food in the restaurants was extremely overpriced and not cooked to our requests. Overall, we wish that we had chosen a different hotel for our stay in Chicago.
",1,1
3350,"My stay at the InterContinental was a disappointing experience, especially considering the price. I booked two nights, but by the second morning I was ready to leave; the stay felt longer than it should have because several things were inconvenient. The room looked stylish in photos, yet it was tired in person, with scuffed furniture and inconsistent housekeeping. I also slept poorly due to street noise and a mattress that was far too firm. Breakfast had plenty of choice, but the hot dishes were lukewarm, the coffee was weak, and tables were left uncleared during the busy period. The staff were polite, though not particularly attentive when I raised these issues. For a hotel charging this much, I expected comfort and care, and unfortunately it did not feel worth the money.",1,1
3351,"The Omni's staff were genuinely warm--quick with local tips and a smile. Location on Michigan Ave made everything walkable, and our spotless room felt surprisingly spacious for the price. Solid value; I'd happily return.",1,1
3352,"My wife and I stayed here in the middle of February 2005. We took the (EL) subway to the hotel from O'Hare. It was very convenient. The lobby was nice and the room was clean and comfortable. I've stayed in many a hotel room, this bed was the most comfortable I've ever slept in. The hotel is located in a great area and close to everything. Walking distance to almost all the interesting sites Chicago has. Would definetly recommend this hotel to anyone visiting this great city. 
",0,0
3353,"I stayed at this Hotel for 1 night. We just wanted to stay in downtown Chicago. This hotel is right next to John Hancock building. Walking distance to many shopping, restaurant, and everything else. From valet people to front desk people, they were all very friendly and helpful. The best thing about this hotel (other than the awesome location) is that all rooms are suites. You can choose 1 king or 2 double which will be inside the room and you get another sofa bed in the living room area. You get 2 TVs also. The roof top pool over looking Michigan lake was lovely also. 
",0,0
3354,"My long weekend felt endless, but mostly due to the painfully slow wifi that made streaming a chore. The cramped bathroom had a finicky shower head, and the cold, rubbery scrambled eggs at breakfast were a forgettable finish to a disappointing stay.",1,1
3355,"The Fairmont looked impressive, but the room felt tired and hallway noise continued late into the night; for the price, I expected much better service and upkeep.",1,1
3356,"My corner room on the 24th floor had a sweeping view of the river and the skyline that made me want to linger by the window every evening. The wifi was genuinely dependable, even during peak hours, which meant I could stream a movie without a single drop. Breakfast offered a solid spread, from made-to-order omelets to fresh pastries, though the coffee was just okay. What really stood out was the staff: the front desk remembered my name by the second day, and the housekeeping team left a handwritten note about a local running trail I'd inquired about. I've stayed at pricier properties that made me feel more like a transaction; here, every encounter felt personal and unhurried. A few minor scuffs on the hallway paint and a slow elevator on checkout morning were negligible against the warmth and efficiency of the entire stay. I'd gladly return.",1,1
3357,"Disappointing stay overall. Room smelled musty, the AC barely cooled, and housekeeping skipped our floor twice. Front desk staff were indifferent when we complained. Location was fine, but I won't be back.",1,1
3358,"My stay at the Hotel Allegro Chicago was an amazing experience! The staff were helpful and considerate, always there to tend to my needs. My suite was extremely clean, and had all the amenities that I could ask for. I almost didn't want to leave my room, because it was so nice. But in the end I did, because the hotel is situated in such a great area, that I had to go out and see some of the sites. This hotel has wonderful rooms and service, and is in a really great area. I suggest that everyone come here if they are staying in Chicago.
",1,1
3359,"My husband and I made a reservation at the Sheraton Chicago Hotel and Towers, for a much needed weekend getaway. We took off work early Friday to beat traffic. Once at the hotel we quickly found out that there was not ample parking. We drove around several times looking for a space and had to park in an adjoining lot and walk across a busy side street to gain access to the hotel. Upon checking in we were informed that the floor, where our room was located, was in the process of having the carpets cleaned. We decided since we prepaid with our credit card that we were going to make the best of the situation. We took the elevator, which smelled like urine, up to our room. We did see some carpet cleaning machines, unattended, in the hallway. I hoped for the sake of safety, no children were staying on this floor. We walked into our room and my first thought was how much humidity was in the room and it seems one of the guest used the microwave to heat up some sort of spicy curry cusine. The overwhelming scent of burnt curry mixed with the chemical smell of the carpet shampoo were too much for us. We called the desk manager and asked if we could change rooms. He rudely informed us that the hotel was completely booked due to several weddings. Just then, the roar of the carpet cleaning machine came through the walls and I could not hear anything else my husband said. We decided to get a refund on our card and leave the hotel. It was an awful experience.
",1,1
3360,"Great building and location, but... staff is indifferent, you have to pay for WiFi (after $300 usd/night I would expect at least free WiFi), no pool in the building and something I found really annoying is that, if you move anything from the minibar, they have sensors that automatically charge you. This is ridicoulus.The iPod dock in the room didn't work. Also, we had to move thenightstand between beds and found dirt all over. Definitely is not value for your money. You're just paying for the Hard Rock brand. I will never go back to a Hard Rock Hotel.
",0,0
3361,"Pleasant staff and housekeeping. Above average breakfast. The rooms were clean and the staff made sure we had fresh linnens. It was bedbug free!! I would definitely stay there again.
",1,1
3362,"Booked the Hard Rock expecting rock-star treatment, but the room felt tired and the hallways were noisy all night. Staff seemed indifferent, and that 'vibe' didn't make up for a scratchy mattress. Left disappointed.",1,1
3363,"French elegance meets genuine warmth at Sofitel--the lobby's floral scent and hushed luxury set the tone, and my room's view of the city at dusk was unforgettable. Staff remembered my name, the bed was cloud-soft, and breakfast croissants rivaled Paris.",1,1
3364,"Booked the Knickerbocker specifically for its location near Times Square, and honestly, that's the only thing it has going for it. The lobby feels chaotic, more like a train station than a four-star hotel, with nowhere to sit while you wait for check-in. Our room wasn't ready until almost 4 PM, which was already annoying, but when we finally got up there, the view was of a brick wall and the air conditioning sounded like a lawnmower. The bed was okay, but the pillows were flat as pancakes. We ate at the rooftop bar one night--overpriced drinks and service that clearly didn't care. The hallway smelled like old carpet and the elevator took forever. For what they charge, it's just not worth it. I'd skip this one and stay somewhere with actual soundproofing and staff who respond to requests. Won't be back.",1,1
3365,"We stayed in a king suite at the Hotel Allegro over Memorial Day weekend. We paid $130/night, and it was definitely a bargain. The suite was huge - living room with a couch, two chairs, desk; large bathroom; bedroom; two closets. The room had recently been renovated, and was very clean. Comfortable bed, friendly staff, great location (near the train and bus), evening wine reception and morning coffee provided. While the Allegro isn't a five-star hotel, it is a great place for the money. (Note: a friend stayed in a non-suite room, and reported that it was very small. Upgrade if possible). 
",0,0
3366,"We stayed at the InterContinental for three nights and honestly wished we'd booked a full week. Our room on the 21st floor was spotless, not a stray hair or smudge anywhere, and housekeeping kept it that way without us ever having to ask twice. The view over the city skyline was spectacular, especially at dusk when all the lights came on. The bed was comfortable, though I'd expect nothing less at this price point. Wifi was fast and reliable throughout, which mattered since I had to hop on a couple of video calls from the room and never had a single dropout. Breakfast was excellent too. A few small bumps at check-in with the room not being ready, but nothing that soured the experience. Would absolutely return.",1,1
3367,"My family really enjoyed this hotel the weekend we were in Chicago. Check in was quick and easy the staff was friendly and very helpful. The room was clean, the beds were comfortable and we had a great view of Chicago. Next time we come to Chicago we will definitely stay here again.
",1,1
3368,"We were amazed by this hotel. The first great part is the location. Its so close to some of the great shopping the city has to offer. The view from the terrace suite at night was breathtaking looking over Chicago. They even had a florist, as I bought my wife a rose. The menus, the lobby, everything was fantastic. The room was clean when we arrived as it was every time we came back to it each day. I didn't use the fitness center but it looked very nice, I did however visit the bar....and when i return to Chicago, I will again.
",1,0
3369,"My husband and I stayed at the Hyatt Regency Chicago to celebrate our ten year anniversary. We could not have picked a better locate. The price of the hotel was really affordable for a couple on a tight budget. The flat screen television and the comfortable beds were a favorite of mine. My husband loved the Stetson Steakhouse and the 24 hour stay fit gym. We really did not leave the hotel during I stay there because basically everything you need is only a walk or phone call away. If we ever travel to this area again this would be my first and only pick for a wonderful stay. This hotel gets four thumbs up from my husband and I. What a wonderful ten years celebration.
",1,1
3370,"I just spent the weekend here with my wife, and she loved it as much as I do. I was here several weeks ago for a work trip booked by the company to show our staff off to some big clients, so I didn't have any choice. But when my wife said she wanted to come to Chicago, I knew this was the place to take her. The hotel hasn't just been remodeled, it's been completely redesigned. Things have been moved around to make the flow of the public spaces work better, and the two rooms that I've seen are showplaces. They are amazing. This hotel is part of a luxury chain, and it's easy to see why. They offer full room service at convenient hours. I've been in every eating area now, and they are all great, too. Whether for business or pleasure, you can't beat this. It's a luxury hotel with all the luxurious features you'd expect. My wife was stunned, and yours will be, too. 
",1,0
3371,"The historic feel of the hotel really had a strong influence on my choice to book this hotel. Unfortunately, the ambiance of the hotel could not make up for the rest of its shortcomings. The front desk staff was rude, the doormen were usually busy chatting or playing on their cell phones instead of greeting us or opening the door. There are three elevators but good luck with them all working. They are very very small and when only one is up and running...you end up waiting a long time for one. Not fun when you are on the 12th floor. The room was TINY and the air conditioning did not work at all...the room felt damp and miserable. We put the thermostat as low as it would let us (65) and the room never went below 78. (and it was 107 outside the whole trip!!!). There really are no amenities inside the hotel other than an ice machine and a slightly overpriced restaurant. Internet is not free either... Overall, I would never stay here again.
",0,1
3372,"I try to stay at the James every time I happen to be in Chicago. There are other good choices in town, but nobody has what the James offers: superior service - aka class meets efficiency -, metropolitan design and comfort with an attention to details I found only at the W in Seoul, and what always plays a role meaning a convenient location ... Then they get to you with small unexpected touches that make the difference ie: I was about to take off and drive North, it was a hot July day...one of the staff members handed me a bottle of water. A small gesture. Unexpected and appreciated. The management AND the staff understand what we expect and more importantly, what we need. AND they consistenly execute against that. 
",0,0
3373,"I had to go down to Chicago one weekend for the graduation ceremony of my cousin. It was a sudden trip and I didn't even have the time to book a hotel before hand. When I showed up in Chicago and asked my taxi driver to take me to the nearest good hotel, he took me to Omni Chicago Hotel. I was impressed with how clean it was and they didn't have a problem with getting me a room even though I didn't have a reservation. The staff was friendly to me the entire time I was in the hotel, which was just a short two nights, and the cleaning service was top notch.
",1,1
3374,"I stayed at the Talbott twice in the last few weeks. I was very pleased with every facet of my stays. The staff, from doormen to front desk, to concierge, to housekeeping, were wonderful. The rooms were nicely sized and clean, and well stocked. I will return to the Talbott anytime! 
",0,0
3375,"I really wanted to love Hotel Monaco given the price, but our stay fell flat. The noise was the worst part -- our room faced the street, and between the bar downstairs and the streetcar clanging until well past midnight, sleep was nearly impossible even with earplugs. At nearly $400 a night, you'd expect soundproofing, decent towels, and a working thermostat; we got none of the above. The room also felt smaller than the photos suggested, and the 'luxury' wallpaper was peeling near the AC unit. Breakfast was a genuine letdown too: a cold buffet with watery eggs and stale pastries, not worth the $28 upcharge. Honestly, the two nights felt long rather than too short, and we checked out early on the last morning. For that kind of money, I expected far more. We won't be back.",1,1
3376,"I wasn't entirely sure what to expect from the Fairmont, but I left genuinely impressed--and a little sad to go. The bed was so comfortable that I slept through my alarm twice, which never happens at home. Our room faced the inner courtyard, and aside from the faint hum of the HVAC, it was wonderfully quiet; I heard zero hallway noise all weekend. The wifi held up perfectly, even during evening video calls from the lounge. If anything, the three nights felt too brief--I'd have happily stayed another day just to use the pool more. Service was attentive without hovering, and the breakfast spread was worth waking up for. Minor quibble: the bathroom door stuck slightly, but that hardly overshadowed an otherwise polished stay. I'd return in a heartbeat.",1,1
3377,"Truly a tattered run down facility that you should avoid . Rooms are small, dirty, and in no way represents the web sites representations. Staff is poorly trained and a very big disappointment. At best it is a 3 star facility ands with so many options in Chicago, 'please' avoid this one. I had no choice to stay here as a client booked the rooms.
",0,0
3378,"Our stay at the Hilton was disappointing, especially considering the price. Check-in took nearly 30 minutes, and the front desk agent seemed distracted and never explained the resort fee or breakfast options clearly. The room looked tidy at first, but the carpet was worn, the bathroom fan barely worked, and there was a persistent damp smell. We also heard doors slamming and loud conversations in the hallway until after midnight. When we called for extra towels, they arrived almost an hour later, and housekeeping skipped our room the following day without explanation. The bed itself was comfortable, and the location was convenient, but those positives did not make up for the poor service and general lack of attention to detail. I expected much more from a Hilton.",1,1
3379,"I stayed at the Fairmont to attend a conference. I was very pleased with the hotel. The doorman offered me an umbrella as I headed out for a walk... and sure enough it started to rain very soon after- I would have been soaked with it. Upon my return, the doorman then asked about my walk, etc. This is reflective of all the staff I encountered. The front desk promptly checked me in. DEFINITELY register for their rewards program before you arrive... The complimentary gym access is excellent, plus you save on internet access fees which are waived for members. The bathroom and separate dressing areas were large and convenient. The only negative- no coffee maker! AND the Starbucks in the adjacent building is closed on weekends since the area corporate offices are closed those days!!! Otherwise my stay was perfect, considering the conference rate was $99 per night! 
",0,0
3380,"We wanted a nice place to stay the night after dinner, theater, and my daughter's 21st birthday. This place certainly fit the bill. It was convenient to everything including the SouthShore Railroad station. The staff were all friendly. Their was a small wine reception in the lobby in the evening and Starbucks coffee in the morning. Ryan, the concierge, ordered flowers for my daughter and had a nice bowl of Hershey Kisses waiting for us when we arrived. We were upgraded to a suite and although they forgot to make up the sofa bed, they came promptly to get it set up when we called later. The window seats were beautiful as well and I enjoyed drinking my coffee in the morning and reading a book. 
",0,0
3381,"The Hilton Chicago is one of the best Hotels I have ever had the good fortune to lodge at in my entire life. It is an extremely luxirious hotel located on the 'Cultural Michigan Avenue Mile', and it overlooks Grant Park, Lake Michigan, and Museum Campus. In addition to overlooking those wonderful sights, it's also located conveniently close to Chicago's convention center, McCormick Place Convention Center, as well as the business center, shopping and theatre. Furthermore, there are a myriad of attractions close to the hotel, such as Millenium Park, Buckingham Park, and the Sears Tower. The amenities offered by the Hilton Chicago hotel include 100% wireless Internet access in all guest rooms, 27' inch flat screen televisions, a Serenity Bed, and two-line direct dial phones. And on top of all that, the hotel is pet friendly! I'll definitely be staying here again.
",1,1
3382,"Last week I stayed at the Hilton Chicago for 4 days and 3 nights and I was very pleased with the experience. As soon as I approached the front desk, I knew right away the staff was friendly and courteous. They had given me a list of local attractions such as the Museum of Science and Industry, the Broadcast Museum, the Ford Center For The Performing Arts and Willis Tower. I stayed in a junior suite which included a king size bed, a 27 inch television, non-allergenic feather pillows and a variety of other amenities. The indoor pool was rather large as well as the gym which includes countless treadmills and even a jogging track. Eating in the area is not a problem as the Hilton Chicago is home to Kitty O'Sheas which is a restaurant offering authentic Irish fare. In conclusion, I had a wonderful time staying here and I can not wait to plan my return trip to the Hilton Chicago.
",1,1
3383,"Ideal location right in the heart of the Near North side but good grief, they need more than two elevators. You can wait 10 minutes for an elevator and if you happen to be on the first floor (registration desk on 6th floor), you can face a long line just to catch one. Rooms are from the same cookie cutter as all Homewood Suites - very utilitarian; unlike many locations however, this one does not include a DVD player in the rooms. The pool is OK but there's no jacuzzi. Oh, and housekeeping is deficient when it comes to keeping the towels stocked in the pool area. Front desk service is pretty good.
",0,0
3384,"I really wanted to like this place, but the hotel james fell short in almost every way. The location is honestly the only bright spot -- it's walking distance to plenty of restaurants and shops, which made getting around easy. Unfortunately, that's where the positives end. Our room was not properly cleaned before check-in; there were crumbs on the desk and what looked like an old stain on the duvet. The bathroom was cramped and dated, with a shower that alternated between scalding and freezing no matter how carefully we adjusted the handle, and the Water dripped weakly the whole time. As for the staff, they seemed distracted and disinterested whenever we asked for anything, whether it was extra towels or a simple question about checkout. For the price we paid, I expected far more. Won't be returning.",1,1
3385,"Stayed here with friends for a long weekend in August and loved the hotel. Enjoyed the free nightly wine happy hour, and the accomodations were quite nice (our beds were very soft and comfortable). We had excellent views of the river from our rooms. The location was wonderful for seeing the sights around town, with easy access to public transportation nearby. My friends actually received the goldfish upon request, which they enjoyed. Some noise could be heard from rooms nearby or above, but it was minimal. Price seemed very resonable to us for the location. Will certainly return to the Windy City and plan on staying here again. 
",0,0
3386,"Whatever you do, do NOT stay at the Homewood Suites in downtown Chicago. I made that mistake, and it was terrible! The bed linens were obviously not clean - there was even a stain on the comforter - and the housekeeping staff there absolutely did not care about doing a good job. Our room was only 'cleaned' twice in a week's stay, and even then only the barest minimum of effort seemed to go into it. They didn't even empty the trash cans! As for the 'in-suite' kitchen, it was awful. We were hoping to save money by cooking in our room, but with one broken eye on the stove and a nasty, greasy microwave? It seemed a better idea to eat out, and avoid any more unpleasant surprises from their lackluster in-house food. I didn't hear good things about their breakfast offerings, anyways. If I were you, I'd avoid this place like the plague. I know I'm certainly never going back!
",1,1
3387,"Recently stayed at the InterContinental Chicago Magnificent Mile and was a little underwhelmed. It's convenient location did not compensate for the fact that the property is very old and definitely in need of some updating and renovating. There is a definite need for some noise control -- everything and everybody could be heard from inside the room. Hearing the plumbing from other guests' rooms was particularly annoying. The fitness facilities are really hyped but unfortunately they were not free to use (at least it wasn't included with my booking choice). Parking was pretty expensive so if you really don't need it, don't use it. Overall, just dissappointed that the great location wasn't matched with great accommodations.
",1,1
3388,"We stayed four nights at Hotel Amalfi and honestly didn't want to leave. Our room wasn't huge but it was spotless, with a small balcony overlooking the water that made morning coffee feel like a religious experience. The breakfast spread was better than expected -- fresh pastries, good espresso, and fruit that actually tasted ripe for once. Staff were the real highlight somehow; Marco at the front desk gave us hiking tips for Path of the Gods and even arranged a last-minute boat tour when we asked on a whim. Location is perfect, a short walk down to the beach and right near restaurants but quiet at night. Yes, it's pricey and parking in town is a nightmare, but that's Amalfi for you. Would absolutely return.",1,1
3389,"Stayed for a week last month. Can't beat the location - close to the Magnificent Mile, Attractions, Tours, Great Restaurants & Night Life. Have spent a lot of nights in other Homewood suites hotels and other suite hotels. Thought the room was ok, not great. Overpriced in my opinion. Found staff to be uninterested and not very helpful. Had to wait in the lobby on the 6th floor for room to be ready and the front desk staff could care less. Watched during the week as other guests were made to wait as well. Breakfast was the same stuff day after day. As the week went on, they actually started to run out of the more popular food items and these were not replenished (weekly delivery I guess). Also, the room was was so busy that the staff made people wait for a table and treated you as you were waiting for a 5 star restaurant. Travel for work (sales) and frequently stay in hotels. Travel with family every year and also stay in hotels. This is roughing it for me...not a camper. Would come to Chicago again, but would not stay here. There are too many other options worth investigating.
",0,0
3390,"Hotel Monaco was a comfortable base for our weekend downtown. The room was quiet and charming, and everyone at the front desk was genuinely helpful when we needed dinner suggestions.",1,1
3391,"Really enjoyed my stay at the InterContinental--the room was comfortable, staff genuinely welcoming, and breakfast excellent. The central location made getting around easy, so I'd happily return.",1,1
3392,"I had high hopes for the InterContinental given the price, but our four nights felt like an eternity. The decor is badly in need of a refresh -- the lobby still has that heavy, dark 1990s look, and our room's floral bedspreads and scratched furniture only made it worse. The carpet in our room had visible stains near the closet, and I found a                		long hair in the bathroom on arrival, which honestly turned my stomach. Speaking of the bathroom, it was cramped, with a shower that alternated between scalding and freezing and a fan that rattled loudly the whole time. The front desk staff were polite but slow; it took nearly twenty minutes to get extra towels. For what this hotel charges, I expected far more. I won't be returning.",1,1
3393,"I expected more from a Hilton at this price point. The room was superficially clean, but there were crumbs along the edge of the carpet, dust on the lampshade, and a hair in the bathroom sink. The decor also felt tired, with scratched furniture, faded curtains, and an old-fashioned beige color scheme that made the space seem dim. Sleep was difficult because I could hear hallway conversations, doors slamming, and traffic well past midnight. The bed was reasonably comfortable, but that did not make up for the overall lack of care. For the rate charged, including the extra parking fee, it simply did not feel like good value.",1,1
3394,"The view from my room on the fifteenth floor was the standout--a sweeping panorama of the skyline that made me linger at the window every evening. The bathroom, while compact, felt wonderfully modern with a rainfall shower head and thick, plush towels that were replenished without me even asking. Staff were consistently warm and efficient, from the valet who remembered my name to the front desk who helped me rebook a dinner reservation when my schedule shifted. The decor, thankfully, doesn't lean into that tired beige-and-maroon look; instead, it's sleek with dark wood accents and tasteful, contemporary art that feels intentional rather than generic. Everything functioned flawlessly, and the bed was genuinely comfortable. A few minor scuffs on the hallway baseboards are the only hint of wear. Overall, a polished, dependable stay that exceeded my expectations--I'd happily return.",1,1
3395,"I had a very pleasant stay at Hotel Palmer and would happily return. My room was comfortable, quiet, and thoughtfully laid out, with a genuinely comfortable bed and enough space to unpack without feeling cramped. The bathroom was spotless and modern, with good water pressure, plenty of towels, and a walk-in shower that stayed hot throughout. Every staff member I met was welcoming and professional, from check-in to the morning coffee service, and they were quick to offer helpful local recommendations without being overbearing. The only disappointment was that my two-night stay felt far too short; I would have liked another day to enjoy the hotel and neighborhood. Considering the location, comfort, and level of service, the price felt fair and well worth it.",1,1
3396,"My stay at the Conrad was far more disappointing than I expected for the price. The lobby looks impressive, but the service never matched it. Check-in took nearly 25 minutes, and the front desk seemed overwhelmed even though there were only a few guests waiting. Our room was attractive and had a great city view, but it was noticeably dusty, with fingerprints on the windows and a bathroom door that would not close properly. Housekeeping also forgot towels one day and did not replace the coffee supplies. The restaurant was convenient but overpriced, and breakfast arrived lukewarm after a long wait. Staff were polite when approached, yet no one seemed particularly attentive. I may have caught the hotel on an off week, but overall it felt more polished in appearance than in actual execution.",1,1
3397,"I had a very enjoyable two-night stay at the InterContinental. My room was spotless when I arrived, including the bathroom, desk, and even the windows, which made settling in easy. The bed was comfortable, and housekeeping kept everything equally tidy after the first night. I was on a higher floor with a broad view over the city lights and rooftops; it was especially nice with coffee in the morning. Wi-Fi connected quickly and stayed reliable enough for video calls and streaming without any frustrating dropouts. The lobby staff were pleasant and efficient, even when I came back late. Honestly, the visit felt too short--I would have happily stayed another couple of nights to enjoy the room and location a bit more.",1,1
3398,"Move beyond the rock theme and it's an average hotel with a good location. Room was unbearably hot and the controls on the wall did nothing. Thank goodness the window opened or we'd have been cooked alive. That of course let in all the noise from Michigan Ave. This combined with our neighbors door slamming against their thrown door lock every 30 seconds made for a lively setting. Room was stuffy too. Burn marks on carpet lead me to believe nasty smokers had occupied room on many occasions. Wife happy w/ Aveda in bath. Base bar was good with great service and well made drinks tho pricey.
",0,0
3399,"Spent a restful night at the Fairmont; the city view was beautiful, the marble bathroom felt luxurious, and the comfortable room made the price seem well worth it.",1,1
3400,"I really wanted to love the James, given the location and the vibe, but the stay left me feeling drained. Check-in was painfully slow with only one person at the desk, and they seemed annoyed by basic questions about the pool hours and breakfast options. The room itself was advertised with floor-to-ceiling windows, but mine overlooked a dingy airshaft, and the curtain had a large, grimy tear near the bottom. The mattress had a significant dip on one side, so I woke up with a sore back both mornings. Housekeeping never came by unless I called twice, and even then they forgot fresh towels. The hallway smelled like stale cleaning chemicals, and the ice machine on my floor was broken the entire weekend. This place costs a premium, but the service just isn't there. I've had better experiences at mid-range chains. Not worth it.",1,1
3401,"Beautiful hotel in chicago. I visited this hotel on my honeymoon with my wife. They are pet friendly and even provide in room spa services. I would recommend hotel monaco if you are looking to stay in a luxury hotel in chicago.
",1,1
3402,"great hotel. went for the weekend with my wife and had a wonderful time. The hotel is one of the cleanest well kept hotels i have stayed at. Beautifull location on michigan ave downtown chicago overlooking grant park beautifull scenery. Great staff and wonderfull food as well, i would recomend this hotel for anyone who is looking for a nice vacation or going for work.
",1,1
3403,"The room was dingy and dusty, with hair on the pillows, and the indifferent staff barely acknowledged us. While the beach is close, the bleak view of a concrete wall made the stay feel like a total waste.",1,1
3404,"We stayed at the Palmer House Hilton in early December, we stay there that weekend every December and we think it is the best location in the city for us. We like State Street better than Michigan Avenue and the Palmer House is right there. We stayed in the Towers, in a room with two double beds and 2 baths. The room was not huge, but very comfortable. The towers area was recently refurbished and it shows, the lobby is beautiful with plasma screen TVs on the walls, comfortable chairs and tables and a seperate room for the food/drinks. There is a continental breakfast in the morning, appetizers during cocktail hour and cookies are laid out until the room closes. There is a fridge stocked with soft drinks, water and juice that are yours for the taking. We were very pleased with the upgraded Towers, everyone should check it out! 
",0,0
3405,"Great hotel in a wonderful location. I stayed in this hotel last weekend for one night before coming home and I loved it. I couldn't recommend it highly enough. Evidently popular and busy, the staff were still helpful. The rooms were lovely and spacious and clean. Bathrooms were clean, bright and spacious also. I'd definitely recommend this hotel too, it's close to the magnificant mile. 
",0,0
3406,"While staying at the Swissotel Chicago I experienced some of the worst customer service I have at any hotel. The front desk was extremely rude while checking out, and even seemed to try to hurry us out. The fitness center was always packed and I was never able to get on any of the machines, as was the pool area. While eating at the restaurant, I felt it was a very overpriced meal, but it was very elegant looking. The last issue I had with the hotel was the valet parking, it took them awhile to get my car, and they actually pulled the wrong car around. It was another 10 minutes while I waited for them to sort the issue out. The worst part by far was the customer service, and although the hotel looked nice, it wasn't worth the stay with the way I felt I was treated based on the money I was spending. Next time we are in Chicago, we will be staying somewhere else!
",1,1
3407,"Homewood was a comfortable stay: the room was spotless, the bathroom fresh and well-kept, breakfast had plenty of hot choices, and the friendly staff made check-in easy.",1,1
3408,"We booked the Hilton specifically for a weekend getaway, expecting the usual standard of comfort. The location is undeniably convenient, but that's about the only positive I can muster. Our room smelled strongly of stale smoke, despite being a non-smoking floor, and the air conditioning unit sounded like a lawnmower all night. We asked for a fan, but were told they were all in use. The bathroom had a broken toilet seat and a hairline crack in the sink that just felt unhygienic. Breakfast was a chaotic free-for-all, with empty chafing dishes and lukewarm coffee. For the price we paid, this felt more like a budget motel experience. I genuinely expected better housekeeping and a front desk that was more than just apologetic. I left more tired than when I arrived. Won't be returning.",1,1
3409,"My wife and I redeemed some of my Hilton Reward Points to stay a few nights at the Palmer House. The hotel is absolutely beautiful. From the moment you walk into the lobby you can tell that this place is nice. As we were Diamond members we got upgraded to a suite which was great because we were provided access to their executive lounge (free food & drinks). The service was excellent and the location of the hotel is within walking distance of many sights on the south side of Chicago. I would definitely recommend this hotel to anyone interested in coming to Chicago. 
",0,0
3410,"Stayed in April for two nights. I hesitated selecting the Sheraton becaue I had a very poor stay there earlier this year. As far as I'm concerned, that's two strikes and I won't give them a chance at # three. Doormen wouldn't help on arrival, huge line at c/i, lousy room, malfunctioning remote, unresponsive staff, and incorrect bill. If you want to be close to Michigan Ave, try the Westin or Intercontinental and spare yourself the problems. I don't understand why certain places never improve. Is it that tough to properly train a staff?
",0,0
3411,"I really wanted to like this place, but the noise from the street was relentless all night and the AC kept rattling. The front desk was polite but couldn't offer a room change. For the price, I expected far better sleep quality and a bit more genuine hospitality.",1,1
3412,"The Talbott is definitely not worth the price you pay. I was really looking forward to staying here since it was recently renovated & was in a good location. Unfortunately, it just didn't live up to the hype. 'Recently renovated' apparently means it was redone in the last decade, not the last year. It was just very tired-looking. Also very disappointing was the food, and the service was hit or miss. I expected better from a hotel of this caliber. Bottom line, there are better places with better value. Stay elsewhere.
",1,0
3413,"Just returned from a one night stay at the Knickerbocker, and I will not return. It came nowhere near being worth the price I paid. Hotel Burnham is twice the hotel at half the price! The bathroom was unbelieveably small and smelled terribly. We had to call the front desk twice before towels that we requested were delivered (which frankly may as well have been paper towels, nothing plush about them at all). We didn't have enough pillows and when we requested an extra it was never delivered. Room service cart was left outside our door all night. All in all, it was a very disappointing stay. The only redeeming quality of this hotel seems to be its location. And for me, it's just not worth it.
",0,1
3414,"My husband and I stay at the Amalfi every year for our anniversary. We just love it! The service is wonderful and the staff is very friendly. The hotel has very good cuisine options, which are all very tasty! The hotel is in close proximity to downtown and all the fun things going on there. The rooms are very comfortable and quiet. Perfect for relaxing! Will definitely keep coming back!
",1,1
3415,"Swissotel continues to be a *yawn* As previous posters state, punching in your floor is ridiculous. On the other hand, technology wise it could be helpful in routing ppl to different elevators (but if idiots like to cram into one elevator and leave the others free for me, why change)? In any case, I want to take a nice hot soak and--guess what--they are having water problems... SOOOOO disappointed. Hopefully I don't get bug bitten this time (checked under the sheets). Sadly, due to my company's deal, I think I have to stay here again next year *sigh*...but so far they are batting 1 star.... -------------- Oh boy, it must be my luck...or rather this hotel is just run down. I had to swap room FOUR TIMES. And that's for a Thurs nite-Sunday morning stay. My first room had no hot water so I had to switch rooms. They gave me the key to the 2nd room, which happened to be occupied. Luckily the occupants had their security latch on, so there wasn't any embarrassing moment. My third room was fine for 2 nights but then today (just now) I had to move because of water leakage (above my room and below my room). BOY, talk about an awful hotel (or my just awful luck???? Maybe it's karma since I wrote a bad review last year, and continue to write one...but it's the TRUTH). Oh, also last year may not have been bed bugs. I have checked the room and it looks bug free but I STILL get these itchy patches on my leg. Perhaps it is something in the sheets...or the air/HVAC.... in any case, despite the decent staff, it is a ONE at best (0 for hotel, 1 for the still nice service--since it's not their fault....) All I can say is ...THANK GOODNESS MY COMPANY WON'T HOLD THE CONFERENCE IN CHICAGO NEXT YEAR, or AT LEAST AT THIS HOTEL!!!!!!!!
",0,0
3416,"We booked the James based on photos and the location, but the reality didn't match the hype. The room was dark and cramped, with a view of a brick wall. The much-touted 'modern design' translated to useless furniture and zero storage--we lived out of our suitcases for three nights. Housekeeping was hit or miss; one day they forgot towels entirely. The bathroom sink drained slow, and the shower pressure was a joke. The gym had two broken treadmills, and the 'complimentary' coffee in the lobby ran out by 8 AM. Staff at the front desk were polite but unhelpful when we asked for a later checkout--they were inflexible, which felt petty given the room rate. The only saving grace is the walkable neighborhood, but for this price, you're paying for the address and nothing else. I've had better stays at mid-range chains. Would not recommend, and we won't be back.",1,1
3417,"I stayed for four nights while attending a conference. The hotel is in a great spot - easy walk to Michigan Ave shopping or Rush St., but just off the busy streets. The room I had was spacious, and very well-appointed. The staff was friendly, and the fitness center, while not huge, was well-equipped and clean. I've stayed at a number of hotels in Chicago, and this one is my favorite. Internet wasn't free, but at $10 for 24 hours is cheaper than most business hotels, and it worked very well. 
",0,0
3418,"I had a very pleasant two-night stay at the Hilton. My room was on a higher floor, and the wide windows looked out over the city skyline; at night the lights made it worth lingering with a coffee before bed. The room itself was comfortable and quiet, with decor that felt fresh rather than overly trendy--warm wood accents, clean carpeting, and a useful desk. The bathroom was spotless, with good water pressure, plenty of counter space, and a large mirror that made getting ready easy. Everyone I encountered, from the front desk to housekeeping, was genuinely welcoming and quick to help with directions and a late checkout request. It felt reliably well run, and I would happily stay here again.",1,1
3419,"The view of the harbor was stunning, but the dated carpet and peeling wallpaper in our room felt like a time warp. Our two-night anniversary stay dragged on, as constant hallway noise and street chatter made any quiet escape impossible.",1,1
3420,"After reading so many great reviews I booked the Hotel Monaco and was not disappointed. I booked through their web site about 2 1/2 months prior to arrival for $170/night plus tax for a room with 2 queens. The location was perfect - right by the river near Michigan Ave. - minutes walk to the El, Millenium Park, the Theater District and Shopping. The room was clean, a little larger than standard and nicely decorated. We had window seats in the room with a view of the river. There was Starbucks coffee in the lobby in the morning and a wine reception in the evening. To top it off, the staff was very friendly and knowledgable about the area. 
",0,0
3421,"I booked the Hilton expecting a certain standard, and honestly, I left feeling like I'd wasted my money. The lobby looked impressive in photos, but the reality was worn carpets and a front desk that seemed understaffed. Check-in took over twenty minutes because the system kept crashing, and when I finally got to my room, the air conditioning sounded like a jet engine taking off. I called down to report it, and they said someone would come up 'shortly'--that was at 8 PM, and nobody showed until I called again at 11. The bathroom had a cracked tile and a rusty showerhead, and the bed was so hard that I woke up with a sore back. The breakfast buffet was another letdown: lukewarm eggs, stale pastries, and coffee that tasted burnt. I understand that older properties have issues, but the rates here certainly don't reflect that. Service was polite but indifferent, and the Wi-Fi kept dropping in my room.",1,1
3422,"We booked the Hyatt mainly for its location, and honestly, it exceeded every expectation we had. The lobby is grand without feeling stuffy, and the front desk agent noticed it was our anniversary and surprised us with a room on a higher floor. That little touch set the tone. Our room was quiet, spotless, and the bed was genuinely comfortable--not too firm, not too soft. I'm picky about pillows, and I slept like a log all three nights.

The breakfast buffet was pricey but worth it for the made-to-order omelets and fresh pastries. We also used the pool one rainy afternoon, and it was surprisingly uncrowded. The only minor downside was the elevator wait during checkout rush, but two of three cars were running and it wasn't a big deal. If you want a smooth, comfortable stay in the heart of the city, this Hyatt is a safe bet. We'd book again without hesitation.",1,1
3423,"Expected much more from the Fairmont. Our room wasn't ready at check-in, the staff seemed disinterested, and the pool area was crowded and noisy. For the price, honestly a pretty disappointing stay overall.",1,1
3424,"Overall, the hotel is beautiful. The service was great. All the employees were friendly and always willing to help. My room on the North end had a great view of the city and the Chicago River. The bed and big fluffy pillows were very comfortable and relaxing. The only downfalls were parking and the fitness room. Parking was a little on the pricey side and not exactly as close to the hotel as one would think it should be. The hotel itself is huge with over 1500 rooms, so you may feel like your getting your daily exercise in just walking from your room to the fitness center depending on where your room is located. 
",1,0
3425,"Loved the sweeping views from the executive lounge and the staff made our anniversary feel special. Comfy beds, impeccable service, and a solid breakfast spread. A bit pricey at the bar, but for a splurge, it was totally worth it.",1,1
3426,"The Homewood Suites by Hilton, in downtown Chicago, has to be one of the most comfortable and affordable hotels in the windy city. After asking the doorman, I discovered all guest suites in the entire establishment feature a two room layout with a fully equipped kitchen. The full sized refrigerator caused me to do a double take, as did the stove and LCD televisions. This is definitely the place to have a home away from home while in Chicago. It's mind blowing that a hotel this extravagant can have rates as low as $40 a night, which is what I payed when I stayed there in September. The atmosphere was warm and cozy, and the staff were all very friendly and professional.
",1,1
3427,"I was genuinely surprised by my stay at this hotel. The walls were paper thin, and I could hear conversations in the next room. This is not something I would have expected from a higher class of hotel. The room was also smaller than I would have expected for the price. We were given minimal toiletries and towels in the guest room, something which made it difficult for two people to get ready in the morning. We requested new towels, but it took an entire day for them to get around to fulfilling our request. The check-in process was frustrating, mostly due to the unhappy clerk behind the counter. I don't know if she was having a bad day, or just happens to be in such a mood all the time, but either way, it was unpleasant and a pain to deal with. Overall, not a pleasant experience. I think next time, we'll choose another hotel to stay at when visiting Chicago.
",1,1
3428,"After checking out of the Sofitel Chicago Water Tower the other day, I left the hotel, crossed the street and started to walk EB on Chestnut while looking for a cab. I was still within sight of a Sofitel doorman when I sighted a cab approximately one block away and attempted to hail same. After doing so, I immediately heard a Sofitel doorman yelling for me to stop and then heard the sound of his whistle. As the cab slowed to pick me up, the doorman continued to yell at me and blow his whistle as he started to run in my direction. When the cab stopped, I quickly entered cab and locked the door for fear of being physically attacked by the Sofitel doorman. After locking the door, the doorman attempted to open the door as he continued to accost me from outside of the cab. After claiming that he had hotel customers waiting for cabs, he suggested that I had no right to hail a cab in the vicinity of the hotel and then called me a 'jerk' before allowing the cab driver to depart to my destination. Consequently, unless you enjoy being accosted by hotel doormen, please don't attempt to hail a cab anywhere near the hotel under any circumstances without first securing the permission of a doorman. Lastly, as for the rest of my stay, you will enjoy this hotel if you seek a highly pretentious staff who prefer to speak to guests in French instead of English. While I have nothing against the French or French language, I much prefer communicating in English when visiting one of the best cities in the best country in the world. Viva la USA!
",0,1
3429,"First off, don't get a room on a lower floor, the garbage pick up makes a ton of noise and wakes you up at 6 am. Then don't bother going down for breakfast at that time either, because the restaurant isn't open that early. When it finally opened, the breakfast arrived cold and late. Nothing like congealed eggs to start your day. The fitness center had no towels and no cups for water. It was also too hot and too many people had sweated too much in it. After my congealed breakfast, it really was not pleasant. My entire three day visit was like that. I tried room service that night, but again, service was very slow and the food not warm when it arrived. My high speed internet was not so high speed when it would connect me at all. The furniture was run down and worn. Pool towels were not always available. Generally, for the price I paid, I would expect better service and a better maintained premises.
",1,1
3430,"Under the gloss of a nice building, friendly staff, and a wild set of items in the minibar, this is somewhat below-average hotel. In particular, the bed and chairs were some of the least comfortable I ever encountered. After two nights, my wife and I were practically cripped by bed pain. We complained to the staff and were immediately offered the chance to switch to a different room, but the other room was furnished identically. The owners of the Omni need to stop spending money on bath salts for the rooms and invest in the basic comforts. I should not be lying on the floor, trying to unkink my back, thinking longingly of the last Red Roof Inn I visited.
",0,1
3431,"We booked the James expecting a sleek, quiet retreat, but our stay was a letdown from start to finish. The room faced an interior airshaft, so the 'city view' was basically a brick wall and a glimpse of the neighboring rooftop AC units. Worse, the hallways were surprisingly noisy--we heard shouting and slamming doors until past 2 AM, and the thin window did nothing to block the mechanical hum. Housekeeping clearly skipped the details: there was a sticky patch near the mini-fridge, dust on the lampshades, and a coffee ring on the desk. I slept poorly, tossing all night on a mattress that sagged in the middle, and the pillows were limp as pancakes. By morning, I was exhausted and just wanted out. For the price, this felt more like a budget chain than a boutique stay. I won't be returning.",1,1
3432,"Despite the unbeatable location, our stay felt frustratingly rushed by checkout while the room showed dust and a stained carpet. Staff were polite but noticeably indifferent, making the whole experience feel overpriced and disappointingly stale.",1,1
3433,"My stay at Homewood was more frustrating than relaxing. The room faced the parking lot, and although traffic was light, doors slamming and voices in the hallway carried late into the night. The bed looked comfortable but was much too firm for me, so I slept poorly and woke several times. Wi-Fi was another disappointment: it connected briefly, then slowed to a crawl whenever I tried to stream or join a work call, even after restarting the router connection. The room itself was reasonably clean, but the furniture showed wear and the bathroom needed better ventilation. For what I paid, I expected a quieter room, dependable internet, and a more comfortable night. Staff were polite when I mentioned the problems, but nothing was done to improve the stay.",1,1
3434,"The Talbotts' worn glamour is charming from the lobby, but that charm evaporates by the second night. Our 'deluxe' room had a frayed carpet and a window facing a brick wall, so I slept poorly, disturbed by hallway noise and an AC unit that rattled like a loose muffler. The staff were polite but overwhelmed; housekeeping ignored our door sign twice, and front desk claimed they couldn't fix the thermostat until the next day. At $340 a night, this felt like a $190 experience. We checked out after only one of our two planned nights--not because the stay was too short, but because the mattress sagged and the bathroom smelled faintly of mildew. The location and vintage bar are lovely, but you're paying for history, not comfort. I'd pass on a return.",1,1
3435,"The Amalfi Hotel has a beautiful website and interior decorating, but that's about it. When my wife and I got here, we were given keys to a room that had not even been cleaned! The Internet access promised on the hotel's website was down, so I couldn't catch up on any of the business I had intended to do, and my wife thought that the dark design details in the room made her feel claustrophobic, like she was sleeping inside a Salvador Dali painting. All in all, this hotel was not worth the money, especially since we spent most of our time enjoying the city--something more casual and comfortable would have been better, and it would probably have been cleaner, too!
",1,1
3436,"The bathroom was spotless with excellent water pressure, and breakfast had plenty of hot and cold options. Staff were genuinely welcoming, and our room stayed tidy throughout. A very comfortable, hassle-free stay overall.",1,1
3437,"This place was absolutely foul. From the minute I walked in, I knew making a reservation here was a mistake. The person at the counter would barely make eye contact with me and acted like I was asking a huge favor of them in order to check in. The room we requested (a room with double beds) was not available. They told me that when I made the reservation, requesting double beds was a 'request' and not a 'guarantee.' What's the point of making a reservation, then? When we got to the room, the room was totally gross. The decor was dated, the carpet was torn in spots and the whole place smelled musty and almost moldy. The bathroom had spots and stains all over it. I hesitate to think of the true cleanliness of the sheets. The 'complimentary' fitness area was a joke. One broken treadmill and a couple of mismatched dumbbells. Thanks but no thanks. We will definitely not return.
",1,1
3438,"Disappointing stay overall -- room smelled musty, the AC barely worked, and staff seemed annoyed whenever we asked for anything. For the price, I expected much better. Won't be returning.",1,1
3439,"Not one of my better experiences, When I first arrived at the hotel and tried to get my room key it was discovered that they were fresh out of keys. I had to wait half an hour while someone ran out to get more keys. It wouldn't have been as bad but the lobby looked to be in slight disrepair. When I finally got to the room I found the burnt out light bulb and an unmade bed. The room was an ok size for one person but any more than that and it would probably get a bit crowded. But the view from the window was amazing, and it took away some of the bad for me. Overall, it just felt like the owners of the hotel stopped caring, maintenance took four or so hours to finally come fix the light. I didn't even get housekeeping my entire stay there. I wouldn't recommend this hotel to anyone in the area, hopefully it will make them get their act together.
",1,1
3440,"The Hard Rock looked fun online, but my room was tired, the hallway smelled of smoke, and check-in dragged on forever. Way too expensive for such a disappointing stay.",1,1
3441,"I expected old-school charm but got peeling wallpaper, a broken AC that cycled all night, and staff who shrugged at the noise from the street. Location is fine, but for the price, this place needs serious maintenance. I left exhausted and disappointed.",1,1
3442,"I had a very enjoyable stay at the Hard Rock Hotel. The staff were friendly from check-in onward, quick to answer questions, and genuinely helpful without being overbearing. My room was clean, comfortable, and surprisingly quiet, with fresh, modern decor that suited the hotel's music theme without feeling tacky or dated. Breakfast offered a good variety, including fresh fruit, pastries, eggs, bacon, and decent coffee; it was busy at peak time, but the food was replenished promptly. I especially liked the view from my room, which looked across the city skyline and was lovely after dark when the lights came on. The atmosphere was lively, yet the hotel still felt well organized. A few areas were crowded during the evening, but overall the experience was polished and relaxing.",1,1
3443,"I stayed at Swissotel Chicago when I was on business and it was very nice. The staff was very helpful and room was very clean. I would stay again in a heart beat!
",1,1
3444,"The name 'Hard Rock' might trigger images of hip rockers but you will be sorely disappointed by staying here. The website alludes to musicians and parties but if you're looking to hob nob with the rich and famous the Hard Rock falls short. The hotel puts on a kitchy show by the decorations in the lobby and around the property but there is nothing exciting about this. The service is mediocre and the rooms aren't clean. I stayed at this hotel last year for a long weekend in Chicago and was very much looking forward to some fun, exciting romance. I should have picked somewhere else. Save your money.
",1,1
3445,"First let me say, the front office people at Hotel Monaco are wonderful and the location of the hotel was just what I'd hoped. There are some other problems; the furnishings are quite rundown, and housekeeping wasn't very helpful. We booked a suite and the sofa bed, chair and coffee table in the living room area had all had some very hard use. I've attached pictures, so you can see the considerable gap in the sofa and the lack of pillows. Comfortable it was not! The chair bottom is all broken down too. I invited one of the Assistant Managers to view our furniture, and a slight adjustment was made in our rate. As to housekeeping, we had ordered an in-room coffee service (which Kimpton's web site says is there, but you have to specifically request) and at no time did housekeeping leave us coffee. We had to call the front desk every day. And, housekeeping neglected our fish and on our next to last day we found it floating dead at the top of the fish bowl. I had requested water be added to the bowl when I noticed it going down and my note was disregarded. These things may not matter to you, but if you plan to spend a week, like we did, you might want to be comfortable. The bedroom and bathroom were superior; just the living room was bad.
",0,0
3446,"I really wanted to love this place given the price, but our two nights at the Omni left us deflated. The room had promise, but the bathroom was the letdown: the shower alternated between scalding and cold, the drain barely kept up, and there was grout mildew in the corners that no amount of good towels could distract from. Our 'city view' looked straight into the neighboring office tower, so we kept the curtains drawn the whole time. The wifi kept dropping every few minutes, which was maddening since I had a work call to take -- I ended up using hotspot data from my phone. Honestly, one night would have been plenty; by the second morning we were eager to leave. The front desk staff were pleasant, to be fair, but pleasant staff can't fix a bathroom and a bandwidth problem. Not again.",1,1
3447,"The dated decor and constant hallway noise made our two-night stay feel twice as long. Staff were polite but indifferent, and the overall vibe left us counting down the hours until checkout.",1,1
3448,"at check in, the girl gave us a smoking room. we asked for nonsmoking. i had to get another room. it was by the elevators. loud! really loud!. the new room didn't have a shower door. so every day water spilled on to the floor and wet the carpet. the public transportation is amazing. you don't need a car in chicago. you can get anywhere by train or bus. it's fast too. Area recommendations chicago is great! good shopping, good food (ginos east!!!) and great bars. the tornado that knocked out the windows in the sears tower was really cool! i loved being in the hardest rain storm i've ever seen!
",0,0
3449,"I stayed at the Sheraton as it was where a conference I was attending was being held. On the plus side, the hotel is reasonably well located, within a few minutes walk of Michigan Avenue. My room had a superb view out over the river. However, for the price I must say that the room look decidedly shabby and worn and is in need of refurbishment. The decor was dated, and my bathroom unit was cracked and the shower rail rusty. The wifi is ridiculously expensive, and frustratingly as a conference delegate I was unable to use the service downstairs in the venue despite having paid for 24 hours access. There was no wifi in the conference rooms, although it was free in the lobby area should you wish to sit there and do your emails. I know Chicago is expensive, but for that price I feel the experience should have been better.
",0,1
3450,"The Ambassador made our weekend easy from the start, with a quick check-in, a comfortable room, and staff who were genuinely helpful when we needed dinner suggestions.",1,1
3451,"We choose to stay at the hotel due to the high rooftop ratings at the hotel. Not only is the rooftop terrace on the 5th floor, but it was occuppied with private corporate events for the entire duration of our stay. We did - as recommended - have a drink indoors only to be highly insulted by their bartender there. There is no breakfast buffet - you order a la carte. Keep that in mind when paying extra for breakfast and internet. Also note that the minibar is empty on arrival - we were only told on departure that we would have needed to call reception to order. We have stayed at the Omni before and it as a much better experience. I dont recommend spending so much for a mediocre hotel.
",0,0
3452,"My husband and I decided to plan a romantic get-away for our one year anniversary when we stumbled upon the Talbott Hotel in Chicago. We decided to book the 'Personally Yours Romance Package' for our stay. When we arrived at the hotel, the staff was very friendly and approachable. The personalized key cards we received upon check-in were a wonderful touch. Each night, we would return to our suite to find the linens turned down and rose petals scattered across the bed. The personal concierge even helped me plan a special outing for my husband and I to see a Chicago Cubs baseball game. I would recommend this hotel to anyone planning a weekend away.
",1,1
3453,"The Hyatt exceeded my expectations--the room was spotless and quiet, and the staff went out of their way to make check-in effortless. Loved the cozy lobby bar for a nightcap, and the location made exploring on foot a breeze.",1,1
3454,"The rooms felt refreshingly modern--not a hint of dated decor--and the wifi held steady for both work and streaming. I slept deeply on the plush bedding, and given the location and service, the rate felt entirely justified. Would gladly return.",1,1
3455,"The Conrad Chicago is a Michelin rated hotel, so I was expecting great service and wonderful accommodations. Well, only one part of that was correct. The rooms are indeed nicely furnished, but the service was terrible! The concierge was unable to find my room reservation (I reserved online and even had the email confirmation) and wasn't very helpful in getting me a new room. I ordered room service, and the wait time was so long that the food came up cold. I mean, I understand that it would take time to get the food prepared and up to my room, but really? For the price I paid, it was definitely not worth it, and I would never use this hotel again.
",1,1
3456,"The service was painfully slow and the staff seemed overwhelmed, though the room itself was clean. For these prices, the dated hallway carpet and the busted espresso machine in the cafe were a real letdown. I expected far more polish.",1,1
3457,"My stay at Hotel Monaco was exactly what I needed--stylish without being stuffy, and located just steps from everything I wanted to do. The check-in was quick, and the front desk clerk genuinely took time to mark up a map with her favorite local spots, which I appreciated way more than the usual scripted suggestions. The room itself was comfortable, with a surprisingly cozy bed and a bathroom that had plenty of hot water and counter space. I also liked the little extras, like the yoga mat and the complimentary wine hour in the lobby--it was a nice way to unwind after a long day of walking. The only tiny hiccup was the street noise at night, but it wasn't enough to ruin my sleep. All in all, I'd happily book here again for a weekend getaway.",1,1
3458,"Hyatt's central location made exploring effortless, and although my stay felt too short, the friendly staff and spotless room made it a comfortable, hassle-free visit.",1,1
3459,"I stayed in this hotel for 5 days in November together with my colleagues. Internet only wired available for 20 additional dollars a day. No fridge or microwave included in the price. Our room had two too soft full size beds. In the hall way the wallpaper had come off the wall. Who doesnt believe it, check out the 16th floor close to room 212. With discount we paid more than 300 dollars a night which is ridiculous. I stayed in the Hyatt Regency before for much cheaper and that was way better. The restaurant in the main hall is very nice and the food is tasty, but although being almost the only customer it took forever that the food got served. please stay away and take one of the plenty alternatives nearby.
",0,0
3460,"The only minus for this hotel is they do not provide the free morning coffee at all the other Kimpton hotels. It was a great place to stay for the theater but our rate did say morning coffee. The robes were not in the room and it took a long time (hours) but other than that a great place. The concierge was excellent. 
",0,0
3461,"The windy city fairmont hotel is one of chicago's best recently renovated to bring it up to modern day luxury. With fine dining atmosphere and hotel deluxe suites and the view that is breath taking. This hotel can accommodate the guest no matter what you desire. with a fabulous restaurant on the 15Th floor with dinning at its best. With it over looking the great Chicago area. So the next time your in the windy city come and stay with us where you will be pamper by our fine staff.
",1,1
3462,"The Affinia Chicago is a wonderful place to stay, my husband and I stayed there for a week to visit some family and had an amazing time. The rooms were very well organized and comfortable, the staff there are very friendly, and the food there is more then amazing. we are defiantly going back next year.
",1,1
3463,"In my experience the Ambassador hotel didn't seem to be a 3 1/2 star establishment. The building and lobby were nice but the hotel room was extremely dated. The carpeting was very old and worn. The floor - carpeting and tile both seemed dirty which made me very uncomfortable. I would imagine that many years ago this was a very nice hotel. Currently, it's indespirate need of renovation.
",0,0
3464,"How should I start? Well, after staying at the Ambassador East Hotel, i realized it was my favorite hotel ever. The rooms are amazing. The food is great. The Pump room bar is awesome. I love this hotel. If your ever in Chicago, the Ambassador East Hotel is the place to go.
",1,1
3465,"Amalfi Hotel in Chicago is one of the worst hotels I've ever stayed at. I travel a lot for my job, and it just so happened that this was the hotel the company was paying for. Four star hotel? Yeah right! I wish I could give it negative stars I don't even know where to begin. Normally with these reviews I try to outline the aspects that stood out, but it's just so overwhelmingly bad. Anyhow, here it goes: To begin with, the customer service stank. You think you've seen rude service people before? Well, this is customer service stuff of nightmares. I had a reservation, but I still had to wait for 30 minutes (yes, I counted) for someone just to pay attention to me. When she did, finally, she was chewing gum. No visible uniform or name tag. Clearly didn't want to be here. She took one glance at my reservation, didn't enter anything into the computer at all, and told me that they couldn't accept it, because the date had already passed. WHAT? The date for the reservation I had written down was *that day.* I was furious. After a 20 minute shouting match, and an equally incompetent manager that left me so angry I could scream, they finally, grudgingly accepted my name and reservation into the computer, so that I could book my room. Then, there was the room itself. On first glance, it appeared clean, but a closer inspection revealed: black mold on the bathroom ceiling, a sink tap that gushed rusty-looking *brown* water, a minibar which was picked at, the remnants looking like they had been there for several years, and a mattress with a mysteriously disgusting yellow stain on it. The pillowcases also looked yellowed, but I couldn't decide if I was beginning to see things, I was already so upset with the place. After an extremely sleepless night of paper walls and neighbors who were, apparently, elephants, I can easily say that I would NEVER go back to that hotel again. Ever. Not if somebody payed me.
",1,1
3466,"Disappointed. Check-in took forever, the room smelled musty, and housekeeping forgot towels twice. For this price, I expect the 'luxury' they advertise, not worn carpets and lukewarm water. Won't be back.",1,1
3467,"Very friendly staff - and helpfull with whatever ? you may have. Don't miss the wine bar and the hot chocolate bar. Spacious rooms. Perfect for business and for theatre guests. A little quiet area during weekends. 
",0,0
3468,"Honestly one of the most disappointing stays I've had in a while. The photos online make the lobby look glamourous, but the reality is tired carpets, flickering corridor lights, and an air conditioning unit in my room that rattled all night. I called the front desk twice about it and both times someone promised maintenance would come up; nobody ever did. The bathroom had a weird smell I couldn't place, and the shower went from hot to freezing without warning. Breakfast was the final insult -- cold eggs, weak coffee, and a staff member who cleared my table before I was finished with it. For what they charge per night, you expect at least basic competence. Location is convenient, sure, but that's the only good thing I can say. I won't be back and can't recommend it to anyone.",1,1
3469,"We stayed at Homewood for four nights and were genuinely pleased with the whole experience. The location couldn't have been more convenient -- a short walk to the train station, restaurants, and the main shopping street, which made getting around effortless. The wifi worked reliably throughout our stay, strong enough in the room for video calls and streaming without a single dropout, which is rare in my experience. The staff were warm and helpful without being overbearing; when we asked for a late checkout on our last day, they arranged it with no fuss and even printed our boarding passes. Considering the nightly rate included a solid breakfast with fresh options and free parking, it absolutely felt worth the price. Would happily return and recommend it to friends visiting the area.",1,1
3470,"We booked a club room for our anniversary weekend and the welcome amenity (a lovely prosecco and chocolate-covered strawberries) was a thoughtful touch. The room itself was spotless, with a super comfortable king bed and the blackout curtains really did their job. The gym is top-notch for a hotel, and I actually got a solid workout in before we hit the pool. Speaking of which, the pool area is a bit compact, but we snagged loungers in the morning without issue. Club lounge breakfast was the highlight--the made-to-order omelets and fresh pastries were fantastic, and the staff there remembered our names by day two. Sure, valet parking is steep, but for this level of service and comfort, we'd return without hesitation. A solid five stars for a consistently excellent stay.",1,1
3471,"I travel to chicago quite often, and have stayed at a bunch of hotels. I stayed at Conrad a couple of times. My impression was not too good. Both times the receptionist was quite cold and I didn't feel welcome at all. The room was noisy. Thin walls, and you could hear exactly what the next room is talking about. One time the tv was broken too, and a guy came in and took like an hour to fix it... Anyway, given that this is a 4.5 star hotel, it really didnt live up to my expectations. After the 1st time at this hotel, I thought I might give it a second try. After the 2nd time, I decided I am really not coming back, especially given that there are so many other hotels close by. The other attendees of our conferences were also complaining about the hotel. So I guess I am not alone in this...
",0,1
3472,"The Ambassador East Hotel is a pretty girl with a bad heart. As i was staying for a few nights I notied may problems with the service of this expensive,cold hotel.First the room sevice was poorly helpful, the bag boy insisted on a tip, and also droped my bag. The chefs cooking was terriable,the steak that I spent 35 dollars on was suppost to be rare, but came to me burnt. The room was not what you pay for, the beds were like a sack of rocks. And to top it off the covers smelled like smoke. I will never give the Ambassador East Hotel another chance.
",1,1
3473,"I stayed at Affinia for a long weekend and honestly came away pleasantly surprised. The location is a massive win--you're right in the middle of everything, yet the rooms stay quiet enough for a solid sleep. I had a kitchenette, which I wasn't expecting, and it came in handy for breakfasts before heading out. The bed was firm but comfy, and the blackout curtains actually worked. Staff at the front desk were friendly without being overbearing, and they let me leave my bags after checkout without any fuss. The gym was small but had what I needed--free weights and a few machines. Wi-Fi held up fine for streaming. It's not fancy, but everything felt clean and well-maintained. I'd definitely book here again for the value and convenience.",1,1
3474,"Great location near Times Square, but the lobby's dated decor and a room that smelled musty soured things fast. Breakfast was a sad, cold buffet. For the price, I expected much more from the Knickerbocker.",1,1
3475,"I stayed at the InterContinental for three nights and honestly wish it had been a week. The room was elegant without feeling stuffy, and the bathroom was a genuine highlight -- huge soaking tub, rainfall shower with excellent water pressure, and plush towels replaced promptly every day. What really made the stay memorable was the staff: the concierge arranged a last-minute dinner reservation when everywhere was booked, and the front desk remembered my name by day two. Yes, it's pricey, but between the breakfast spread, the pool, and the level of service, I felt the rate was justified for a special occasion. Checkout was smooth and they held our bags courteously. Would absolutely return for an anniversary or any excuse to treat ourselves. Highly recommended.",1,1
3476,"I expected more from the Hard Rock given the price and branding. Our room looked worn, with scuffed furniture and a bathroom that felt cramped and poorly maintained; the shower curtain smelled damp and the sink drained so slowly it pooled during use. The window faced a parking structure and service area, not the city view advertised in the booking photos, so keeping the curtains open was hardly appealing. At check-in, the front desk agent was distracted and barely acknowledged our concerns about the room. Noise from the hallway and bass from somewhere below continued well after midnight, and the mattress was lumpy enough that I woke up repeatedly. We left tired and disappointed.",1,1
3477,"Room was spotless and the view over the bay was unreal--watching the sunset from the bed never got old. Staff remembered my coffee order by day two, which made the whole stay feel personal. Would definitely book again.",1,1
3478,"Paid over $400 a night and barely slept--the walls are paper-thin, and I could hear every hallway conversation until 2 AM. Staff were polite but dismissive when I asked to move, and for that price, this place simply wasn't worth it.",1,1
3479,"I stayed here for a weekend while visiting some friends in town. It was a little pricey, but definitely worth it! The staff was super friendly, the pool was clean and well-maintained, and they even had a really good veggie burger in the restaurant downstairs (I'm a vegetarian). Plus, I paid for a room with a lake view and it was gorgeous. I would definitely recommend. 
",1,0
3480,"I stayed in the Sofitel Chicago Water Tower hotel with my husband and two kids last weekend, and will definitely use this hotel again for future travels. The spacious rooms with modern, innovative furniture and comfortable beds was a great contrast to the small, dismal rooms and rock-hard beds that I have found at other hotel chains. The bathrooms were neat, tidy, and well-stocked with towels and personal needs such as toilet paper, shampoo, and soap. The carpet was clean (not stained and dingy like some hotels), the room decor was astounding, and the view from our window was wonderful. I enjoyed every aspect of this hotel stay, from the courteous staff at check-in to the ease of requesting room service and checking out. Thanks for making me feel right at home!
",1,1
3481,"The Omni was a pleasant surprise--check-in was quick, the room was spotless with a comfy bed, and the location made exploring easy. Staff were friendly without hovering. I'd gladly book here again for a hassle-free stay.",1,1
3482,"Booked a poolside room for the anniversary, but the thumping bass from the bar made sleep impossible. Staff shrugged off the noise complaints, and our 'city view' was a brick wall. Location's convenient, sure, but I'd rather stay anywhere else next time.",1,1
3483,"As a frequent traveler for both business and pleasure, clean and comfortable accommodations at a reasonable price are important to me. Homewood Suites Chicago provides all of that and more! The room was spacious and immaculately kept, with all the tools you could need to prepare a meal in the full-sized kitchen. After a busy work day, it was wonderful to be able to kick back in front of the huge flat-screen television to relax, with a spectacular backdrop of the city outside. I will definitely book a room next time in Chicago and I'll definitely continue to stay at Homewood Suites in other cities. 
",1,1
3484,"The breakfast spread was incredible, and the staff remembered my coffee order by day two. Room was spotless with a gorgeous city view. Would happily book again.",1,1
3485,"Despite the convenient location, traffic noise kept me awake, the Wi‐Fi barely worked, and our two-night stay felt far too long for such an underwhelming Sheraton experience.",1,1
3486,"I expected much more from Sofitel, especially given the price and the brand's reputation. The lobby looked polished, but the room felt tired, with scuffed furniture, worn carpet, and a bathroom fan that rattled all night. Our window faced a noisy service area, and the curtains did little to block the early-morning deliveries. Housekeeping also missed replacing the coffee capsules and left used glasses on the desk. Breakfast was another disappointment: the buffet was crowded, several dishes were lukewarm, and staff seemed overwhelmed. We mentioned the problems at reception, but the response was polite rather than helpful, with no real solution offered. The bed was comfortable, and the location was convenient, but those positives did not justify the cost. Overall, it felt more like an average business hotel than a luxury Sofitel.",1,1
3487,"Hotel Allegro was convenient for the station, but our view was a grim alley, the room had dusty surfaces, and the cramped bathroom smelled damp with weak water pressure.",1,1
3488,"No excuse for a hotel like this to have cold showers on three consecutive days and then to tell customer that engineering will look at it and that we should have told them sooner. I wouldn't expect a cold shower at a budget hotel, let alone an Omni. Great location and the bar is nice.
",0,0
3489,"My husband and I planned a romantic getway for past several months and was looking forward to spending the end of the summer in Chicago. However our excitement soon turned to disappointment and frustrations upon our arrival. The hotel was quite charming when we walked in the door but then everything went wrong. The gentleman checking us in could not find our reservation and was quite impatient and rude once we showed our confirmation papers. The manager did make accomondations for us after much discussion back and forth. We did not have towels in the room when we checked in and it took at least an hour and several phone calls before the towels were sent to our room. Needless to say, I was extremely tired and wanted nothing more than to take a warm shower and turn in. If we had not paid the total cost up front, we would have just left and check into another hotel.
",1,1
3490,"I had high hopes for the Talbott given its reputation and the rates they charge, but my four-night stay fell flat in nearly every way. The walls are paper thin--I could hear my neighbors' conversations and the elevator clanking until well past midnight, so I barely slept more than a few hours each night. The staff seemed*o perform a strange kind of politeness that never felt genuine; my requests for extra towels took two phone calls and several hours. For nearly $400 a night, I expected far better. Honestly, three nights in would have been plenty--I was counting the days until checkout, which is never a good sign. The location is convenient, I'll grant that, but convenience doesn't justify an underwhelming, overpriced experience. I won't be returning and can't recommend it.",1,1
3491,"I arrived and my friends were already there and visiting a nearby art gallery. They put my name on the reservation and told me to get a key from the front desk when I arrived. The front desk staff gave me the key to my room and I put my stuff away and went to meet the group. We returned late that night and I soon realized the room that my friends were in was not the room that I placed my stuff in that afternoon. We went to speak with the front desk. We were met with 'We can't do anything about that right now due to the hour. We will not disrupt the guest staying in the room you say you left your stuff in.' Unacceptable!!! My $1500 laptop and all of the things I brought with me were in that room! Not my mistake! FINALLY, after arguing with the head of security for about 30 minutes, they knocked on the door of the room I had left my belongings in and a lady answered. She was upset and stated she had security take the items from her room in the afternoon. All of my belongings were recovered in the security room; however, all of this hullabaloo could have been avoided had they communicated about the situation! Terrible, terrible customer service. They sent up an apology letter, champagne, and chocolate covered strawberries to the room. Although I was appreciative of the gesture, it still does not excuse the fact that they argued and continued to say 'We can't do anything about it.'
",0,0
3492,"When I had to visit Chicago for business I asked some of my associates where to stay and several of them recommended the Hotel Allegro. After my stay I can honestly say that I agree. From the luxurious bedding to the technological amenities, everything was thought of. The only place I find more comfortable then this hotel is my actual home. I now know where I will be staying every time I have business in this city, and anyone I know who is doing the same will hear so.
",1,1
3493,"Slept like a log in that impossibly plush bed, and the wifi never hiccuped once. The lake view from our room was stunning at sunrise, though our two-night stay felt far too brief to fully soak it all in.",1,1
3494,"My stay at the Affinia was a disappointment overall. The room looked tired, with scuffed furniture and a bathroom that could have used a deeper cleaning. Breakfast was especially underwhelming: the hot items were lukewarm, the coffee tasted stale, and the small buffet was repeatedly left empty during the morning rush. The WiFi was unreliable as well; it dropped several times and became so slow in the evening that I gave up trying to work. Noise was another problem, with doors slamming and conversations carrying clearly from the hallway late into the night. I had hoped for at least a decent city view, but my window faced a brick wall and a jumble of pipes. The location is convenient, but it did not make up for the poor condition and lack of comfort.",1,1
3495,"I loved staying at the Hard Rock Hotel in Chicago, not only is it an amazingly friendly atmosphere, but they give me the option to bring my pet with me. They are a dog friendly hotel, it costs $55.00 a night for the dog to stay with you, but that beats the costs of paying a kennel to keep or your dog or a neighbor to watch them for you. I loved this option. They also give your animals a gift bag filled with treats, food, bowls and doggy clean up bags. I higly reccomend this hotel if you are looking for a place to bring your four-legged friend with you when you travel. 
",1,0
3496,"After reading good reviews about the Affinia Hotel in Chicago, my husband and I decided to spend two nights there to celebrate our 30th anniversary. Unfortunately, the hotel missed the mark for us. I did not expect to find bedbugs underneath the mattress in a 4-star hotel. Because my husband and I have had a bad experience with bedbugs, as a rule, we always check underneath the mattress before settling down for the night in any hotel. When I brought this to the attention of the front desk staff, they practically accused us of planting the bugs there. I was very humiliated and disappointed in the way the situation was handled. Needless to say, we made the decision to pack our bags and went elsewhere to celebrate our anniversary. I have written a letter to the hotel chain and hope that they will be more responsive to the situation. I have also reported the incident to my credit card company to alert them that I will be refuting the charge for the one night the Affinia charged to my account because we missed the cancellation deadline.
",1,1
3497,"The staff were indifferent at best and the room felt tired, with a broken hairdryer and stained carpet. For these prices, I expected far more polish--definitely left feeling underwhelmed and overcharged.",1,1
3498,"I stayed here 2 nights for a business conference. The food was pretty good. And they had these really good mints that I couldn't resist. The room was very comfortable and the bed was great. But I was annoyed by many issues. First, their internet went down for a couple of hour when I was there on a break from the conference. It wouldn't have been big deal except I needed to do some business while it was down. Second, the internet wasn't available in the conference rooms. I suppose the conference I attended would have had to pay extra for it. Third, The chair in the room was too low for the desk so I was in an awkward position while using my computer which gave me a back ache later. Fourth, on the second night my key didn't work. So I asked for a new one which also didn't work. So I asked for another one and the same thing happened. Thankfully the front desk asked a security guy to meet me up at my room so I didn't have to go back down to the lobby a third time. Then he came back a little later to tell me I was in the wrong room, which I wasn't. Finally, he came back with the right key. Fifth, the TV had one remote control for changing the channels and a different one for the volume. Sixth, they didn't have the comedy channel. Much cheaper hotels do. If this hotel didn't cost so much money all of these things would be minor inconveniences, but I would expect more for what I paid.
",0,0
3499,"The Fairmont definitely knows how to make you feel like you've escaped the everyday. From the moment the doorman greeted us with a genuine smile, the service was attentive without ever being stuffy. Our room had a stunning view of the city skyline, and the bed was so plush I actually looked forward to waking up just to lounge in it. The bathroom was spotless, with thick towels and that lovely Le Labo toiletries scent that lingers nicely. We had breakfast at the main restaurant, and the eggs benedict were perfectly poached, though I'll admit the coffee took a second cup to hit the spot. The pool area was a bit busy on Saturday afternoon, but we found a quiet corner by the cabanas. Check-out was a breeze with the mobile key. A few minor scuffs on the hallway wallpaper, but honestly, it added to the old-world charm. We left feeling rested and a little spoiled. Worth the splurge.",1,1
3500,"Your website wowed me enough to book online although I had never used your hotel. I had high expectations when visiting your hotel with my family on our recent trip to Chicago and I was VERY disappointed. The first problem was that there was not enough staff at the desk. We had to wait a long time to get checked in. When we finally got to the room the beds were unmade and cleaning supplies were in the bathroom. The maid hadn't finished the room and she'd left her stuff behind! Of course we called the desk right away and got a new room but it was a huge hassle. The next problem was the dog of the person across the hall and down one. We knew this was a pet friendly hotel but we envisioned well controlled, non barking pets. This animal barked repeatedly when my kids were trying to go to sleep. I called the desk twice and eventually the barking stopped. I think the dog just gave up because it didn't sound like the desk staff knew what to do. The crowning disaster, at least for my kids and husband, was that the remote control for the tv was dead. We managed to get that taken care of but it was just the icing on the cake. Your hotel looks great but actually being there is not great. I cannot recommend it to anyone.
",1,1
3501,"The staff were wonderfully attentive without hovering, and the room's classic decor felt charming rather than tired. Waking to lake views from the large window was lovely, and the marble bathroom with a rainfall shower felt spotless. A genuinely comfortable, warm stay.",1,1
3502,"I was looking for an unique, hip experience in a hotel that offered the convenient location of downtown Chicago. My choice for hotel was obvious: Hard Rock Hotel Chicago. If you are wondering whether Hard Rock Hotels are schmaltzy or cliche, they are not. Hard Rock Hotel Chicago is modern, trendy and hip. It had an air that this was where musicians came to rock among the 40 stories, and there are details that you won't find elsewhere. For example, one interesting perk is some free iTunes downloads (I got ten) for guests. It's a fun place, hosting events such as Jack Daniel's 160th birthday.
",1,1
3503,"Despite the bustling town below, our room was wonderfully quiet. The balcony view over the bay was breathtaking at sunset, and the spotless bathroom felt luxurious. Given the prime location, it was worth every penny for such a serene escape.",1,1
3504,"I had a very pleasant stay at Swissotel and would happily return. The check-in was quick and friendly, even though I arrived later than planned, and my room was clean, quiet, and nicely laid out. The bed was especially comfortable, and I appreciated the large windows and thoughtful touches like plenty of outlets and good water pressure. Breakfast offered a decent variety, from fresh fruit and pastries to hot dishes, although the restaurant became busy around 9 a.m. The location was convenient for getting around, with shops and public transport within an easy walk. Staff were consistently polite and helpful without being overly formal. My only minor complaint is that the Wi-Fi slowed down in the evening, but overall the hotel felt comfortable, well managed, and worth the price.",1,1
3505,"We decided to stay at The James last weekend with our kids. We reserved the 'Family Adventurer with Paul Frank'. It's a special offer by the hotel to entice visitors to see the local museums and aquarium. We ended up receiving 2 Chicago City Passes, which ultimately paid for themselves and 4 tickets for the Chicago Children's Museum. My kids had a ball. We ended the day with a milk and cookies turn down service and a special pair of pajamas that my daughter adored. All in all, a great weekend where my kids were the focus. The adults certainly weren't forgotten since we had a great breakfast in the room the next morning. 
",1,0
3506,"Conrad delivered a polished, relaxing stay from check-in to departure. My room felt fresh and thoughtfully designed, with modern lighting, comfortable furnishings, and none of the dated, overly formal decor I sometimes expect from large luxury hotels. The bed was excellent--supportive mattress, crisp linens, and blackout curtains that helped me sleep deeply both nights. Despite being in a busy area, the room was impressively quiet; I barely heard hallway traffic or street noise. Wi-Fi connected quickly and stayed reliable enough for video calls and streaming without interruptions. Staff were warm and efficient, and the breakfast had plenty of quality options. I would gladly stay here again.",1,1
3507,"I expected much more from the Fairmont, especially at this price. My room faced the street, and traffic, late-night voices, and delivery trucks made it far noisier than it should have been. The air conditioner also clicked on and off, so I barely slept and woke up tired both mornings. Wi-Fi was another frustration: it repeatedly dropped during a video call and was too slow to reliably load emails. The room itself looked tired, with scuffed furniture and a bathroom that needed better cleaning around the sink. Even though the stay was only two nights, it felt much longer because every small issue added up. Staff were polite, but no one offered a meaningful solution.",1,1
3508,"Stayed here October 31 through November 5 for a cconference. This is beautiful hotel and the location is perfect. The Art Institute and Millenium Park is a short 2 block walk from the hotel. My room was small, but beautiful. The bed was comfy and there were plenty of pillows. Alas, no coffee maker in the room...The staff was helpful and friendly. I'd stay here again! 
",0,0
3509,"We arrived at 10:30 am on a Friday, and they had a room ready for us by 11:30 am, mind you check in is not until 3:00pm. We got our room on Priceline for $65.00 per night and stayed 3 nights. We were upgraded - for free - to a suite. I think I was so blown away by that, that I forgot to thank them at check-in! Our room was fantastic. It also had a wet bar and a fridge. The bathroom was quite large and had a nice sized closet with many hangers. I knew from previous reviews to not touch the mini-bar. The bed and pillows were very comfortable. The room was very clean. Every employee there went out of their way to be friendly and helpful. We stayed on the 25th floor of the east tower and had a quiet room. Yes, you could hear people in the hallways, but only because they were rude and were yelling. These were not children, they were adults. I don't know why everyone complains about $48 for parking. This is Chicago and every other hotel we saw charged just as much, some without in/out privledges. We didn't use any of the restaurants or the health club. We tried to eat at the Corner Bakery but it was too crowded. Breakfast at nearby Houlihan's had a buffet for $9.99 per person. Also the grocery store behind the hotel is great. There is a 7-11 not too far away. I don't know why there are so many bad reviews on this hotel. Yes, it's a big hotel. If you don't want a busy lobby, don't stay in a 2,000 plus room hotel!! I loved the Hotel and would recommend it to anyone. Not one problem. Wasn't too busy for me. Would stay here again in a heartbeat. 
",0,0
3510,"This is a great hotel but there is no way that I would recommend it until the construction around it is complete. The elevator is the alley starts for the construction site behind at 5:30am and goes on into the night. Dumpster filling and emptying also seems to go on 24/7. Worst of all, the restaurant is open to the sidewalk cafe here and the rats go scampering from the construction next door to street to grating. Ugh!
",0,0
3511,"I received the type of room that I had reserved. Cleanliness seems to be an issue with the maid staff. The carpet had debris and the bathroom needed attention. Room service was adequate but not great. The walls seem to be paper then as I heard one neighbor's TV for most of the night and the other neighbor's late enjoyment.
",1,0
