row_index,text,true_label,pred_label
1194,"The James offers fresh decor without feeling dated, while our room delivered stunning skyline views through floor-to-ceiling glass windows that looked spectacular at night.",1,1
1195,"Stayed for 3 nights for our anniversary. The desk clerk was great and since it was our anniversary, he gave us an upgrade...imagine our surprise when we got off on a floor with only 3 other rooms! Corner tower suite with a view of the river and Michigan ave. Beautiful! Cabs available right outside the lobby... Never paid more than $7 for a cab ride. If you go in Dec. you must go to the ChrisKindl Festival for strudel! 
",0,0
1196,"We've stayed here before but this time around was a marked difference in quality and service - the staff wasn't rude, just incompetent. For example, we ordered wine glasses for the room because the hotel no longer services a mini bar in the room, which seemed like a really cheap way to go for this type of hotel. Nonetheless, the staff brought us 4 coffee mugs... The list of issues goes on unfortunately, including the low grade in-room movie options - our audio and video did not sync on our rental; we eventually had to stop watching after 20 minutes. And the room itself was not clean; the bathroom sink vent holes were black with mold. Clearly the hotel has pulled back on not only amenities, but training or sufficient staff... oh, but the price point for this hotel has stayed the same. Find a newer hotel, there are many in this great city.
",0,0
1197,"We had such a wonderful time staying here; everything was just perfect, from the comfy beds to the fantastic breakfast spread every morning. The staff really went above and beyond to make us feel welcome right from the moment we arrived. Highly recommend it!",1,1
1198,"I expected better from a Fairmont, but my recent stay fell well short of what I paid for--especially for the price tag. The room, though spacious enough, felt impersonal with its stark white decor and outdated color scheme that clashed with the brand's usual elegance. Worst was the bathroom: the shower curtain didn't fully seal, leaving water pooling on the floor (despite my best efforts), while the fixtures were worn--faucets dripped despite turning them off--and the towel I used left streaks of dye everywhere. The toilet paper felt thin and crinkled unpleasantly between my fingers.

The noise levels were a dealbreaker too. Between late-night hotel activity down the hall (someone pacing, another dragging luggage past 1 a.m.) and the adjacent room's TV blasting till after midnight, I couldn't sleep. Double-paned windows? Clearly not enough soundproofing here.",1,1
1199,"Staying at The Knickerbocker was honestly a massive letdown compared to the hype and price we paid upfront. From the moment we walked in through those iconic glass doors expecting old New York charm mixed with modern luxury, it just felt like another overpriced condo that had lost its soul completely. Our room view of Columbus Circle was nice enough until you realized how noisy traffic sounds without proper soundproofing; I couldn't sleep past midnight because the street noise never stopped while neighbors slammed their doors constantly downstairs. The bathroom design with all those floating shelves looked cool on Instagram but practically gathered dust immediately, and running water echoed loudly off hard surfaces making it impossible to relax after a long day.",1,1
1200,"I haven't stayed all that much with Hyatt and I'm not sure if I will be going back anytime soon. The staff was very professional and helpful. Our room was close to being 4 stars; however, fell a little short. It really is time for a remodel of the bathroom. The toilet was of an older and flawed design where you had to close the lid to flush. I'm not a germ freak or anything; however, I really don't want to have to constantly have to touch anything on a toilet if I don't have to. The hotel was fully booked with a teen convention (FCCLA) and unfortunately for anyone else we all suffered for it. The noise at night from every direction. The only way to describe it was as if every room around us was having a slumber party. Coming back from dinner one night it took twenty minutes for us to get to our room due to the traffic. With little to no supervision the kids would cut in line to get on the elevators or they would jump floors not to mention having teens going floor to floor to visit with one another, absolutely ridiculous. The lobby of the Hyatt at night was a complete Zoo. During our second night I finally had enough and called to complain only to be told the Hotel was fully aware of the situation and that there really wasn't anything they could do. ...read more
",0,0
1201,"Honestly, my experience was deeply underwhelming across the board. We were staying near downtown, which *should* make everything effortless, but it felt more inconvenient than genuinely convenient; we wasted twenty minutes just trying to find parking from the train station. Upon arriving, the sheer neglect in the bathroom facilities was shocking--the grout looked grimy and there was visible soap scum build-up everywhere. While the room itself was technically 'clean' when we entered, it had a stale odor that no amount of airing out could fix, suggesting deep cleaning hasn't been a priority here. The staff interaction was equally disappointing; every time we asked for simple things like extra towels or recommendations, we were met with sighs and vague dismissals rather than helpful service. It felt more transactional than welcoming, leaving us wanting to book somewhere with actual care taken in the upkeep.",1,1
1202,"The Palmer's rooms were spotless--no dust, no stains--just that crisp, fresh hotel smell when we walked in.",1,1
1203,"Loved our stay at this Sheraton--spacious rooms with sleek, modern touches (not dated in the least!) paired perfectly with downtown convenience for quick transit.",1,1
1204,Staying here was surprisingly cozy despite being near so much noise; our room smelled great right out of the box with soft light that made mornings feel peaceful without rushing around too early before heading back home after a nice dinner nearby!,1,1
1205,This Hilton felt overly expensive for what was offered; the dated decor made it seem like a very long stay was necessary to forget how tired everything looked. The room wasn't spotless either.,1,1
1206,We stayed at this Sheraton expecting that reliable service we usually get from them but honestly it was a disaster from start to finish right out of check-in there was already a line for the key card machine and nobody behind front desk seemed to care while my partner kept getting bumped off his reservation twice without proper explanation which just made everything worse. The room itself smelled musty like damp socks when we opened the door despite being freshly cleaned according housekeeping claims upon request yet dust motes were dancing everywhere on furniture surfaces making it feel neglected rather than luxurious as advertised breakfast buffet options felt half frozen over or completely missing essential staples like real fruit juice instead just sugary cocktails for everyone.,1,1
1207,"I was thoroughly impressed with my recent stay at The James Hotel in Chicago, where I had the pleasure of occupying one of their stylish rooms on the 18th floor. As I settled into the room, I was struck by the expansive windows offering a breathtaking view of Lake Michigan and the city skyline. During the day, the sun cast a warm glow across the space, while at night, the twinkling lights of the skyscrapers created a magical ambiance.

The bathroom was a serene oasis, with a spacious walk-in shower that showcased beautiful tiling, and a generous countertop area for primping and pampering. The staff were always readily available to offer assistance or recommendations, showcasing their dedication to ensuring a seamless guest experience. While the decor may have been designed by a high-end architect in the early 2000s, it felt surprisingly fresh and modern, evoking a sense of classic sophistication rather than dated elegance.",1,1
1208,Slept fitfully through a room that looked stuck in the '80s--wallpaper peeling slightly at edges and bedspreads that had seen better decades--but noise from the late-night hallway brawls made me wish I'd stayed longer just to leave sooner.,1,1
1209,"We stayed at this Hotel in February 2010. The room was great we had purchased it at a raffel at work for a fund raiser for United Way. So we probably paid more then we needed but it was for charity. We were woke up at 3:00am in the morning by a group of at least 25 young people that were so loud coming off the elevators and down the hall ways they must of woke everyone up on our floor. Of course one of the rooms they rented was right next to ours. They were so loud shouting profanities and banging on the walls that we thought there was maybe a fight going on. We called the front desk who sent security up immediately. Security tried to get the people that were not registered guests to leave. We called down to the front desk two more times to send security back up again since nothing changed this went on for over an hour until it finally quieted down. Because of this we ended up over sleeping in the morning since we were so exhausted. When we complained about it in the morning managemnet would do nothing for us because as they stated we used a gift certificate. Well we still paid for it!!. They would not give us one thing free for the trouble that we had. We would never stay at this hotel again, obviously they really don't care about their guests.
",0,0
1210,"First room's heating system sounded like we had a generator in our room. Second room had stool in the toilet and a smear on the linens (which we didn't notice until morning-eeewwhh!). The computer, scale and ink pen didn't work. The maintainance man took 30 mins to come unplug the toilet and dripped to toilet water through bathroom and on carpet. This room was quiet and the bed/pillows comfortable. The bath was large and water warm.
",0,0
1211,"We had our hotel reservations at another hotel set and after we were reading all of the negative reviews we cancelled and made out reservation at the Hilton - I am so glad we did the hotel was clean, hotel staff was pleasant and helpful and the beds were amazing. We knew we were paying a little more than some other hotels but it was well worth every penny. 
",0,0
1212,"Other reviews complain about the small rooms. For a major city, we found our room quite comfortable with a king bed and really nice furnishings. One feature we liked is the ability to open the window. The Knikerbocker is a small boutique hotel right off Michigan Avenue in the best area of Chicago. The staff was friendly and helpful. For the $116 we paid on Hotwire, we could not have found a better room in downtown Chicago. 
",0,0
1213,"Palmer Hotel feels long in the tooth with dated decor that clashes with an incredibly noisy hallway outside my room; despite this unsettling environment and a dirty carpet spot near the bed, I still felt compelled to stay for two whole nights just because checking out seemed so final after such a poor experience.",1,1
1214,"Despite a very convenient downtown location near transit, our Fairmont experience was deeply disappointing due to overwhelming noise from street traffic and neighboring rooms that never slept.",1,1
1215,"We stayed at the Conrad for 2 nights for a friends reunion. The room was clean and new feeling, nice city view, free bottled water in room upon arrival. Check in was a breeze, and our room was ready even though we were several hours early. All staff was friendly and helpful, excellent breakfast. 
",0,0
1216,"Ok, I just feel if you're paying well over $200 for a room you should get something to show for it. The location was on Michigan Ave but if I pay just a little more I could have had way better (Peninsula, Park Hyatt, shoot the Omni was 10x better). We ordered a deluxe executive suite, and it was so below sub par. The room was very small (so small the ice bucket was in the closet), the bathroom was just as small, just well lit (a plus). Wallpaper was peeling, outlets barely covered, no view. The only thing appealing was the bed, and that may have been because I was so tired. And we were really excited because this is the Palmer House. The Palmer House does have nice restaurants: the Lockwood (quiet, distinguished) and the Potter's Lounge (grown/sexy)
",0,0
1217,"First let me say, I try not to be too critical, but in some cases the truth is warranted! We checked in and things seemed fine. Location was excellent. Woke up the first morning, to a slightly rumpled bed covered in 'stains', I hope-filthy and not 4 star hotel quality. Requested a linen change and heard a knock on the door- a gentleman was there to let me know if I wanted it done to take off the privacy sign, I did and no one even came until later in the day. The room was big enough, had no drawers, suposedly remodeled but carpet didn't reach the wall, toilet paper holder fell off constantly and shower head was broken. The mirrors were great and the water was always hot! The walls were paper thin, I heard every conversation the guests next door had. They were not noisy but you could hear everything including the t.v. through the walls and vents. Internet was $13.00, worked for a bit and then not again, I called customer service and spent 25 minutes on the phone and they asked if they could work on resetting the system and call back later. The hotel did give us a credit for the charges. At this point, enough was enough, we packed our bags and checked out. The front desk was very helpful- kudos to Rocco for caring and being the only friendly staff we saw other than the bell hops!!
",0,0
1218,"I have stayed at many hotels traveling for both business and pleasure and I can honestly stay that The James is tops. The service at the hotel is first class. The rooms are modern and very comfortable. The location is perfect within walking distance to all of the great sights and restaurants. Highly recommend to both business travellers and couples. 
",0,0
1219,"I was a bit apprehensive about the price tag when I booked the Affinia, but it absolutely delivered on every level. From the moment I walked in, the sleek design and upscale amenities felt like a luxurious retreat from the city. The bathroom was one of my favorite features - spacious, well-appointed, with a great walk-in shower that felt more like a spa treatment than a hotel experience. And don't even get me started on the wifi - it worked seamlessly throughout my stay, no dropped connections or buffering in sight. What really impressed me, though, was how quiet and peaceful the entire space felt, considering its central Manhattan location. I didn't hear a peep from outside my room until the next morning, which is more than I can say for most hotels. Overall, it felt like I got an amazing value for the price - would highly recommend!",1,1
1220,"I honestly cannot recommend this property after my recent stay; it was truly disappointing on almost every level that mattered to me for a business trip. The room smelled faintly musty upon arrival which immediately set a poor tone despite checking in promptly, and I noticed visible dust bunnies under the furniture right near the entrance. While they claim luxury bedding, the sheets felt rough against my skin after just one hour of trying to relax. Breakfast was equally let down as pastries arrived soggy from earlier prep times while coffee machines seemed entirely out of order during peak morning hours forcing everyone outside in freezing rain with lukewarm alternatives at best.",1,1
1221,"The Sofitel's view of the airport runway was more distracting than soothing--every time I closed my eyes to sleep, I'd hear planes taking off overhead (and yes, it happened at all hours). Between that and the constant hum of nearby road traffic, I never felt truly relaxed, even in the lounge. The staff were pleasant enough but seemed oddly detached, like they'd checked their warmth behind a polished facade--helpful if you asked, indifferent otherwise. For over $400 a night (with taxes), I expected more. Sure, the rooms were modern and the bed was comfortable, but there's no excuse for overlooking the fact that this is a business hotel through and through. The concierge shrugged off my request for a local dinner suggestion, instead redirecting me to an airport-adjacent chain, which felt like being handed a discount coupon rather than treated as a guest.",1,1
1222,"My family and I stayed at this hotel during an extended weekend trip in July, 08. We had (3) 1 bedroom suites. Great Location in downtown Chicago. Within walking distance to shopping and most downtown tourist attractions. The service was excellent and the hotel staff was friendly. The breakfast buffet was very good but the eating area can get crowded. I recommend going early. The rooms were quiet and clean. I highly recommend this hotel for families and for travelers staying >2-3 days. We would stay here again. Parking is expensive, about $28/day. It is valet. The cheapest self parking I could find in the area was $24/days so we did valet parking. The valet and bell staff were very helpful and friendly. This is my 3rd experience with Homewood Suites (3 different cities). I have had a great experience each time. 
",0,0
1223,Fully lived up to the hype--check-in was seamless with that iconic bellhop who made my bags disappear faster than I could say 'room key.,1,1
1224,"I was thoroughly impressed with my recent stay at the Fairmont, which exceeded all my expectations for a luxurious getaway. From the moment I arrived, the friendly staff treated me like royalty, effortlessly checking me in within minutes despite having a large group of people with me. The spacious room was a highlight - the separate living area and desk provided ample space to work or relax without feeling cramped. I appreciated the cleanliness of the room, which was spotless except for a minor spill on one of the pillows that quickly got cleaned up. The wifi worked seamlessly throughout my stay, allowing me to stay connected with work and friends back home. While some of the decor may feel a bit dated in certain areas, the overall feel of the hotel remains elegant and refined - a true classic, not just a tired relic of its heyday.",1,1
1225,"I honestly cannot recommend staying at Homewood after my recent stay because it simply did not feel worth the price we paid for a weekend getaway expecting relaxation but ended up with sheer disappointment from start to finish. The room was anything but clean, finding crumbs on the nightstand and hair in the shower curtain while dust covered every single surface despite being mid-week; this negligence is unacceptable regardless of occupancy rates or staffing schedules. Breakfast turned out to be an absolute letdown as well since they served cold yogurt that tasted like it had been sitting out for hours alongside eggs so runny they threatened to slip off your plate entirely, making the whole meal experience frustrating rather than enjoyable instead of a proper start to our day away from work stressors and daily chores.",1,1
1226,"The hotel lost our reservations and then couldin't accommodate what we needed. they gave us a room much smaller than we needed and when we requested something diffrerent they were unable to fulfill our request. we opted to leave the hotel and after there mistake of losing our reservations, they still charged us an early check out fee. If it wasn't for the great location of the hotel, there would be nothing positive to say/
",0,0
1227,"This place was amazing! The poolside vibe is unreal--great music playing while I lounged in my chair with a cold drink. Room had all the modern touches without feeling overdone, and the bed? Heavenly soft. Staff were so helpful, even when I got lost looking for parking.",1,1
1228,"Honestly, checking into The James felt less like arriving at a hotel chain and more like stepping inside my friend's ultra-modern Chicago loft, which I found immediately refreshing given how many sterile properties there are downtown. They really nailed that sleek industrial aesthetic with exposed brick walls everywhere but managed it without feeling cold or unwelcoming; the lighting is warm enough to actually relax in during evening hours rather than just bright clinical white for a business meeting. The staff were incredibly knowledgeable about local spots beyond the tourist traps, specifically recommending that tiny speakeasy on Halsted which was way better than anything near Millennium Park, so I ended up skipping dinner at my conference venue entirely.",1,1
1229,"For starters, I can't recommend Hilton's downtown location for either convenience or ambiance--it feels less like a bustling hub and more like an abandoned parking lot at 2 AM. The room itself was clean enough, but every window in my suite overlooked a construction zone, complete with loud drills that started before dawn. You'd think a hotel this pricey would prioritize something as basic as quiet for guests who need rest.

The Wi-Fi? Erratic at best. I spent half the night buffering videos and waiting on calls to connect--something I wouldn't expect from a chain boasting 'global connectivity.' Meanwhile, my phone's battery died mid-flight due to no visible charging station in the room, forcing me to beg the front desk for an adapter.

Let's not forget the breakfast buffet--the $29 fee felt ridiculous for stale pastries and undercooked eggs.",1,1
1230,"I got a Sunday night stay for only $50 off of Priceline.com, so it would be hard to complain...but this was truly a great hotel, even if I paid double. The first impression you get when you walk through the sliding doors of the Hyatt Regency Chicago is WOW. The lobby is beautiful with a upscale mall type of look to it with an open area that has a restaurant, plenty of couches,seats etc to people watch and a lake with water fountains. You take the escalator to the concierge/directory/check in area. The hotel let me check in at 12pm (I had a 3pm check in time). I suggest you call ahead like I did so they know you are coming early.The women at the desk was friendly and when I requested a higher level floor she was more than happy to look it up and even told me 'I have a room on the 18th floor with a veiw of the river or you can go higher with no view'. I thought it was pretty nice to give me that information so that I wouldnt get stuck with a room with a view of a wall. The rooms are big (I had a doubles room) The beds were beautiful with great pillows,blankets,headboards etc. An Ipod alarm clock was a nice 21st century touch to the room. Great to plug in your ipod, listen to some music and get ready for a night out or when relaxing after a long day of touring Chicago. The view was very nice and the bathroom was spotless and had great toiletries. Another great feature is the concierge area's computers that gives you access to printing your boarding pass before you get to the airport. You simply look at the screen, click on your airline icon and following the instructions. I had my boarding passes in about a minute. Came in handy when I got to OHare and was able to skip a long line of frustrated passengers. I was only in the hotel for 1 day, but it was by far one of the better hotel experiences I have had and I travel alot. It is a business hotel, but definitely a great choice for families and couples. Definitely would stay here again when Im passing through Chicago. 
",0,0
1231,"Honestly, my stay at The Hard Rock was profoundly disappointing given the premium price tag. Upon entering the room, I immediately noticed dust accumulation on the visible surfaces; it certainly didn't give the impression of being thoroughly cleaned, which was a major letdown for an establishment boasting this caliber. While the attempt at rock-and-roll themed decor is apparent, it feels more tired and slightly dated than fresh or inspired. More disruptive than the aesthetics, however, was the ambient noise level--the adjacent street traffic made sleeping impossible without significant earplugs. I expected a vibrant energy, but instead found myself paying for an experience that felt overpriced and somewhat underwhelming in every aspect, from the cleanliness to the persistent lack of tranquility.",1,1
1232,"I stayed at the Fairmont for a few nights and found the whole experience excellent. I was given a very large room with great views of the city; the breakfast was extremely good; and the location was as central as I could have wished for. The pool was not large but felt luxurious and was great for early morning swims. In the evening I spent some time in the hotel bar with friends and that was excellent too. Highly recommended as a base for exploring Chicago. 
",0,0
1233,"Have stayed at this hotel on several occasions and have never failed to be anything but delighted. Great Bar (draught Stella and Guinness) which was being upgraded at the end of March when I was last there, good food, lovely staff, large clean rooms, comfortable beds, spot on location for the Golden Mile, Joey's Pizzas next door are fantastic. Ignore any bad reviews you read about this hotel as the authors must either have been very unlucky or impossible to please. Highly recommended 
",0,0
1234,"Stuck with a room that's way too small for the price, I expected more from Allegro's supposed 'luxury' claim - it felt like I was squished into a postage stamp and overpriced to boot. Can't say I'll be recommending this hotel anytime soon.",1,1
1235,"The Sheraton is a fantastic hotel. My wife and I stayed on the 29th floor overlooking the Chicago River and Lake Michigan. The view was great. We got a corner room that also had a couch in. The hotel was just a short walk to the Navy Pier and the Magnificant Mile Shopping area. Food at the hotel was great. Service from checking in to maid service was first class. Great Hotel, Great Town, Highly recommend it. 
",0,0
1236,The Amalfi was truly disappointing from start to finish; our room smelled musty despite claiming it was freshly cleaned and the staff seemed indifferent when we requested a replacement key for the broken lock that delayed our beach outing all day while ignoring clear requests.,1,1
1237,"me (taking a cue from david dancer): 'sup? front desk person: yes? me: so, do I have to wait in the elevator line to get up to my room? front desk person: what room are you in? me: **** front desk person: oh. ...i'm afraid so. OR, you can take the other elevators and take the fire stairs up to the 10th floor. me: oh? wtf! so, we're staying at this hotel, and there is a bar on the 29th floor, but we have to wait 15 minutes in line to get to our fucking hotel room? get bent! we're paying to stay here, not just drinking in your bar!
",0,0
1238,"The hotel was undergoing renovations so it was dirty and noisy. The entrance was really scary since it was covered with scaffolding, making it dark. They charge a lot for internet hook up, wifi is not included. The staff was very slow, I am assuming they were all new. They could not say where anything was or what attractions were nearby. The room was set up weird, the bathroom opened facing the bed, rather than the hall as most do. Room temp was hard to control, even though they had a digital thermostat. Overall I was very disappointed, had I been staying more than one night I would have switched hotels.
",0,0
1239,Check-in took *ages*--like 15 minutes waiting just for someone to wave me past a clueless desk clerk. The room smelled like stale air conditioning and my pillow had more feathers than fluff--hardly a luxury stay when my $300/night went toward moldy wall corners.,1,1
1240,"I stayed here 2 nights for a business conference. The food was pretty good. And they had these really good mints that I couldn't resist. The room was very comfortable and the bed was great. But I was annoyed by many issues. First, their internet went down for a couple of hour when I was there on a break from the conference. It wouldn't have been big deal except I needed to do some business while it was down. Second, the internet wasn't available in the conference rooms. I suppose the conference I attended would have had to pay extra for it. Third, The chair in the room was too low for the desk so I was in an awkward position while using my computer which gave me a back ache later. Fourth, on the second night my key didn't work. So I asked for a new one which also didn't work. So I asked for another one and the same thing happened. Thankfully the front desk asked a security guy to meet me up at my room so I didn't have to go back down to the lobby a third time. Then he came back a little later to tell me I was in the wrong room, which I wasn't. Finally, he came back with the right key. Fifth, the TV had one remote control for changing the channels and a different one for the volume. Sixth, they didn't have the comedy channel. Much cheaper hotels do. If this hotel didn't cost so much money all of these things would be minor inconveniences, but I would expect more for what I paid.
",0,0
1241,"Honestly, this whole stay at Swissotel turned into a complete disaster from the very moment we walked in. The room smelled like old smoke even after freshening up and there was definitely some mold growing near the baseboards which is super concerning for anyone with allergies or just general peace of mind. We ordered dinner around seven but got nothing until nearly midnight when our phone kept dying, making it impossible to order again without paying a ridiculous delivery fee on top of already overpriced room rates that felt completely unjustified considering how poorly everything was handled overall during check-in where the staff seemed more interested in rushing us out than actually helping us figure things out properly before we left.",1,1
1242,"OK, we are back from the Knickerbocker and I would give it the best rating. I can't believe the bad reviews. I got a priceline deal, and I still got a fine room, clean, up-to-date furnishings (OK a little traditional for my taste) and smoke free. Someone said in another thread that some people write prank reviews. I think such people should get a life because people want to read the truth. Here it is from my point of view. Both rooms on 10th floor. Regarding the size of the rooms. We had two rooms. One was a 2 double bed room. It was about 20' x 15'. Each double bed had valences that were kind of mini-canopies. The furniture, bathroom tile, shower (no tub), wall paper and paint had been done in the last few years. A Chinese inspired cabinet held TV, coffeemaker, ice bucket, and mini-bar. Three separate levels (TV, ice/coffee, and minibar) The other room was called 'Queen executive'. This one had queen bed with more of a canopy than valence, sofabed, two TVs and terry bathrobes. Also about the same size but different configerations. One TV faced the bed, other in the three level cabinet, the sofabed. Smoke in the lobby. There is a bar to the right of the entrance. It is an open arrangement so that I am sure the smoke comes from bar to entrance door. No smoke smell in no-smoking rooms. Cost of rooms $75 on priceline plus taxes. Very good value one block from N. Michigan Ave. Only complaint. Concierge said that the free trolley didn't go down Michigan Ave to Field Museum/Museum complex when in fact it does. Was this ignorance? or trying to throw more business to taxi? Either case, not good. He said at this time of year free trolley only goes to Navy Pier during winter....which is clearly incorrect. 
",0,0
1243,"I'm still fuming about my recent stay at the Hilton hotel downtown Chicago. The room was supposed to be a 'deluxe' suite, but it felt more like a glorified efficiency room. The bed creaked with every movement and the air conditioning unit rattled like a loose chain. I asked for extra towels and pillows, which took an inexcusable 30 minutes to arrive. The 'in-room dining' menu was limited and overpriced - I ended up going out to get food instead.

The real letdown was the location itself. While it's convenient for business meetings, the street outside is a nightmare - noisy traffic, aggressive panhandlers, and a homeless encampment right across from the hotel entrance. The staff seemed completely unprepared for the chaos, often looking frazzled and overwhelmed. I won't be staying here again anytime soon.",1,1
1244,"No excuse for a hotel like this to have cold showers on three consecutive days and then to tell customer that engineering will look at it and that we should have told them sooner. I wouldn't expect a cold shower at a budget hotel, let alone an Omni. Great location and the bar is nice.
",0,0
1245,"I was pleasantly surprised by the Intercontinental's elegant charm, which belied its older decor. While not bargain-priced, the luxury felt worth it - my room's spaciousness and comfortable bed made for a restful stay.",1,1
1246,"After reading good reviews about I booked a 5 night stay. Checked in late bit called early in the day to assure we'd have a roll away as well as the pull out sofa for 2 teens. They somehow had us booked for two rooms instead. Got that sorted out and arrived around 10 pm. Checked in and waited for our luggage... Finally went down and got it ourselves. The room was a little grungy, furniture shabby, and discovered a suspicious stain on the duvet cover. Ewww. Called for a new duvet cover which was delivered and unceremoniously handed to me. FYI it's kinda gross to have to change the duvet cover in a hotel. Next day tried to iron a dress for dinner and the iron didn't work. Called for a replacement, waited a while, called again and was brought another iron which also didn't work. Third time was a charm. Oh boy. Too bad we paid in advance. Won't be staying here again.
",0,0
1247,"Checking into Hotel Ambassador felt like walking onto an unfinished construction site rather than arriving at a luxury destination. The location is theoretically unbeatable for downtown business trips, yet finding the entrance required deciphering confusing signs that left me flustered before I even reached the lobby. Inside, the atmosphere was suffocatingly stale and dim, instantly ruining any notion of relaxation we hoped to find upon arrival. Our room certainly lived up to its lackluster reputation; it was not merely unclean but actively unsanitary with sticky surfaces in high-traffic zones that no amount of surface-level wiping seemed to fix. The bathroom itself felt like a forgotten corner where mold had begun to bloom behind the peeling grout lines, and the shower head barely trickled water while leaving our skin feeling dry and raw immediately after stepping out.",1,1
1248,"This place had character I'll give it that. But it wasn't really my style. Arrived late in the evening. The first room they gave me the TV didn't work. Maintenance took a look at it, and couldn't figure it out. Told me I'd have to wait until the morning for the electrician. He then passed some gas and left. Real professional. I phoned the front desk on account of the tv, and was able to get another room The second room was much like the first. Horrible striped wall paper, dingy, and old worn carpet. Bathroom was incredibly small. Hard to use the toliet without banging into the door, or the sink. Very cramped. The beds weren't very comfortable either. Room temp hard to regulate and the AC somewhat noisy. Location seem very convenient. I was there for a training session about 8 blocks away. But all of the theatres seemed to be near by, if thats what you were there for this place may be tolerable for a night or two. And don't make a long distance phone call from your room without a calling card. It was about $2/minute. I knew it would be expensive but wasn't expecting that type of rate.
",0,0
1249,"We choose to stay at the hotel due to the high rooftop ratings at the hotel. Not only is the rooftop terrace on the 5th floor, but it was occuppied with private corporate events for the entire duration of our stay. We did - as recommended - have a drink indoors only to be highly insulted by their bartender there. There is no breakfast buffet - you order a la carte. Keep that in mind when paying extra for breakfast and internet. Also note that the minibar is empty on arrival - we were only told on departure that we would have needed to call reception to order. We have stayed at the Omni before and it as a much better experience. I dont recommend spending so much for a mediocre hotel.
",0,0
1250,"After Leaving some important documents in the room, I called and asked for the lost and found department... SEVEN TIMES over the course of a week. Eventually I had enough and asked for a manager and was put on hold then disconnected. Finally , a deceivingly friendly operator PROMISED me she would have someone call me back in a few minutes, It never happened. So Avoid this place because after they rip you off once they'll keep doing it later. They cannot be trusted at their word
",0,0
1251,"I am writing in regards to our stay April 22-24. We were celebrating our honeymoon and were disappointed with our stay. There was construction going on in the hotel and we were not notified of it prior to our stay. My husband had ordered champagne and strawberries for the room to be in there prior to our arrival...it wasn't. When he called to place the order again, it never showed up. We were so disappointed and surprised by the lack of service that we decided to forgo ordering them for a 3rd time. Our room was very small, drab and lacked the romantic setting we were looking for. We had called to request a room with a large tub, similar to the ones in the photos, prior to our arrival, noting that we didn't mind an upgrade cost. Instead, the tub was incredibly small. We have stayed at the Intercontinental in other cities before and had such high expectations for the Chicago location, especially considering we were celebrating such a happy, once-in-a-lifetime occasion. The service and amenities just didn't match up.
",0,0
1252,"I just got back from a weekend at the Fairmont and I'm still reeling from the experience. From the moment we walked in, the staff were warm and welcoming - a huge difference to some of the more impersonal places we've stayed before. Our room was stunning, with a massive view of the city that took my breath away every time I looked out. The bed was ridiculously comfy and the whole place felt like a luxurious oasis in the middle of all the hustle and bustle. We took advantage of the fantastic spa facilities on site, where we were treated to some amazing massages that left us feeling utterly pampered. The hotel's central location made it easy to explore the city on foot or by public transport - and the Fairmont's own restaurants served up delicious meals both morning and night.",1,1
1253,"We booked through a travel website. This hotel is currently undergoing major renovation and will be renamed in September. The public areas are still being renovated but the hallways and rooms are done. The hallway was so dimly lit, we couldn't see how to use the key card. The shock came when we entered the room. Whoever designed it obviously did not take function or a guest's comfort into consideration. The bed was a mere 15 inches off the ground - a mattress (rock hard) over a platform. The 'nigh stands' were shelves attached to the wall at around 12 inches height. The room was stark - all off-white, no color. No art work or any decoration at all. The full-length drapes completely blocked the air conditioning unit; if it were winter and the heat was on, I think this could be dangerous. There was a desk & chair but no clock/radio in the room; there was a wall mounted LCD tv with very poor channel selection. The bathroom was very small but clean. The problem with it was that the tub was almost 2 ft high and difficult to step in to. An older person could have never stayed in the room. Because of the renovation, there was no restaurant on-site. No vending or ice available on the floor either I can't see anyone ever becoming a repeat guest at this hotel. I would never stay there again.
",0,0
1254,"Guys trip to Chicago, scored this hotel on Priceline for $100 a night. Had a little confusion over the bed situation at first. They said they only had kings available even after I had called and requested 2 doubles. After a 30 minute ordeal at the front desk they put us in a room with 2 doubles. The room was nice, nothing specacular, a little on the small side but nice. The lobby was beautiful to look at but that's about it. Hotel is within walking distance to Soldier Field, Sears Tower, ESPN Zone, and lots of bars and restaurants. Great location that and the price we got the room for made our trip. Would definately try and stay at this hotel again. 
",0,0
1255,"This hotel does not belong in the same league as The Peninsula, Four Seasons, or Ritz Carlton. It was more like staying at an overpriced W Hotel. Staff was very nice and attentive, but the lobby is cramped, and only two small elevators for 17 floors!! Several times the elevator was full by the time it reached our floor, and we were forced to take the stairs. The hotel must be flooding the travel websites itself with high reviews.
",0,0
1256,"Staying at The Hard Rock Hotel felt like stepping into a warm, lived-in hub where music lovers would feel instantly at home--the check-in was effortless, and the team made us feel like repeat visitors. Our room had everything we needed: comfy beds with soft linens (especially after a full day of touring), a work-friendly desk, and blackout curtains that saved our sleep on that long flight in. The Wi-Fi held up even during the early morning when I needed to finalize itinerary details for friends joining us later--no buffering or frustration.

Breakfast was a solid start with their elevated continental spread; fresh fruit and yogurt felt thoughtful compared to most, and the pastries (flaky croissants especially) were noticeably better than you'd find in budget hotels.",1,1
1257,"Honestly, staying here felt underwhelming; the room was surprisingly small for the price point, and the advertised 'view' was just more concrete. Service seemed slow throughout our stay, which really dragged down what could have been a decent trip to the city center.",1,1
1258,"The room was surprisingly quiet despite being downtown; waking up to that breathtaking city view felt worth every penny, and the opulent bathroom truly spoiled us rotten.",1,1
1259,"We absolutely loved the Knickerbocker. Now, if you expect your hotels to be cookie cutter comfortable, forget this place. If Holiday Inns are like the rows of housing developments in the suburbs, the Knickerbocker is like those beautiful old houses in the center of the city. The location is great, the hotel bar is cozy and classy, and the rooms feel like guest bedrooms in Victorian mansions. For the price, you simply can't do any better than this in downtown Chicago. 
",0,0
1260,"I was really looking forward to my stay at Sofitel, but unfortunately it fell flat. The lobby was sleek, I'll give them that, but once we got to our room on 14th floor, the magic wore off. It felt like a cramped cube with a bed tacked in one corner - no separate living area or work desk like they promise. And don't even get me started on the tiny desk space. The bathroom was similarly underwhelming - a tiny sink area that made getting ready a real challenge. I was expecting some decent soundproofing, but our hallway felt like an airport hub all night long. Breakfast was hit-or-miss, with stale pastries and overcooked eggs most days. Not exactly what you'd call 'sophisticated' comfort food. For the price point, I expected more than mediocre amenities and rooms that feel like they're 90% furniture instead of actual space. Maybe they had one good day while I was there?",1,1
1261,"I was pleasantly surprised by the understated elegance of my recent stay at the Hyatt Regency Chicago. From the moment I walked into the lobby, I felt a sense of warmth and approachability that belied its upscale reputation. The staff was incredibly friendly and helpful, always happy to provide recommendations or assist with any requests. My room was spacious and well-appointed, with a comfortable bed and plenty of natural light pouring in through the floor-to-ceiling windows. I particularly appreciated the generous pour coffee station in my room - it's those little touches that can really make a stay stand out. The location is also perfect, just steps away from Lake Michigan and the Willis Tower. While not as flashy as some other hotels on Michigan Avenue, the Hyatt Regency Chicago quietly gets it right, making for a fantastic and relaxing getaway in the heart of the city.",1,1
1262,"Fairmont Hotels are generally my preferred choice, but this was a true disappointment. Check-in was quite slow and problematic (glitches with their reservation system locally). Room was very small and oddly arranged. Felt quite cramped in room and was hard to work at very small desk. Hotel overall felt quite cold and isolating...lobby is not at all inviting, and it didn't feel terribly safe walking around outside. Gift shop was overpriced, even for a downtown hotel. Food was disappointing. Overall this seems greatly overpriced and does not meet usual standards of A Fairmont i've come to count on. Bill was completely messed up and required 3 separate calls after i left to straighten out.
",0,0
1263,"The Hyatt Regency's downtown location couldn't have been more perfect--right across from everything we needed while still feeling tucked away. The room was light-filled, super comfortable, and had that nice touch of quiet noise from the city without feeling too loud.",1,1
1264,"We loved the Talbott. The location was fabulous...very close to the shopping. The hotel is smaller, but the rooms are very nice. They are very spacious and are able to be darkened to sleep well. Also, the beds are some of the most comfortable I have ever slept in. I might also add that our room at queen beds. The staff is all friendly and puts them themselves out for you. The hotel has a cute outdoor eating area on the sidewalk that has flowers, etc. It looks like a scene out of Europe. I would highly recommend the hotel. We were there with our daughters; ages 10 and 13. 
",0,0
1265,"I was thoroughly impressed with my stay at the Hard Rock Hotel in Vegas, it truly felt like a rockstar's paradise. The moment I walked into my room, I was greeted by the funky decor and lively music that seemed to pulse through every corner. The bed was incredibly comfortable, with plush pillows and soft linens that made for a great night's sleep.

The wifi worked seamlessly throughout my stay, which was a huge plus since I had work commitments to attend to. The room itself was spotless, with not a single speck of dust in sight. And when it came to breakfast, the spread was incredible - from fluffy pancakes to crispy bacon, there was something for everyone.

But what really set this hotel apart was its ability to strike the perfect balance between rockstar excess and down-to-earth comfort. Whether I was lounging by the pool or rocking out to the live music in the lobby, I felt like I was exactly where I belonged.",1,1
1266,"Stayed at the Monaco on my way skiing at Easter & loved it. Staff were helpful & friendly, room was huge with fantastic view of the river. Central location, 5 min walk to the EL. Adjoining Restaurant/Bar, great food & service. I have stayed in more expensive, supposedly better, hotels in Chicago, but this is the best. Thanks Monaco, I'll be back. 
",0,0
1267,"If location is the only thing that matters, stay at the Talbott. However, my wife and I have travelled extensively throughout North America and Europe, and I have never, in my entire life, seen such an inept housekeeping staff. They are unprofessional, noisy, incompetent and better suited for a one star hotel. They were yelling in the halls, slamming doors, and taking far too long to clean each room. They come to your room several times to check the fridge where they sell bottles of water for $3. The hotel was being renovated when we were staying there so we also had to endure the construction work - no discount was offered even after we complained several times. The front desk staff was very polite, but who cares?They're supposed to be nice. I spent a lot of money to stay here and did not feel that I received a fair deal. The room was sub-par for the price, even for an inner city hotel. Stay somewhere else and have a better vacation.
",0,0
1268,"Great location - right on the Chicago River - away from the other skyscraper hotels - our room was good size, very clean and with a nice river view - Overall, a great staff - in particular I would like to point out Christy Morgan - Chief Experience Officer and Paula Fortney - Concierge for their assistance in making this stay a memorable one - (in the interests of full disclosure, we stayed here on our AMEX - Starwood points) 
",0,0
1269,"Stayed here in November 2011 on a leisure trip to Chicago. Hotel is very dated, with some rooms that just aren't good enough. Front desk staff was rude. Will not be staying here again - prefer the Swissotel and the Hyatt properties (Regency is similarly priced, and Park Hyatt is 3x more) and a list of boutique hotels in the area as well (Kimpton, etc). Pros: -The only hotel that opens onto Michigan Avenue, very close to all of the excitement -Eno Wine Bar has a great selection of cheeses -Rooms are clean Cons: -Some hotel rooms just make no sense - our first room was tiny and had a window overlooking a ledge (effectively no view), and our second room had two windows that looked out onto a brick wall (actually no view) -You have to pay for everything - internet, gym, and the pool (which was not available due to renovation...) -Entire hotel was very old, not in a classical sense but in a ghost story one -Front desk staff was rude
",0,0
1270,"I was pleasantly surprised by the Fairmont's tranquility, even with its central location - I hardly noticed a peep from the street outside my room, except for that one occasional chime of a distant bicycle bell, but it added to the charm.",1,1
1271,"Recently returned from a two-night stay at Ambassador East Hotel. Was looking for a comfortable hotel to stay at while visiting family now located in Chicago. Mission was accomplished. If you would like a quiet, comfortable hotel in a great area - this is it. While some of the furnishings show some signs of their age, it does not detract from the elegant style of the rooms and adds to the comfortable and home-like feeling. Found staff to be friendly and helpful. We will be return guests many times in the future for sure. 
",0,0
1272,"Negative points: 1. I guess they gave me the worst room. It's small room with a king size bed even though I'd requested a room with two queen beds. 2. No roll away bed was available so I had to sleep on the floor. 3. The tub in the bathroom would not drain. 4. No exhaust fan in the bathroom. 5. broken furniture. Plus point: 1. Convenient location.
",0,0
1273,"The recently remodeled Affina was amazing - from the 6 choice pillow menu to the stocked 'pantry and refrigerator' to the brand name bathroom ammenities. Within walking distance to just about everything you could possibly need, the Affina is a great hotel. The staff was pleasant and seemed to enjoy their jobs. Having never stayed in downtown Chicago before, the Affina over and above exceeded our expectations. Although our trip to Chicago was only for one night, we will consider staying at the Affina again for a future visit. 
",0,0
1274,"As others have said, once all the construction works are completed I suspect that the prices this hotel can (legitimately) charge will put it out of our price range. Which will be a pity because it is an excellent hotel, & the location couldn't be better. The room was very spacious, with separate sitting & study areas & a nice bathroom. Only 3 minor points: downstairs they were serving a free basic breakfast (coffee & pastries), but we only knew of it on our last morning - nobody had mentioned this; the cost of internet - $9.99 - is a bit dear especially when lots of motels now offer it free; there was only powered milk in the rooms, which wasn't that nice. But none of these really spolied a really enjoyable stay. 
",0,0
1275,"My stay at the Amalfi was a very brief one. I booked the hotel based on all of the glowing reviews I saw here on Trip Advisor. When I arrived, I sat down at a desk with an amazingly aloof clerk. I felt like I stepped into an episode of the Twilight Zone. The room was very small and dark. Then the Internet wasn't working. I wasn't informed about this on my check in and couldn't be given a time frame when it would be back up. I walked the neighborhood and found another hotel more to my liking, gathered up my belongings and went there. If you're one of those people who likes trendy upscale and chi chi locations and hotels, you'll lurve this place. But if you like a hotel with lights on, working internet and a good view and real breakfast, go someplace else.
",0,0
1276,"Loved my stay at the Homewood - spacious room with a great view of the city skyline, super comfy bed and modern amenities made for a relaxing weekend getaway, especially enjoyed the convenient location near public transport!",1,1
1277,The James Hotel exceeded my expectations with its understated elegance and comfortable rooms that feel tailored for urban explorers.,1,1
1278,"I gave the Conrad a second try at impressing me and it failed miserably. The hotel will not honor room requests. I expressed this was for a special occasion and would love a room with a view on my reservation. I got there and my 'view' was of the adjacent office building windows. I didn't pay nearly $400 a night for that. I called down and the manager was absolutely rude. 'That would've required you to pay at least $40 more..' Rude. Lots and lots of mistakes happened. Requested pillows were never sent up, the television sound was not functioning (i.e. NO sound), when telling the manager of the problems he was horribly condescending and cared very little. I've had better service at a Hampon Inn! When they screwed up our breakfast vouchers I had to physically go down and question it.. they said 'we will send them right up'.. No, that never happened. Absolutely ridiculous. The bathroom has always been nice, and the room had been renovated since I was there last year (thank the lord!)... It had a nice ambiance to it. The bed was quite nice as well. The valet guys were fantastic, probably the nicest men within that entire hotel. Also the bellman, and housekeepers were wonderfully sweet and always said 'hi' or 'hope you have a wonderful day'.. I appreciated that. Perhaps the management team needs to go back to training school to learn about customer service. Breakfast at the Conrad restaurant is to be avoided completely. The service was abysmally inept, and not to mention slow. We had two different watresses and it took upward of 15 minutes just to get our juice. They looked like they hated their jobs, and treated us with the same attitude. We were never checked on after the food came. The food is overpriced and the quality is severely lacking. I got a continental breakfast and it included a muffin (burnt), a small croissant, and a tiny cinnamon roll. 14 dollars for that. Laughable. Or if you choose, for 14 dollars you can get some toast and juice! Spare yourself and choose to eat elsewhere where you can get an actual tasty meal for your money. Overall, the managers need to learn what customer service means, and how to bend over backwards for a customer. Otherwise your business will crumble. And the Conrad has crumbled for me. I spent way too much money on terrible service. I've already sent my opinions to Hilton headquarters. I'll be looking at other hotels the next time im in Chicago.
",0,0
1279,"This place promised luxury but delivered on basic functionality at best. The bathroom was a letdown--tiled in outdated linoleum that showed its age, and while it was clean enough, there's no excuse for an entryway mirror so smudged you needed to wipe it before even using the faucet. The shower pressure fluctuated wildly, starting weak only to blast hot unexpectedly, leaving me drenched halfway through.

Sleeping wasn't great either; despite the thick curtains, streetlights seeped in just enough to keep my eyes open past 6:30 AM, and the bed, though soft enough, had those tiny springs that dug into my shoulders. I stayed up for hours waiting for silence--until the maintenance crew started hammering around 10 p.m., like a construction zone had moved in. Add in the air conditioning on full blast all night?",1,1
1280,"I vacationed at the Fairmont Chicago for 3 nights in July 2009. The room, the bathroom, the view, and the staff were all wonderful. I just wish the hotel were a few blocks North (on MI Ave). Sometimes, when you're tired, that extra couple of blocks seem like miles! 
",0,0
1281,"The room itself was fine and comfortable(very peaceful), but the customer service by the so-called, concierge or 'experience something or the others' left much to be desired. First, I arrived and the doorman walked me to the desk. I was not greeted with the usual 'Hello, welcome to...'. Instead, I got, 'Your name? ID?' No, 'hello', no 'welcome to the Amalfi Hotel,' just plain old poor customer service from the very beginning! That left a very bad taste in my mouth, but I decided to let it go and see how the rest of my stay was.
",0,0
1282,"where do I start. The GM was a nice guy for handling the incident I had. Anthony -the Concierge - set me up with a massage when the reservation at the spa i requested was unavailable. Anthony said he knew this spa and it was nice. He set me up and quoted me a price of $125, When i got to the spa (which was actually a seedy nail and hair salon) i saw on the front window that a massage for an hour was $100 with 20% off. At the end of the massage I gave the lady $100 and said thanks you can keep the change, She insisted that I got 'A Hotel Rate' because Anthony set me up. She called Anthony and confirmed the rate then told me she had to go and pay Anthony the difference - $45. She then offered me a ride to the hotel since she was going there which I declined. In short - shady dealings with this place. I was quite taken back. The GM Selman comp'd me a night but , I felt swindled big time. Stay somewhere else. The concierge has something going on...
",0,0
1283,"Location, location, location. What a great find! Excellent, well-run, small boutique-type hotel on a tree-lined street near all the action without being in the oppressive crunch of it. Rooms are good-sized and clean; good bed and shower with tub. The air conditioner, as mentioned in other reviews, is noisy, but it's a minor complaint. The staff is simply wonderful and attentive from housecleaning to concierge. The on site restaurant is great. The red-line El is about 3-4 blocks away which makes getting around the city a breeze. You are footsteps away from Rush Street and North Michigan Avenue and Lake Michigan. I would not have a moment's hesitation booking at this hotel again in the future; in fact, I wouldn't book anywhere else. 
",0,0
1284,"The Talbott truly felt like a hidden gem in downtown Nashville, offering impeccable style and an unforgettable rooftop view that made our weekend getaway absolutely perfect.",1,1
1285,"This hotel is rather stupid to be frank. It's a horrible attempt to be retro-sheek but ends up looking similar to that Saturday Night live skit where things are so sheek that they are not functional. The rooms are about the size of a shoe box and there isn't much in them. I actually like the Pedestal in the bathroom but there is no sink. I had to put my make-up on using the toliet for 5-days. It also took me 10-minutes to figure out how to turn on the shower and the bathroom is more like a closet then anything. I had guests over one evening and everyone could hear everyone pee b/c the bathroom doors aren't doors at all and there is no bathroom fan! It was just over the top for me and lots of costruction nearby to keep you up at night. On a good note, the staff are really friendly and the place is really clean. That's about the only good thing I can say about this place. I would not go back.
",0,0
1286,"We had an absolutely wonderful stay at the Hotel Amalfi! From the moment we arrived, the staff were so friendly and welcoming, showing us to our room with a refreshing glass of lemonade - such a lovely touch. The views from our balcony were simply stunning, taking in the turquoise sea and surrounding cliffs. We spent most of our days exploring the charming towns of Positano and Amalfi, just a short walk from the hotel. The pool area was also fantastic, with comfortable sun loungers and a delicious cocktail bar serving up tasty drinks like limoncello and Aperol spritzes. Room service was also top-notch, delivering our breakfast pizzas to our room on time every morning. We particularly appreciated the hotel's attention to detail, from the fresh flowers in the lobby to the helpful staff at reception who always seemed to know just what you needed.",1,1
1287,"I have stayed at the Amalfi Hotel before and it has always been excellent. This time was no different. Usually I book direct with the hotel, however, I found a slightly better deal booking through Expedia, which saved about $100. The staff were great. I arrived early and they had a room waiting. I was placed on the 6th (top) floor and it was quiet and comfortable. Overall, it was as good as it gets! I will definitely continue to stay here when I'm in Chicago. Remember, the hotel is close to everything - downtown, the Magnificent Mile, lots of restaurants, etc. Everything is within walking distance! 
",0,0
1288,"I booked this hotel on Priceline for 4/13, and a week later called the hotel directly to add 4/12 to our stay. The receptionist confirmed my reservation confirmation# and gave me a lower rate for both nights for the same king suite. When we arrived at check-in, there was no record of my 4/12 reservation whatsoever. The hotel was also fully booked, leaving my tired, hungry family and I high and dry with nowhere to go. The only decent thing that happened with this whole debacle was that Lisa at the check-in desk called around to several other hotels close-by to find us a room, and seemed to be the only employee working at a very busy time of evening. We ended up at Embassy Suites for both nights and had a very pleasant experience there.
",0,0
1289,"The Ambassador offers a fresh decor that feels bright rather than dated, paired with an impossibly clean room where dust was nowhere to be found.",1,1
1290,"My stay at the Fairmont quickly turned from anticipation into pure disappointment upon checking in to a room that felt more neglected than expected for such an upscale property. The bathroom was certainly not up to par; the showerhead dripped persistently despite my best efforts, and the marble sink counter bore visible scratches that dulled under dim lighting. Worse yet, our floor proved far from quiet as neighbors above us hosted loud parties late into the night while construction hummed outside during what should have been rest hours. These disturbances made sleeping a struggle; I found myself tossing and turning until dawn because noise constantly intruded on my rest after such an expensive trip. The front desk staff behaved with alarming indifference, offering curt answers when I requested room changes due to these obvious issues rather than apologizing or resolving them promptly.",1,1
1291,"My wife and I just spent 3 nights at The Talbott. The room was spacious, comfortable and well-appointed. The hotel is quiet although there is some construction nearby. Linens and towels first-class. Free Wi-Fi in the room. The location is terrific, just one block to Michigan Avenue. We will stay here on future visits. 
",0,0
1292,"Honestly, I woke up feeling unrested; the bathroom felt ancient, and while the location is great, the decor was painfully dated with zero modern appeal. My river view was obscured by buildings, making the whole stay quite disappointing.",1,1
1293,"Stayed here for a bachelorette party with friends, was expecting more energy, but felt like we were stuck in some kind of time warp.",1,1
1294,"I was thoroughly underwhelmed with my stay at The Conrad Chicago, despite its upscale facade and prime location on Lake Michigan. Check-in was surprisingly efficient, but our room felt like a generic corporate box - no real character or charm to speak of. The 'waterfront' view we paid extra for turned out to be a series of concrete walls blocking the lake's view. Room amenities were standard fare: a comfortable bed and some decent lighting, but nothing that set it apart from other high-end hotels I've stayed in.

The fitness center was cramped and lacked variety - just rows of cardio machines and free weights scattered about. The staff was friendly enough, but our requests for extra towels and pillows went unfulfilled for hours. Breakfast was the only redeeming quality, with a vast spread of options including made-to-order omelets and fresh fruit. However, the noise from the street below was a constant presence throughout our stay.",1,1
1295,"Staying at this hotel was one of the high points of a last minute, budget Valentines weekend trip for my husband and me. We got a great rate -- $70 -- on Priceline. Close to the subway (red line) and we got from O'Hare to the hotel in less than an hour for $3.50 for both of us. We were able to check in more than 4 hours early. Room was great -- very clean, good closet space and fantastic bedding. Had one expensive drink at the Irish bar, but the bartender's advice on restaurants and clubs to check out made it worth the price. Concierge was helpful, too. Overall, service was terrific, room was great and staying there was a treat. I would stay there again any time, especially at that price. 
",0,0
1296,"I recently spent a wonderful week at the Hotel Amalfi, with impeccably clean rooms that set the tone for an exceptional stay. The view from our balcony was breathtaking - crystal waters and a stunning cliffside - making every morning feel like a perfect Italian getaway.",1,1
1297,"I can't believe how perfectly this Conrad lived up to my expectations--okay, maybe it exceeded them a little? Let's just say I went in thinking this was going to be some sleek, minimalist luxury and left with *actual* wow moments. The moment I stepped into Suite 301, I knew we'd made the right choice; those floor-to-ceiling windows framing the city at night are *everything*--but what sold me was the attention to detail. The bed? Firm but not uncomfortable (a rarity for me). The sheets--*heaven*. Even the little touches like the handwritten welcome note from the concierge staff felt personal instead of corporate.

The breakfast at the lobby bar wasn't just food; it was an experience. The artisanal pastries were fresh enough you could still hear the oven when I bit into them, and their mimosas? No one's ever made me feel this guilty for indulging during a morning run.",1,1
1298,"I just left the Conrad Chicago and have nothing but good things to say. We used Hilton points to stay there but paid $35/night to upgrade to a junior suite. We were in room 1519. I would reccomend people ask for an odd numbered room so that they will have a view looking north on Michigan Ave. Our room was very modern with 2 large HD/flat panel tv and Bose 3 speaker sound system. 4 big windows that actually open. The bed lineds were very nice, the towels were OK. The room was clean and the bath room had a seperate shower and tub. Marble everywhere. Robes, slippers, etc. The work out room was good with different machines and some free weights. There are clean towels in the workout room too. We never ate in the hotel so I can't comment on the food or the prices. There is a Starbucks across the street (Michigan) and an Espresso bar attached to the Nordstrom that is on the ground floor of the hotel. It was very nice to have the little mall right under the hotel. The location of the hotel could not be better. We were walking distance to everything. Every kind of shopping or dinning experience you could possibly want was within 2 miles. Over all the hotel had a boutique feel to it even though it is part of the hilton chain. 
",0,0
1299,"Our three-night stay at this Sheraton location quickly turned into a nightmare defined by persistent neglect and poor management. The assigned room smelled faintly of mildew right upon entry, with sticky surfaces on every counter that screamed lack of sanitization. Worse yet was the bathroom; despite promising 'premium' amenities, the shower curtain had been ripped weeks prior to our arrival while the faucet dripped incessantly into a basin overflowing with stagnant water. Staff interaction felt perfunctory and indifferent whenever we attempted to report issues, resulting in an hour-long wait just to swap linens or get a simple towel replacement. Noise pollution was unbearable as well, with construction work continuing late into the evening that seeped through thin walls despite our request for silence. The only saving grace seemed to be lukewarm coffee at breakfast served by equally disengaged personnel who barely acknowledged us.",1,1
1300,"My stay at this Hilton was genuinely restorative. I slept like a log; the bedding was incredibly comfortable, and the room was remarkably quiet--I couldn't tell if traffic noise existed outside because of how soundproof everything felt inside. The location is perfect for sightseeing; everything we wanted to visit was within easy walking distance, which was a huge bonus as we were constantly exploring. Speaking of fueling up, breakfast deserves its own commendation. The variety available was excellent, from fresh pastries to more substantial hot options, and the quality of ingredients really shone through every bite. From the initial check-in process to our departure, everything felt polished and attentive. I left feeling refreshed and already looking forward to my next visit.",1,1
1301,"Check ins went smoothly. But be advised.... Walls are super thin, the building is old and the rooms are very very very small. The downside of them allowing pets was that we could hear the poor dog barking in the morning probably because it needed to go out. For the price it wasn't bad. It was walking distance to most major attractions. Overall ... it's ok at best. Another plus is the CTA is close by.
",0,0
1302,"I just got back from an incredible weekend at the Hard Rock Hotel in Vegas and I'm still buzzing from the experience! From the moment we walked in, the staff were so friendly and welcoming, it really set the tone for our trip. The room was massive, with a huge balcony that overlooked the Strip - perfect spot to take some epic sunset pics. The bed was super comfy and had all the amenities I needed, plus a few nice touches like extra pillows and a mini-fridge. But what really made our stay stand out was the energy of the place - there's always something going on, whether it's a live band playing in one of the bars or a huge party poppin' on the pool deck. We even got to meet some rockstar guests (no kidding!) who were super down-to-earth and great for a selfie or two. Overall, I'd highly recommend the Hard Rock Hotel to anyone looking for an unforgettable Vegas experience - it truly lives up to its legendary name!",1,1
1303,The Ambassador left me exhausted with noisy construction all night despite claiming soundproofing. The bathroom was damp with moldy grout while staff ignored my requests for towels hours after checkout.,1,1
1304,"I just returned from a 2 night stay at the hotel. I had requested a high floor, quiet room. Neither request was honored. The windows are not well insulated, because the traffic, car horns and sirens continued all night long. On the first night two drunk parties woke us up in the hallway. The safe in our room did not work. Someone had locked it before our arrival. One of the pictures under the tv had been removed, leaving a screw sticking out of the wall. The lights are so dim, that is next to impossible to read. A small alcove with a stained bench had a 'reading light' that was about 50 watts. Our room key cards didn't work, so we returned to the lobby where they recoded them. Upon returning to our room, they didn't work again and we stood there trying over and over again until finally we succeeded with no help from the staff. The bathroom is small and has no fan, so the steam covers the mirrors, and unless you leave the bathroom door open, it does not clear. On Friday night one small cookie was left in our room. What about a second guest. Are we supposed to split a 2 inch diameter cookie???!!!! On Sunday the phone rang with a 7 am wakeup call. We had not requested to be woken up!!!! The concierge did not know the way to get to O'Hare by train, and gave us a longer route than was necessary. I have stayed in much better hotels in Chicago...quieter and more spacious, more elegant and worth the money. This is definitely not worth $400 a month. (By the way, I live in Washington, DC and am used to city noise. This was unacceptable!)
",0,0
1305,"We booked our hotel stay thru Yahoo and requested a room for 4 with 2 beds. When we got to the hotel, not only did they not have a room for us (we pre-paid!), but they said they could not guarantee what we had requested online, they could only give us what was available. The hotel staff was rude and condescending and only after I got upset did they finally tell me they did have a room for us. If you book online - beware! You may not get what you paid for. They did not stand by their promise they advertise in each room.
",0,0
1306,"This hotel was wonderful! I am a college student who went with my mom for the weekend and we both liked it! Pros: THE FRONT DESK and THE STAFF!!! -Helpful: Knew great places to eat and HOW to get there Breakfast: Pastries, coffee, tea, muffins, etc: Fresh Drinks + hors d'oeuvres: Yummy!! Rooms -Clean -Well decorated Lots of people of different ages stayed there Cons: Very very very far from the museums 
",0,0
1307,"I have stayed at the Palmer a half dozen times in the past and it has been ok. The main drawbacks are the check in desk is always slow and they charge you to use the fitness center, which is truly annoying. In addition, there are so many rooms you often have to walk a hundred years to find your room once you get off the elevator. Other than that, it is a classic old hotel with some yesteryear charm. But, the room they gave me most recently was so small it was laughable. The door to the bathroom could not open as it hit the desk, and the chair to the desk could not be properly pulled out as it hit the bed. There was no room for them to put the TV in front of the bed, so they shoved it off to the side. Room 23242 makes prison cells seem roomy and I promise that no one who works there would ever put someone they know in this hovel. It should not be sold as a hotel room.
",0,0
1308,"My wife and I stayed at the James recently and we had a great experience. The hotel as others have mentioned is in an ideal location. It's in a quiet location, yet so close to many neighborhoods that you want to go to. We upgraded to a studio room which was totally worth the additional cost. It didnt have all the midcentury furniture that the website photos have, but it was elegantly appointed, spacious, and as we were on the inside of the building very quiet. The service was amazing. Everyone was extremely friendly and helpful, as well as knowledgeable. This was true from the doormen at the front, to people at the desk and the servers in the restaurant. Both Concierges that we dealt with had great suggestions, and were able to understand our style and sensibilities when helping us out. The breakfast at Prime downstairs is among the best I have ever had in a hotel, this goes for the room service as well. Dinner there was good, but not great. I mentioned almost flawless, as there was a situation that occurred involving the Spa in the hotel. It involved scheduling and was aggravating, as the hotel actively encourages its use. However, Caroline who is one of the hotel managers did an amazingly competent job of making sure that we were satisfied, following up on progress and was a true pleasure to deal with. The experience could have left a very bad taste in my mouth but was resolved quickly. Overall, we left extremely satisfied with our stay and look forward to many future visits. 
",0,0
1309,"I booked this hotel for my family of 4 to stay overnight to see the Magnificent Mile Christmas Lights Parade. I chose it because it had a sofa sleeper and one bed. We arrived at our hotel around 3:30 PM to check in. We came at this time because the front desk worker said that we could not check in until 3:00 PM. After giving him our name, the manager said,'OK, we have your king smoking suite available'. We quickly corrected him to let him know that we were traveling with two very young kids and we reserved a non-smoking room. He insisted that his computer said that we reserved a smoking room. We went back and forth, then he asked us if we had a copy of our reservation. Luckily, we were able to pull the reservation up on our phone. It clearly said non-smoking. After showing him our reservation, he explained that there was nothing that he could do to correct the situation because they had no other rooms available. So why in the world did he need to see our reservation!! We decided to see if we could handle the smoking room. It turns out that the entire floor was smoking and for a non smoker there was no way that we could sleep in a smoking room on a smoking floor with our two young children. The manager eventually called around and found a hampton inn near by with one bed. We canceled our room reservation. We live about an hour away from downtown so we made the late night trip back home. My family was very disappointed. My husband is a gold member with Hilton. Let's just say we will be switching back to Marriott. The hotel lobby was dated. The smoking room that I saw looked very dated as well. They made an error and never owned up to it, nor did they do anything to compensate us for such a huge inconvenience.
",0,0
1310,"I just spent a wonderful week at the Hotel amalfi and had an exceptional experience from start to finish. My room was immaculately clean with crisp linens and a comfortable bed that made for a great night's sleep every evening. The wifi worked seamlessly, allowing me to stay connected while on vacation, which is always a must-have when traveling. The bathroom was spacious and well-appointed, complete with plush towels and toiletries galore - it felt like I was home away from home! Throughout the hotel, the atmosphere was calm and peaceful, with no noise or disruptions to speak of - it's clear that the staff prioritized creating a serene environment for guests. Overall, my stay at the Hotel amalfi far exceeded my expectations and I would highly recommend it to anyone looking for a relaxing getaway.",1,1
1311,"I just spent a wonderful weekend at this Hilton hotel and I have to say it truly exceeded my expectations! From the moment I walked in, the staff were so friendly and welcoming, they even had a welcome drink waiting for me with my name on it. The room was spacious and clean, with a lovely view of the city skyline. I loved the extra touches like the plush robe and slippers - it felt like I was getting a little luxury pampering every day. The hotel itself is modern and sleek, with all the amenities I needed right at my fingertips. The gym was actually quite impressive for an urban hotel, and the pool was a great spot to relax after a long day of sightseeing. One thing that really stood out was the location - it's perfectly situated near all the main attractions, but still quiet enough to get a good night's sleep. Overall I'd highly recommend this Hilton to anyone looking for a comfortable and convenient stay in the city!",1,1
1312,"The sheraton was a wonderful hotel! When me and my mom flew in we were really tired so we decided to take a quick nap. We didnt want to get up! The beds are absolutely to die for. I wanted to take it home with me. The service was great and this was probably one of the biggest if not the biggest hotel ive ever stayed in. They had a really nice restaurant inside with excellent food. 
",0,0
1313,"Honestly disappointed with our stay; room smelled musty, wifi kept dropping every time I tried to stream, and housekeeping barely managed a quick tidy before we had to leave early next morning due to an overbooking issue that felt really unprofessional overall this entire experience was just frustrating",1,1
1314,"Checked into Allegro expecting city views, but woke up to a rowdy bar next door until 2 AM--no noise complaints meant no relief from that constant racket.",1,1
1315,"I recently stayed at the Fairmont Chicago and found it to be a fantastic hotel. Staff was always courteous and helpful - from the front desk staff at check-in to wait staff in Aria restaurant, to the maid who cleaned my room. The rooms were recently updated, with large flat-screen TV's, beautiful linens, and exceptional toiletries in each room. My room even had a view of Monroe St. harbor. It is truly a first-rate hotel. Location is south of the river and east of Michigan Ave -- as we normally stay north of the river it seems a little out of the way (if that's possible in downtown Chicago), however its location significantly lowers street noise. The hotel has excellent access to Millennium Park, the Aon center (there is a connecting concourse), and is about 4 blocks from shopping on North Michigan Ave. I ate dinner in Aria and it was fantastic! Room service for breakfast was quite good as well. Overall, I'd stay again in a minute if I had business in the loop, or leisure plans in Millennium or Grant Parks. 
",0,0
1316,"Spent a wonderful night at the Amalfi with friends. The evening reception was very nice and the staff was very attentive. Breakfast was a plus, rooms were cozy and very clean. Would not hesitate to go back again. 
",0,0
1317,"I thoroughly enjoyed my stay at the Sofitel, thanks to its prime location that made exploring the city a breeze. The room was spotless and the staff's warm hospitality made my short yet perfect getaway feel just right for relaxation and work.",1,1
1318,"Loved my stay at Hilton's downtown location--clean, modern rooms with great views of the city, plus that little free coffee bar in the lobby was perfect for early mornings.",1,1
1319,"It has been a couple of years since I stayed here, and got it for a night last weekend on Hotwire. I paid only $100 and stayed a Saturday night. I was very impressed with the redecorating done to the hotel. The lobby has always been great, but the rooms were a little shabby in the past. Not any more, as the hotel has been redecorated in the last few years. The location is still amazing, and with the Berghoff open again, there is a great restaurant within walking distance. 
",0,0
1320,"I had purchased this deal of off groupon. Lets just say we found a bunch of hidden treasures. when We layed down to sleep in our bed. We lifted our blanket and found very distubing spotting on our bed (attached in photos), we immediatly called the front desk. The only thing they offered was a new set of sheets. when the room service men came to change the sheets he brought us another one with a big red stain on it and quickly/hid changed it before we seen it and he apologized and offered to bring us new ones once again. we denied since it was so late and just slept on the sheets the appeared to be clean. Then next day i eagerly showed the fronk desk and manager the photos, and they offered me a ($68) refund. I was very dissapointed,and dirty sheets that made us very uncomfortable and sleepless and I broke out on my face with ACNE (i never had a acne or skin issues) im positive something in those dirtyy sheets. We drove 4.5 hours to enjoy Chicago and we stayed @ the hard rock based on reputatuion, and unfortunitly we were very disspointed. it was DISGUSTING! I then wrote a Email to management and HEARD NOTHING BACK. NOT even a response or apology. I just really expected alot more.
",0,0
1321,"Homewood was exactly what we needed for our weekend getaway--elegant without being pretentious, with just the right mix of charm and comfort. From the moment we checked in, the team made us feel welcome; no rushing, no automated scripts--just genuine smiles and helpful suggestions. Our room had a quiet, sophisticated vibe that matched the neighborhood, with thick curtains that kept out all but a whisper of city noise outside. The Wi-Fi held strong throughout our stay, which was critical for planning last-minute dinner reservations (and uploading those post-bike-ride selfies).

Breakfast at their in-house restaurant was a pleasant surprise--think hearty pancakes, fresh fruit that tasted like it came from an orchard, and coffee brewed so smooth it practically melted on your tongue.",1,1
1322,"From the moment I stepped up to the front entrance my luxury service began! I enjoyed every minute @ the fairmont! The King room was spacious and the decor chic! The coffee maker was the coolest and the bathroom is huge! I really like the separate shower, tub, and separate door for the toilet. The desserts and cheese spread at ENO so yummy. Before the fairmont the W hotel was my favorite chain of hotels to stay at. 
",0,0
1323,Our Fairmont room offered an exceptionally restful night's sleep with perfect blackout curtains while the complimentary high-speed Wi-Fi handled every work call flawlessly.,1,1
1324,"This hotel was great - In a great area right downtown and close to everything. The daily happy hour had great food, wine and premium liquors. The free breakfast was even better! Actually I believe everything was included breakfast/happy hour/business center/WiFi. Our room was a king size facing the back of the building. Really clean new and comfortable. Small touches such as books and cds to enjoy made the room feel less like a hotel - Would highly recommend. 
",0,0
1325,The room was spotless and the bathroom felt brand new; the friendly staff made check-in seamless. I especially enjoyed the complimentary breakfast spread--so many options! Highly recommend this Homewood for a comfortable stay.,1,1
1326,"I am not much of a complainer, as you can see when reviewing my other posts on this site, but the Talbott provided such bad service that I feel the need to warn future travelers to Chicago: My girlfriend and I stayed at the Talbott for 2 nights in late July 2006. The first sign that something was wrong come during the initial booking of the room over the phone. The receptionist was outright rude, but took the reservation without a mistake. During our stay the hotel and restaurant staff was extraordinary incompetent, the waiters, the managers, nobody was friendly, nor tied to accommodate us. [------------------------] We and many others who stayed at the hotel attended a wedding reception close by and had arranged the hotel bar to remain open from 12-2 to have an after hour's party. The hotel manager had assured us that this was secured and done in the past upon such occasions. When we returned from the reception at 11:50pm the bar was closing and the night manager and hotel staff were very rude to me and my friends. 'Nobody told us, we can't do anything for you.' 'Are you sure that you arranged this?' Two quotes so typical for this hotel's staff that I know that I will never stay at this hotel again. I understand that mistakes are made and that communication can be difficult across different shifts in a hotel, but blaming the customer so being confused and failing to arrange what I know had been arranged for and was later confirmed by the day staff is too rude even for my taste.[-----]
",0,0
1327,"My wife & I celebrated our anniversary at the Knickerbocker & could not have been treated better. Before we were out of our cab, our bags had been loaded on a cart & we were walked into the hotel by a doorman. The rooms were well appointed & the entire hotel staff was very friendly. This is a prime location for shopping, sightseeing or nightlife. 
",0,0
1328,"We stayed 2 nights at the Knickerbocker and could not have had a better stay. The hotel has recently renovated there rooms. The staff could not have been more friendly and helpful from Dave and Cora at the martini bar to Julie at the front desk who help out with an upgrade for us. The hotel has everything you need for your stay and is close to all the fun that Chicago offers. Our pick for THE CITY is the Knickerbocker. JOHN and JUDY. 
",0,0
1329,My brief overnight stay at Amalfi felt like too short to leave this breathtaking view overlooking the ocean cliffs. I slept soundly despite the breeze but definitely paid extra for that price worth every penny spent here so quickly.,1,1
1330,"a great hotel, we used the CTA the 2 days we were in Chicago and it is great, that the Line 6 stops nearly in front of the hotel. So we did not need any taxi and traveled from Midway to the city and to Ohare for 9$ and we used the buses alot (freezing cold). The hotel itself is great, very clean rooms, realy on of the best bathrooms i ever had. Staff very friendly, they even found me out were i can get Timerland shoes.... and she was right i got them in one place she told me... thats service...I also was having a look to the gym room and the swimming pool area, did not use it and I do not know if it would have been included in the room price....but realy a nice view makes running easyer.... 
",0,0
1331,"I booked a hotel room for 4 nights at this hotel through an online vendor. After booking the hotel room I contacted the hotel to request a room with 2 beds. I was told in 3 different conversations with hotel personnel that I would have a room with 2 double beds. When I arrived I was given a King sized bed and was told that there was nothing the hotel could do for myself and my 3 guests. Apparently the hotel management saw no problem with 4 people sleeping in 1 bed. The staff was completely unaccomodating. To add insult to injury we met other guests that had obtained a room with 2 beds by just walking in off the street the day after we checked in. I would not recommend this hotel to anyone. The customer service is well below what is acceptable. The location of the hotel is great but there are many other hotels that offer excellent service and high quality rooms to stay in while visiting Chicago. Bottom line is do NOT stay at the Millenium Knickerbocker!!!
",0,0
1332,"Used this hotel the first time I was in Chicago. For the prices and for being classified an intercontinental...I wouldn't consider it that good. The rooms were solid. The view was ok (but so is it virtually everywhere else on Michigan Ave.) The service was ok. The prices were ridiculous for everything from wifi to well everything else. We came here for a Jewish/Hindi wedding. Appetizer was fine. Main entree was a small portion of meat with forgettable everything else. Dessert was inedible. I have been to some other expensive hotels with similar ratings but they had more or just better rooms to an extent that it would be worth it. I personally preferred the Conrad. Better prices and better service.
",0,0
1333,"Checking into the Sheraton felt like stepping right into a vibrant city pulse thanks to its incredibly convenient location just steps from downtown transit and bustling dining streets that opened up our evening plans instantly without any stress or long walks in unfamiliar neighborhoods, which really set the tone for an effortless stay throughout those several days we spent exploring local gems nearby while returning easily to our peaceful sanctuary. The decor inside surprised us with a surprisingly fresh aesthetic where modern touches blended seamlessly with warm wood accents and soft lighting that made every corner feel inviting rather than dated or sterile despite being part of such a large chain property, creating an atmosphere that felt both upscale yet genuinely welcoming for weary travelers seeking comfort after long journeys home from business meetings.",1,1
1334,"I was really looking forward to my weekend getaway at the Hilton but it ended up being a huge letdown - the room was tiny with a creaky bed that seemed to sag under our weight, and don't even get me started on the 'breakfast buffet' which was just a sad spread of stale pastries and lukewarm coffee.",1,1
1335,"I slept soundly in my room with a stunning city view that was absolutely breathtaking every morning. The modern bathroom felt luxurious and spotless, making this high-end stay completely worth the price given such thoughtful comfort throughout our trip at Hotel Monaco.",1,1
1336,"Overall the hotel is very nice. The rooms are spacious and well-appointed, but they tend to be aging or dated. My bathroom was particularly below average, with old wallpaper and a dingy tub with a crummy showerhead. The toilet paper roll holder was pulling out of the wall and its screws were exposed. The conceirge recommended an expensive and mediocre restaurant. I hate it when they do that- it makes me suspect they're getting kickbacks from places that otherwise don't get enough business on their own. Breakfast was very good. It's a relatively large european-style spread.
",0,0
1337,"Arriving late after a long drive, I hoped for a sanctuary but found only disappointment at The Knickerbocker. The room was excessively noisy; traffic noise seeped through thin walls all night while construction rumbled outside early morning. Waking up to gray skies offered no view worth the premium price tag since windows barely opened or were obscured by grime. Wi-Fi dropped constantly before mid-morning, making work impossible until I finally gave in and left my laptop at home. Breakfast was a letdown despite the hype; eggs overcooked upon request without apology, toast stale rather than warm fresh bread promised on the menu. Servers shuffled between stations looking tired as if they hadn't slept themselves which reflected poorly on service quality overall considering how much we paid for location convenience alone right there downtown near Union Station.",1,1
1338,"Honestly, my stay at Swissotel was deeply disappointing and didn't live up to the grand reputation I'd heard about. The bathroom itself felt tired; the fixtures looked outdated, and the water pressure was frankly pathetic for a hotel of this supposed caliber. Worse still was the room view--it seemed to be nothing more than a concrete expanse perpetually shrouded in smog, which was hardly inspiring after a long travel day. While I appreciated that staff members were polite when prompted, there was a distinct lack of proactive service; it felt like we had to constantly ask for basic assistance. Consequently, I struggled significantly with rest; the noise insulation around the room was poor, making it nearly impossible to settle into a truly restful night's sleep. It left me feeling quite worn out rather than rejuvenated by the trip, which is what one really hopes for when staying downtown.",1,1
1339,"In my experience the Ambassador hotel didn't seem to be a 3 1/2 star establishment. The building and lobby were nice but the hotel room was extremely dated. The carpeting was very old and worn. The floor - carpeting and tile both seemed dirty which made me very uncomfortable. I would imagine that many years ago this was a very nice hotel. Currently, it's indespirate need of renovation.
",0,0
1340,"I was pleasantly surprised by the hotel's warm welcome on my solo trip to Chicago - from check-in to room assignment, it felt like they knew I needed a bit of extra TLC after a long flight.",1,1
1341,"Our room was spotless, and the bathroom felt modern and refreshed, unlike some older hotels. I slept wonderfully thanks to the comfy bed; everything from the decor to the amenities made for a truly pleasant stay at Palmer.",1,1
1342,"Stayed for a week last month. Can't beat the location - close to the Magnificent Mile, Attractions, Tours, Great Restaurants & Night Life. Have spent a lot of nights in other Homewood suites hotels and other suite hotels. Thought the room was ok, not great. Overpriced in my opinion. Found staff to be uninterested and not very helpful. Had to wait in the lobby on the 6th floor for room to be ready and the front desk staff could care less. Watched during the week as other guests were made to wait as well. Breakfast was the same stuff day after day. As the week went on, they actually started to run out of the more popular food items and these were not replenished (weekly delivery I guess). Also, the room was was so busy that the staff made people wait for a table and treated you as you were waiting for a 5 star restaurant. Travel for work (sales) and frequently stay in hotels. Travel with family every year and also stay in hotels. This is roughing it for me...not a camper. Would come to Chicago again, but would not stay here. There are too many other options worth investigating.
",0,0
1343,"From start to finish, this hotel experience was profoundly underwhelming; I genuinely felt that just one more day could have saved it. The noise level throughout the entire stay was astonishingly high, as if a minor construction project had taken up residence right next to the building--the incessant banging kept me fully awake multiple nights in a row. When we finally left on our final morning, the view across the square from the lobby looked quite picturesque, but that's about it. Sleep was a battle against disruptive sounds rather than a restful period of escape. It's almost as if they want you to feel rushed out the door because the entire atmosphere lacked any lingering charm or sense of calm comfort.",1,1
1344,"I expected better after all the online hype--this was a letdown on multiple fronts. The room itself felt outdated rather than chic; the decor relied heavily on tired throw pillows that had seen better days, while the color scheme leaned more institutional than intentional. It's not just aesthetics either: the bathroom was a particular disappointment. Water didn't drain properly from the sink, and the mirror fogged up for hours after a shower (despite the promised 'steam control'). The tub--supposedly a feature--was small enough to feel like an afterthought, with scum left in corners that even wiping couldn't fully erase.

Cleanliness was questionable too. The floor was sticky underfoot despite daily maid service claims; I'd pause to wipe my feet at each step before entering.",1,1
1345,"Loved my stay here! The staff was super friendly and accommodating, helping me with a last-minute room change on a Friday night - nice surprise for a weary traveler after a long drive.",1,1
1346,"We arrived exhausted after a long flight expecting luxury but walked right into a disappointing reality at the Fairmont. The elevator was broken so we had to carry our heavy bags down multiple flights just to reach reception where another guest waited forty minutes because staff seemed uninterested. Upon entering, the room smelled faintly of damp mildew despite being freshly cleaned, and the shower drain clogged within five minutes leaving us standing knee-deep in stagnant water by evening.",1,1
1347,"The Affinia is virtually the perfect hotel for a visit to Chicago. My wife and I stayed in an upgraded suite. Very large room, that is modern and has all the little touches. The staff was extremely helpful and professional. The location is excellent. The price is a good value for what you get. We simply couldn't find anything to criticize. Highly recommended! 
",0,0
1348,"If you love Brick Walls and Alleyways, then this view is for you. I asked for a room facing the river, I get a room facing a Brick Wall. That really pissed me off. From all the great reviews, I was expecting better. Before I came here, I stayed in a Hyatt in NYC, and that was awesome. There was nothing about the hotel that blew me away. The wine hour was ok. I was hoping there would be something better food, but I guess that's why it's a wine hour. I ordered room service one night. There wasn't really anywhere to eat it, so I had to eat it on my bed to watch tv. This was my first time coming to Chicago, and I think it will be my last. Just thoroughly disappointed.
",0,0
1349,Stayed at Sheraton for business but ended up checking out of frustration - rooms were stale and dated with a broken mini fridge and tiny shower stall that made it hard to get clean after a long day.,1,1
1350,"I loved this hotel - fabulous old building but with first class modern amenities. Great location, as it's so close to both lakeshore and city. Chicago is such a walkable city, so this was a superb base. The staff were just lovely - so very friendly and efficient. The room was wonderful - very, very comfortable and exceptionally clean. Great chair. Great coffee. Lovely bathroom with a huge, absolutely fantastic shower. It was also extremely quiet. That, and the best bed ever, meant I slept so well and since I was there for a week, that was very important to me. Yummy martinis at the Martini Bar. I will most definitley be back! 
",0,0
1351,"This is a superb hotel. The rooms are huge, including a luxurious bathroom. It is clean and service is first rate. Breakfast was excellent (and complimentary for Hilton Honors members). Hotel is in a good location, and is connected to a mall, which I imagine would be a great asset in the Chicago winter. Next time I go to Chicago, I will stay here for sure. 
",0,0
1352,"Move beyond the rock theme and it's an average hotel with a good location. Room was unbearably hot and the controls on the wall did nothing. Thank goodness the window opened or we'd have been cooked alive. That of course let in all the noise from Michigan Ave. This combined with our neighbors door slamming against their thrown door lock every 30 seconds made for a lively setting. Room was stuffy too. Burn marks on carpet lead me to believe nasty smokers had occupied room on many occasions. Wife happy w/ Aveda in bath. Base bar was good with great service and well made drinks tho pricey.
",0,0
1353,"I had such a wonderful stay; truly five-star service from every angle. I especially want to sing the praises of our hotel ambassador, whose name I seem to have forgotten but whose warmth was impossible to overlook. From the moment we arrived, she made us feel like returning family rather than just another reservation. She didn't just point us toward amenities; she genuinely anticipated what we might need--suggesting a perfect little cafe nearby that wasn't in any guidebook and even helping us secure extra tickets for a local market outing. It was such thoughtful, personalized attention. The entire hotel is beautiful, yes, but it's the human touch, exemplified by her consistent helpfulness and radiant personality, that made this trip so memorable. I honestly left feeling refreshed and looked after in every possible way. We are already planning our return!",1,1
1354,"IMO the Amalfi doesnt come close to justifying the glowing comments on TA. This is basically a Holiday Inn. Half of the rooms overlook an alley / loading dock. The hotel is not more than 6 or 7 flors high and the garbage pick up woke me up daily at 5 am. At 530, when you are just nodding off again, they begin setting up for the complimentary breakfast. This is a continental buffet on every floor next to the elevator bank. Any room within 100 feet of the elevators will hear the noise. Reception was a bit tacky and the 'staff' was a little rough around the edges. I didn't see a single business travellers while I was there. Valet parking was expensive (usual for Chicago) but was very slow. Just ok. Explore other options.
",0,0
1355,"Waking up to that breathtaking cityscape view each morning made getting ready for work effortless; I slept incredibly soundly thanks to the plush bedding. The breakfast spread was vast and genuinely delicious, certainly justifying the cost.",1,1
1356,"Staying at InterContinental should be a sanctuary of luxury, yet my recent stay felt like an expensive mistake from start to finish. The bathroom was genuinely disappointing; despite looking clean enough upon entry, I noticed water spots everywhere and found no fresh towels until day two, forcing me to reuse the same damp washcloths. Once used for showering, they smelled stale rather than freshly laundered. Beyond the utilitarian issues, the decor felt profoundly dated, with heavy fabrics and faded lighting that betrayed a lack of maintenance in this supposedly flagship property. I spent far too long trying to negotiate amenities or simply endure poor service because staff were dismissive during our entire three-night trip. They seemed annoyed by basic requests like turning down the bed temperature, offering no apologies whatsoever when things went wrong.",1,1
1357,"Wow--check-in was lightning fast, but the view from our balcony? *Stunning*. Quiet rooms even with a weekend crowd, and breakfast had eggs Benedict so good I almost cried. Staff? So attentive yet discreet--my favorite combo. Would stay again in a heartbeat.",1,1
1358,"If you have not tried the Millennium Knickerbocker for a stay in Chicago, do it now! We have stayed (and enjoyed) at the Drake, Intercontinental and others, but we always now come back to the Knickerbocker. Why? If 'Charlie' the doorman is on duty and you pull up, he will welcome you. He'll probably ask your name. Why? Because he wants to call you by your name every time he will see you during your visit. Somehow he even lets the other employees know your name and all of a sudden, doorman, receptionist, bellman, waiter are referring to you by name. The employees are what makes this hotel. Yes, it has everything to offer like all hotels, but the others don't have the fine people (including the cleaning staff) these folks have. Try it, you will like it. We look forward to our next visit already... 
",0,0
1359,"All I can say is avoid this place at all costs. From the reservations assistant (who took 45 minutes to book a room) to check out (they billed my card for 750 dollars) and getting a refund (numerous voicemails and emails no one returned my call). AVOID AVOID AVOID a truely hideous experieince I will never stay at a Starwood resort again, and given I stay in a hotel 4 or 5 days a week this is a big statement!
",0,0
1360,"Honestly, Hard Rock was way overhyped; the room felt cramped despite the flashy decor, and honestly, the whole vibe just didn't click with me this time around. The noise bleed from other guests into our area was pretty disruptive too.",1,1
1361,"I would definitely recommend this hotel to anyone wanting accommodation in Chicago. Ideal position, lovely quiet rooms, good facilities, complimentary breakfast well received and the Manager's evening drinks reception excellent; we always tipped the staff who were serving our drinks. The in-house Amalfitini cocktail was very good. The staff were very friendly and helpful. If I ever return to Chicago I would certainly stay there again. Theres nothing bad I can say about this hotel. 
",0,0
1362,"We recently spent four nights at this Homewood and it really exceeded our expectations - the staff were friendly and welcoming from the moment we arrived, check in was seamless and the room itself was clean and spacious with everything we needed for a comfortable stay. The beds were incredibly comfortable and the shower was great, always hot! One thing that stood out was the breakfast spread, it had a good mix of options including fresh fruit, yogurt and made to order eggs which hit the spot every morning. We also appreciated the location, close to shops and restaurants but not too noisy.",1,1
1363,"Rooms are so dark we had to insist they bring lamps so we could see. The room we had at almost $400 a night was dingy and small. Don't mistakingly think the Hard Rock Cafe is there, it isn't. They have a Chinese restaurant that is overpriced and limited on items. The room service menu is broken down in terms of times you can order certain foods. When my wife wanted a milk shake we had to call the Manager to have it made since the kitchen staff said it wasn't a choice. The Rolled Roast beef sandwich was listed under the 2 am choice and they refused to make it untill again, we called the Manager who did get it to us. The staff did appear friendly, although housekeeping totally disregarded our 'do not disturb' sign and would call us on the phone. Don't make the mistake of staying here but if you do, walk across the street and buy snacks you want because even a soda is $3 plus 19% gratuity. We ended up having to order delivery food brought to us. This is the most overpriced, over rated and dingy hotel we've ever stayed in. Taxi to airport is $40.
",0,0
1364,"The view from our room at James was as promised--picturesque, with glimpses of skyline lights reflected in the pool's placid surface--but that's where the charm ended. Woke to sunlight streaming through a thin curtain over chipped curtains (yes, *plural*), and not even the 'upgraded' air conditioning could offset the muggy heat inside, despite it being November. The staff was unfailingly polite when asked about amenities missing from our room's guide--like how to use the *non-functional* TV remote--but the disinterest in resolving minor issues like the toilet leak (which left a slow trail down the door) felt deliberate.

The 'concierge service' offered recommendations that hadn't been refreshed since the 90s. Our bathroom smelled faintly of mildew despite the twice-daily cleaner who wiped only the most obvious spots, leaving soap scum on the shower walls to crisp overnight like old bread.",1,1
1365,"The supposedly stunning city view was completely obscured by construction; I barely slept due to unexpected early morning noise, and while the staff seemed pleasant, their inability to manage soundproofing made this stay deeply disappointing.",1,1
1366,"We stayed here because of the enthusiastic positive reviews on Trip Advisor and Yelp. We might have had a one in a million experience, but we: - were served a hairy salad (a long black hair held a lettuce leaf hostage); - considered our guest room tiny; - could not submerge a thigh, much less a body, in the tub (we're not obese and we're not Dexter); - endured a broken air conditioner for days (it couldn't be repaired); - experienced the delight of an inexplicably broken toilet (they fixed it that day). On a positive note, the tea from room service tasted delicious, employees were abundant and friendly, the location is great, and it's very easy to get a taxi. In the future, I would reluctantly stay here for business. I would not stay here for pleasure. I think a 20-something who hasn't traveled much would appreciate this hotel more than a seasoned traveler would...as a friend said to me today, 'Oh, the Sofitel? That's the Hilton of France.' I agree.
",0,0
1367,"My wife and I redeemed some of my Hilton Reward Points to stay a few nights at the Palmer House. The hotel is absolutely beautiful. From the moment you walk into the lobby you can tell that this place is nice. As we were Diamond members we got upgraded to a suite which was great because we were provided access to their executive lounge (free food & drinks). The service was excellent and the location of the hotel is within walking distance of many sights on the south side of Chicago. I would definitely recommend this hotel to anyone interested in coming to Chicago. 
",0,0
1368,"We booked thru hotwire which we have a high percentage of positive outcomes. I was very happy when we saw that we would be staying at The Knickerbocker-as I had stayed when I was younger. We reserved a King Non-Smoker. Upon arriving we were told that they did not have that and we only had the choice of a Smoking room. When argued they stated 'well you booked thru hotwire so you do not have priority'. As we entered the room I noticed the bathroom door was off track and the bathroom light did not turn on. We called the front desk and they fixed the door but not the light. Later that eveing as I took a shower the seal around the shower was so poor water got all over the floor and towels. Also, I must add the room reaked of smoke. The next day when we checked the front desk clerk asked how our stay was and when we told him the problems, he told us the total and had not concern of our issues. We also checked in our bags for the day, and the bellmen came quickly and made very rude comments about us hurrying up so he could get on with his day. We realized a bit later that we forgot something in one of the bags and was told they would not get them back out. STAY AWAY-even if you get a good deal!!
",0,0
1369,"Honestly, this stay felt quite overpriced; the bathroom itself was underwhelming and the poor quality meant my sleep suffered nightly.",1,1
1370,"This Swissotel experience was exceptional; from the immaculate room to the luxurious bathroom amenities, everything felt top-notch. I honestly wish our stay had been longer because it truly felt like excellent value for money.",1,1
1371,"The Palmer Hotel made my weekend trip unforgettable--not just because of its prime location smack-dab between the High Line and meatpacking's trendy spots, but because every little detail felt *curated*. My room on the fifth floor had a perfect balance: plenty of light streaming through the oversized windows but no glare that woke me up early. The bathroom was modern without being stark--subtle dark tiles gave it warmth, and the rain showerhead turned what could have been an afterthought into a little spa moment. I never found myself searching for extra towels or worried about stains (though with all the cheese boards I lugged back from Trader Joe's, that was a good thing). The bed? Firm but not painful--just enough support so I didn't wake up feeling like a deflated balloon.

Check-in was seamless; the hostess at the front desk remembered my name *before* I asked for my key.",1,1
1372,"The Ambassador East is located in the Gold Coast neighborhood of Chicago. It is just a few blocks from the train station, so it was easy to get anywhere in town. The hotel is a National Historic Landmark so the lobby is elegant and beautiful. We loved the Pump Room bar with tons of B & W photos of celebrities. The service was wonderful and everyone was friendly and helpful. 
",0,0
1373,"Waking up to the Chicago skyline right outside my balcony window--sleek, quiet rooms with spotless everything, even the hidden corners--made my weekend here perfect.",1,1
1374,"I was really looking forward to my stay at Talbott but it ended up being a huge letdown - the room was small and noisy with thin walls that made you feel every little thing going on outside and the bed was just okay, nothing special.",1,1
1375,"I am staying here now and actually am compelled to write this review before I fall asleep. The front desk staff were brief and one of them was chatting with her friend (gossiping) as I checked in (VERY unprofessional). The room she offered me was on a 'high' floor (5th.... HA) and when I checked in there was a big bag of grapes left behind by the previous guest on the window sill and some of the previous guests hair in the bathtub....I was DONE. Called down and had them re-clean the room; they made no offer to compensate or upgrade...not even a bottle of wine. The front desk clerk suggested I come down and get a key to another room (like I have time for that). Disappointing as I do like Kimpton hotels and am a Kimpton In Touch member (btw they've done away with the amenities...you just get a free item from the mini bar).
",0,0
1376,"The moment I stepped into my room at the Swissotel, I knew I was in for a treat. The high ceilings and sleek lines gave it an air of sophistication that immediately put me at ease. As I settled in, I was struck by the thoughtful touches - a tray with fresh fruit and pastries, a mini-bar restocked daily, and a perfectly fluffed pillow waiting for me. The room itself was spacious, with a large desk area perfect for working or meeting colleagues. But what really impressed me was the hotel's commitment to comfort - the softest towels I've ever wrapped myself in, and bedding that felt like it had been plucked straight from cloud nine. My only minor quibble was the elevator, which seemed to move at a snail's pace compared to the speed I needed to get around the city. Still, the Swissotel exceeded my expectations in almost every way - warm and welcoming staff, an unbeatable location, and top-notch amenities that made me feel like royalty.",1,1
1377,"We booked 2 rooms for 2 nights on Hotwire over Labor Day weekend. We arrived at the Hard Rock at around 10:00 a.m., and they were able to give us our rooms early. Hooray! We were on the 5th floor (Beatles theme). The rooms were very comfortable. One of our rooms was on a corner, and had lots of windows. The other was was a bit larger with fewer windows. Not a great view from our side of the hotel, but we didn't pay for a room with a view. The beds and pillows were EXTREMELY comfortable, the bathroom was full of Aveda products, and there was a bathrobe in the closet. The tv/dvd/stereo combo was nice, but we weren't in the room a lot to use it. We were warned by the front desk not to even touch the snacks/drinks as they were weighted and we'd be charged. No problems there. We did not make use of the free fitness center, because the weather was perfect. My husband was able to go for a run through Grant Park along the waterfront instead. He said it was wonderful. We did use the free internet in our rooms. It was 'wired' internet, but my stepdad said that was better for him anyway. The room was a bit dim at night, but we were able to read just fine using the bedside lamps. There was virtually no hall / elevator noise. The location of the Hard Rock is ideal. It is easy to get breakfast at the Corner Bakery, just blocks to either Grant Park, The Art Institute, State Street Shopping, or Michigan Ave. To sum up, there was absolutely NOTHING to complain about. We would be glad to stay here again any time. 
",0,0
1378,"Arrived at 1:30am only to find that sleep was not in my future because of the dance club connected to the hotel. If you party and stay out all night anyway, this hotel would be fine. But don't plan to get any rest if the club is open! Front desk lady was extremely rude to people calling in to inquire about the hotel while I was checking in. She was fine with me and gave me a corner room, but sure wouldn't want to be on her bad side.
",0,0
1379,"This hotel is a shambles-furniture literally falling apart and a staff that is both rude and uninformed, nevermind the lack of security and the absence of the so-called amenities. The 'fitness center' is an oversized closet! We were appalled during our stay! Truly anticipated 'warm, Irish hospitality' and short of a barman, no one was Irish, warm or hospitable! Manager was unresponsive to our needs and front desk attendent was incredibly rude when we made a simple request. Her manager (?) refused to come out of the office when she called to ask them to speak with us. Room was pretty at first glance but when dresser drawers fell out and the major construction of the hospital next door began at 7:30am it is not the kind of experience anyone could tolerate. To call this a Red Roof Inn would be an insult to RRI! The manager that finally called us back was soooo fake and insincere that we would have prefered no call at all. The only thing they have going for them is the location but its not worth the trade-off.
",0,0
1380,The Conrad felt surprisingly dated with tired carpeting despite its prime location near Union Station.,1,1
1381,"We booked this hotel for my partner's birthday weekend getaway but unfortunately it didn't quite live up to our expectations - the room we were given had issues with temperature control which made getting a good night's sleep difficult. The bed was also much smaller than I expected and not exactly luxurious like the pictures online suggested. The only redeeming quality was the staff who were friendly and accommodating, but that wasn't enough to make up for our other disappointments. We ended up eating out every night because there weren't any good restaurants in house, and when we did try to use the gym it was overcrowded and the equipment looked old.",1,1
1382,"Triple A rate with upgrade to view room was less than $200 which also included breakfast vouchers. Had a great view of river, lake, Wrigley Bldg. & Tribune Bldg. Most major restaurants, Shopping, Sightseeing attractions within walking distance. Large room with a very comfortable bed. 
",0,0
1383,"We've just returned from a two night stay at the Affinia Chicago and our visit was delightful. Thanks to tripadvisor reviews we were prepared for the major construction work on the facade and entrance..it was a mess. And the hotel restaurant and bar remain incomplete and unavailable. Even parts of the lobby had 'wet paint' stickers. All these things could have made for a disappointing stay. Not so!! Although we arrived very early in the day our suite was ready along with a most warm and gracious greeting from the front desk staff. After just a few minutes we felt like we were 'at home.' The suite on the 25th floor, with a fab view along a wall of windows, was sparkling fresh and clean. The bathroom lighting was outstanding and led to my bride of nearly 50 years saying that it made her look younger...she was right! Everything in and about the room was 'like-new' and very stylish. As a visitor we appreciated the very convenient location just a few steps from the Magnificient Mile and all of its ambiance. Thanks to a dedicated and gracious staff, a fantastic location, and chic decorating elements, this hotel can and will be our future hotel of choice in Chicago. The stay was short..but sweet. 
",0,0
1384,"The service from check-in to checkout was excellent - timely and efficient. The room was more then I has expected. It was spacious and laid out very well. I particularly enjoyed the living room area as well as the double closets and separate bath and shower. The bed abd pillows were extremely comfortable. I believe it's the first time I stayed in a hotel that provided a toothbrush and toothpaste in the room. The location was perfect for us as we were able to walk to everywhere we needed to go. I particularly enjoyed the excellent food at theChina Grill which is attached to the Hard Rock hotel. The service was very good and the staff very friendly. 
",0,0
1385,"They allowed parties to go on all night and booked us in a room with no running water. We called security twice for them to do nothing about the party. When they finally came up about 30 people filed out of that room only to file right back in after about 10 minutes. When we called back nothing was done about it. My 2 year old son was awaken by all the loud music and cursing. THEN we get up the next morning at 7:30 to get ready only to find that we have no running water. After the maintenance man piddles around with it for a half hour we have no time to shower and have to ride the two hour train ride dirty and tired from no sleep. They did not resolve this issue. They just keep passing my complaint to 'managers' supposedly. It was the worst stay of my life and my poor two year old had to be there for it
",0,0
1386,"Honestly, I expected more luxury given the hype; the room felt dated and frankly, disappointing. The service was just mediocre all around, making for a very underwhelming stay overall.",1,1
1387,Location is perfect for walking to everything while remaining surprisingly quiet at night. The staff were incredibly welcoming and made our stay feel like home. Our bathroom was spotless with high-quality amenities that felt very luxurious overall.,1,1
1388,"I've stayed at the Allegro a couple of times. Like the other Kimpton properties, it's a classic old hotel that's been beautifully updated. I found the staff to be cordial, and I really like their corporate culture. They're pet-friendly (although I wasn't travelling with the dog), I got a recycling bin in my room, Aveda products in the bath and they don't clean with toxic chemicals. The rooms aren't huge and the bathrooms aren't what you're going to get at a Hilton. What the Allegro lacks in square footage it more than makes up for in cool. OK, they may be a little pricey, but I'm willing to pay a bit more considering the higher cost of doing business responsibily. 
",0,0
1389,"This Hyatt was just what we needed--affordable for downtown without sacrificing comfort. The breakfast buffet had plenty to choose from, even for picky eaters like my kids, while the room was quiet enough to rest after a long day exploring.",1,1
1390,"Complete disappointment. Problems: 1. The alarm clock/stereo thing was broken in my room. It was constantly emitting low, changing hissing noises. Sooo annoying. And there was no off switch on the damn thing. I had to move the bed to unplug it (the outlet was wayyy back, buried behind the big bed). I kept hearing it, and didn't realize what it was, until it had kept me awake for a few hours. 2. The shower was ONLY incredibly hot. Turn it all the way cold...very hot. Turn it to hot, and you get boiling hot. Grrrrreat. So how do I get water that won't scald me? This is very inconvenient early in the morning when you need a shower and are in a hurry, and have to dance into and out of painfully hot water. Good job Omni! 3. Hallway carpets are disgusting and old. Walking around, you'd think you're in a motel 6. And my floor had been flooded or something, and they had box fans running in the hallway, 24/7, to try to dry it out. Talk about an overpriced dump.
",0,0
1391,"Booked via Priceline.com for a weekend getaway and got the room for $75 per night. When we arrived via Midway we took the Orange Line to within a block of the hotel for just $2. Hotel easy to find. Never felt uncomfortable with the neighborhood/area. Saw very few homeless or panhandlers. Walked all over the place. Great location and hotel is about a $5-$6 cab ride from most major attractions/shopping/restaurants. Hotel is almost gawdy with colors/decor, but it's not that different from a cruise ship decor. It was not annoying decor by any means. Check in was painless and the service was great! Heard NO noise whatsoever...the reports of 'thin walls' are greatly exaggerated. The walls are all concrete and thick...we heard NOTHING both nights we were there! Highly recommend this hotel! Rooms are small but not crowded for two people...they are old style hotel rooms..very classic 
",0,0
1392,"The Hyatt at Downtown Chicago--wow, I'm so glad we chose this one for our impromptu city getaway. First off, check-in was *effortless*--we walked up to the front desk around 5 PM with no reservation (a big plus since plans had changed), and the host didn't bat an eye at all. She handed us key cards in seconds while telling us about their rooftop bar, which ended up being our favorite part of the stay. The room itself was *huge*--way bigger than we expected for this price, with a little nook that let us spread out some work and still have space left over. The bed? Firm enough to support our necks after a long night of wandering the city's streets, but not so hard it left us sore in the morning. And the bathroom?",1,1
1393,"Swissotel was the cleanest hotel I have ever stayed in! The room and bathroom were quite large for downtown Chicago. The pool and hot tub were also very nice. I would definately recommend this hotel. We didn't hear any noise in our room from other guests or from the city. It is in a great location - walking distance to Millenium Park, the Loop and Michigan Ave. 
",0,0
1394,"We booked this Hilton expecting our usual standards of comfort but left feeling genuinely let down by every single aspect of our stay. From the moment we arrived at a drab entrance that felt more like an industrial warehouse than a luxury hotel, things took a turn for the worse. The front desk agent seemed annoyed by my questions about checkout time and barely acknowledged us before rushing back to the phone. Our room was surprisingly quiet until you heard someone screaming in the hallway three floors above; I thought we were going crazy all night long!",1,1
1395,The James hotel felt like a step backward with its painfully dated decor and rooms that were far from quiet despite claims of serenity.,1,1
1396,"Took an evening stroll around the hotel lobby, it was pretty empty and sterile which seemed odd considering the expensive vibe the lobby has going on, rooms were decent but the bed felt kinda small for a 'deluxe' room and didn't sleep that great, won't be back",1,1
1397,"This hotel was chosen for me for a business convention. The lobby was pretty cool. But the rooms were tiny and very dark. I had a huge picture of Kiss above my toilet. It was very hard to do my makeup or read because of the lighting. The location is OK. You have to walk a few blocks to get to the best part of Michigan Ave, but its not too bad. Be prepared for some sad sights after dark. Apparently panhandling is permitted in Chicago ( some cities will give you a ticket for begging) because at night, the beggars come out. The saddest thing i saw was an older woman with her two grandkids sitting on a curb in the freezing snow on a -5 temp night. Those kids looked terrible. Unfortunatly its all up and down the wealthiest part of the city. You don't see so many in the daylight. Also the room service at the Hard Rock is pretty good. Its plenty for 2 people. I would not stay here again though. I suggest the Omni Hotel.
",0,0
1398,"Stayed here with my family for 4 nights and was thoroughly unimpressed. The room had all the expected amenities but felt cramped and dated, a major letdown considering the hefty price tag for this piece of the Amalfi coast.",1,1
1399,"Staying at Hilton's downtown location surpassed expectations every step of the way. The second I walked through the doors, the warm marble entryway and subtle but modern design immediately put me at ease. My room on the 8th floor felt fresh rather than dated--neutral tones with clean lines complemented by thoughtful touches like a generous desk for work or notes. The bed, dressed in soft yet sturdy linens, cradled my back perfectly; I woke up fully rested after eight hours, something rare these days. Even the bathroom was immaculate: spotless mirrors, a shower with good water pressure, and enough plush towels to soak up a tropical downpour. The only thing missing wasn't part of Hilton's usual offering--the room smelled like lavender; it lingered gently in the air long after I showered. Staff was attentive but not intrusive, checking in just once with tea refills instead of pushy upsells.",1,1
1400,"We booked our room on Priceline, and got a good deal at around $100 per night. We stayed for the first 2 nights of our US trip so didnt use too many of the hotel's facilities The hotel is centrally located, just over the Chicago River from the shops at North Michigan Avenue, and around a mile from Navy Pier Our room was clean and comfortable, and on the 29th floor we had a good view of the city, and could just about see Lake Michigan (though the weather was very bad). The layout of the room is a little peculiar, with the bed facing away from the window, but over all we have no complaints about this hotel, and unlike some other reviews we were not disturbed at all by noise from other guests So, pros and cons: Pros: Helpful and friendly staff Clean and comfortable throughout Spacious rooms Large and airy public areas Starbucks and gift shop in lobby Cons A large hotel, so a long walk from the elevators to the front desk / lobby area 
",0,0
1401,"I stayed in this hotel during a business trip, and while conducting a business meeting in the hotel bar, a customer grabbed all of the cash out of my wallet. Security was informed, but I was told that I had to wait to talk to them. After about twenty minutes of waiting I was informed that if I did not continue to wait l would never be able to report the incident, despite the fact that I was a hotel guest. Unfortunately I had to go to a business dinner and could no longer wait. Long story short, I no longer felt comfortable in this hotel and wish that someone, anyone would have talked to me about it. I've since been on the phone with a manager, who promised to call me back once she researched the incident, and have yet to hear back, despite the promise that she would call me back two days ago. I expected more from this hotel.
",0,0
1402,"My significant other and I recently spent 3 nights at The James and on the last day I said, 'I wish we could stay longer'. That good! The room was immaculate and a very pleasant surprise from the moment you open the door. Everything is high tech. Plasma TV, CD/Radio, Projection alarm clock (love that so much bought one today). If you wanted room service you got it from David Burke and the mini bar and liquor selection was plentiful. They even have a four legged friend menu. The bathroom was pleasant with bathrobes/slippers and upscale products provided. The bed was the best in a hotel ever. Linens were crip, white and fresh. Maid service twice daily with turn down service. Safe in room, ice delivered, iron, hairdryer all top of the line. The filtered window shades blacked out the light and matched the modern decor. Mid-century style with funky chair/ottman, cubes and a table with nightstands gave us plenty of room and felt like comforts of home. The staff was courteous and accommodating. The library, free internet access, in room wifi were extras we didn't expect . Bar/lounge areas seems to be frequented by locals enjoying cocktails and appetizers in the lobby. Funky artwork. Location, location, location. The best place we've ever stayed not only in Chicago. Highly recommend. 
",0,0
1403,"Our stay at Hotel Allegro was exactly what I hoped for--a charming blend of modern comforts and that perfect Parisian touch. The moment we checked in, the warm welcome (and a complimentary bottle of water with those little biscuits) set a great tone.

The room itself was spacious yet cozy, with tasteful decor that felt lived-in rather than sterile. The bed? *Chef's kiss*--linen sheets so soft you could've eaten them. Natural light flooded in during the morning (though blackout curtains came in handy after the late-night croissants we devoured). There were subtle details like a built-in desk tucked into a nook that didn't feel like an afterthought, and the shower? Zero leaks here--something that's rare in European hotels.

The location is unbeatable. We were a 5-minute walk to St.-Sulpice with its lively bakeries (try *Du Pain et des Idees!*) and just a stroll from the Seine.",1,1
1404,"My recent stay at Swissotel was truly wonderful; I left feeling so refreshed after what felt like the perfect little urban escape. From the moment we arrived, the lobby staff were incredibly welcoming--not overly formal, just genuinely helpful when navigating our luggage up to the room. Our room itself exceeded expectations; it was spotlessly clean, had fantastic views of the city skyline from the window, and the bed was unbelievably comfortable, I slept deeper than I have in years! Beyond the room, we spent an afternoon utilizing the hotel's fitness center, which was well-equipped without feeling overcrowded, even on a Saturday. The restaurant for dinner was delightful; the menu was varied enough to please everyone in our group, and the service throughout was attentive without ever being intrusive--a real mark of good hospitality. It felt like a perfect blend of sophisticated comfort and genuine care.",1,1
1405,"We arrived at 10:30 am on a Friday, and they had a room ready for us by 11:30 am, mind you check in is not until 3:00pm. We got our room on Priceline for $65.00 per night and stayed 3 nights. We were upgraded - for free - to a suite. I think I was so blown away by that, that I forgot to thank them at check-in! Our room was fantastic. It also had a wet bar and a fridge. The bathroom was quite large and had a nice sized closet with many hangers. I knew from previous reviews to not touch the mini-bar. The bed and pillows were very comfortable. The room was very clean. Every employee there went out of their way to be friendly and helpful. We stayed on the 25th floor of the east tower and had a quiet room. Yes, you could hear people in the hallways, but only because they were rude and were yelling. These were not children, they were adults. I don't know why everyone complains about $48 for parking. This is Chicago and every other hotel we saw charged just as much, some without in/out privledges. We didn't use any of the restaurants or the health club. We tried to eat at the Corner Bakery but it was too crowded. Breakfast at nearby Houlihan's had a buffet for $9.99 per person. Also the grocery store behind the hotel is great. There is a 7-11 not too far away. I don't know why there are so many bad reviews on this hotel. Yes, it's a big hotel. If you don't want a busy lobby, don't stay in a 2,000 plus room hotel!! I loved the Hotel and would recommend it to anyone. Not one problem. Wasn't too busy for me. Would stay here again in a heartbeat. 
",0,0
1406,"My initial thought of the hotel was, this place is just ok, I didnt look up any reviews as I was staying there with 2 other friends. I was truly impressed from ceiling to floor with the room. Views were good, its just the surrounding buildings unless your towards the front where the river is located. I'm crazy about huge bathrooms and this one is HUGE. I love all the space they have. Flat tv, traditional seating and I admired the fabric-based headboards. Those are very nice! Walking distance to restaurants were convenient. I'm a highly frequent traveler to Chicago almost 20 years now and always stay with relatives. In any event, I'd recommend staying at the Monaco again! 
",0,0
1407,"The decor felt oddly mixed, neither truly fresh nor comforting; frankly, the staff interaction was lackluster throughout our visit. Coupled with an underwhelming bathroom experience, I felt the entire trip was far too brief to even properly assess it.",1,1
1408,"Stayed for 3 nights. booked via hotwire, upgraded to historic tower. Got a big room, with a nice view.Service was great. Valet parking was efficient, but you expect it for 53 doller/night. But the location was the best 
",0,0
1409,"Arrived for my stay expecting a reliable, mid-range chain experience with all the basics handled smoothly--no frills, just comfort. The front desk was slow (20+ minutes to check in), which set the tone poorly before I even stepped into my room. The room itself, a standard King, wasn't bad in size but smelled like mildew upon first opening the door, a lingering odor that didn't dissipate despite airing it out. The towels looked clean enough but were soft as cardboard, and the bed--though firm--had a slight crease down the center, making sleep less restful than expected for the price. The shower pressure fluctuated between nearly nonexistent and then gushing hot unexpectedly; the drain also acted more like a plug with half its water pooling in.

Breakfast buffet was decent, if predictable: same sad fruit selection every day and eggs that were either raw or overcooked.",1,1
1410,"' Barely Average Hotel at Premium Price' This hotel has a beautiful lobby but fails to fails to maintain its standards beyond the lobby. I have stayed in the Conrad in Dublin, Ireland and in HongKong both of which I loved. I was looking forward to staying at this hotel. I was extremely disappointed. I am very surprised that this hotel is allowed to carry the Conrad name. Pros: Elegant lobby nicely decorated with fresh flowers Location: Located in the Heart of Chicago Disappointments - Stained and worn out carpet in hallway - Room was small - Phone and lightbulb in room were broken - Breakfast was $60 for two people, service was slow and impolite - Hotel rationed soaps and shampoo, one bar of soap to share and one bottle of shampoo which was not replaced for two days, I felt like I was staying at a budget hotel. and to cap off my stay the hotel made a billing error which took three months and more effort than it was worth to correct. I would not stay at this hotel again, It just is not worth the premium price they charge.
",0,0
1411,"My wife and I travelled to Chicago and really were treated like royalty by the hotel staff! (My brother and his wife also stayed during this period.) The front desk staff, the concierge, the Star Bucks server, the restaurant, the lounge servers . . . all were wonderful! The rooms were spacious and the flat screen tv was really great! The bath room was a real plus ... it was huge and had everything one desires. Great view from 20th floor to Michigan Avenue below! Overall, great stay and highly recommended! 
",0,0
1412,"Stayed here October 31 through November 5 for a cconference. This is beautiful hotel and the location is perfect. The Art Institute and Millenium Park is a short 2 block walk from the hotel. My room was small, but beautiful. The bed was comfy and there were plenty of pillows. Alas, no coffee maker in the room...The staff was helpful and friendly. I'd stay here again! 
",0,0
1413,Staying here was honestly a total highlight for our weekend getaway to Palmer. The moment we walked through those massive glass doors at night with snow falling outside? Pure magic; they kept us warm but didn't overheat us inside either which is always tricky in winter spots like this one right off the highway where traffic makes parking stressful unless you grab valet who are actually super friendly and fast rather than rude drivers waiting for hours.,1,1
1414,We were really looking forward to our stay at Swissotel but honestly it was such a huge disappointment given how expensive everything is here.,1,1
1415,"I was thoroughly underwhelmed by my recent stay at this hotel. The bathroom in our room was small and lacked any semblance of luxury, with peeling grout and a worn-out shower curtain that reeked of mildew. Despite being centrally located, the area felt eerily deserted, especially at night when the streets emptied out. Checking in with my group took over 20 minutes, and the staff seemed more interested in chatting among themselves than attending to our needs.

When we finally made it to our rooms, I was dismayed by the thin, faded carpeting and a 'living area' that felt like an afterthought - a cramped nook with a rickety desk and chair. The only real perk was the fitness center, which had a decent selection of equipment, but was sweltering hot due to poor ventilation. Overall, I left feeling disappointed and overcharged for the subpar experience.",1,1
1416,"Nestled just off the beaten path and about two blocks from the river the Fairmont Chicago offers an excellent location to operate as home base for your trip to Chicago. The staff were friendly and helpful, arranging many of the sightseeing events we enjoyed while in the city. There are many attractions withiin easy walking distance (The Art Institute is a must see and Millenium Park is a fun visit). The architectural tour by river departs a dock that is very close to the Fairmont and there are lots of restaurants nearby. The rooms were excellent and the club room is worth the extra expense. We would definitely stay here again. 
",0,0
1417,"Loved our stay at Talbott - the staff were super friendly and welcoming, and the pool area was a lovely spot to relax after exploring Nashville! Only minor quibble with our room's air con being a bit finicky, but overall excellent value for the price.",1,1
1418,"I was thoroughly underwhelmed by my stay at The Hotel Monaco. As I stepped into the cramped bathroom, I couldn't help but feel like I was sacrificing luxury for a lower price tag. The sink and toilet were awkwardly positioned, making it difficult to maneuver in the small space. I also noticed a faint scent of mildew lingering in the air.

Moving on to my room, I found it to be somewhat clean, but not exceptionally so. There were a few stray hairs on the bedspread and a small stain on one of the pillows. The staff seemed friendly enough, if a bit distracted during check-in. However, when I asked for directions to a nearby restaurant, they handed me a piece of paper with an incorrect address.

The view from my room was perhaps the only redeeming quality - it looked out over the bustling streets below, offering a glimpse into the city's vibrant energy. But overall, my stay at The Hotel Monaco felt like a letdown.",1,1
1419,"Stayed here for 5 nights while visiting Chicago for the first time. The location is great, the hotel has been recently renovated and our room was very spacious with two bathrooms. The lobby is a great place to chill and have a drink. Didn't eat in the restaurant but there are a few good ones nearby and we were beside The Art Institute, Cultural Centre & Macys. Staff were friendly. Would recommend it as a base to tour the city. 
",0,0
1420,"Was one of the worst travel experiences of quite some time.... 1. Arrived to construction or renovation to main lobby... no warning. not on the website... 'thanks for letting me make the choice to stay in hotel with construction site' 2. Lengthy line to wait at makeshift reception area (25 min wait).. check in..ACHE conference-- be prepared for the influx of people for the convention. 3. Double book room.... go back to check in... told to get back in line... and we will review when it is your turn... told them I just waited 25 mins.. Curt service worker said wait your turn. 4. Second room... dirty dishes from room service in front of door at our check in at 3PM. 5. Internet kept dropping and slower than dial up network.... 6. Second day and Third day stay... No hot Water to start the day off with cold shower.... 7. Check out... overcharge on bogus fees.... Travel to Chicago stay at the Palmer House or Fairmont.
",0,0
1421,Staying at InterContinental was effortlessly pleasant with warm hospitality that made us feel right at home immediately upon arrival. The room offered stunning city views while maintaining perfect comfort during our long stay here for business meetings downtown today!,1,1
1422,"First let me say, the front office people at Hotel Monaco are wonderful and the location of the hotel was just what I'd hoped. There are some other problems; the furnishings are quite rundown, and housekeeping wasn't very helpful. We booked a suite and the sofa bed, chair and coffee table in the living room area had all had some very hard use. I've attached pictures, so you can see the considerable gap in the sofa and the lack of pillows. Comfortable it was not! The chair bottom is all broken down too. I invited one of the Assistant Managers to view our furniture, and a slight adjustment was made in our rate. As to housekeeping, we had ordered an in-room coffee service (which Kimpton's web site says is there, but you have to specifically request) and at no time did housekeeping leave us coffee. We had to call the front desk every day. And, housekeeping neglected our fish and on our next to last day we found it floating dead at the top of the fish bowl. I had requested water be added to the bowl when I noticed it going down and my note was disregarded. These things may not matter to you, but if you plan to spend a week, like we did, you might want to be comfortable. The bedroom and bathroom were superior; just the living room was bad.
",0,0
1423,Check-in took over 15 minutes because every front desk attendant seemed stuck on their phone. My 'quiet' room was right next to the elevators--soundproofing is nonexistent--and even my $425 rate didn't include a working AC; I was sweltering by noon.,1,1
1424,"For the price of the Marriott we spent a night here ($122 + tax) and had an enjoyable if brief stay. As others have noted the hotel has been recently renovated, and the rooms are furnished with attractive and sleek scandanavian-type design. The staff was polite and attentive, and seemed to match the redesign with a hip kind of feel. The parking is pricey at $49, so I used an adjacent lot and self-parked, and as others have noted, the lack of water-pressue in the shower was disappointing. Good location. Would return, esp as this pricepoint. 
",0,0
1425,"Honestly, I was really let down by The Knickerbocker. The location is unbeatable, absolutely primo, I'll give them that much--you can't beat being right in Times Square, making sightseeing a breeze. But honestly, everything else felt so underwhelmingly dated or just plain subpar for the price point you're paying. Our room smelled faintly musty, like old linens, and when we tried using the minibar fridge, half of what was stocked was expired. The breakfast buffet itself was an absolute parade of lukewarm food; the scrambled eggs were grainy, and I wouldn't touch the hash browns with a ten-foot pole. Service felt sporadic too--we waited ages for room service menus to even arrive, which is frustrating when you're tired after traveling all day. It feels like they are relying solely on their historical name recognition rather than actually investing in a consistent, high-quality guest experience across the board.",1,1
1426,"I've stayed at quite a few Sheratons over the years, but the one in Boston's Seaport District really stood out as a solid pick. First off, check-in was seamless--I rolled up right after 3pm, handed my credit card to the hostess with a smile, and she had me settled in my suite within ten minutes flat. The room itself (a standard double, but upgraded for a fee) felt like it could've doubled as a loft from one of those design magazines: high ceilings, ample lighting, and an unexpected little alcove with a work desk that actually had space to spread out. The bed? Firm, but not *painful*--just the right balance for someone who sleeps on their side or back.

What really impressed me was how much detail Sheraton thought through beyond just the basics. The minibar wasn't just stocked with soda and juice; it had local craft beer and even a small bottle of sparkling water.",1,1
1427,"Palmer was absolutely wonderful; we loved our little getaway! The comfy bed and the view over the water were just perfect for relaxing after a busy day exploring downtown. Everything felt so fresh and modern, making us want to stay much longer than our allotted time!",1,1
1428,"We travel to Chicago frequently and have stayed in many of the hotels downtown. We were excited to try the Swissotel, but left disappointed. The actual hotel and rooms were very nice with amazing views, the staff was extremely rude. The man that checked us in was on the phone and did not acknowledge us until he was done with his phone call. He then did not say more than five words, which were 'I need a credit card'. The lobby bar had fireplaces and was very cozy. The hotel information said it closed at 2am so we came back to hotel at 1230am for a 'night cap', that was last call. That was fine for us, but the bar was full and many people were coming back from their night wanting a 'night cap' but did not make last call. Our night ended listening to many unhappy people complaining and receiving no sympathy from the employees. There are many places to stay in the area that are just as nice or nicer, no need to stay at the Swissotel again. Definitely don't stay if you're looking for a romantic weekend away, the employees will ruin your experience from the second you walk in the door.
",0,0
1429,"WOW!! Where do I start? Booked this hotel through Hotels.com for less than I paid for the Travellodge Downtown. Check in was a breeze, the entire staff was friendly and helpful. Our room was huge. The king bed was very comfortable. Our room also had 2 nightstands, 2 chairs with a small table, a desk, and walk-in closet. Even with all the furniture, the room was very spacious. The room did show some signs of wear, but I think this adds to the charm and the rich history of this hotel. The hotel is located in a neighborhood, so it felt like we were staying in a condo or a home rather than a hotel. There is very little noise, however, you are only about 2 blocks from Rush and Division streets, with all the nightlife, and the Red Line at Clark and Division is only 3 blocks away. We decided to walk to Michigan Ave and the next thing we knew, we were at the Hancock building. By staying here, you are away from the noise, but not away from the action. Had breakfast at the Pump Room, which is a story in itself. We had our photo taken in booth 1. Take some time and research who has sat in this booth. It is impressive. Some 1400 photos of celebrity guests adorn the walls of the Pump Room. Didn't have a chance to have dinner here, but I will return for dinner someday. Breakfast was not anything fancy, and a bit pricy, but the history and experience was worth it in my opinion. The waitstaff was friendly as was everyone who worked at this hotel was. I can't wait to return here! 
",0,0
1430,"Honestly, checking into the InterContinental felt underwhelming; everything seemed a bit lackluster compared to what I expected for this brand's pricing tier, especially the slightly dated common areas and sluggish service pace throughout our visit.",1,1
1431,Honestly disappointed with our stay at Sheraton; checked in late to a noisy lobby and finally got dumped into this grim room that smelled like damp socks with curtains barely open enough to see it wasn't even morning yet despite being midday which made me feel pretty miserable about wasting money on such poor service.,1,1
1432,"My parents booked five nights at The James for its location and good reviews. They had a terrible first night with defective air conditioning and not much sympathy from the management staff. They sent engineers three times to repair the unit, and they insisted that it was getting cooler when it wasn't, under the rationale that the summer temperature is high and the filter was dirty. At my parents' request, the hotel staff moved them to a lower floor with a queen instead of a king and with neither a rate discount nor an effort to compensate them for the inconvenience and discomfort. The hotel insisted they were fully booked and reluctantly gave them that room. Don't book this hotel in the summer. And by the way, there is no view at all from any of the rooms - except for the windows of other buildings.
",0,0
1433,"I can't recall another time I've had to deal with such rude front desk help. While pleasant initially, as soon as I demonstrated the slightest bit of frustration that I was still waiting to claim my luggage for check-in (I arrived prior to check-in time, so they were holding a few bags), the true quality of this establishment surfaced. Never mind that the luggage wasn't sent up to our room in the afternoon or that i waited in the lobby for 15 minutes at 7:30pm still looking for my luggage or at least a bellhop. While that was a bit annoying, the worst part was witnessing the poor attitude of Donna, the very attractive but aloof front desk employee. Her lack of initiative was only matched by her pettiness, as I noticed she refused to make eye contact with me for the remainder of my stay, including when my family came down to the lobby the following morning. I also booked a rate that included parking, which Donna acknowledged at check-in but at check out billed me separately; I assume after I got on her bad side. Even with my last polite good bye to the front desk, I felt a phony, uppity attitude from Donna, and I really can't convey the extent of how insulting it felt. I can honestly say it was the worst part of my first trip to Chicago. The hotel is well appointed and the lobby was small but cozy. Great location as well. To be fair, most of the staff seemed very friendly, and I am not so obtuse as to not recognize my rating of this hotel is a statistical outlier. But I think most travelers, like me, would trade a few amenities for consistent and reliable service, so as to not have a 'situation' that could single-handedly ruin a travel experience. Unfortunately, that was the case here.
",0,0
1434,"I was really looking forward to my stay at the InterContinental, but unfortunately, it fell short of expectations in so many ways. First of all, the lobby is huge and impressive, but that's where the grandeur ends. Our room was on the 20th floor and had a lovely view, but that was about it. The bed was old and creaky, the air conditioning didn't work properly and we ended up sweating all night. And don't even get me started on the mini-bar - overpriced and ridiculously small selection of drinks. I mean, who expects to have to pay extra for a bottle of water? Not me. Breakfast was just okay, too much repetition with the same old options day after day. The hotel's location is decent, but we ended up having to take two trains just to get to the city center because our taxi driver couldn't navigate the traffic. All in all, not impressed at all and I won't be returning anytime soon.",1,1
1435,"The Hyatt Centric on my Chicago visit exceeded every expectation, leaving me far more satisfied than I'd anticipated. The room wasn't just comfortable--it felt like a home away from home without feeling stuffy or impersonal. From the moment we checked in (the front desk team was impossibly quick and friendly), right through to the thoughtful touches like locally sourced toiletries and extra pillows, every detail added up.

Sleep came easily thanks to quiet, dark curtains paired with noise-cancelling white noise machines (a surprisingly well-hidden feature--no one else seemed to notice them until they turned on). Even though we only had a two-night stay, it was just enough time to enjoy the rooftop bar (the cocktails were stellar) and the quiet evening walks down nearby Wabash without feeling rushed. The Wi-Fi?",1,1
1436,"The Conrad Hilton recently took over this property from the failed Meridian Hotel. It seems that the Conrad has inherited a hotel property that just doesn't work. The entrance is very difficult to find. There are only two elevators to take you up to the lobby. As a result, there was often a line waiting for them. The same problem affects the guest room elevators located beyond the registration area. If you go in and out of the hotel more than a couple of times during your stay, you will find the poor elevator layout annoying. The King room is what I would consider small compared to other Chicago hotels. Although I like modern design, the room was quite stark and cold. It was also showing quite a bit of wear and tear. The bathroom was the best part. Has anyone from management tried to sit in the chair and work at the desk? It was the most uncomfortable set-up I've experienced. The views are non-existent for most of the rooms. In a city with amazing vistas, this was disappointing. I saw a couple walking the halls with management trying to find a room that was acceptable to them. Room service breakfast was a highlight of our stay. Excellent food and high quality presentation. Sorry I couldn't write a better review. Would I stay here again? No. Chicago has some incredible hotels and this is not one of them.
",0,0
1437,"Seriously impressed with this spot; the whole vibe felt super upscale but totally relaxed when I got back each night. The little breakfast area was perfect for a quick morning bite without feeling rushed at all, and my bed?",1,1
1438,"Just stayed here for a weekend with friends and it was an absolute blast! The Hard Rock's got that perfect vibe, a mix of rockstar excess and Vegas-style entertainment - totally felt like I belonged at this place even though I'm no Axl Rose",1,1
1439,"From the moment we arrived, everything felt seamless. The hotel's location is genuinely unbeatable; being steps away from both major transport links and fantastic local eateries meant our exploration of the city was effortless every single day. We particularly appreciated how consistently fast and reliable the wifi was--a true lifesaver for working remotely! While some hotels can be jarringly loud, ours remained remarkably tranquil throughout the stay, allowing for truly restful sleep nights. Furthermore, I have to commend the interior design; it strikes such a lovely balance between classic comfort and modern freshness, feeling updated without losing any sense of elegant character. Overall, this establishment has hit every mark, providing both flawless convenience and genuine tranquility. We will absolutely be recommending this spot to anyone visiting the area.",1,1
1440,"Stayed here for 4 nights in Apri. From check in the stay was perfect all round, staff were so helpfuly and friendly especially Chris and Scott. The location couldn't be better right on Michigan Avenue so easy access to everything. Room was lovely and spacious and always clean and tidy at the end of the day. Will definately recommend it to friends and family. 
",0,0
1441,"Honestly, I left The James feeling pretty let down. I'd booked this expecting a certain level of refined luxury, but it felt underwhelming across the board. My room itself was fine looking enough at first glance--clean linens, nice decor--but everything felt dated rather than classic. Trying to get anything done with the in-room Wi-Fi was an absolute nightmare; it kept cutting out randomly, making remote work impossible, which was my primary reason for choosing this area. Breakfast was another point of frustration; the selection was painfully limited, and when I asked a server about the coffee beans, they just shrugged. The service wasn't proactive either; I had to ask three times before anyone noticed my empty water glass. For the premium prices you charge here, you really expect flawless execution. It felt more like overpriced mediocrity than the five-star escape I was hoping for. Disappointing overall stay.",1,1
1442,"Even on a hectic weekend with meetings by day and exploring by night, the James made everything effortless--the sleek, minimalist rooms stayed crisply cool, and waking up to Chicago's skyline through my window made starting each morning feel intentional.",1,1
1443,"I had such high hopes for my stay at Swissotel The Sevens--location was great, right on the waterfront, and photos made the rooms look stunning--but honestly, it fell short in ways that really disappointed me.

First off, the room service experience was a complete mess. I ordered dinner around 9:30, only to have my food arrive hours late with cold pastas and lukewarm sauces. The waiter seemed clueless when I complained; no apology, just shrugs like it was an accident he couldn't prevent. Then there's the Wi-Fi--promised 'fast' speeds in marketing materials? More like painfully slow at best. Trying to check emails or do any work was nearly impossible. And don't get me started on the shower pressure: I've stayed in budget hotels with better water flow than this one.

The staff were polite, sure, but that didn't make up for the tiny details like stale mini-bar drinks or a robe so thin it felt insulting after paying premium rates.",1,1
1444,"I booked this via Priceline, and was not sure I'd like it, as some Sheratons have fallen off the cliff. This hotel absolutely surpassed my expectations. Despite booking with Priceline, I was treated like a king. They let me check in early, gave me a beautiful room, and even went so far as to look up my Starwood number so I could get some credit for the stay. The staff was unfailingly pleasant, the property immaculate, and the room very comfortable. I highly recommend this hotel. 
",0,0
1445,"I stayed at the Chicago Fairmont for four nights for a conference. My fiance' accompanied me. When we checked in, we were given a room with two full size beds despite the fact that our reservation was for one king size bed. So instead of relaxing on the large luxurious bed we had imagined, we were forced to either sleep in separate beds like Ward and June Cleaver or either cuddle up on a small full size like two college kids in a fraternity house! We discovered that the coffee maker wasn't working and called down to the desk to have someone look at it, and waited two and half hours. We had issues with the plumbing, including extremely slow hot water tap in the bathtub which took 45 minutes to fill. The toilet stopped working twice. We returned one afternoon from the art museum to find the maid in our room, sitting on the bed, watching the tv and talking on her cell phone. They bellman were rude, and wouldn't let my fiance unload our own car which was packed with some of his very expensive camera equipment. There were errors on our bill. Last but not least, we saw a ROACH in the drawers. Alive. The restaurant downstairs was decent, and the location is fairly good since my conference was in the Hyatt next door but for the price you can find someplace better. I will never ever stay here again under any circumstances.
",0,0
1446,"I was thoroughly disappointed with my stay at the Fairmont - the bathroom's worn sink basin and faint water spot on the mirror seemed like a lazy maintenance oversight, while the room's proximity to a highway made for an unrelenting din that lasted long after bedtime.",1,1
1447,"This is a great hotel, in a great location, in a great city !!! There's a cool bar area to the left of the main door when you can hang out and all of the staff are quite funky and look the part. The rooms are spacious and well thought out with a picture of some old rocker(s) in the bathroom ... I had the Beatles and although they're not my cup of tea, I was happy enough with George staring back @ me! The hotel itself is on the corner of Michigan Ave and a short walk will take you to the fabulous shops and restaurants ... try the 'Cheesecake Factory' or have a meal / cocktail on the top floor of the 'John Hancock Centre'. A slighty longer walk (or a short cab ride) and you're at the 'Navy Pier' - take a ride on the 'Seadog' then enjoy all the fun of the fair ... or maybe a drink or two whilst listening to some great live music. This hotel (& city) is WELL worth checking out. 
",0,0
1448,"We got an awesome deal through Priceline for a Friday - Sunday stay at $75 for each night. The hotel is very centrally located on Michigan Avenue 'The Magnificent Mile'. You can walk to a ton of shops & there are plenty of restaurants handy as well. The hotel staff was very friendly, and the room itself was gorgeous. Very modern decor. Not drab & typical like most other chain hotels. If staying in Chicago we definitely will be staying there again. Price for valet parking overnight was insane ($42/day), but what do you expect in a big city. 
",0,0
1449,"We stayed at the Palmer House Hilton in early December, we stay there that weekend every December and we think it is the best location in the city for us. We like State Street better than Michigan Avenue and the Palmer House is right there. We stayed in the Towers, in a room with two double beds and 2 baths. The room was not huge, but very comfortable. The towers area was recently refurbished and it shows, the lobby is beautiful with plasma screen TVs on the walls, comfortable chairs and tables and a seperate room for the food/drinks. There is a continental breakfast in the morning, appetizers during cocktail hour and cookies are laid out until the room closes. There is a fridge stocked with soft drinks, water and juice that are yours for the taking. We were very pleased with the upgraded Towers, everyone should check it out! 
",0,0
1450,"I recently spent a weekend at the Hilton and was thoroughly impressed with my stay. The beds were incredibly comfortable, I slept soundly for the first time in weeks and woke up feeling refreshed and rejuvenated. Throughout the entire hotel, the noise level was remarkably low, even with the elevator and room next door occasionally using the stairs it wasn't a distraction at all. The breakfast spread was quite generous, with plenty of options to suit any dietary preference, including fresh fruit and scrambled eggs. What really made my stay stand out though, was the hotel's prime location - just a short walk from some fantastic shopping and dining options and within easy reach of public transport, making it an ideal base for exploring the city. Overall, I would highly recommend this Hilton to anyone looking for a comfortable and convenient place to stay.",1,1
1451,"Staff were friendly, room was well kept like a typical Hyatt location. Hotel is huge, with two buildings and over 2000 rooms. Good location, close to Michigan Ave and the subway. Parking is $48/day. Ouch! I bid on it on Priceline for $59. 
",0,0
1452,"The Allegro room was deafeningly loud with traffic roaring all night despite closed windows offering only a grim industrial view that felt cheap for this price tag; furthermore, Wi-Fi barely connected even after multiple restart attempts ruined our business trip entirely while staff ignored complaints throughout breakfast service making the entire stay deeply frustrating and money wasted overall.",1,1
1453,"I stayed at the hotel for 5 nights in mid-March and was so disappointed with everything. The room was small, the carpets in the looby were smelly, no bathtub in the washroom and view of brick walls from the windows. Not even free internet which even the cheapest hotels offer these days. It costs $10/day to connect to internet. If you want to use internet in the lobby, minimum charge is $5 per use. To use the phone in the rooms for local calls, it is $1.25/15mins and then 10 cents every min. Even the local calls are charged, what a rip off!!! Every hotel I have stayed at offers free intercontinetal breakfast, of course no such thing at this hotel. No indoor pool, go figure. I won this from bidding process at priceline, I will be reluctant to use this service and this hotel in future.
",0,0
1454,"took a weekend trip with my wife. got a great rate with valet included, paid a couple extra bucks for the larger room. staff was nice, workout facility was great. room has current decor, but was starting to show some wear. watch the concierge, she suggested a pretty bad restaurant to us. 
",0,0
1455,"We stayed at the Omni between Christmas and New Year's in 2008 just to get away for a few days. We found it through web deals and got a penthouse suite very cheap. So this year we checked online just a day or so after Christmas and the deal was there again. It also included parking at the great price. Huge suite overlooking downtown Chicago. Best location to walk EVERYWHERE. My 12 and 11 yr olds loved swimming at night and the chocolate cookies on their pillows. Can't wait to go back. 
",0,0
1456,"I was thoroughly underwhelmed by my recent stay at the Allegro Hotel. The moment I walked into the lobby, I couldn't shake off the feeling that I was missing out on something, but that sense only intensified as I trudged back up to my room after what felt like an eternity of waiting for the elevator. The room itself was small and stifling, with a view of the alleyway that seemed more like a eyesore than an oasis. As I settled in, I couldn't help but notice the creaky floorboards beneath my feet and the faint scent of mildew clinging to everything. Despite the hotel's attempts at modernizing, it felt woefully out of touch with the demands of contemporary travelers. When I finally drifted off to sleep, it was only after hours of tossing and turning, lulled by the cacophony of construction outside my window.",1,1
1457,"Honestly, this hotel felt stuck between eras; the decor was decidedly stale, making me dread every corner. The staff were politely distant, never quite warming up to our requests, which really soured the experience.",1,1
1458,"The Talbott Hotel itself is a bit worn around the edges. No - not a bit worn - very much so I'm sorry to say. Although the location a block and a half from the best part of Michigan Ave. can't be beat, and the level of service is on par with many Four Seasons, there were quite a few bumps in the road. Number one, the rooms are quite dreary - brown on brown is just so not pleasing. The desk chair was so badly worn that the 'lift' button simply swirled down when you sat in it and no we're not grossly obese. The back of the chair leaned so much it was uncomfortable. My husband had to use 2 couch pillows to use it - one to get him up to desk heighth, one up against his back to scoot him up to the desk. The bathroom was oddly arranged so that the door swung up right next to the sink, so if you were using the far sink and someone needed to enter the bathroom you got hit with the door. The towels were very well worn and thin, although bath sized, which was a plus. The restaurant downstairs is practically another posting - suffice to say, it was horrific. We had some appetizers outside on the nice streetside tables, and they (appetizers) were awful and looked as though a child had tossed them together in the kitchen. A room service sandwich ordered later in our visit was totally wet on the side, served on a large white plate, and was one slice of meat and one slice of plastic American cheese on a grocery store-like roll - very very sad. Even the menu, as limited as it was, looked as though someone's child had written it out. The good news is that Chicago is a fairly well-read restaurant town so there are plenty of other places to go. Unfortunately for us, the 3 days we stayed there was a large convention and jazz festival in town so we paid $325/nt for our disappointments. The good news is that the mini bars' wares were incredibly well-priced - when's the last time you had a $4 beer anywhere in a hotel? (even if it was Bud and Bud lite - lol!~) The front desk and curbside staff could not have been more accommodating. The water out of the shower was hot and plentiful, and the bed comfortable. The A/C was not noisy nor uncomfortable whatsoever, and we had it going the entire time as it was in the 90's our entire stay. Free wi-fi - YES! And it wasn't horribly grindingly slow! No need for the advertised 'upgrade' for faster wi-fi. Talbott - please update your rooms and get a new restaurant concept and you will be ahead of the game. Apparently there are enough folks getting deals on rooms here so they are pleased, but we were sadly not.
",0,0
1459,"Great location and quality place to stay. Lovely large clean room with a queen size bed it was great. Staff were very helpful and put us onto some great restaurants and then some music bars. Coleman on the front desk was a great guy to meet as a first impression he sold the hotel to us with his personality. The hotel delivered an anniversary cake to us in our room (compliments of the hotel) for me this showed that they care about their guests Many thanks to all it was a great place to stay. 
",0,0
1460,"As I sit here in my 14th floor room at the hotel Allegro, I listen to the conversation between husband and wife in the room on my left. She seems to have a cough today. In the room on my right, someone seems to use the restroom quite a bit. I hear the water running and the toilet flushing. I also hear footsteps in the room upstairs. Even roadside motels have better insulation between the rooms. I've stayed in about a dozen Kimpton hotels and this is by far the worst. The room is dirty - the carpet covered in spots and stains, the curtains with a large brown stain (I don't want to guess what it is), paint peeling, rips in the wallpaper. The decor is a bit garish, with Pepto-Bismol covered walls, green and yellow pillows and the filthy brown and white carpet. The size of the room is fine and the bed comfortable, but I'm so glad I had earplugs to avoid listening to others' toilets flushing all night. The location is good for downtown theaters or business. Only three elevators serve this 17+ storey building and they run very slowly. Chicago has many nice hotel options -- many I've enjoyed quite a bit. Unfortunately this is not one of them, and even more unfortunate for me: I'm stuck here for two more nights. I was looking forward to staying here because most Kimptons are hip, comfortable and attractive. This is not.
",0,0
1461,"The Good LOCATION Views Decor Room Service Friendly Staff The Bad Shower curtain in replacement room was too short and leaked Bed was just Ok The Ugly Had to pack our bags again and change rooms after loud noises from the elevator kept us up. I am a heavy sleeper but even with my white noise app cranked on the hotel's iPod dock it was still loud enough to keep me up. Also our toilet leaked into a puddle by the shower. The staff did however provide a replacement room although not immediately. Also, they mentioned that they had AREADY been aware of the noise problem with that room from past customers.
",0,0
1462,The Sofitel has won me over with its understated elegance - a tranquil oasis in the midst of bustling Midtown Manhattan. The staff's warm hospitality and the perfectly appointed rooms make for a luxurious retreat that truly feels like home away from home.,1,1
1463,"Just got back from 2 days up in Chicago shopping with girlfriends. First time I have stayed at the Omni. I did so because I saw a $129.00 rate that included $25.00 of free food on Travelzoo. The three of us (55 year olds) all stayed in one suite with 2 double beds and a VERY comfortable pull out sofa. We had plenty of room. Food in the restaurant was great, service was outstanding from everone we came into contact with, early morning delivery of free coffee, juice and hot chocolate was fabulous and recommendations from the staff on where to eat, time of movies, shopping areas, etc was really helpful. Need I mention the outstanding location? Simply the best! We all decided that the Omni is our new favorite hotel. 
",0,0
1464,The room at Conrad was stunning with floor-to-ceiling windows offering breathtaking city views that woke me up every morning.,1,1
1465,"Just arrived back from a quick weekend getaway to Hyatt Regency and honestly, I was thoroughly impressed by everything from check-in to checkout. The lobby felt spacious yet warm with those classic modern touches everywhere you look, making it instantly feel like home away from home without losing that touch of class we all expect.",1,1
1466,"We booked this hotel for the second leg of our Chicago stay..it was great!!!! The Lion King package was pricey but reasonable, given the ticket costs and the Suite. Room was great....classical music greeted us when we entered our room after a long day of sightseeing and shopping. NYTimes and Chicago Tribune at your door every morning. One block from the Washington El train station. We never saw the small rooms that every one apparently doesn't like, but the Suite rooms were fun and our kids loved it. Dunkin Doughnuts and Corner Bakery down the block. City Hall, Picasso structure....this was a great place. Book it and also use the Golden Touch Limo service...reasonable. Omar is a super guy. 
",0,0
1467,"I can't say enough about my stay--the Conrad's level of comfort was unmatched: every detail, from the rain-shower bathroom with double vanities to the impeccably turned-down bed at night, made it feel like a luxury oasis.",1,1
1468,"For a supposed 4-star hotel, I was not very impressed at akk. The lobby was nice and modern-looking, but there were no bellhops outside to help with bags or open the doors (we didn't arrive that late at night). Additionally, when we walked into the hotel late one night, there was trash and flowers strewn on the lobby floor and, it seemed that there were always water bottles and glasses near the seating area as you walked in. Where was the staff to clean up? That's not a very welcoming sight. The rooms were nice and clean and provided a great view, but the actual location was farther than I would have preferred from Michigan Avenue, andi it was also a little too far south. Area recommendations Rush Street was a lot of fun at night!
",0,0
1469,"We stayed at Hotel Monaco and upgraded to a suite. I was disappointed with the room layout, and shabby furniture. I bumped into the coffee table and the top almost crashed to the ground. The make up mirror in the bathroom didnt work, the TV reception was very poor and overall the room just wasnt worth the $450 we spent there. Next time, we will go back to Trump Tower across the street, which is far superior to Hotel Monaco.
",0,0
1470,We arrived late after a long day but Talbott seemed completely unprepared for even basic check-in protocols with staff visibly stressed by understaffing issues alone that made us feel rushed unnecessarily despite paying premium rates upfront which really hurt considering how disappointing everything was throughout our entire stay here without any redeeming qualities whatsoever.,1,1
1471,"As a frequent traveler for work, I stay at many SPG properties. Compared to all the SPG property in Chicago, this is by far the worst. Why? 1) They charge you to use the gym. $12 per day or something like $24 for your entire stay. I can't even begin on what a rip off that is. 2) As a Gold or Platinum member, you always get a complimentary water bottle in your room. They do not offer that option here and you have to make a fuss about it before they give you one. 3) They do not have wireless internet. It is 2010- enough said. To charge you at least over $200 a night, all the above amenities should be built into that cost. I would never stay here again.
",0,0
1472,"My husband and I decided to take a trip to Chicago at the last minute and quickly chose the Conrad, not really knowing it's location. We were pleasantly surprised to find it was almost right on Michigan Ave. (It's connect to Nordstroms right in the heart of downtown. ) Great for shopping. The hotel itself was fabulous. The staff was extremely helpful in giving suggestions for shows and restaurants. I recommend going to Joe's that's right across the street from the hotel. Everyone was raving about it . . .but we couldn't get a reservation. The room was wonderful and the bed and pillows were very comfortable. It had a very warm and inviting atmosphere. My husband loved the workout room. I highly recommend the Conrad!! 
",0,0
1473,The Palmer disappointed us with its dated decor and unhelpful staff who seemed indifferent throughout our stay.,1,1
1474,"Just back from spending Memorial Day weekend in Chicago. We decided to stay at the Talbott, and we reserved a room there over a month ago. I must say that we found the staff to be wonderful, but the accommodations to be quite disappointing. We were given room #1605. Avoid this room at all costs! The adjacent elevator is so noisy that it will keep you awake most of the night (and then awaken you at 6 AM). In addition, we had requested a king bed, and #1605 has two doubles. We were also surprised that there was no coffee maker in the room. Despite the very friendly staff and its super location, the Talbott was less than what we expected, and we would probably not stay there again.
",0,0
1475,"I stayed for four nights while attending a conference. The hotel is in a great spot - easy walk to Michigan Ave shopping or Rush St., but just off the busy streets. The room I had was spacious, and very well-appointed. The staff was friendly, and the fitness center, while not huge, was well-equipped and clean. I've stayed at a number of hotels in Chicago, and this one is my favorite. Internet wasn't free, but at $10 for 24 hours is cheaper than most business hotels, and it worked very well. 
",0,0
1476,"My family booked five nitghts at the Omni Chicago for our upcoming spring break. We took advantage of a pre-paid, non-cancellable offer. We subsequently received a 'Bed & Breakfast' offer via email and immediately called the hotel to inquire whether we could switch our reservation (same dates, different offer). We called the 800' number and the customer services representative was so obnoxiously condescending and ignorant, we simply hung up. We had been looking forward to our vacation, but now I am not sure I made the right choice with this hotel. I should have paid closer attention to the reviews - the Ritz, the Four Seasons, and the Peninsula would have never treated us this way. I will post again after our stay on April 17th.
",0,0
1477,"I was looking for a hotel that perfectly blended luxury with effortless urban charm--and the Conrad in Chicago absolutely hit the mark. While I only stayed three nights (though it felt like we should have added a fourth), the experience was so seamless that I kept thinking about how much I'd enjoy lingering longer.

The room itself was spacious and airy, with that signature Conrad design--minimalist yet warm--where every detail feels intentional, from the deep sofas that invited relaxation to the blackout curtains that ensured my sleep was truly uninterrupted. The bed was *exceptionally* comfortable; even after a long day exploring, I didn't want to leave it (and yes, the pillows were dreamy).",1,1
1478,"My family and I have just had a two week holiday in Chicago, and we stayed for a week at the Hilton Towers. We had a fantastic time and enjoyed every minute of our stay at this incredible hotel. The sheer size of the place is breathtaking and the atmosphere is very friendly and hospitable. If you prefer discreet modern boutiquey-type hotels, maybe this wouldn't be your thing. However if you enjoy old style glamour and glitz, you will be bowled over by this hotel. The place literally sparkles thanks to the enormous chandeliers that are everywhere in the lobby. Tons of celebs have stayed here over the decades and the history of the hotel and past guests etc is fascinating. We got a very reasonable rate for our stay and could not fault anything about this very special place! 
",0,0
1479,"I wish our trip could have lasted longer; waking up to that breathtaking Amalfi view each morning made time crawl by! Sleeping felt heavenly on those plush beds, and honestly, every penny spent here was completely justified for this unparalleled slice of paradise.",1,1
1480,"I spent three nights at the Talbott Hotel and was thoroughly underwhelmed by my experience. The moment I walked into my room on the 12th floor, I noticed that the view wasn't as stunning as I'd expected - it was just a bland vista of rooftops and nearby skyscrapers. Considering how pricey the hotel is, I expected something more impressive.

Over the course of my stay, I felt like time was flying by at an alarming rate. Three days flew by in what felt like a blur, leaving me feeling restless and unfulfilled. If anything, it made my departure feel too swift.

The Wi-Fi was spotty, to say the least - sometimes it worked flawlessly, while other times it lagged behind like a sluggish old man.",1,1
1481,Loved my recent stay at Homewood--just the right mix of quiet sophistication without being stuffy. The room was bright but cozy (the bedding is so soft!) and the on-site bar had great craft cocktails before dinner downtown.,1,1
1482,"The bed was so comfortable--like sinking into a cloud every night--and the staff made check-in feel effortless, with that personal touch you don't always get at bigger chains.",1,1
1483,"The hotel is just ok. Stayed there for 5 days when visiting friends. They had a renovation going so there was no lobby, bar or anything. Just a decently furnished room for 200 usd. The renovation was not annoying but i think they ahould charge... much less untill its done. You cant beat the location! Very convenient especially if u like chicqgo nightlife!
",0,0
1484,"Checked into The James last night after a long trip from out of town and I honestly could not have asked for better hospitality in any city I've visited recently. From the moment we walked through those heavy oak doors, there was an immediate sense of calm that immediately melted away our travel fatigue.",1,1
1485,"This a great property, excellent location and wonderful staff. Everyone was very accommodating and polite. The room I had was on the 23rd floor and was like a suite, with a living area and a bedroom. The living room was spacious, with a plasma TV, a desk and a couch. The beds were very comfortable and the toiletries of very good quality. In the closed they placed an umbrella, which came in handy, it rained the whole time I was in Chicago. The internet connection is $9.95/24hrs. Great place, I will return for sure. 
",0,0
1486,"Booked through Hotwire and consequently was placed in a room where we barely had room to walk around our luggage. The 'view' was of the 'inner courtyard' of nothing but walls of windows of the other rooms. You were unable to determine what the weather was outside except that it was either day or night. They no longer have in-room coffee appliances. You either have to go down to their ostentatious dining room, or go around the corner to Starbucks or McDonald's. Internet access is not free ($12.95/24 hours), the 'Gift Shop' is a joke (tucked away in the corner of the coat check room, Concierge services have limited hours, and the business center is open only during 'business hours' which made it difficult to get work done after 'business hours.' I would not stay there ever again, nor do I recommend it to anyone. I have had better stays at any Holiday Inn Express!
",0,0
1487,"I arrived at the Sofitel for a joint leisure and business. It is a fantastic hotel and made the trip very memorable. The rooms are spacious, great beds, pillows and linen. The bathroom has a great shower and bath. WiFi works really well and the desk is large. The staff are wonderful. The location is great for shopping, spa's, Starbucks and hairdressers. I loved every minute of it and would not hesitate to stay there again or recommend it. 
",0,0
1488,"I stayed at Palmer House for one night in early January this year. During the check in, the front desk lady asked me to show my confirmation letter of my reservation. I did not bring the confirmation with me because I had not been asked to present it in other places during check in.So she asked to print out one copy in their business center and bring the confirmation to the bell station to get the room key. I did what she told me and went to the bell station. However, people at the bell station was totally confused and none of them have the key. A bellman was nice enough to help me go ask their staff at the front desk. I finally got checked in after waiting at the lobby for about 15 minutes. As other people pointed out before, the room I got was small and old with a twin bed, and I could hear people next door using the bathroom. This was not a pleasant experience, even though I paid over 100 dollars to the hotel.
",0,0
1489,"My Husband and I did not enjoy stay at Hotel Allegro! The room was so small. The bathroom was ridiculously stupid, everytime you use the sink you would splash water on yourself. Truly one person at time in the bathroom, it was like being in an airplane's bathroom. The walls are so thin, we heard the people across hall having sex. The some staff were really rude. I did not appreciate it when we had a sign on the door saying do not disturb the day of our check out. Check out time is 11am or 12 and we got a know on the door at 8AM with the sign stating ' do not disturb. ' The hotel did not have any microwaves in their rooms, no mini fridge, and no coffee maker either. NO DRAWERS to put your clothes in and the closet was very very very tiny. We were there for four days and three nights, so we had three suit cases full of clothes and no places to store them at. I also hated the fact that we had to pay almost fifty to park our car. My Husand and I will never stay at Hotel Allegro again!!!
",0,0
1490,"While overall a decent property, the incident I had with this hotel has been like none other in my history of travel. I recently stayed at the Hotel Monaco for five nights, checking out on Monday, March 19th. Shortly after leaving the hotel and retrieving my car from the valet, my partner and I noticed a large scrape on the bumper of the car that wasn't present upon checking in. We had not requested use of the car for the duration of our stay. I called the hotel approximately two hours after checking out and was directed to speak with the garage manager at Park One (their valet company) who stated that he would review video of the car and call me back within 48 hours to verify that the car was unblemished upon arrival, and was scraped upon departure from the garage. The garage manager, Mike Yunan, didn't call back until I had an email exchange with the general manager of the hotel, Marco Scherer. When he finally got back to me, the garage manager stated that he would file an 'incident report' and claim with his insurance company, Travelers, which would eventually deny the claim because garage staff wouldn't admit fault or liability, nor did they supply the video they stated they had of the car entering or exiting the garage, which could have verified that the damage wasn't present upon check-in, but was at check-out. Their insurance representative even told me that the garage does not have surveillance at that location, contradicting the garage manager. In the end, this Kimpton InTouch guest got stuck with a $1,000 bill for parking at this Kimpton property: an almost $500 paint scrape on top of a $48/per day parking fee, rental car expenses, several hours of lost time in dealing with the issue, and one gigantic headache. In the end, do NOT trust the valets or staff at this hotel, and take your business elsewhere if at all possible.
",0,0
1491,"Stayed at the Amalfi hotel in Chicago this month with good expectations. And what a disappointment! Paid just under $200 for a 'deluxe king', and what we got was a 2nd floor view of construction, a dirty, badly 'rehabbed' bathroom, itchy sheets, no down comforter!! (just sheets and the gross old hotel blanket thing) , previously opened bottles in our mini bar, and plenty of rude, inexperienced staff members & managers (def. not a 3 or 4 star staffing!!) I do live in Chicago, and have stayed at a wide range of places. I know that for $200 in February, you can expect a great hotel. As there were many available the weekend we stayed at Amalfi, choosing it over say, the Palmer House Hilton, Hotel Sax, Sutton Place, Hotel 71, was a huge waste. Definitely keep looking and book elsewhere. Not worth the price at all, don't let their pictures fool you. Also, I wouldn't say that our experience was just a rare mishap, the hotel looks like an old Days Inn that had undergone a slight renvation, i.e., new lamps.
",0,0
1492,"We were underwhelmed by our stay at The Palmer, which felt like a relic of a bygone era - dated decor clashed with the modern amenities. Our two-night stint, touted as 'relaxing', instead left us yearning for a fresh start elsewhere.",1,1
1493,"Stayed at the Talbott for over a week and enjoyed our stay. Room was a little noisy as we were next to the lift, but everything else made up for that. Positives: Bed was very comfortable, great to have real shower, free internet, gym usage, staff (all friendly) and location. Negative: Lift noise, lifts slow and restaurant (there are so many great restaurants around - don't bother staying in) Would stay again! 
",0,0
1494,"I just returned from a stay at this fabulous hotel - what a treat! The hotel website offers a great rate, and what I found was affordable luxury. I asked for a high floor & found myself with a fabulous view, in a room where there was an orchid spray in the bathroom, terrycloth robes and slippers, turndown service, Roger Gallet toiletries, a fluffy down conforter, and a wonderful pillowtop bed. The bathroom was so clean that it sparkled. The service was impeccable as well. Even my room service breakfast was way above average with an incredibly generous basket of excellent croissants, brioches, & pain au chocolat. The decor was unique & the location convenient. Check out the stunning flowers throughout the lobby. This is a topnotch hotel. 
",0,0
1495,"Check-in was a total nightmare--they 'misplaced' our reservation despite booking online months ago, then made us wait over 45 minutes before some tired clerk finally shuffled us to a tiny room with thin walls (heard every conversation from the next door).",1,1
1496,"I recently stayed at the Sheraton for an onsite conference, and had problems from the getgo. I had problems with the check-in even though I had made arrangements beforehand to pay by company check and they have a credit card on file. The front desk clerks were kind of rude. The room was okay, not worth what I paid for. The sheets were kind of messed up and the room didn't feel very clean. They also charge for internet access, which is ridiculous. Most hotels provide free wi-fi. The conference food, which I assume is catered by the hotel, was not good at all. On the day of the check out, I had arranged for a late check-out, but in the morning before check-out time, someone else got assigned to my room and was attempting to get in! Then they locked me out of my room with my luggage still in there before my check out time. All in all, I would recommend staying somewhere else.
",0,0
1497,"Stayed in April for two nights. I hesitated selecting the Sheraton becaue I had a very poor stay there earlier this year. As far as I'm concerned, that's two strikes and I won't give them a chance at # three. Doormen wouldn't help on arrival, huge line at c/i, lousy room, malfunctioning remote, unresponsive staff, and incorrect bill. If you want to be close to Michigan Ave, try the Westin or Intercontinental and spare yourself the problems. I don't understand why certain places never improve. Is it that tough to properly train a staff?
",0,0
1498,"We loved the hotel. When I see other posts about it being shabby I can't for the life of me figure out what they are talking about. Rooms were large with TWO bathrooms, lobby was fabulous, pool was large with two hot tubs and huge gym, staff was courteous. For us, the location was great--across the street from Grant Park with a great view of Buckingham Fountain and close to all the museums and theatres. I'm sure others would rather be north of the river closer to the Magnificent Mile but we enjoyed the quieter and more scenic location. Got it for $105 on Hotwire. What a bargain for such a nice hotel. 
",0,0
1499,"We stayed here for one night, and found it a hotel that concentrates on conferences rather than your normal guest. We found it hard to get a room in the city for that particular night and so we paid above the odds for this - @ $200 for the night. We felt when we checked in that if you weren't with the conference, then why were we staying in the hotel. The guy at the main door didn't even hold it open when you are trying to lug your bags into the lobby, we then had to que for 15-20 minutes just to check in. We were not given any information about the hotel and when I rang down to reception at one stage to find out if there was a business centre in the hotel that I could access the Internet through, I was just short of being asked why didn't I bring my lap-top with me so I could use the Internet access in the room.... !! I found the staff very rude and not helpful at all and would not recommend this hotel for a tourist.
",0,0
1500,"I recently spent a night at the Homewood Suites by Hilton Chicago O'Hare Airport and was thoroughly impressed with my experience. The room itself was cozy, but spacious enough to comfortably fit two people and their belongings. The kitchenette was a nice touch, allowing us to whip up a quick breakfast or snack on our way out the door. I also appreciated the free breakfast buffet, which offered a good variety of options. The staff were friendly and helpful, answering all my questions about the local area and providing recommendations for nearby restaurants. One thing that really stood out was the quietness of the room - despite being right next to the airport, we barely heard any noise at all. It's clear that the hotel has taken steps to minimize disruptions from the airport, making it a great option for travelers like myself who need a good night's sleep before an early flight.",1,1
1501,Staying at Talbott was honestly a complete letdown because our room felt dusty and old despite paying top dollar for what they call luxury stays here these days which makes me wonder why anyone would stay there again after seeing those peeling wall samples that really stood out to us during check-in right away.,1,1
1502,"I travel often for business and this hotel ranks very low on my list. The room had such a strong odor of smoke, it gave me a headache (and I used to be a smoker)! The room service was mediocre and extremely expensive. The hotel is disturbingly huge. Very difficult to navigate your way around it. I waited on hold for twenty minutes to ask a concierge where a pharmacy was located. She curtly gave me cross-street names and hung up. Uhhhhh, how do I know which direction to go in??? Stains on the carpet in the room. A big gauge in the wall, where maybe a thermostat once was??? The shower is decent. All in all, for the price they charge, NO THANKS!!! I'm just glad my company is footing the bill.
",0,0
1503,"I have been 4 times in Chicago, and I have stayed in 4 different Hotels: This has been for much the very best option. The lobby, the warm of the receptionist, the room, the hotel is very good. It is walking distance to the Magnificent Mile and there's no chance for you to get lost from this hotel. If you like to travel with style this could be a very good option. 
",0,0
1504,"Great, awesome service. Seriously, the people are amazing. That, and the nice bartender who serves after last call (at least, that's what I was told - I of course don't drink) save this place from one star. But seriously blah, small, non-luxury rooms with beds that are just really uncomfortable - and for a card rate of $725/night, even in a major city, the rooms better be awesome. I've had waaaay better rooms in NYC for $350/night. (Good thing I had a corporate rate.) And my room was not especially big, despite what the below reviews say. But here's the main problem. Even on the 10th floor, the guy blowing the whistle to summon cabs downstairs woke me up at 6, and 6:15, and 6:30, and 6:45, and 6:50, and 6:55, and...and, well, I finally got up and said screw it, let's greet the day. Maybe everyone else was already up, but somehow I doubt it. Am now safely ensconced in the Four Seasons.
",0,0
1505,"Staying here felt way overpriced--every tap dripped, the bathroom smelled faintly musty despite daily cleaning, and street noise buzzed right into our room until 3 AM.",1,1
1506,"Our stay at The Hard Rock was absolutely fantastic, hitting every mark for a perfect getaway. From the moment we checked in, everything felt fresh; the room was impeccably clean, spotless sheets and sparkling bathroom tiles--you really don't have to worry about maintenance here. We appreciated how consistent the Wi-Fi signal was throughout the entire stay, which was crucial for working remotely between activities. While the location is vibrant, somehow the rooms managed to be quite peaceful at night, offering a nice reprieve from the city buzz. The breakfast spread was genuinely one of the best hotel breakfasts I've had in ages--so much variety, particularly their fresh pastries and excellent coffee selection that got us going every morning. Overall, it felt energetic but settled, giving us the perfect balance between adventure and relaxation. We left feeling completely refreshed and already planning our return trip to Rockville!",1,1
1507,"My recent visit to the Conrad was truly restorative; I genuinely feel like the three nights were far too brief. From the moment we checked in, everything felt seamless--the check-in process itself was swift, making a tired traveler feel immediately taken care of. The room was exceptionally quiet, providing an oasis of calm even during the busy day outside. I slept so deeply and soundly that it's rare for me to have such good rest while traveling. Furthermore, the high-speed internet connection was flawless throughout my stay, supporting everything from video calls to streaming evenings in relaxation mode. The attention to detail everywhere, right down to the plush bedding, really elevates the entire experience. I wouldn't hesitate to book another trip here; it's an impeccable urban escape.",1,1
1508,"Honestly, Palmer was a major letdown; the room smelled musty, and the supposed 'premium' amenities felt utterly underwhelming for the price point we paid. I really expected more polish considering where it's located.",1,1
1509,"The James Hotel met and exceeded our expectations. A haven of cool, uncluttered comfort in a hot, crowded but congenial city. Located within steps of some of the greatest art, architecture, culinary and cultural opportunities anywhere in North America, the staff of the James provided us with a home away from home for the week we visited. The check-in was quick and flawless and the king suite a calm, restorative oasis. It is difficult to over-praise the friendly, attentive staff; this is a hotel that truly has its act together! The day before our visit ended, we experienced problems with the room's air conditioner. When the technician was unable to quickly solve the problem, we were immediately upgraded to a one-bedroom apartment with stunning views of the Chicago skyline. We eagerly await the opening of new James Hotels in other cities. 
",0,1
1510,"We went with the great reviews on Tripadvisor. The location, rooms, amenities and price via Expedia were good. My complaint is the poor service at every stage - the check-in was slow (even at 1am), the concierge (Sarita) was hopeless, staff were generally rude. Also there was some sort of generator box under the bed which hummed all night - we turned it off and it also seemed to turn off the air conditioning. Finally, just to let you know that there is a major construction site in front of the hotel and roadworks at 2am with trucks that beep continuously everytime they reverse!!! Would I stay here again? - maybe if I got a good deal and had a back room but there are plenty of other great hotels nearby.
",0,0
1511,"Staying at Affinia was such a pleasant surprise--the little touches made all the difference! Right from check-in, the team was warm and efficient; I was immediately greeted by names when I arrived, which put me right at ease after a long trip.

The room itself exceeded expectations: clean, bright, and just the right size. The bed? Heaven--thick, crisp linens and a supportive mattress meant my back felt better before morning. (A small detail like leaving chocolates on the pillows was such a thoughtful gesture; those always save the day after a late flight.)

The building's layout is intuitive too--the pool area was just steps away but still private, with comfortable loungers and that perfect amount of shade under the palms. My one complaint? The breakfast buffet ran out of fresh pastries by 9 AM, but the staff swiftly brought over extras from elsewhere without me having to ask--so thoughtful!

Would I come back? Absolutely.",1,1
1512,"My visit to Homewood was so comfortable; the room was spotless, and we really appreciated the thoughtful touches like the easy access to local shops right outside the door. The team there made us feel instantly at home after a long day traveling in.",1,1
1513,"Dispite what other are saying, this was one, if not the best Hotel stay in Chicago I have had. I travel to the Big City about three times a year for pleasure and The James rates up with the best. I was upgraded and the staff made the stay worth my special weekend visit. I don't believe you will be disapointed. 
",0,0
1514,"We just returned from our first trip to Chicago and stayed at the Omni. I read many reviews on trip advisor and picked the Omni based on its wonderful reviews and they were right on. The location, staff, rooms, amenities, etc were all wonderful. Huge thank you to TA members who suggested signing up for the preferred member program. We did that before we left and received complimentary beverages in the morning and newspapers among other perks. I loved being woken up to fresh orange juice and the Chicago Tribune newspaper. We were in room 816 which was perfect. Corner suite with two out of the 3 sides of the rooms being windows with a great view. The room was huge with a gorgeous king bed and great living area with plasma TV. The bathroom amenities were wonderful. I loved soaking in the tub with the mineral salts that were provided. The turn down service was great as well. We would come back to our room with relaxing music playing and our bed ready for us. We ate at their restaurant twice and the breakfast buffet was delicious. The blueberry muffins were the best I have ever had. Everything was so fresh and prepared perfectly. The staff at the Omni is so accomodating. Everyone is always smiling and asking you how your stay is. Have to thank the concierge Melissa and Curtis. They were both so helpful with great dining suggestions and maps for everything we wanted to do. I also used the gym during my stay and it was great. All the machines were top notch and each treadmill has a lcd TV attached. And the gym itself had two plasmas. They also had cold lemon water for you after your workout. I am a stickler for cleanliness and it was sparkling every morning. It really was a fantastic stay at the Omni and we would never stay anywhere else. I also wanted to mention we never heard any construction while we were there. Everything was quiet and we both slept wonderfully on the big comfy bed. Thank you Trip Advisor for another great trip suggestion! 
",0,0
1515,I was really looking forward to my stay at the Knickerbocker but it fell flat - our room had a lovely view of Midtown but that's about where the positives ended with subpar Wi-Fi and a bed that felt like it was made for a postage stamp rather than two adults.,1,1
1516,"This was a weekend trip for my friends and I. We booked a couple of rooms and asked in advanced for the reservations to be connected in some way. Our rooms were right next to one another as requested. As it was almost everyone's first time to Chicago, we had to do a bit of cold-searching for a hotel. And, our choice was next to perfect. I had an amazing time during my first visit to Chicago and it was largely due to this hotel. The customer service was AMAZING. Everyone was extremely nice and helpful. One of our rooms ordered late night room service and raved about how they felt they had ordered a 5 star lunch because it was as fresh as having ordered food at 2 pm, and delicious. My friend suggested they had a full-staff at 3 am because the food came up quickly too. In another of our rooms, housekeeping had accidentally discarded a CD when replacing the CD player with an iPod dock. The concierge had the exact CD purchased and ready at check-out from the neighboring record store. Our rate included complimentary breakfast which was fantastic! Everything was freshly made in their kitchen too. An added bonus was that the hotel is attached to a mall. Therefore, you don't need to leave the building to get a pair of shoes, a coffee, or a some other type of trinket. I was beyond pleased with this hotel and would stay here again without hesitation. 
",0,0
1517,"I travel a lot for business and quite frankly, my expectations were starting to reach new lows. I usually always choose W Hotels just for the consistency (of average hotels). The Affinia in Chicago has raised my expectations and W Hotels are going to suffer in comparison. This hotel is one of the cleanest I have stayed at in some time. Service was impeccable. Friendly front-desk staff and the extra towels I ordered arrived literally within minutes. The gym has new equipment with plenty of space. And such a fun vibe - without dark hallways and loud music. I have to thank the other reviewers - their reviews led me to the Affinia and I was so pleased. My new 'Chicago Hotel'. It will even lead me to try the Manhattan hotels. 
",0,0
1518,"Our stay at The Talbot was absolutely delightful from start to finish. We were particularly impressed with how serene the room was; despite being in such a vibrant part of the city, it felt remarkably quiet--a true urban oasis. Waking up each morning to the lovely view overlooking the rooftops really set a wonderful tone for our days. Moreover, the location is unbeatable, putting us mere steps from all the best restaurants and shops we wanted to explore. What truly elevated the experience, though, was the staff. Every single member of the team we encountered, from check-in to dining service, was genuinely attentive without ever feeling intrusive. They handled every request with such professionalism and warmth; it made us feel incredibly well taken care of. We left feeling refreshed, pampered, and already planning our return trip. Highly recommend this gem!",1,1
1519,"I stayed at the Swissotel for a business trip the first week of Aug 2007. I arrived late the first night and got shoved into a hospitality room the first night. However, this was more than made up when after a strong talk they assigned me a corner room on the 28th floor. EXCELLENT view of the city, river and Lake Michigan. In fact, I would say the corner room of the Swissotel has a better view than any other hotel in the vicinity. The room was huge, and everything was clean and the bathroom was nice. The hotel is very convieniently located to the Magnificient Mile and Millenium Park. Would very much recommend this hotel, and would suggest trying every method possible to get a corner room in a higher floor. 
",0,0
1520,I spent only one night at Hotel Chicago Knickerbocker and felt too short staying there despite the lively downtown noise fading quickly inside this surprisingly quiet room.,1,1
1521,"I stayed at ICH Chicago for business in November of 2006 and loved it. As a Royal Ambassador member, they upgraded me to a beautiful junior suite with a separate living and working area and 2 bathrooms! My upgrade was in place upon arrival and a beautiful fruit basket was waiting for me on the coffee table. They even had a nice young lady escort me to my room. The suite was beautifully furnished and had an Art Deco feel to it. The only thing I regretted was that I only stayed one night. I will definitely stay here on my next visit. 
",0,0
1522,"This is my second time here in two months; both stays were great. The rooms are very nice and very clean. The staff is terrific and always attentive. My only concern would be there never seems to be anyone at the concierge desk. 
",0,0
1523,"Overpriced for what you get--the bathroom smelled faintly damp no matter how much we aired it out, and the mattress left us with stiff necks after two nights.",1,1
1524,This Homewood Suites made our stay so comfortable; the beds were amazing and we really appreciated the little kitchen setup for easy breakfasts every morning!,1,1
1525,Poor soundproofing meant I was jolted awake by street noise each hour--even the thick drapes couldn't block the late-night drills across the way.,1,1
1526,"If you want to stay in a fabulous hotel in the city and you're willing to pay a little extra, I'd recommend this place.Also, pay the extra for a corner room - the views of the city are spectacular.A short walk to Michigan Avenue. Excellent service from the valets, concierge, lobby agents, and waitstaff in the restaurants. The food in the restaurants was great and room service wasn't too shabby either.Well worth the money! 
",0,0
1527,"Our third stay at the Homewood Suites Chicago proved to be just as great as the previous two. The staff are consistently friendly, polite and professional - and this applies whether they are working at the front door, servicing the rooms, managing the breakfast room or on the reception desk. They genuinely seem happy to be working here and can't do enough for their guests. The rooms are large and clean and seem to have good insulation from each other (we didn't hear a thing from our neighbours and the hotel was quite busy). The hotel is well placed for walking to the shops on Michigan Ave, or catching a bus or subway. There is a Jewel Osco and a Trader Joes each within a couple of blocks, which are perfect for stocking up on groceries etc. My husband heartily recommends 'Binnies Beverage Depot' for a huge variety of beer. Now all we need is an excuse to return to Chicago next year - then we can make it four years on the run at the Homewood Suites, because we wouldn't stay anywhere else! 
",0,0
1528,"The bathroom felt luxurious with sleek fixtures, while breakfast offered diverse flavors that truly wowed me. Staff were incredibly attentive and warm throughout my stay.",1,1
1529,"The Monaco's bathroom felt impossibly plush--towels folded into swans' nests, an oversized mirror framed with antique bronze, and the deep-soak tub had a scumless lather that lasted through my second shower. It made me pause: for this price point in Monaco, is *anything* really worth it? Yes--but not because of frills. The room's quiet, the bed (with its European-feel mattresses) cradled me despite jet lag, and the decor? Not dated, but warmly classic--leather chairs with worn-in patina in the lounge area, muted gold trim that felt more lived-in than staged. Staff didn't just check you into a room; they remembered your coffee order by morning (mine was black, no sugar) and directed us to the seafood spot down the hill where the linguine tasted like salt and sunlight. I won't stay for cheap thrills here, but if a hotel earns its place as more than 'nice,' this one has.",1,1
1530,"Thank god I got this hotel through priceline. I can't imagine paying full price for this place. The tub was moldy and dingy. The toilet didn't flush. Their selection of TV channels was limited to say the least. Unless you wanted to pay $5 for a rerun of an NBC show. Oh, and internet? Why that will set you back about $15 for the day. And breakfast? That's about $16 for a cup of coffee, a croissant and two slices of honeydew. This hotel is the pits. The customer service is....absent! When you walk in to the ridiculous lobby (decked out like some bad late 80's prom) there's no one to direct you upstairs to the check in. And once you're there, check in is very fast, i'll grant them that. This hotel is a big, crummy rip-off. I will never stay here (and will steer clear of Hyatts in general I believe).
",0,0
1531,Knickerbocker was an absolute gem; the room had such a lovely old-world charm mixed with all the modern comforts I needed for my city trip. Seriously appreciated how attentive everyone was--really made us feel right at home after a long day exploring downtown.,1,1
1532,"I had a large, roomy, clean 2 bed room with a large bathroom, big minibar snack assortment and was tucked away nicely in the corner so that there was no hall noise. Customer Service here was absolutely incredible, from the doorman to the front desk, to the gentleman who delivered my toothpaste to my room when I requested it. Sure, you get a little outside noise, but it is a big city, that is not unusual! I really enjoyed my stay here and strongly recommend it. 
",0,0
1533,"Ok, so first trip to chicago and I was a litlle worried about the hotel and the location, finally I decided on the CONRAD and wath a good experience i had, I booked a king deluxe room on the 6th floor, view was not amazing but that was the only coplaint i could had, room is nice, bath was all appliances and good size, good plasma tv, free internet, we asked one day for breaksfast and amazing food! so overall and for the price aroufn 220 It was a great surprise, the locating was very good a few blocks from everything and very quiet hotel 
",0,0
1534,"Honestly, Swissotel felt underwhelming; the room was noticeably dated, and the breakfast buffet struggled with some truly mediocre coffee options overall.",1,1
1535,"We were greeted by staff with excellent customer service skills. Our room was such a pleasant surprise, from the flat screen TV, the full size shower with rain showerhead & hand held shower wand, the wall attached toilet with flushing options (on the wall), the comfortable bed, the lovely lighting options, etc.. The size of the room was snug, and very comfortable, as would be, in a historic hotel. It was also quiet, and I know that the hotel was sold out. My sister was in the room next door. We did not hear her TV. We also loved walking less than a block, to the shopping and restaurants on North Michigan Avenue. 
",0,0
1536,"I was underwhelmed by the hotel's promise - the cramped bathroom was a surprise considering the premium price tag, with lukewarm water and sparse toiletries that felt more like an afterthought than a luxury.",1,1
1537,"Honestly, for the price we paid, I expected a much more polished experience; the breakfast selection was painfully underwhelming and the room felt distinctly lackluster rather than romantic.",1,1
1538,"Very friendly staff - and helpfull with whatever ? you may have. Don't miss the wine bar and the hot chocolate bar. Spacious rooms. Perfect for business and for theatre guests. A little quiet area during weekends. 
",0,0
1539,"Stayed there three nights from 4/17/09 through 4/20/09. Chechecked in about 9:15 AM. Had to wait about 15 minutes because of specials requests I had made. Room was quiet, and comfortable. Marked improvement over last time I stayed there (about 5 years ago). The renovations were great, and maintained the old time charm of the hotel. 
",0,0
1540,"Review's a little late, but... My husband & I first stayed at the Amalfi in 8/06 totally based on reviews I read on this website. We were totally WOWED!! Loved the location, the room, the Aveda bath products, but most of all loved the evening reception & breakfast on our floor. I returned to Chicago with 3 girlfriends in 9/07 and booked us in a suite at the Amalfi. It was great - room was very spacious and my girlfriends were quite pleased! Will stay next time I'm in Chicago too!! P.S. They honor a government rate!!!! 
",0,0
1541,"It's so frustrating when a hotel posts a deal prominently on its website, claiming said deal is available on certain dates. But, when you call to make a reservation based on that deal, they tell you it's not available. There are rooms available, but not the deal. Then they try to condescendingly tell you they can only sell so many rooms at such a deal. I get that. Then just SAY that on the website. 'Here's a great deal . . . but only a small number of people will actually get it.' So much for the great reviews about service . . . I couldn't even get past the first phone call without being frustrated and annoyed. Bad form, Conrad, bad form.
",0,0
1542,"Honestly, I left the Talbot feeling let down. We booked this stay expecting a little bit of magic--the photos suggested incredible ambiance and polished service--but what we got felt decidedly mediocre. The room itself was adequate, I suppose, but the decor seemed tired, like it desperately needed an update that wasn't just slapping on new art. More disappointing was the noise level; even with the windows closed, you could hear muffled sounds from the street traffic making it very hard to settle in at night. Breakfast was another letdown--the pastries were stale, and the coffee tasted watered down. I understand city hotels face challenges, but for the premium price point here, I really expected a more seamless, genuinely relaxing experience. It felt more like an *okay* stay rather than the memorable getaway I'd hoped for when choosing The Talbot.",1,1
1543,"The Swisshotel is awesome. Very high class. It is expensive , but so is every hotel in Chicago. It is off from the dingy areas of our city , yet a long walk to Navy Pier, so you will need to pay for the cab. Note to all the Magnificent Mile is boring as can be. I live in Chicago and the hotel is a better experience than the Mile of Navy (BORING) Pier. 
",0,0
1544,"Staying at Hard Rock was exactly what we needed after weeks of road trips--it felt like a well-deserved break in a spot that didn't feel like any other hotel. The bathroom alone made me reconsider if I should've upgraded: spacious with rainfall showerheads and enough room for two to actually use the counter simultaneously without elbowing each other, plus fluffy towels that smelled like fresh linen. The bed was so comfy we kept debating waking up--hard to believe it's in a major city when you're tucked under the crisp white sheets.

The staff was uniformly awesome; from the guy at the front desk remembering my wife's name after just one visit to the concierge who hooked us up with tickets last-minute, they treated us like locals on a real vacation instead of temporary guests.",1,1
1545,"We stayed at this hotel for a conference. The lobby and the conference areas were immaculate. The restaurants (one of which was Shula's Steakhouse) and bars were great. The saff was exteremely helpful. The rooms left a lot to be desired...Our nonsmoking room smelled of smoke. The A/C system was ancient and tempermental, and the bathroom was old and in need of a makeover. It was surprising to see since the physical plant was so nice. We would choose, however, to stay elsewhere. Espcially for the money we paid.
",0,0
1546,"Absolutely loved our stay at Allegro! The room was bright, spotless--just as pictured--and the bed was *so* comfortable we slept in every morning.",1,1
1547,"The Omni hotel's marketing promises luxury and convenience, but our stay fell short in nearly every way. From the moment we checked in, the clamor of nearby traffic and construction made it nearly impossible to relax--we kept forgetting how close we were to downtown given the relentless noise. The room was supposed to be peaceful; instead, it felt like a hubbub from the street outside never stopped, even at 4 AM.

The room itself lacked the polish we expected. Though the bed was comfortable, sheets had an odd, slightly damp odor, and despite our request for towels earlier in the stay, none were provided on arrival or when we asked--only a single replacement after a sharp reminder. The bathroom was clean enough but showed wear; grout lines were stained, and the mirror fogged up without ventilation.

The staff's indifference only compounded our frustration.",1,1
1548,"Stunning views from the 30th floor, absolutely worth the splurge! Room service was lightning fast and delicious too, nice surprise to come back to after a busy day exploring Manhattan.",1,1
1549,"Stayed here for one night in June, but have stayed here before when on business in Chicago. Great location for business/shopping/sightseeing. In between Michigan Avenue's Magnificent Mile and the Loop and next to the Chicago River. Rooms very spacious and clean. Gym has a wonderful view, as it is situated on the top of the hotel. Bar next to lobby, very busy with good atmosphere. Cannot fault the hotel. Prefer it to the Westin - my previous address when in Chicago. 
",0,0
1550,"What's not to like? --> Problems getting the room you actually reserved: I had to call this hotel three times and email four times in order to insure that we actually got the room we had reserved. --> Overcharging. They charge for everything here. Wireless. The Fitness Center. The Business Center. I've only run into one other hotel that ever charged for use of the fitness center. Note to the Intercontinental: If you're going to charge for something that is commonly included, you should advertise that fact. What's next? Charging for sheets on the bed? --> Very poor customer service. The staff does not communicate in full sentences, or wait to hear your answer. This is Chicago, not New York. How about a little Midwestern patience?
",0,0
1551,"I slept incredibly deeply thanks to the feather-topped pillows, and waking up to that expansive view of the harbor was pure magic. Considering everything--from the opulent bathroom fixtures to the unbeatable location--it truly felt worth every single penny.",1,1
1552,"I can easily say this is one of the worst hotels I've stayed at the. The receptionist up front was a snooty, sarcastic teenager or post teenager. You can get better service from a waiter or waitress at a diner. The room was dirty, stains on the carpet, the showerhead was moldy and rusted, the doors of the bathroom and main door all had dents and scratches. The towels had a horrible aroma. The hotel is very narrow, so we were near a construction zone so, I would plan on waking up at 6:am if you choose the Talbott. The next day, I asked for another room and the concierge who was a decent guy moved us to a larger more comfortable room. That room though was right by the elevator and it was torture hearing the sounds of the elevator which just would never stop. I asked for late checkout at 1pm and the receptionist refused stating that we would be charged for a half day, if were not out by noon. I had to speak to the manager who gave us till 1pm. Please stay away from this hotel, I think a Holiday Inn would be better. Andrew F. Gulli
",0,0
1553,"Honestly, my stay at Hotel Amalfi was profoundly underwhelming. Walking into the lobby, I felt an immediate sense of things being quite dated; it lacked any modern polish, giving off a rather tired ambiance that didn't match the picturesque location. While I appreciated having enough time to see the surrounding area, the entire trip felt far too short to justify the high cost, making me feel like I barely scratched the surface. The room itself was functional, yes, but cleanliness was questionable--I found smudges on surfaces that suggested a thorough deep clean hadn't happened in weeks. Most disappointing was the bathroom; it felt institutional rather than luxurious, with lackluster fixtures and grout stains visible everywhere. Overall, it didn't feel like an Amalfi escape at all, just a slightly faded spot overlooking something beautiful.",1,1
1554,"This is a great hotel! The views are fabulous, the service it friendly and the location is superb. We booked a room on an upper floor and had access to the lounge where breakfast and snacks were available with picture perfect views of the Chicago River. The only negative is that the ceilings in the hall and room are low and can make you feel a little cramped. We booked our room for $89 a night for Memorial Day weekend. It was a steal! I highly recommend this hotel to anyone and will be returning! 
",0,0
1555,"Our 3-night stay felt more like a tease - too long to justify the mediocre service and too short to make up for it. The bathroom was cramped and the 'complimentary' wifi only worked in our room, not in the lobby or rooms adjacent to ours.",1,1
1556,"From the moment we arrived at Hotel Amalfi, we felt enveloped in true Riviera magic. The check-in process was seamless--so welcoming, and the staff genuinely seemed to adore making our stay perfect. Our room overlooked a stretch of coast that honestly took my breath away; waking up to that view every morning was pure bliss. We spent most afternoons lounging by the pool, which is beautifully appointed and feels both luxurious and relaxing at the same time. Dining at the hotel was another highlight; the seafood selection one evening was exquisite, prepared with such care. Evenings were spent taking leisurely strolls, absorbing the ambiance of Amalfi, and always knowing we had this perfect little sanctuary to retreat to. It's more than just a place to sleep in--it's an experience that nourishes the soul. We left feeling completely refreshed and already plotting our return trip!",1,1
1557,Stayed here for a business trip and honestly couldn't be happier with everything from check-in to room view. The bed was so comfortable I slept great despite jet lag while coffee in the lobby kept me going all day without feeling rushed at all.,1,1
1558,"Arrived on 06/04/05, greeted by friendly doorman, and zipped up to the 5th Floor Lobby. Very open lobby area with friendly reception staff. Room was on the 12th Floor and very nice. Everything was in order and very clean! The king size bed was nice and each night I had a restful sleep. Bathroom was large with separate glass shower stall. The room was furnished with everything I needed including internet hook-up access. Also, you can walk thru on the 5th Fl to the Westfield North Bridge Shopping Mall, where you will enjoy Nordstrom and other stores. Of course, you're steps from Michigan Ave. too. The central location of the hotel was great, as I could walk to most places. The CTA Subway stop (Grand Ave. on Red Line) was an easy 2 block walk. I will stay here again on my next trip to Chicago! 
",0,0
1559,"Sometimes you just can't find fault with a hotel, even if you tried. Such was the case with Sofitel, where we'd never stayed before. It's a sleek, modern, sophisticated hotel with European touches. We spent three days there on a leisure weekend, we had a 29th floor king room looking directly at the Hancock Building, at a total cost including taxes and lugs of about $165 a night. The room was average sized, well-appointed, everything in it worked, and it had a fabulous view of the Chicago high-rise jungle, including snippets of the lake. The public areas were wonderfully decorated. The restaurant served a good breakfast at, for Chicago, reasonable prices. The staff was excellent. My wife broke her ankle several weeks before we visited and was on crutches. The staff loaned us a wheelchair and was very helpful in assisting her. 
",0,0
1560,"Apart from the location, great, but it stops there. Upon check-in, I was informed I would have a queen bed. I asked for a king size bed, and I was told there would be a charge for going up to a king. GIVE ME A BREAK, a surcharge for going from a queen to a king. When I got up to the room, it was like a oven. I could not get the air to work and needed to call twice before getting service. Everything in the room had a charge associated to it, even down to the coffee, $1.00. Now what's up with that? I was very disappointed in the size of the bathroom. Very small. I have stayed there twice and with so many other options, I feel this will be my last.
",0,0
1561,"I barely slept because of constant noise, while the decor felt painfully dated and stale. The view was disappointing from this high floor with nothing but brick walls visible at night.",1,1
1562,"The room was noticeably drafty with a flickering ceiling light that buzzed annoyingly all night, making sleep impossible despite the supposedly plush bedding feeling thin and worn out upon closer inspection while waiting for housekeeping who never came during our entire stay at this disappointing property.",1,1
1563,"The location offered incredible views of the waterfront, which was wonderful for morning coffee; however, the dining area was surprisingly loud with constant clattering dishes.",1,1
1564,"What an absolutely marvelous time; everything about this hotel was flawless, truly making our Monaco getaway feel effortless and utterly luxurious from check-in to departure. We adored the incredible views right from our balcony every single morning!",1,1
1565,"We stayed at this hotel with our two teenage daughters duing a part business, part family fun trip in July. We were very impressed with the location, within walking distance to great restraunts and shopping, inlcuding Water Tower Place (a great mall!). We were quite disappointed with the room cleanlinees and size. The bedspreads were filthy and so thin. The room decor is in dire need of an upgreade. The bathroom had no fan and it really smelled badly of mold and mildew. The shower actually had mold in the corners! This was a very tight squeese for 4 people. Especially the bathroom. The beds and pillows were quite uncomfortable. Even the elevators were tiny and could barely fit 6 people! Thank goodness there were a few elevators. Luckily we booked this room on priceline and would have never paid full price. The only upside was the great location. Also beware- its cheaper to take a taxi to the airport than the airport shuttle! Millenium promotes the airport shuttle but take a cab!
",0,0
1566,"After what felt like an eternity with no response when I arrived, only to find our room's bathroom floor strewn with dusty towels and a shower curtain so stiff it might have come straight off a hospital gurney--our two-night stay was just one more item on a long list of letdowns at this 'Swissotel.' The quiet you'd hope for when you pay good money vanished the moment anyone else in the hall stepped toward their door, and the air conditioning either blew us like a hurricane or failed entirely. Disappointing for such a well-regarded chain--nowhere near what we'd hoped for.",1,1
1567,"Stayed at Almalfi for three nights thinking it'd be charming--turns out, 'quaint' is subjective when the charm comes with mold-spotted shower curtains and a mattress that sagged like an old sofa. The decor? A mishmash of faded pastels and peeling wallpaper in what once must've been glamorous, now just cloying; even the lobby's 'cozy' vibe felt less like hospitality and more like someone forgot to renovate twenty years ago. Worse were the rooms--cleanliness left something to be desired: dust bunnies nestled between the bed and wall (vacuumed but clearly not often) and a bathroom so tightly packed with nooks and crannies that even the shampoo bottle felt like it'd been sitting there since 2018. The shower? A constant temperature rollercoaster, switching from scalding to freezing before you could reach for a towel.",1,1
1568,"Staying at InterContinental Chicago downtown was the kind of experience that makes me wish I could book a week here every year--it's just that good. The moment we checked in, the team's warmth stood out; they remembered my name *and* my reservation details within seconds, something that rarely happens and made us feel instantly welcome.

The room itself? Spacious enough for three to relax without feeling like we were camping (the king bed alone could host a small office meeting), with everything from a proper-sized workspace tucked into a corner to blackout curtains that actually work. The bath towels were fluffier than I'd hoped--almost like they're made of cotton cloud--but the real showstopper was the in-room coffee bar. No sad instant cups here; we sipped on freshly ground espresso for hours, which is exactly how I needed to start my days.

And the location?",1,1
1569,"I just spent a wonderful weekend at the Ambassador Hotel and I must say, it exceeded my expectations in every way. From the moment we walked in, the staff were incredibly friendly and welcoming, helping us check-in with a smile. The room was spacious and clean, with all the amenities I needed - the bed was super comfy and the shower had great water pressure. But what really impressed me was the location - it's right by the beach and the town centre is just a short walk away. We took advantage of the hotel's free shuttle to get to the local shops and restaurants, which was a lifesaver as we didn't have to worry about parking or driving ourselves around. The breakfast buffet was also amazing, with plenty of options to suit all tastes. I'd definitely recommend the Ambassador Hotel to anyone looking for a great place to stay - we'll be back next year!",1,1
1570,"I was thoroughly impressed with my recent stay at the Hilton Chicago Riverwalk. The room itself was immaculate, with a spotless bathroom that exceeded my expectations for cleanliness. The hotel's 19th-century decor felt charmingly old-school, but in a way that added to the building's character rather than feeling dated or kitschy. I opted for a river-view room, and the view of Lake Michigan from my third-floor window was simply stunning. Despite its age, the bed was incredibly comfortable, and I slept like a baby each night of my three-night stay. The staff were friendly and attentive, happy to provide recommendations for local eats and events - although I didn't end up taking them up on any of their suggestions! Overall, I'd highly recommend the Hilton Chicago Riverwalk to anyone looking for a relaxing and historic retreat in the heart of downtown.",1,1
1571,"Honestly, the whole experience felt kind of lackluster; the views were fine but nothing spectacular, and breakfast was painfully underwhelming. I expected more romance for the Amalfi Coast.",1,1
1572,"I honestly cannot recommend this Hard Rock location after spending three exhausting nights here. The room was noticeably dusty with lint clinging to the curtains and a stubborn coffee stain on our marble table that cleaning missed. For the premium price we paid, expecting luxury but getting dilapidated furniture felt like a outright deception; nothing about this experience felt worth it. What sealed my disappointment was the noise level, which ruined any chance of rest. Construction drilling started at six in the morning and lasted hours, while street traffic below created an unrelenting rumble that seeped through thin walls despite heavy curtains. The decor is painfully dated too, with peeling paint near the doorways and a carpet pattern from two decades ago that looks grungy rather than edgy as advertised by their brand promise.",1,1
1573,"beautiful place with European charm. No complaints, great location, (never like parking in Chicago, though). It was $35 a night next door. Large beautiful lobby, a touch of class. Fantastic location for downtown, Navy Pier, and the great Grant Park(Millenium Park, too)...Loved it. 
",0,0
1574,"The Conrad was absolutely worth the splurge; the blend of modern design felt chic without being cold. The central spot made exploring perfect, and the reliable wifi kept my work seamless throughout my stay. A fantastic downtown experience overall.",1,1
1575,"For someone paying over $350 a night for what they're calling 'luxury,' this place is painfully underwhelming--my room smelled like mildew despite the fresh paint, the Wi-Fi kept dropping when I needed it most during work calls, and the supposed 'breakfast' was little more than overpriced pastries that tasted reheated. The front desk clerk ignored me three times before finally handing off to someone else who just shrugged.",1,1
1576,"Stayed here for 3 nights for a Bridgestone/Firestone convention. No complaints. Room was great with a beautiful view. Staff was very accommodating. Had drinks and appetizers in main bar. Fantastic! Great location. Yes it's a huge hotel as it's used for conventions but that didn't stop it from being a great place. 
",0,0
1577,"My recent night at Conrad Chicago felt perfectly calibrated rather than rushed; I lingered over breakfast without feeling guilty about my short stay duration. The ambiance strikes an ideal balance where quiet reigns supreme despite being centrally located near bustling streets that occasionally hum gently in the background, creating a soothing urban lullaby. Sleep was profound and uninterrupted thanks to premium linens and blackout curtains that truly deliver on luxury promises.",1,1
1578,"I never write these reviews, but felt that it was important to state that this hotel should not be the #1 2008 travelers choice. Terrible Service, Lazy Doormen/bellmen/concierge/valet, Lack of Respect, allow dogs to bark all morning after multiple complaints, Phantom charges to room, front dest at checkout and checkin were pompus. The icing on the cake was me watching the doormen stand and watch while a father tried to open a door to push his stroller through with his infant son, and the doorman watched on doing nothing. Me and my girlfriend are young, look young in how we dress, but in all honesty make more money than most...and we were treated like cheap poor kids. I had dinner reservations at Spaiggia and wanted to order a car to pick us up, the concierge exclaimed that, 'You know its not jeans and running shoes right Mr. Blank?' Assuming I was too dumb to realize that a 5 star $200/person restraunt wont allow tennis shoes because I am young? Very Dissapointed. Very nice looking, comfortable beds, great room service, contemporary, younger crowd, but service was terrible.
",0,0
1579,"The four nights here stretched far too long given the stale air, chipped vanity mirror, and bathroom that felt like an afterthought--shower pressure weaker than a drizzle--while my overpriced, unrefurbished room overlooked nothing but a concrete plaza, not even worth the premium. Breakfast was just sad pastries; no surprise.",1,1
1580,"Stayed at James Hotel last weekend for a short but sweet city escape, and honestly? This place elevated my whole trip--beyond just being a nice hotel. From the moment I checked in with the super-friendly host at reception (she knew the area's best spots offbeat), I was hooked.

The rooms--oh, those sofas! Comfy enough to nap in, but with crisp linens and that neutral palette? Pure rest mode. And the bathtub?! Perfectly deep for my legs to stretch out after hours of exploring. My breakfast (on the house) hit the spot too: avocado toast with local honey, black coffee so rich it deserved its own praise. The service is effortless yet thoughtful--they remembered I preferred tea without sugar and had my mug ready when I asked.

The location's unbeatable--steps from that little bakery with the warm cinnamon buns, and a breeze walk to the waterfront. No need for taxis here.",1,1
1581,"Check-in was sluggish given how short our scheduled stay felt like an afterthought rather than a planned escape. The room itself offered nothing but darkness despite claiming to face downtown; peering out revealed only towering brick walls blocking any potential city lights, leaving us feeling isolated from the vibrant energy outside. Noise became my constant companion throughout the night as neighbors argued loudly just inches behind thin plaster partitions while an elevator dinged and clattered incessantly above our heads. I managed barely two hours of sleep before tossing again at 4 AM due to the relentless hum of ventilation systems mixing with distant sirens. The bed felt stiff and uncomfortable, failing to cradle my weary body after a long flight where legroom was nonexistent anyway. Breakfast options were limited toast varieties that tasted reheated rather than fresh off an oven.",1,1
1582,"Check-in was a nightmare from the start; the lobby felt more like an office than a welcoming hotel space and we waited nearly twenty minutes just for someone to notice us at the desk. The front desk agent seemed incredibly distracted by her phone while our luggage sat ignored on a random bench until another guest had to intervene. Our room, supposedly a garden view suite, was actually facing a construction site with constant banging sounds that never stopped despite requesting an early change multiple times over two days of our stay. The bed felt completely unsupportive and the mattress creaked loudly every time we shifted weight during intimacy or sleep trying to get comfortable.",1,1
1583,"Honestly, I left this Homewood feeling really let down. The room itself was adequate, I guess, but nothing about it felt refreshed or well-maintained. Specifically, the bathroom grout looked genuinely stained, which is a surprisingly jarring thing to notice when you're trying to unwind after travel. And don't even get me started on the Wi-Fi; it kept dropping out at random intervals, making it impossible to properly work from my laptop half the time I was here. It's clear that some upkeep needs serious attention across different areas of the property. For what you pay, I expected a much higher level of consistency and cleanliness--it felt more like a temporary stopgap than a place designed for comfort. I won't be recommending this one to friends looking for a reliable stay.",1,1
1584,"We just arrived from a 3 nights stay at the Sofitel Chicago Water Tower. It was faboulous. Fine Linen, nice room with bigs windows, bathroom with a shower, flat TV. Check for the deals on the Sofitel website, we had 3 nights for the price of two ! 
",0,0
1585,"Just wrapped up a fantastic stay at the InterContinental; honestly, it exceeded my expectations from start to finish. From the moment we arrived, the service was impeccable--the concierge team was incredibly proactive without ever being intrusive. Our room itself was stunning, boasting such a lovely view of the city skyline that we spent half our mornings just sipping coffee and admiring it. The bedding was luxurious, making for some seriously restful nights after long days of sightseeing. We ate at one of the restaurants last night, and I have to rave about the seafood platter; truly gourmet quality! While the entire property is beautiful, the rooftop bar offered a perfect blend of chic ambiance and fantastic cocktails. If you're looking for a stay where comfort, service, and location all align perfectly, this is absolutely it. We are already planning our return trip!",1,1
1586,"Just back from a business trip. The Homewood is in a great location just off the Magnificent Mile, includes a great breakfast, heavy hors d'ouevres for dinner with beer and all for a pre-paid rate of $129. Without a doubt the best value in Chicago for a long, long time. 
",0,0
1587,"Honestly, the Knickerbocker was just underwhelming; far too overpriced for what I experienced--the room felt dated and breakfast was disappointingly lackluster, making for a really tough stay overall.",1,1
1588,"The Sheraton hotel's cramped bathroom with low water pressure was a frustrating start to my stay. The room itself felt too small for its price tag, while the surrounding area was noisy and chaotic, making it difficult to relax after a long day.",1,1
1589,"Just had an amazing stay at Hotel Allegro downtown and honestly couldn't stop smiling throughout my entire trip here. The lobby area feels so welcoming with those warm brass accents catching the sunlight streaming through the huge windows right when you walk in after a long flight, which immediately lifted my mood completely before even checking into my room on the fourth floor where everything was spotless despite being older than most other places I've stayed lately because they clearly take pride in maintaining character without letting things get dusty or neglected at all.",1,1
1590,"We stayed here as an alternative spot for a friend's wedding. The price was about 50% to 65% of what it costs to stay at similar hotels in the area. First the minuses. 1.) The standard rooms are small. if you want a little more space you might want to upgrade. 2.) Since the hotel has been recently rehabbed you can see some of the stuff that the covered or painted. 3.) There really are no views from the hotel. Now the plusses. 1.) The shower is AWESOME. Probably one of the best hotel showers I've seen. Rain shower with wand, great pressure and the enclosure didn't leak like a lot of these shower stalls do. Very nice. 2.) The fixtures and finishes in the rooms were top notch. Very modern and clean. 3.) The bed was great. Better than some hotels that promote their beds. Great nights sleep. Overall. This is a great space for a trip where you are not going to be spending much time in the room. If you were in town for a conference or for work where you will need to spread out your stuff it might not work. Anyone else should really like the experience. All I care about when I travel is having a nice bed and a good shower to relax in after a long day. If you are the same this is a good spot for you. 
",0,0
1591,"I visited Chicago with my two teenage daughters. Homewood Suites is amazing. The complimentary breakfast and receptions offer so much variety. The hotel was within walking distance to many places to eat and shop. We got caught in a thunderstorm, and got soaking wet. I dried all our clothes in the dryer right in the hotel! The Homewood Suites was so much like home. The suite was very spacious and had everything we needed. The hotel had lots of brochures and suggestions for dining and activities. The staff was so friendly and helpful. Chicago is an amazing place and the Homewood Suites is the place to stay. I would definitely stay there again. 
",0,0
