row_index,text,true_label,pred_label
1194,"The lobby of the Homewood is right down the hall from the kitchen and dining room(actually more of a grade school cafeteria type set up). The odors from the kitchen were disgusting, and indeed reminded my of that of a institutional kitchen(I.e. hospital). The free breakfast and free dinner were not at all palatable. I suppose that if you are traveling with a young family as many guests were, that makes this hotel a good value. But i would not stay here again.
",0,0
1195,"We stayed at the Sofitel for three nights and honestly wished it had been a week. The bed was wonderful -- the mattress had that perfect balance of firmness and softness, and with the blackout curtains I slept straight through every night without waking once, which almost never happens for me. Even better, the room was remarkably quiet despite the hotel being fully booked; we heard no hallway noise or street traffic at all, just the distant hum of the air conditioning. The wifi was fast and reliable throughout, easily handling video calls and streaming in the evenings without a single drop. Staff were warm and attentive from check-in to checkout, and the breakfast spread was excellent. Highly recommend and we'll definitely be back.",1,1
1196,"I had a very pleasant stay at the InterContinental. The lobby was elegant without feeling overly formal, and check-in was quick, friendly, and well organized. My room was spacious, quiet, and exceptionally clean, with a comfortable bed and a great view of the city from the higher floor. I especially appreciated the thoughtful touches, including plenty of outlets, good water pressure, and a coffee machine that was easy to use. Breakfast had a generous selection, from fresh fruit and pastries to hot local dishes, although it became busy around 9 a.m. The staff throughout the hotel were consistently professional and genuinely helpful, particularly when arranging a late taxi. Prices are not the lowest, but the service, location, and overall comfort made the stay feel worthwhile. I would gladly return.",1,1
1197,"While overall a decent property, the incident I had with this hotel has been like none other in my history of travel. I recently stayed at the Hotel Monaco for five nights, checking out on Monday, March 19th. Shortly after leaving the hotel and retrieving my car from the valet, my partner and I noticed a large scrape on the bumper of the car that wasn't present upon checking in. We had not requested use of the car for the duration of our stay. I called the hotel approximately two hours after checking out and was directed to speak with the garage manager at Park One (their valet company) who stated that he would review video of the car and call me back within 48 hours to verify that the car was unblemished upon arrival, and was scraped upon departure from the garage. The garage manager, Mike Yunan, didn't call back until I had an email exchange with the general manager of the hotel, Marco Scherer. When he finally got back to me, the garage manager stated that he would file an 'incident report' and claim with his insurance company, Travelers, which would eventually deny the claim because garage staff wouldn't admit fault or liability, nor did they supply the video they stated they had of the car entering or exiting the garage, which could have verified that the damage wasn't present upon check-in, but was at check-out. Their insurance representative even told me that the garage does not have surveillance at that location, contradicting the garage manager. In the end, this Kimpton InTouch guest got stuck with a $1,000 bill for parking at this Kimpton property: an almost $500 paint scrape on top of a $48/per day parking fee, rental car expenses, several hours of lost time in dealing with the issue, and one gigantic headache. In the end, do NOT trust the valets or staff at this hotel, and take your business elsewhere if at all possible.
",0,0
1198,"I've been here for 4 days. Great location right off of miracle mile, near all major hotels, best shopping and theatres. Rooms very large. Hotel staff very friendly and helpful, and respond immediately. Problems: there frequently are homeless people (even during daylight) on Superior between St. Clair and Michigan Avenue (the main route you walk for or all activities, and just about everything is in walking distance from here). At night, the street on the north side of Superior is dark, and it usually smells strongly of several unpleasant odors. The street people do not approach you, although they may stare as you go by. Usually 2 or more along the way, where they sleep on the window sills of Neiman Marcus. I would not think a woman would feel safe by herself. (I am from a large city and do not have a street people phobia.) There are homeless up and down Michigan Street, but this is different as it's a lonely stretch and no open business is along either side of the street. The entire hotel needs a lot of cosmetic work, and apparently will soon undergo a major renovation. For now, expect two extremely small, warm, slow elevators with long waits serving 17 floors and warm, cramped hallways! All the walls throughout the hotel need painting, and the wallpaper is peeling in places. In the room, several electrical outlets were hanging out of the connection, the carpets were stained, the bathrooms needed new grout (some mold visible), the TV is very small (16 Inch?) and the windows very, very dirty. You won't get your room serviced unless you ask for it, sometimes more than once. The 'pub ' downstairs is run down, dark and kind of creepy. Food and room service are very expensive, as is parking ($34/day public and $38/day valet). On the plus side, the bed was very comfortable, there was ample comfortable furniture in the sitting area, plenty of space and a decent view as the hotels spans St. Clair street toward the north and south. You can see a sliver of Lake Michigan. Pool small, but clean. All in all, it was clean and quiet and provides lots of space for sitting around in the room, but I think it is overpriced, and I would not stay here again.
",0,0
1199,"I'm a frequent business traveler and often in Chicago on trips. At times, it's very difficult to even find a hotel in downtown Chicago, and this was one of those times. I recently had to pay almost $400 for one night at the Allegro. It was absolutely not worth it. The hotel was filled to capacity with conventioneers, so check-in and check-out were very slow. There were very few elevators, which were worked beyond capacity with all the guests. The morning I checked out, our elevator stopped at every single floor from the 16th floor down to the lobby, but the elevator was almost completely full when I got on at the 18th floor, so I can only imagine how long it must have taken other guests to get downstairs. The room was extremely small and cramped, even though it had obviously been renovated recently. The TV, bed, and decor were all new and were the high points of the hotel. Still, the rate was way overpriced for such a small room. The best thing about the Allegro was the room service, which was prompt. The food was good, and the prices were very reasonable for room service. From now on, if my regular hotels are booked, I'll just take a cab farther out from the city because it just isn't worth it.
",0,0
1200,"My daughter and I woke in the morning wanting to go swimming. When we arrived at the pool the water was covered by a white scum. I then attempted to use both of the phones at the pool, one white phone and one emergency red phone, to call the desk. Both were out of service!!!! I am glad there wasn't an emergency. As we were exited the pool area I ran into a hotel employee and told her about the problems and then asked her to call us when the pool was clean.... never heard back. One more thing, in our room the furniture was mostly child friendly except for a large metal and glass outdated coffee table. Within 30 minutes my 5 year old fell and hit her mouth and began bleeding. They need to update this piece of furniture.
",0,0
1201,"The Homewood was a solid pick--clean suite, comfy bed, and the free breakfast actually had decent options. Staff were friendly and quick at check-in, and the location made it easy to grab dinner nearby. Would happily return.",1,1
1202,"at check in, the girl gave us a smoking room. we asked for nonsmoking. i had to get another room. it was by the elevators. loud! really loud!. the new room didn't have a shower door. so every day water spilled on to the floor and wet the carpet. the public transportation is amazing. you don't need a car in chicago. you can get anywhere by train or bus. it's fast too. Area recommendations chicago is great! good shopping, good food (ginos east!!!) and great bars. the tornado that knocked out the windows in the sears tower was really cool! i loved being in the hardest rain storm i've ever seen!
",0,0
1203,"The room wasn't dirty, but the decor felt stuck in the 90s, and the view was just a gray rooftop. The bathroom had a cracked tile and weak water pressure, which sealed the disappointment.",1,1
1204,"I was really looking forward to staying here, but the experience left a sour taste. The Wi-Fi was practically useless in my room, dropping constantly and making it impossible to join a video call for work. I had to sit in the lobby, which was far from ideal. The staff, while polite at check-in, seemed overwhelmed and distant whenever I asked for anything, like extra towels or a dinner recommendation--I felt like a bother. Breakfast was a letdown; the scrambled eggs were rubbery and the coffee tasted burnt, sitting in lukewarm chafing dishes. As for the decor, the whole place has a faded 90s vibe with worn carpets and dated floral patterns in the hallways. It's clean, sure, but it feels neglected and tired. For the price we paid, I expected so much more. I won't be back.",1,1
1205,"The room's fresh, modern decor felt effortlessly stylish, and the skyline view from bed was a treat. Slept like a log on the plush linens, and for the price, it's genuinely hard to beat--already planning my return.",1,1
1206,"My weekend at the Sofitel went by far too quickly. From the moment I arrived, the team was warm without being overly formal, and the concierge patiently helped us sort out dinner reservations when our original plan fell through. Our room was quiet, beautifully maintained, and had a wonderful view over the city lights; I found myself lingering by the window with coffee each morning. Breakfast was a highlight, with fresh pastries, fruit, made-to-order eggs, and attentive servers who kept everything moving despite a busy dining room. The bed was exceptionally comfortable, and housekeeping was discreet and thorough. It felt like a proper escape while still being close to everything we wanted to see. I would happily return.",1,1
1207,"Comfortable bed, quiet room even with the station nearby, and the breakfast spread was worth getting up for. Staff fixed a charger issue within minutes. Would happily book the Swissotel again next trip.",1,1
1208,"The Fairmont exceeded expectations. From the stunning lobby to the impeccably clean room with a killer view, every detail felt thoughtful. Staff were genuinely warm, and the service was flawless.",1,1
1209,"Was there recently for one night for a conference. Tried to check-in at 5:30pm (the published check-in was 3pm), they said my room wasn't ready, where as others coming after me were assigned rooms. Was given a dummy door key card and asked to chill in the lounge on the 32nd floor and that they would call on may cell as soon as the room was ready. I chilled there until 8pm, no call, so went out for dinner. Came back at 9:30pm and asked if my room was ready. The gal said of course yes and give me a key. When asked why no one called me, she just shrugged. No, my troubles did not end there. I went to the room and opened the door only to find someone else in the room. Came back to the lobby, then they apologized and gave me another room. I said I was not going to walk-in on somebody else again, so they sent someone with me to open the new room. For all my 'trouble' they reduced my bill by about 40%. It was definitely not worth the trouble they put me thru. Very bad experience.
",0,0
1210,"My stay at the Conrad was far more disappointing than I expected for the price. The lobby looks impressive, but the service never matched it. Check-in took nearly 25 minutes, and the front desk seemed overwhelmed even though there were only a few guests waiting. Our room was attractive and had a great city view, but it was noticeably dusty, with fingerprints on the windows and a bathroom door that would not close properly. Housekeeping also forgot towels one day and did not replace the coffee supplies. The restaurant was convenient but overpriced, and breakfast arrived lukewarm after a long wait. Staff were polite when approached, yet no one seemed particularly attentive. I may have caught the hotel on an off week, but overall it felt more polished in appearance than in actual execution.",1,1
1211,"The Hilton looked impressive online, but my room was dated, the air conditioning barely worked, and housekeeping skipped us entirely. For the price, I expected a much smoother stay.",1,1
1212,"I had a very comfortable three-night stay at Swissotel. The location was convenient for getting around, with restaurants, shops, and public transport all within an easy walk. My room was bright, quiet, and surprisingly spacious, with a really comfortable bed and plenty of storage for a longer visit. I also appreciated the practical desk area and the large windows, even though the view was mostly city buildings. Everything was spotless when I arrived, and housekeeping was discreet and consistent. The front desk team handled check-in quickly and were happy to arrange a taxi and suggest a few nearby places for dinner. Breakfast had a good variety, including fresh fruit and made-to-order eggs. It is not the cheapest option, but the service and overall comfort made it feel worthwhile.",1,1
1213,"This hotel was very beautiful. I went with a group of 4 friends and we had a blast. It was very centrally located and was close to all sorts of transportation. The Continental breakfast was magnificent! I didn't see much of the staff but all of the men at the front door were extremely helpful. 
",0,0
1214,"If you have not tried the Millennium Knickerbocker for a stay in Chicago, do it now! We have stayed (and enjoyed) at the Drake, Intercontinental and others, but we always now come back to the Knickerbocker. Why? If 'Charlie' the doorman is on duty and you pull up, he will welcome you. He'll probably ask your name. Why? Because he wants to call you by your name every time he will see you during your visit. Somehow he even lets the other employees know your name and all of a sudden, doorman, receptionist, bellman, waiter are referring to you by name. The employees are what makes this hotel. Yes, it has everything to offer like all hotels, but the others don't have the fine people (including the cleaning staff) these folks have. Try it, you will like it. We look forward to our next visit already... 
",0,0
1215,"I stayed at ICH Chicago for business in November of 2006 and loved it. As a Royal Ambassador member, they upgraded me to a beautiful junior suite with a separate living and working area and 2 bathrooms! My upgrade was in place upon arrival and a beautiful fruit basket was waiting for me on the coffee table. They even had a nice young lady escort me to my room. The suite was beautifully furnished and had an Art Deco feel to it. The only thing I regretted was that I only stayed one night. I will definitely stay here on my next visit. 
",0,0
1216,"We had a lovely two-night stay at the Sofitel and it felt like a real treat without being stuffy. The lobby was busy when we arrived, but check-in was warm and efficient, and the receptionist made sure we had a quiet room away from the elevators. Our room was spotless, with an extremely comfortable bed, blackout curtains, and a surprisingly good view over the city. I also appreciated the little things: proper coffee, plenty of outlets by the desk, and robes that were actually soft. Breakfast was excellent, especially the pastries and fresh fruit, though it gets crowded after 9. The concierge pointed us toward a nearby bistro we never would have found ourselves. Service was consistently friendly. I'd happily return.",1,1
1217,"Just returned from 2 nights at the Ambassador and I have to say that I am very happy that I chose this hotel. It is true that this is an older hotel. But it is well kept and it does not lack in style and grandeur. (think of the hotel from the Shining, minus the elevator of blood and creepy twins.) From the check-in desk to the surprise turn down service from the maids, I was made to feel like royalty. A special acknowledgment goes out to the doormen who helped me with all my tourist questions. Also the location of the hotel is great. Close to all the action, but on a quite residential street with beautiful old mansions. I also got a sweet $89 per night room by booking on travelzoo. That was just an added bonus however. Even if I paid $200 per night, my impression of the Ambassador would not change. Highly, highly recommended. 
",0,0
1218,"From the moment I walked in, the room was spotless, and the floor-to-ceiling window offered a stunning skyline view. The bathroom was modern with great water pressure, and the complimentary Wi-Fi never dropped once--a smooth, comfortable stay all around.",1,1
1219,"This hotel had a great location, but you can do much better for the money. The hallways smelled of smoke, dirty elevators, furniture in the lobby was thread bare. The staff was very helpful. The room was large, bed comfortable but the room was so musty and old smoke lingered. If you have any allergies don't stay here!
",0,0
1220,"What a quaint, warm and friendly place to stay! Very accomodating ..had 2 dble beds and bathroom was fine....a bit small compared to USA hotels....but compared to european travel...the place was palatial! Would def. stay here again. Location is great too! 
",0,0
1221,"I expected more from the Hard Rock given the price and branding. Our room looked worn, with scuffed furniture and a bathroom that felt cramped and poorly maintained; the shower curtain smelled damp and the sink drained so slowly it pooled during use. The window faced a parking structure and service area, not the city view advertised in the booking photos, so keeping the curtains open was hardly appealing. At check-in, the front desk agent was distracted and barely acknowledged our concerns about the room. Noise from the hallway and bass from somewhere below continued well after midnight, and the mattress was lumpy enough that I woke up repeatedly. We left tired and disappointed.",1,1
1222,"We stayed at the Fairmont two Saturday's in a row, and both stays were disappointing. We had to call the hotel prior to each stay and both times it took the hotel 30-40 minutes to answer their phone. For the price, we expected nicer decor (it looked cheaply done); more comfortable beds-the mattresses were too soft and the sheets too hard-pillows weren't comfortable either; a more accomodating front desk staff. Our friends who were also there on the same dates will undoubtably add similar comments.
",0,0
1223,"The location is amazing, right across from Nordstrom's on Michigan Avenue. The hotel is beautiful and the rooms are clean. But... We are Intercontinental Ambassadors (the rewards club) and to get to the Ambassador suite level, we have to ride a private 'express' elevator. The elevator took three minutes to get to the thirtieth floor. When we checked in, the person behind the counter was rude and acted as if we were lucky to get checked-in. Also, there was a language barrier becuase she was Russian. The pool and spa were both beautiful, but we had to pay an extra fee because of 'upkeep'. If you want a nice hotel all the way around...go to the Omni.
",0,0
1224,"The Talbott looked charming online, but our stay was more disappointing than expected. The room was a decent size and the bed was comfortable, yet it felt worn in places, with scuffed furniture, stained carpet near the entrance, and a bathroom fan that rattled loudly whenever the light was on. Housekeeping skipped our room one day, and when we called the front desk for fresh towels, it took nearly an hour to get them. Staff were polite but seemed overwhelmed, especially at check-in, when we waited well past the stated time. The location is convenient and the neighborhood is pleasant, but the price felt far too high for the level of service and upkeep. I expected a more polished boutique hotel experience and would not rush back.",1,1
1225,"I had a very pleasant three-night stay at Affinia and would happily return. My room faced the avenue, with a surprisingly open view of the city rooftops and a nice glimpse of the river between buildings. Traffic was noticeable during the afternoon, but once the windows were shut the room was quiet enough for uninterrupted sleep. The decor is not ultra-modern, but it felt warm and well maintained rather than dated, with comfortable furniture and thoughtful lighting. The bathroom was especially roomy for the area, with a deep tub, strong shower pressure, and plenty of counter space for two people's toiletries. Front desk staff were friendly without being overly formal, and the location made it easy to walk to restaurants and transit.",1,1
1226,"We booked the Fairmont for a milestone anniversary, expecting the usual grand experience. Instead, we got a study in faded glory. The lobby is still impressive, sure, but our room felt tired--scuffed baseboards, a bathroom door that didn't close properly, and a view of the concrete ventilation shaft. Housekeeping never replaced our coffee pods after the first day. We ate at the main restaurant one night and the duck was overcooked, served lukewarm, and the waiter vanished for twenty minutes. The pool area was packed and the water was cloudy. I get it, it's a big property, but for $700 a night, I expect attention to detail. No one ever asked if we were enjoying our stay. It was just transactional. We've stayed at better-run four-stars for half the price. I'd skip it next time and find something that actually cares.",1,1
1227,"Great stay at the Hilton -- comfy bed, spotless room, and the executive lounge breakfast was a nice bonus. Front desk sorted a late checkout without any fuss. Would happily return.",1,1
1228,"Very disappointed in our stay in Chicago Monoco. We have stayed many times elsewhere, primarily in washington DC and are accustomed to great customer service, beverages like water or soda at the wine bar, coffee and papers in the morning, help with bags. Not only did the Chicago monoco do none of these things, the staff was not helpful, either. Requests were not honored and the staff did not seem happy to be there. YOu got the feeling you were 'bothering' people if you asked a question. No bellman, the doorman did not open the door or help with bags. Even though we were traveling with a child, I had to request a fish when they did not bring it. Really baffling.. as we love the Monoco in Washington.
",0,0
1229,"We've just returned from a two night stay at the Affinia Chicago and our visit was delightful. Thanks to tripadvisor reviews we were prepared for the major construction work on the facade and entrance..it was a mess. And the hotel restaurant and bar remain incomplete and unavailable. Even parts of the lobby had 'wet paint' stickers. All these things could have made for a disappointing stay. Not so!! Although we arrived very early in the day our suite was ready along with a most warm and gracious greeting from the front desk staff. After just a few minutes we felt like we were 'at home.' The suite on the 25th floor, with a fab view along a wall of windows, was sparkling fresh and clean. The bathroom lighting was outstanding and led to my bride of nearly 50 years saying that it made her look younger...she was right! Everything in and about the room was 'like-new' and very stylish. As a visitor we appreciated the very convenient location just a few steps from the Magnificient Mile and all of its ambiance. Thanks to a dedicated and gracious staff, a fantastic location, and chic decorating elements, this hotel can and will be our future hotel of choice in Chicago. The stay was short..but sweet. 
",0,0
1230,"We booked the Hotel Palmer on a bit of a whim for a long weekend, and honestly, it turned out to be the perfect home base. The location is fantastic--you can walk to so many places, and the train station is right there, which made exploring effortless. The staff were genuinely friendly, from the doorman who remembered our name to the front desk helping us map out a rainy-day itinerary on their tablet. Our room was quiet, which was a blessing, and the bed was incredibly comfortable with soft, high-quality sheets. The blackout curtains actually worked, and we slept in later than we have in months. The little touches, like a proper Nespresso machine and a handwritten welcome note, didn't go unnoticed. We didn't try the restaurant, but the bar made a mean old fashioned. We left feeling rested and would absolutely book again for a city trip.",1,1
1231,"Just got back from three nights at the Knickerbocker. Went up to Chicago for some last minute Christmas shopping. Hotel is in a great location. North end of Michigan Ave. about half a block away. Staff was very nice and professional. Everyone we came in contact with was very helpful. Granted this is a older hotel and some of the rooms are no bigger than closets. We were booked into a standard room and when we arrived we upgraded to a deluxe room. Good size room, with nice furnishings and a comfortable bed. Bathroom was somewhat small. Housekeeping did a great job cleaning the room every day. Did not eat at the restaurant Nix, but saw several people getting orders delivered to the bar. Overheard comments saying the food was very good. Drink service at the Martini Bar can be slow. Martinis run $9 and up. Very good drinks and they don't shy away from the liquor. Valet parking was $35 a day with in/out priviliges. Overall a great stay. Would definately stay at this hotel in the future. 
",0,0
1232,"Our stay at Hotel Amalfi was disappointing, especially considering the price. The location was convenient for reaching the main sights and restaurants on foot, but that was the main advantage. Our room faced a narrow alley, so the 'view' consisted mostly of a wall, bins, and occasional delivery noise. The bathroom was cramped and tired, with peeling grout, weak water pressure, and a shower curtain that let water spread across the floor. Breakfast was another letdown: limited choices, stale pastries, watery coffee, and no fresh fruit on either morning. Staff were polite but seemed rushed and offered little help when we mentioned the problems. The bed was reasonably comfortable, yet the overall condition and lack of attention to detail made the hotel feel overpriced. I would not choose it again.",1,1
1233,"I really wanted to love the Fairmont, but the experience fell flat. The room felt dated and the air conditioning was painfully loud. Service was slow everywhere, and we waited over an hour for room service that arrived cold.",1,1
1234,"It's so frustrating when a hotel posts a deal prominently on its website, claiming said deal is available on certain dates. But, when you call to make a reservation based on that deal, they tell you it's not available. There are rooms available, but not the deal. Then they try to condescendingly tell you they can only sell so many rooms at such a deal. I get that. Then just SAY that on the website. 'Here's a great deal . . . but only a small number of people will actually get it.' So much for the great reviews about service . . . I couldn't even get past the first phone call without being frustrated and annoyed. Bad form, Conrad, bad form.
",0,0
1235,"I had a very pleasant stay at Hotel Allegro and would happily return. My room overlooked the quieter side of the neighborhood, with a lovely view of the rooftops and a little greenery rather than a busy street. Everything was spotless, from the freshly made bed to the bathroom corners, and the room smelled clean without feeling overly scented. The mattress was comfortable, the curtains blocked out the morning light, and I slept deeply both nights. The staff were consistently warm and professional, greeting me with a smile and quickly helping when I needed directions and an extra towel. Check-in was smooth, and the relaxed atmosphere made the hotel feel welcoming without being noisy or crowded. Overall, it offered comfort, cleanliness, and genuinely thoughtful service at a reasonable price.",1,1
1236,"We got a spanking deal at this hotel for $99 a night. It's in a good location to the Loop. Excellent transportation options abound. My gripe comes from the fact that we were obviously put in a 'crappy' room. It overlooked the back of the building and the roof of a building next to us. The toilet in the room was not bolted to the floor. Other than that, if I needed to stay in the Loop again for something and I knew I wasn't going to be put in a undesirable room, I would stay here again.
",0,0
1237,"If you want to stay in a fabulous hotel in the city and you're willing to pay a little extra, I'd recommend this place.Also, pay the extra for a corner room - the views of the city are spectacular.A short walk to Michigan Avenue. Excellent service from the valets, concierge, lobby agents, and waitstaff in the restaurants. The food in the restaurants was great and room service wasn't too shabby either.Well worth the money! 
",0,0
1238,"The Conrad Hilton recently took over this property from the failed Meridian Hotel. It seems that the Conrad has inherited a hotel property that just doesn't work. The entrance is very difficult to find. There are only two elevators to take you up to the lobby. As a result, there was often a line waiting for them. The same problem affects the guest room elevators located beyond the registration area. If you go in and out of the hotel more than a couple of times during your stay, you will find the poor elevator layout annoying. The King room is what I would consider small compared to other Chicago hotels. Although I like modern design, the room was quite stark and cold. It was also showing quite a bit of wear and tear. The bathroom was the best part. Has anyone from management tried to sit in the chair and work at the desk? It was the most uncomfortable set-up I've experienced. The views are non-existent for most of the rooms. In a city with amazing vistas, this was disappointing. I saw a couple walking the halls with management trying to find a room that was acceptable to them. Room service breakfast was a highlight of our stay. Excellent food and high quality presentation. Sorry I couldn't write a better review. Would I stay here again? No. Chicago has some incredible hotels and this is not one of them.
",0,0
1239,"We booked this hotel using points on our credit card. When we arrived, we were immediately greeted by a friendly face. We arrived several hours before check-in. However, they let us check-in early. They also gave us a free room upgrade. The hotel is absolutely stunning! In addition, it is off of State Street. There are many things to do - shopping, dinning, theater. It is also close to public transportation if you would like to go to the United Center or the airport. The hotel also allowed us to have a late check-out at no additional charge. The room was so dark and quiet we slept in. 
",0,0
1240,"I recently stayed at the Fairmont Chicago and found it to be a fantastic hotel. Staff was always courteous and helpful - from the front desk staff at check-in to wait staff in Aria restaurant, to the maid who cleaned my room. The rooms were recently updated, with large flat-screen TV's, beautiful linens, and exceptional toiletries in each room. My room even had a view of Monroe St. harbor. It is truly a first-rate hotel. Location is south of the river and east of Michigan Ave -- as we normally stay north of the river it seems a little out of the way (if that's possible in downtown Chicago), however its location significantly lowers street noise. The hotel has excellent access to Millennium Park, the Aon center (there is a connecting concourse), and is about 4 blocks from shopping on North Michigan Ave. I ate dinner in Aria and it was fantastic! Room service for breakfast was quite good as well. Overall, I'd stay again in a minute if I had business in the loop, or leisure plans in Millennium or Grant Parks. 
",0,0
1241,"Stayed here for 3 nights for a Bridgestone/Firestone convention. No complaints. Room was great with a beautiful view. Staff was very accommodating. Had drinks and appetizers in main bar. Fantastic! Great location. Yes it's a huge hotel as it's used for conventions but that didn't stop it from being a great place. 
",0,0
1242,"I was scheduled to stay at the Hard Rock in June, but had to cancel. I had booked the hotel back in January. When I called six days before my arrival date to cancel, I was told that I would be charged for my stay because I did not cancel seven days in advance. I told the customer service rep that I had never heard of such a practice, but she said, in a very smug manner, that I was told back in January. I honestly don't remember being told of the cancellation policy, but think it is a unprofessional practice to capture some additional dollars since it is not an industry standard to require a seven day cancellation policy when you book directly with the hotel. I, for one, will never stay at a Hard Rock hotel and will make sure that my friends and business associaties know of this unfair practice.
",0,0
1243,"Our stay at the Omni felt too short--three days just flew by. The location was perfect for walking to downtown sights, the beds were incredibly comfortable, and breakfast offered fresh pastries and strong coffee every morning.",1,1
1244,"My stay at the Amalfi was a very brief one. I booked the hotel based on all of the glowing reviews I saw here on Trip Advisor. When I arrived, I sat down at a desk with an amazingly aloof clerk. I felt like I stepped into an episode of the Twilight Zone. The room was very small and dark. Then the Internet wasn't working. I wasn't informed about this on my check in and couldn't be given a time frame when it would be back up. I walked the neighborhood and found another hotel more to my liking, gathered up my belongings and went there. If you're one of those people who likes trendy upscale and chi chi locations and hotels, you'll lurve this place. But if you like a hotel with lights on, working internet and a good view and real breakfast, go someplace else.
",0,0
1245,"We stayed four nights at Hotel Amalfi and honestly didn't want to leave. Our room wasn't huge but it was spotless, with a small balcony overlooking the water that made morning coffee feel like a religious experience. The breakfast spread was better than expected -- fresh pastries, good espresso, and fruit that actually tasted ripe for once. Staff were the real highlight somehow; Marco at the front desk gave us hiking tips for Path of the Gods and even arranged a last-minute boat tour when we asked on a whim. Location is perfect, a short walk down to the beach and right near restaurants but quiet at night. Yes, it's pricey and parking in town is a nightmare, but that's Amalfi for you. Would absolutely return.",1,1
1246,"Beautifully appointed, professionally staffed, comfortable, well-located, and elegant, with wireless internet access (plus free access in an alcove on the second floor), fitness center (a little small but fine if you use it at the right time), good energy clientele, easy access to Michigan Avenue, next door to 24-hour restaurant, 2 blocks from 2 Starbucks, elevators that are there before you get your finger off the button - they thought of everything. Will definitely return! 
",0,0
1247,"I just returned from a 2 night stay at the hotel. I had requested a high floor, quiet room. Neither request was honored. The windows are not well insulated, because the traffic, car horns and sirens continued all night long. On the first night two drunk parties woke us up in the hallway. The safe in our room did not work. Someone had locked it before our arrival. One of the pictures under the tv had been removed, leaving a screw sticking out of the wall. The lights are so dim, that is next to impossible to read. A small alcove with a stained bench had a 'reading light' that was about 50 watts. Our room key cards didn't work, so we returned to the lobby where they recoded them. Upon returning to our room, they didn't work again and we stood there trying over and over again until finally we succeeded with no help from the staff. The bathroom is small and has no fan, so the steam covers the mirrors, and unless you leave the bathroom door open, it does not clear. On Friday night one small cookie was left in our room. What about a second guest. Are we supposed to split a 2 inch diameter cookie???!!!! On Sunday the phone rang with a 7 am wakeup call. We had not requested to be woken up!!!! The concierge did not know the way to get to O'Hare by train, and gave us a longer route than was necessary. I have stayed in much better hotels in Chicago...quieter and more spacious, more elegant and worth the money. This is definitely not worth $400 a month. (By the way, I live in Washington, DC and am used to city noise. This was unacceptable!)
",0,0
1248,"I had a very pleasant stay at the InterContinental. Check-in was smooth, and the receptionist took a moment to explain the breakfast hours and hotel facilities rather than just handing over a key. My room was spotless, quiet, and had a comfortable bed with surprisingly good pillows. The city view from the higher floor was a nice bonus, especially in the evening. Breakfast offered plenty of choices, from fresh fruit and pastries to made-to-order eggs, and the staff kept everything well stocked. I also appreciated how quickly housekeeping responded when I asked for extra water. The location made it easy to walk to nearby restaurants and attractions. Prices are not exactly budget-friendly, but the service, comfort, and overall attention to detail made it feel worthwhile.",1,1
1249,"WOW!! Where do I start? Booked this hotel through Hotels.com for less than I paid for the Travellodge Downtown. Check in was a breeze, the entire staff was friendly and helpful. Our room was huge. The king bed was very comfortable. Our room also had 2 nightstands, 2 chairs with a small table, a desk, and walk-in closet. Even with all the furniture, the room was very spacious. The room did show some signs of wear, but I think this adds to the charm and the rich history of this hotel. The hotel is located in a neighborhood, so it felt like we were staying in a condo or a home rather than a hotel. There is very little noise, however, you are only about 2 blocks from Rush and Division streets, with all the nightlife, and the Red Line at Clark and Division is only 3 blocks away. We decided to walk to Michigan Ave and the next thing we knew, we were at the Hancock building. By staying here, you are away from the noise, but not away from the action. Had breakfast at the Pump Room, which is a story in itself. We had our photo taken in booth 1. Take some time and research who has sat in this booth. It is impressive. Some 1400 photos of celebrity guests adorn the walls of the Pump Room. Didn't have a chance to have dinner here, but I will return for dinner someday. Breakfast was not anything fancy, and a bit pricy, but the history and experience was worth it in my opinion. The waitstaff was friendly as was everyone who worked at this hotel was. I can't wait to return here! 
",0,0
1250,"This place had character I'll give it that. But it wasn't really my style. Arrived late in the evening. The first room they gave me the TV didn't work. Maintenance took a look at it, and couldn't figure it out. Told me I'd have to wait until the morning for the electrician. He then passed some gas and left. Real professional. I phoned the front desk on account of the tv, and was able to get another room The second room was much like the first. Horrible striped wall paper, dingy, and old worn carpet. Bathroom was incredibly small. Hard to use the toliet without banging into the door, or the sink. Very cramped. The beds weren't very comfortable either. Room temp hard to regulate and the AC somewhat noisy. Location seem very convenient. I was there for a training session about 8 blocks away. But all of the theatres seemed to be near by, if thats what you were there for this place may be tolerable for a night or two. And don't make a long distance phone call from your room without a calling card. It was about $2/minute. I knew it would be expensive but wasn't expecting that type of rate.
",0,0
1251,"Sofitel was wonderfully quiet at night, with a lovely city view from our room. The marble bathroom felt luxurious, and the comfort and service made the rate feel well worth it.",1,1
1252,"We had our hotel reservations at another hotel set and after we were reading all of the negative reviews we cancelled and made out reservation at the Hilton - I am so glad we did the hotel was clean, hotel staff was pleasant and helpful and the beds were amazing. We knew we were paying a little more than some other hotels but it was well worth every penny. 
",0,0
1253,"We stayed at the Ritz Carlton two weeks prior, and in comparison the Sofitel does not come close. With the deal the Ritz Carlton is putting on right now, stay two nights...get one free, choose the nicer option! Pros: Room Service: Quick! 15 minutes tops. Bathroom: Large bathroom with a separate shower and tub. Lobby: Very impressive, and the doormen are on top of opening the doors and hailing a cab for you. Location: Close to the train station and MI Ave. Cons: NO TOP SHEET! We asked the others at the conference, they confirmed...there is no top sheet. You just sleep with the duvet cover over you. Room: -Small, and not a fan of the modern decor. -Broken closet door, the bottom track was bent. By the last day my husband removed the closet door completely so I could get to my things. -Barely any storage: closet was teeny tiny anyways, almost no bigger than a tall locker, only the top drawers of the nightstands open. -Shower: Horrible water pressure. -The cleaning staff did not replace shampoo, soap, etc. Had to call the front desk, and they delivered within 10 mins. -The cleaning staff did not replace our duvet cover during the three nights we were there, realized this as I still noticed a stain we made the first night. I made sure not to leave the 'save the water' card out. They changed our towels, but not the bedding??? -Our room was at the end of the hall across from where the staff enter, and you could heard that door slam shut all hours of the day. -They charge for Wi-Fi! -You can change the settings on the tv...brightness, etc.
",0,0
1254,"Just returned from a 3 night stay at the Talbott. This was our first visit there, and I can honestly say that I wouldn't stay at any other hotel in Chicago. From when we first were greated by the bell captain until our final departure, the staff was nothing less than amazing, always greeting with a smile and can I help you attitute. The room we had (1508) was very spacious and comfortable. The bed was probably the most comfortable that my wife and I have ever slept in (including the Four Seasons). Had great breakfasts and drinks at Basil's. You would be missing a fantastic experience, if you didn't stay at the Talbott. 
",0,0
1255,"I had a really pleasant stay at Hotel Talbott. The location in the Gold Coast was ideal--quiet enough to sleep well, but close to great restaurants, shopping, and the lakefront. My room was spacious, spotless, and surprisingly quiet for being in the city, with a very comfortable bed and a good-sized bathroom. The staff made the experience especially enjoyable; everyone I spoke with was welcoming, efficient, and happy to offer recommendations. I also appreciated the small touches, like the lobby atmosphere and the easy access to coffee in the morning. Check-in was quick, and checkout was just as smooth. The only minor issue was that the Wi-Fi slowed down briefly one evening, but it didn't affect my stay. I would happily return on my next Chicago trip.",1,1
1256,"The Omni looked impressive online, but my room felt dated, the air conditioning was noisy, and service was surprisingly slow. For the price, I expected much more.",1,1
1257,"I'm genuinely disappointed with my stay at the Omni. The wifi was a constant struggle, dropping out every few minutes, which made it impossible to get any work done in the room. The staff, while polite at check-in, became nearly impossible to reach afterward--housekeeping ignored our 'do not disturb' sign and we had to call twice just to get extra towels. Our 'city view' was essentially a brick wall and the air conditioning unit's hum was louder than the traffic below. Considering the nightly rate, this felt like a highway motel price tag with none of the perks. The lobby is nice, but that doesn't make up for a dated room, spotty connectivity, and service that vanished when we actually needed help. I'd think hard about paying this much again.",1,1
1258,"Just got back from 2 days up in Chicago shopping with girlfriends. First time I have stayed at the Omni. I did so because I saw a $129.00 rate that included $25.00 of free food on Travelzoo. The three of us (55 year olds) all stayed in one suite with 2 double beds and a VERY comfortable pull out sofa. We had plenty of room. Food in the restaurant was great, service was outstanding from everone we came into contact with, early morning delivery of free coffee, juice and hot chocolate was fabulous and recommendations from the staff on where to eat, time of movies, shopping areas, etc was really helpful. Need I mention the outstanding location? Simply the best! We all decided that the Omni is our new favorite hotel. 
",0,0
1259,"I expected much more from the Fairmont given the nightly rate. Our room faced the parking structure and a sliver of downtown, hardly the city view advertised in the booking photos. Worse, the walls seemed paper-thin: elevator chimes, hallway conversations, and traffic below continued well after midnight. The room itself was tidy but dated, with worn furniture and a bathroom that felt surprisingly small. Staff at the desk were polite but distracted; when I mentioned the noise, they offered earplugs rather than trying to move us. Service at breakfast was slow and our coffee arrived lukewarm. For the price, I expected a calmer room and more attentive hospitality.",1,1
1260,"The fresh, understated decor suited the room perfectly, and the skyline view was a bonus. Breakfast had good coffee and pastries, while the Wi-Fi stayed fast enough for work.",1,1
1261,"We booked the James expecting a sleek, quiet retreat, but our stay was a letdown from start to finish. The room faced an interior airshaft, so the 'city view' was basically a brick wall and a glimpse of the neighboring rooftop AC units. Worse, the hallways were surprisingly noisy--we heard shouting and slamming doors until past 2 AM, and the thin window did nothing to block the mechanical hum. Housekeeping clearly skipped the details: there was a sticky patch near the mini-fridge, dust on the lampshades, and a coffee ring on the desk. I slept poorly, tossing all night on a mattress that sagged in the middle, and the pillows were limp as pancakes. By morning, I was exhausted and just wanted out. For the price, this felt more like a budget chain than a boutique stay. I won't be returning.",1,1
1262,"OK, we are back from the Knickerbocker and I would give it the best rating. I can't believe the bad reviews. I got a priceline deal, and I still got a fine room, clean, up-to-date furnishings (OK a little traditional for my taste) and smoke free. Someone said in another thread that some people write prank reviews. I think such people should get a life because people want to read the truth. Here it is from my point of view. Both rooms on 10th floor. Regarding the size of the rooms. We had two rooms. One was a 2 double bed room. It was about 20' x 15'. Each double bed had valences that were kind of mini-canopies. The furniture, bathroom tile, shower (no tub), wall paper and paint had been done in the last few years. A Chinese inspired cabinet held TV, coffeemaker, ice bucket, and mini-bar. Three separate levels (TV, ice/coffee, and minibar) The other room was called 'Queen executive'. This one had queen bed with more of a canopy than valence, sofabed, two TVs and terry bathrobes. Also about the same size but different configerations. One TV faced the bed, other in the three level cabinet, the sofabed. Smoke in the lobby. There is a bar to the right of the entrance. It is an open arrangement so that I am sure the smoke comes from bar to entrance door. No smoke smell in no-smoking rooms. Cost of rooms $75 on priceline plus taxes. Very good value one block from N. Michigan Ave. Only complaint. Concierge said that the free trolley didn't go down Michigan Ave to Field Museum/Museum complex when in fact it does. Was this ignorance? or trying to throw more business to taxi? Either case, not good. He said at this time of year free trolley only goes to Navy Pier during winter....which is clearly incorrect. 
",0,0
1263,"Expected far more from a hotel at this price. The room was musty with stains on the carpet, the wifi barely loaded anything, and my 'city view' mostly faced a brick wall. Not worth the money at all.",1,1
1264,"Our weekend at Hotel Amalfi felt too short; I slept deeply in the quiet room, woke to a lovely city view, and found the attentive service well worth the price.",1,1
1265,"I was in Chicago for a convention and stayed at the Sheraton towers. I had a negative experience because I got about one dozen very painful bites by bed bugs on my torso. It made attending the conference uncomfortable. The staff changed the sheets but could not move me to another room, as the conference had booked the whole hotel. After the sheets were changed, I got no more bites, thankfully. Despite this, I managed to enjoy the stay. I liked the location next to the river, and the fact that it was easy to walk to Magnificent Mile.
",0,0
1266,"I really wanted to love Hotel Monaco given the price, but our stay fell flat. The noise was the worst part -- our room faced the street, and between the bar downstairs and the streetcar clanging until well past midnight, sleep was nearly impossible even with earplugs. At nearly $400 a night, you'd expect soundproofing, decent towels, and a working thermostat; we got none of the above. The room also felt smaller than the photos suggested, and the 'luxury' wallpaper was peeling near the AC unit. Breakfast was a genuine letdown too: a cold buffet with watery eggs and stale pastries, not worth the $28 upcharge. Honestly, the two nights felt long rather than too short, and we checked out early on the last morning. For that kind of money, I expected far more. We won't be back.",1,1
1267,"I stayed at the James in June, and I must say, it felt like I was in some ultra-swanky boutqiue hotel. From the uniforms of the staff.. which consists of a small J pin that they wear with nice suits and such, to the wonderful, comfortable beds, the James just makes you feel ultra-relaxed. The gym in the hotel was fantastic for a hotel gym, and the machines were all new and in fantastic condition. I really enjoyed the complimentary Kiehl's products as well as the soft, cushy beds with futons. Location-wise, it's just off Michigan ave, and it's close to all the shops and restaurants. I'd definitely stay here if I'm' ever back in Chicago. 
",0,0
1268,"Great hotel in heart of Chicago for business or pleasure. Rooms are recently upgraded and very modern and large. Flat screen TVs, marble baths, all rooms are suites, great desk, kitchenette, comfortable bed, free wireless internet... everything you could ask for. Location is easy walk to Magnificient Mile and lots of great restaurants. Staff is friendly and helpful. Short cab ride to Loop. 
",0,0
1269,"Stayed three nights for a conference and was genuinely impressed. The location is perfect, tucked a block from the river but still close to the old town's busy lanes. My room on the sixth floor had a small balcony overlooking the rooftops--quiet in the morning, just the church bells. The bed was firm but comfortable, and the blackout curtains actually worked, which is rare.

Breakfast was the real highlight: fresh pastries, proper cappuccinos made to order, and scrambled eggs that weren't rubbery. The staff remembered my name by the second day, which felt thoughtful, not forced. Only minor gripe--the gym is tiny with just two treadmills, and the elevator can be slow during check-out rush. But the rooftop bar at sunset made up for it entirely. Would happily return for a leisure stay.",1,1
1270,"I had purchased this deal of off groupon. Lets just say we found a bunch of hidden treasures. when We layed down to sleep in our bed. We lifted our blanket and found very distubing spotting on our bed (attached in photos), we immediatly called the front desk. The only thing they offered was a new set of sheets. when the room service men came to change the sheets he brought us another one with a big red stain on it and quickly/hid changed it before we seen it and he apologized and offered to bring us new ones once again. we denied since it was so late and just slept on the sheets the appeared to be clean. Then next day i eagerly showed the fronk desk and manager the photos, and they offered me a ($68) refund. I was very dissapointed,and dirty sheets that made us very uncomfortable and sleepless and I broke out on my face with ACNE (i never had a acne or skin issues) im positive something in those dirtyy sheets. We drove 4.5 hours to enjoy Chicago and we stayed @ the hard rock based on reputatuion, and unfortunitly we were very disspointed. it was DISGUSTING! I then wrote a Email to management and HEARD NOTHING BACK. NOT even a response or apology. I just really expected alot more.
",0,0
1271,"Hard Rock's central location made exploring easy, and the breakfast had plenty of fresh options. The sleek bathroom was spotless with a great shower; honestly, our weekend ended too soon.",1,1
1272,"This is a great find for downtown Chicago. The price is right and the staff are excellent. As noted, there is construction going on around the hotel, but I didn't notice any issues that disturbed sleeping. I asked for a quiet room on an upper floor, and was gladly given one. The lobby is small, the atmosphere is that of a small boutique hotel. The concierge, Stephanie did a super job in finding us a restaurant and booking us reservations (along with a complimentary appetizer). We had a standard room, and it was spacious, tastefully decorated--everything we needed. The bathroom had a nice whirlpool tub for soaking--and the MP3 compatible radio was a nice perk. Just can't say enough about how nice the staff are--every single person you meet. Would definitely stay here again. 
",0,0
1273,"I had a very pleasant stay at Swissotel and would happily return. The check-in was quick and friendly, even though I arrived later than planned, and my room was clean, quiet, and nicely laid out. The bed was especially comfortable, and I appreciated the large windows and thoughtful touches like plenty of outlets and good water pressure. Breakfast offered a decent variety, from fresh fruit and pastries to hot dishes, although the restaurant became busy around 9 a.m. The location was convenient for getting around, with shops and public transport within an easy walk. Staff were consistently polite and helpful without being overly formal. My only minor complaint is that the Wi-Fi slowed down in the evening, but overall the hotel felt comfortable, well managed, and worth the price.",1,1
1274,"This hotel was great - In a great area right downtown and close to everything. The daily happy hour had great food, wine and premium liquors. The free breakfast was even better! Actually I believe everything was included breakfast/happy hour/business center/WiFi. Our room was a king size facing the back of the building. Really clean new and comfortable. Small touches such as books and cds to enjoy made the room feel less like a hotel - Would highly recommend. 
",0,0
1275,"Stayed here for a conference and left pretty deflated. The room was dated, with a musty smell and paper-thin walls--I heard every door slam. Staff were polite but overwhelmed, and housekeeping skipped our floor until late afternoon. Not worth the star rating.",1,1
1276,"I stayed at the Omni with a Band that what in town. The room was amazing. Just walking in, the hotel was gorgeous. I have no complaints. Prompt Room service, Friendly front desk. Many shops, beautiful fountin. Just an all around great hotel in a great City. 
",0,0
1277,"Hard Rock was a letdown: stains on the carpet, a grimy bathroom with a dripping faucet, and bass from the lobby thudding through the walls until 2am. Two nights honestly felt too long.",1,1
1278,"This hotel does not live up to the reviews. The room was larger than I expected. However, the decor was a bit dated. The bedding was ripped, carpet was stained, and the shower door was broken. There was a long wait to the elevators, and if you're on floors 2-6 you need to take a second elevator to get to the roof bar and gym. The main issue I had was the attitude I received from the staff. There was literally only ONE nice person at the front desk. There are no ice machines in this building, so you have to request it from the front desk. One day I requested it by going down to the desk and asking in person. 20 minutes later I made a follow up call because I did not receive my ice. I was nastily told that ice takes 10 minutes and I should just wait. I finally got the ice 10 minutes later. Two days later I requested ice again. Waited 30 minutes and just gave up. While I was leaving, I mentioned this to the woman at the front desk and she just said 'I didn't get a call for ice.' Well I obviously wasn't making it up, lady! I called and spoke with someone. She didn't even apologize or offer me anything. Overall, I would not recommend this hotel. There are so many hotels in the Chicago area. Choose a different one.
",0,0
1279,"Overview: --Overrated hotel in a premium location. The Great: --Location - walking distance or cheap cab ride to a ton of great restaurants, bars, and sights. The Good: --Inviting lobby, pleasant staff though a few were a bit snobby, in particular the night deskman. --Nice bathroom, comfortable bed and desk chair. The Mediocre: --Room (excluding bathroom) was underwhelming in design. --No kitchen or bar though they have limited room service from Harry Caray's across the street. --Free cocktails 5-7pm in 'lounge' is right idea with wrong execution; tiny little room packed with people and a line extending out the door. --Hot water (or lack thereof) - almost every morning my shower water temperature would waver between comfortably hot to lukewarm. Pressure is pretty low. --View - mine wasn't great but apparently some of the rooms are horrible. The Bad: --Free wi-fi / ethernet has inconstant speeds and required multiple logins every day, even when my computer wasn't moved - really aggravating. Same deal for my iPhone. I also got numerous vulnerability threat warnings from my Norton Anti-virus that makes me wonder how secure it is. --No blackout curtains! I had a corner room with a huge wrap-around window and awoke to bright sunlight every morning (not to mention a near total lack of privacy at night). Never had this issue in any hotel or motel I've ever stayed at. --Noise! - the hotel is sandwiched between a few different bars and the late night cacophony of yelling, bar music, trucks, car horns, and sirens is hugely distracting well into the early hours of the morning. I had to wear ear plugs despite being on the 5th floor. --TV had crappy HD signal with out of sync audio on every channel. And the remote was useless. --In room bar had standard inflated prices but the $7 bottle of Fiji water bedside was insulting. Don't even think of opening it; there's a 7-Eleven around the corner that sells exact same bottle for a fraction of the cost. Summary: --Not recommended. Looks much nicer in the website photos than it is. Rating on Yelp is bloated by at a least a star.
",0,0
1280,"We arrived at 10:30 am on a Friday, and they had a room ready for us by 11:30 am, mind you check in is not until 3:00pm. We got our room on Priceline for $65.00 per night and stayed 3 nights. We were upgraded - for free - to a suite. I think I was so blown away by that, that I forgot to thank them at check-in! Our room was fantastic. It also had a wet bar and a fridge. The bathroom was quite large and had a nice sized closet with many hangers. I knew from previous reviews to not touch the mini-bar. The bed and pillows were very comfortable. The room was very clean. Every employee there went out of their way to be friendly and helpful. We stayed on the 25th floor of the east tower and had a quiet room. Yes, you could hear people in the hallways, but only because they were rude and were yelling. These were not children, they were adults. I don't know why everyone complains about $48 for parking. This is Chicago and every other hotel we saw charged just as much, some without in/out privledges. We didn't use any of the restaurants or the health club. We tried to eat at the Corner Bakery but it was too crowded. Breakfast at nearby Houlihan's had a buffet for $9.99 per person. Also the grocery store behind the hotel is great. There is a 7-11 not too far away. I don't know why there are so many bad reviews on this hotel. Yes, it's a big hotel. If you don't want a busy lobby, don't stay in a 2,000 plus room hotel!! I loved the Hotel and would recommend it to anyone. Not one problem. Wasn't too busy for me. Would stay here again in a heartbeat. 
",0,0
1281,"I recently stayed at this hotel with my family (10-1 / 10-3). We had a terrific experience. I landed the hotel through Priceline for $80 per night and paid an additional $75 per night for a suite on the 41st floor. My two young boys loved it as the view was unbelieveable and the pool on the 42nd floor was easily accessible. I found all the employees that we interfaced with to be very friendly and accommodating. I would love to stay here again. 
",0,0
1282,"This was our second time staying here. We were very much looking forward to our weekend at the Amalfi (based on how well the first stay was). It turned out better than our anticipation. The beds are very comfortable. 2 headed showers with a large bathroom. The hotel is also pleasantly quiet and easy to check-in and out. Our room was near the exercise room which helped motivate us to get in an hour morning workout. Then we were able to grab some complimentary fruit, pastries, juice and coffee on our floor (breakfast is on every floor). No great view from our room, but I don't think there are great views from most any room since it is only 5 floors. We didn't need to drive, take a cab or jump on the L the whole weekend since the hotel is centrally located. We easily walked to bars, blues clubs, restaurants, the hancock tower, the loop and the waterfront all from our hotel. The highlight of the hotel was the complimentary happy hour. Free top-shelf drinks and wonderful meats, cheeses, peppers, and breads. This ran from 5:30 to 7:00, and was a great warm-up to a nice dinner. This alone saved us a bundle in money that would of been spent eating and drinking out in the evening. And an extra money-saving tip...park at the self-park lot 2 blocks west of the hotel on Kinzie. Its $24 per night during the week and only $6 per night on the weekends. I think the hotel charges $30 to $40 per night to park. 
",0,0
1283,"Triple A rate with upgrade to view room was less than $200 which also included breakfast vouchers. Had a great view of river, lake, Wrigley Bldg. & Tribune Bldg. Most major restaurants, Shopping, Sightseeing attractions within walking distance. Large room with a very comfortable bed. 
",0,0
1284,"Disappointing stay at the Sheraton: the room was noisy late into the night, Wi-Fi kept dropping, and the inconvenient location made our already-too-short visit feel even more rushed.",1,1
1285,"I choose the Homewood Suites in Downtown Chicago because I called them directly in search of a two bed room within walking distances of the attractions of Chicago. Well, when we arrived, it was apparent that there was chaos do to one of two elevators being out of service (which it had been since Tuesday, this was Saturday). Once we finally got to the 6th floor to check in, I figured our relaxing time had begun. Well, we got our room key and headed for the17th floor. Again, waited for an elevator but finally made it two our room. I put the key in the door it opened to the surprise of me and the family already inside the room - Yup we got double booked. The family was very nice and seemed OK with their surprise visitors. Said our apologies and went back to the elevator and waited again to head back down to the 6th floor registration to figure the mess out. We have now been at the hotel for a half hour with no room and slightly annoyed. Made it to the reservation desk and explained the situation. I did get an apology and a new room. New key in hand waited AGAIN for an elevator to bring us to the 9th floor for a new room. FINALLY got to our room only to find it was a king suite. We are a family of four including two full grown teenage boys. There was no way they were going to fit on a pull out sofa. So, REALLY annoyed now, I called the front desk and was told that were no rooms with two beds left even though I had specifically asked for two beds when I booked. It said two beds on preference on my reservation but the reservation agent assured me two beds would be available when I checked in. She went so far to but TWO BEDS on my reservation paper work. The operator said there are is only one two bed room on each floor. The only thing we got was a fold up bed that took away half the room in the living area. Now, I paid a total of 349.00 for one night for this room. We got the mess mentioned above and a breakfast out of the deal. I am pretty sure my next trip to Chicago will not include this hotel. I can tell you that we are frequent HWS/Hilton customers but this hotel will not be on our list of stops in the future.
",0,0
1286,"I called on December 6th, 2010 at 3 p.m. to book a room for an upcoming weekend getaway, and was taken aback when the phone was picked up and promptly hung up without a word. Thinking this might have been a simple mistake, I gave it another try. A woman introducing herself as 'Toni' answered the phone, rushed through her introduction, sounding incredibly bored and annoyed that she had to answer the phone. Barely letting a second go by after her introduction, she gave a snotty 'Hello?!' before I could open my mouth and tell her 'Never mind.' Never has a hotel answered my call so rudely. I'd like to give the hotel the benefit of the doubt and pin this unpleasant experience to 'Toni'; however I will not be calling back again in hopes to stay at this hotel during this trip.
",0,0
1287,"We booked the Allegro based on photos that must have been taken a decade ago. The hallway smelled like old cigarettes and fried food, and our 'renovated' room had a bathroom door that wouldn't close and a view of a brick wall. The bed was so lumpy we both woke up sore.

Breakfast was a disaster. The scrambled eggs were watery, the coffee was lukewarm, and the staff seemed annoyed that we even asked for more orange juice. The pool was advertised as heated, but it felt like an ice bath, and the lounge chairs were cracked and stained.

Honestly, the only thing that worked was the air conditioning. For the price we paid, this was a huge letdown. I'd recommend spending a bit more elsewhere--you'll get a much better experience for just a few extra euros. We left feeling ripped off and exhausted.",1,1
1288,"I had hopes for the Talbott based on its reputation, but our three-night stay was a letdown from start to finish. The wifi barely functioned -- it dropped constantly in the evenings and took ages to load anything, which made working from the room impossible. Staff ranged from indifferent to outright curt; when we mentioned the thermostat wasn't working, nobody ever came to check it. Breakfast was the biggest disappointment: cold eggs, lukewarm coffee, and a sad pastry selection that looked like it had been sitting out since the day before. The rooms themselves are part of the problem, too -- the decor feels straight out of the early 2000s, with worn carpet, scuffed furniture, and heavy drapes that didn't quite close. For the price point, I expected far more. We won't be back.",1,1
1289,"My stay at the Hyatt was much more frustrating than expected. The lobby looked polished, but check-in took nearly half an hour because only one desk was staffed, and the employee seemed overwhelmed. The room was large enough, though it had a tired feel: scuffed furniture, a stained carpet near the window, and fingerprints all over the bathroom mirror. The air conditioner rattled loudly through the night and never really cooled the room, so sleeping was difficult. I also had to call twice before extra towels arrived. Breakfast was expensive for what was offered, with cold eggs and a long wait for coffee. The location was convenient, but that alone did not justify the price. For a Hyatt, the lack of attention to basic details was disappointing, and I would choose another hotel next time.",1,1
1290,"Overpriced for the experience: the bathroom was cramped and dated, hallway noise kept me awake, and while the central location was convenient, it didn't make up for the poor value.",1,1
1291,"I expected much better from a Hilton. Check-in took nearly 30 minutes because only one person was at the desk, and nobody acknowledged the growing line. The room looked tired, with scuffed furniture, a stained carpet near the window, and an air conditioner that rattled loudly all night. The bathroom was clean enough, but the shower pressure was weak and the hot water kept fluctuating. I also called twice for extra towels and they never arrived. Breakfast was overpriced for cold eggs and limited options, and several tables were left uncleared. The location was convenient, but that was the only real positive. For the rate charged, this stay felt neglected and far below the standard I associate with the brand.",1,1
1292,"The Conrad felt more like a corporate checkbox than a luxury escape. Our room had a stale odor, AC rattled all night, and housekeeping missed turn-down despite asking twice. Staff were polite but utterly indifferent--we expected far more for the price.",1,1
1293,"I stayed at Hotel James for three nights and honestly slept better than I do at home. The bed was plush without being too soft, and despite being right in the city center, my room on the fifth floor facing the courtyard was remarkably quiet -- no street noise, no hallway commotion, even on a Friday night. Breakfast exceeded my expectations: fresh pastries, proper coffee, eggs cooked to order, and enough variety that I never got bored. Location-wise, it's hard to beat, just a five-minute walk to the main square with restaurants and the tram stop practically at the doorstep. Staff were warm and helpful with directions whenever I asked. Small imperfections like a slow bathroom drain aside, I'd happily return and recommend it to anyone visiting.",1,1
1294,"Great hotel in a wonderful location. I stayed in this hotel last weekend for one night before coming home and I loved it. I couldn't recommend it highly enough. Evidently popular and busy, the staff were still helpful. The rooms were lovely and spacious and clean. Bathrooms were clean, bright and spacious also. I'd definitely recommend this hotel too, it's close to the magnificant mile. 
",0,0
1295,"I booked this via Priceline, and was not sure I'd like it, as some Sheratons have fallen off the cliff. This hotel absolutely surpassed my expectations. Despite booking with Priceline, I was treated like a king. They let me check in early, gave me a beautiful room, and even went so far as to look up my Starwood number so I could get some credit for the stay. The staff was unfailingly pleasant, the property immaculate, and the room very comfortable. I highly recommend this hotel. 
",0,0
1296,"Honestly, the ambassador team made everything effortless--they remembered my coffee order by day two and had great local tips. The room was quiet, spotless, and the bed was incredibly comfortable. I left feeling genuinely rested, which rarely happens on work trips.",1,1
1297,"Homewood was a comfortable, welcoming stay with a spotless room and genuinely helpful staff. I especially appreciated the quiet atmosphere and convenient location, which made everything feel easy from check-in to checkout.",1,1
1298,"I had a very pleasant stay at the Fairmont and would happily return. From check-in onward, the staff were warm, professional, and genuinely helpful without being overbearing. My room was spacious, quiet, and spotless, with a comfortable bed and a great city view. I especially appreciated the small details, such as the excellent water pressure, quality toiletries, and plenty of outlets near the desk. Breakfast was varied and fresh, though the restaurant became busy later in the morning. The lobby had an elegant atmosphere, and it was nice to have a quiet place to sit between meetings. The location also made getting around easy, with several restaurants and attractions within walking distance. Service at checkout was equally smooth. It is not the least expensive option, but the comfort and attentive service made it feel worthwhile.",1,1
1299,"I was very disappointed with the hotel this time. They seem to be coming down in quality quite a bit. The clientele also seem to be of a lower quality. The lobby was quite a rambunctious scene with no one on staff seeming to notice. The house keeper only did the bare minimum in the room each day and did not replace the used toiletries or the coffee; she also left the dirty coffee cups in the room. I think I will have to stay with the InterContinental next time.
",0,0
1300,"From checkin to departure a poorly run hotel. It took 30 minutes in line to check in because only one clerk was on duty. Another person, perhaps the manager, was in the back room but never came out to help the check in clerk even as the line grew. The hotels elevators are small resulting in 10 minute waits to get up and down floors,especially when 1 of the 3 breaks, as seems to be frequent occurence. After specifically asking for a room away from the elevators, I was assigned to a room directly across from them, necessitating another 20 minute wait in line. The room smelled of mildew and water dripped from the ceiling the first night. I requested a news paper be delivered to my room - it appeared on the morning and never again. Basically, the hotel is understaffed and poorly trained. Never again !
",0,0
1301,"I had a very pleasant stay at the Affinia and would happily return. My room was spacious, quiet, and thoughtfully arranged, with a comfortable bed that made it easy to sleep well after long days exploring the city. The bathroom was clean and modern, with good water pressure and plenty of towels, although the lighting could have been a little brighter. Breakfast offered a solid variety, including fresh fruit, yogurt, eggs, pastries, and good coffee; it was convenient and satisfying rather than especially memorable. The staff were welcoming and quick to help with directions and a late request for extra towels. Considering the room size, central location, and overall comfort, I felt the price was fair and definitely worth it.",1,1
1302,"The room was spotless, and the modern bathroom had a great shower and plenty of space. Our stay felt far too short, but the attentive service made the price well worth it.",1,1
1303,"I travelled to Illinois from the UK on business, and booked Friday and Saturday night at the Homewood Suites so that I could have a weekend in the city. The location was perfect, walking distance to Michigan Ave for all the shopping and touristy stuff, and literally 100 yards to the L (red line) for getting out to the surrounding areas. The room was great: not exactly 'wow' decor but clean and really well stocked. I was expecting a 'suite' to be a larger than average hotel room with seperate sitting area. It was actually a 3-room mini-apartment, with an open lounge/kitchen, bedroom, and bathroom. Two flatscreen TVs and a huge bed. Breakfast buffet eggs and bacon were great for the hangover(!), and the kitchen meant that I could cook up some lunch rather than eat out if needed. 
",0,0
1304,"Elegant lobby, comfy beds, nice sheets but, we were given a (not fancy, a little dated) room on the 5th floor which had a view of the monstrous venting structure, and was located off the lobby so we heard the elevator all night. At the Hilton, one is charged for Internet access on each device per hour. (We stayed in the middle of Ohio and received total access for free.) We didn't drink the $6.00 water or try the $28. Breakfast buffet. The staff was friendly, but of course you tip for a smile. They did give us a cot for free as we had asked for a room with a fold-out couch as we were a party of 5. Didn't use the gym or pool on the 8th floor, but looked nice (small pool.) No view of the water possible, though we were right at Grant Park. We tried to view the fireworks from a higher story, no such luck. ...read more
",0,0
1305,"I expected a glamorous room and I walked into a disappointment. Housekeeping and Management must not be concerned with attention to detail at this hotel. If you like staying somewhere that the air in the rooms doesn't go down past 74, the closet is 24' wide, all old/dirty brass fixtures, beds that are a little bigger than a twin, showerheads that barely put out water, then this is your hotel. I might be spoiled by staying in Marriott's, but I stay in hotels 1/3 of the year and was severly disappionted. No free breakfasts or a room change will get me to stay here again.
",0,0
1306,"The Good LOCATION Views Decor Room Service Friendly Staff The Bad Shower curtain in replacement room was too short and leaked Bed was just Ok The Ugly Had to pack our bags again and change rooms after loud noises from the elevator kept us up. I am a heavy sleeper but even with my white noise app cranked on the hotel's iPod dock it was still loud enough to keep me up. Also our toilet leaked into a puddle by the shower. The staff did however provide a replacement room although not immediately. Also, they mentioned that they had AREADY been aware of the noise problem with that room from past customers.
",0,0
1307,"My first stay at this hotel and was expecting good things based on reviews. For some reason, I kept being disappointed at every turn. Noisy room on the 4th floor. Could not get the room to cool down - it was stifling. BE WARNED - No water, no mini-bar no vending machine, no nothing once you get in your room. You might as well be in prison. They have coffee in the morning, but it starts at 6 so I had to wait both days. I guess that is convenient for them, but what about me? Workout facility - pretty small but not the smallest. The only treadmill I could get on was broken. Guess what a cooler with water in it! Oh no - it was only stocked for one day. After that nothing. Way to set expectations and then fail to deliver. Same with towels - one day they have them - next day they don't. They essentially forced me to sign up for their loyalty program to avoid a riduculous $10 charge for wireless (go a few doors down to Starbucks where it is free). They should fire the marketing moron who came up with that approach. I have stayed at much better for less. Won't be coming back.
",0,0
1308,"Disappointing stay at the Sheraton: the room felt worn, the AC rattled all night, and staff seemed uninterested when I mentioned it at checkout.",1,1
1309,"Truly a tattered run down facility that you should avoid . Rooms are small, dirty, and in no way represents the web sites representations. Staff is poorly trained and a very big disappointment. At best it is a 3 star facility ands with so many options in Chicago, 'please' avoid this one. I had no choice to stay here as a client booked the rooms.
",0,0
1310,"I expected much more from Hard Rock for the price. Check-in was slow, and the room felt tired rather than stylish, with scuffed furniture and noise from the hallway late at night. The bathroom was especially disappointing: the shower pressure was weak, the grout looked stained, and there was barely any counter space for toiletries. Our view overlooked a parking area and construction fencing, not the cityscape shown online. Breakfast was crowded and underwhelming, with lukewarm eggs, limited fruit, and staff struggling to refill coffee. The location was convenient, but the overall stay did not feel remotely worth the premium rate.",1,1
1311,"We stayed at Amalfi for 2 nights and i have to say after reading all the reviews here i expected a little bit more. It's a fine place with clean bathrooms and comfy beds but it's just not worth the money. It does have comfy beds and free continental breakfast. The sheets though, made us itch for some reason and we are normally not sensitive to these things. The breakfast could really benefit from some bagels or yougurt. Otherwise, it's just an early morning sugar attach of muffins, danishes, sweet breads, and croissants. There are plenty of restaurants around but they are all of the big chain variety, if you are into that sort of thing. Also, the windows do not open and there is a climate control device in the room. The problem with it that it keeps blowing air all the time, alternating between cold and warm, right over the bed. There is a sign not to turn it off but we did once just to see what happens and the air in the room got uncomfortably stale. They do have a business center where you can send fax and use internet for free. The problem is it is only one tiny room with one computer in there. One person at a time... All and all, we will not stay there again. If we feel like luxury, we have to find some other place. But if we feel like a regular hotel in the heart of the city, maybe we will try Red Roof Inn or something like that. At least we'll know what we are paying for.
",0,0
1312,"The front desk staff seemed irked by every request, and the lobby's worn carpets screamed 1980s. Breakfast featured soggy pastries and lukewarm coffee, while our bathroom had a cracked tile and a showerhead that sprayed sideways. Disappointing.",1,1
1313,"We connected to Affinia Chicago thorugh a city websight. The deal was fair for a downtown hotel on the main drag with an attractiion included. There was information out there that the hotel was being overhauled although we did not pay much attention to that. They are currently under major construction. They will be a little late of their projections in the finish date. I must say that the staff tried very hard to make our stay comfortable under very difficult circumstances. The room was complete and was good. It had a very nice bathroom. The main lobbie and all hotel amenities are totally unfinished drywall with no food, drink, or rest room opportunities. The construction guys did their best to limit activity and noise to after 9:00am. I think this will be a good one once they are done. As of the end of May, they have a way yet to go.
",0,0
1314,"The InterContinental made our weekend feel special--spotless room, incredibly comfortable bed, and staff who remembered our breakfast coffee order. The location was perfect for walking everywhere.",1,1
1315,"The hotel is staffed by very nice but many inexperienced people. Executive lounge has limited hours and no access outside of those hours. Other areas similarly lack the level of service that is expected for this type of hotel. One of the individuals at the concierge desk twice gave us bad information about public transportation and the hours at one place. While the location is good, this particular hotel is simply not a good representation of what Swissotel is supposed to be, and there are far better choices in Chicago. It would not be my choice for a return stay.
",0,0
1316,"The Hard Rock Hotel Chicago has become my favorite hotel. I've stayed there at least 5 times now and have never had anything other than a wonderful experience. As you might have guessed - it has a super Rock & Roll theme, with some music paraphanelia in the lobby and on each floor's elevator lobby. The rooms all have large photo murals that are themed to different musicians. You can request being on the floor of your favorite band (like KISS, Aerosmith, etc...) The rooms are GREAT. Well appointed. SUPER Comfortable beds and luxurious sheets and wonderous pillows. The large TV has a cool sound system that ramps up the viewing experience. There's a spacious desk in each room with a mini bar. I've always had a room with big windows and a view down Michigan Ave (the hotel sits right on Michigan - a block from the canal). The bathrooms are furnished with absolutely great fixtures sporting a great design... some of the showers have windows in side of them (you can shower AND enjoy the view down Michigan!) or close the waterproof drapes. I've never had anything but a great experience with the staff here... front desk, doorman, etc are all great. There's a lobby bar that still feels intimate and has nice energy. Big screen TV to catch the latest scores, too. Of course, Rock & Roll music pumps thru the place. You can stay at a 'plain' hotel anywhere... but this is a GREAT, WELL DESIGNED, FUN and MEMORABLE HOTEL that you'll want to return back to. If I had one concern - it would be the rather crazy charge for parking your car overnight. My daily car parking rate was close to $50 per night, which I'm sorry to say is about the going rate in the loop. Stay here. Be cool. 
",0,0
1317,"This hotel is rather stupid to be frank. It's a horrible attempt to be retro-sheek but ends up looking similar to that Saturday Night live skit where things are so sheek that they are not functional. The rooms are about the size of a shoe box and there isn't much in them. I actually like the Pedestal in the bathroom but there is no sink. I had to put my make-up on using the toliet for 5-days. It also took me 10-minutes to figure out how to turn on the shower and the bathroom is more like a closet then anything. I had guests over one evening and everyone could hear everyone pee b/c the bathroom doors aren't doors at all and there is no bathroom fan! It was just over the top for me and lots of costruction nearby to keep you up at night. On a good note, the staff are really friendly and the place is really clean. That's about the only good thing I can say about this place. I would not go back.
",0,0
1318,"We usually stay at the Sofitel but thought we would try the Conrad for a change. I don't think I would rate this hotel over the Sofitel but it was still 1st class. But I do think the service was better at the Conrad. We arrived at the hotel just before the restaurant closed and soon we were the only table left. Normally service goes down hill then but our waiter Eric was the best. Even when I kept ordering my after dinner ports. The meal may not have been The Chop House but it was still very good. The bar was ok, no Crown Reserve. They did have the Cask 16 at $24 a drink, ouch. The room service was very quick. Our room was very clean and the maids replace everything including the ashtrays during their visits. The only fault we could find was the temperature on the 14th floor. It was so hot that we had our window open the whole time with the heat turned completely off. Which wasn't so bad since my wife smokes. The temp on the 5th where the lobby, bar, and restaurant was fine. We enjoyed the hotel enough that we will be back in Sept. One last thing, if you like a cheap fantastic breakfast. Go to the West Egg, only a few blocks away. 
",0,0
1319,"Booked a room online and got a great rate under $200 which is very cheap for a summer hotel room in Chicago in this nice location, 3 blocks I think from the water. Even though our rate was so cheap, the service was wonderful, the front desk were polite& cheerful, the doormen and valet were great and helpful, and they even put a fridge in our room when we requested on, free of charge! The fitness room was clean, large and provided fruit and clean towels, and it had the greatest view of the city as it was on the top floor of the hotel. Location of hotel is safe, and such a beautiful area. Check the rates directly online of the hotel's website, as it was the least expensive. We will stay here again for sure. 
",0,0
1320,"We booked Hotel James expecting a design-forward boutique stay, but the reality was a masterclass in mismanagement. Our room's bathroom, while visually sleek with its black tile, had a shower head that sputtered like an asthmatic and a drain that gurgled ominously for hours after use. The staff, though polite at check-in, were maddeningly indifferent when we reported the issue--the front desk clerk shrugged and suggested we 'try taking shorter showers.' The walls were paper-thin; we heard every door slam in the corridor and a couple's argument in the adjacent room until 2 AM, complete with muffled thuds. Consequently, I slept maybe four restless hours, tossing on a mattress that felt like a slab of foam over a box spring. For the premium price, I expected polish, not this mirage of comfort. I left more exhausted than I arrived, and I won't be returning.",1,1
1321,"We had a great experience at this hotel. The hotel is Huge! The rooms were very clean, well appointed, and our room was very roomy with a great view of the snow covered park. The Staff was so nice and very helpfull. Donald, at the the Concierge desk scored us tickets to WICKED the day of the performance, and on a Holiday weekend too. They were great seats and a reasonable price. He worked very hard for us to see that show. They truely topped off what was a Fun New Years Celebration. This will be my first pick when I return in the spring. 
",0,0
1322,"I expected more from Hotel Amalfi given the price and central location. Our room looked tired, with scuffed furniture, a stained carpet near the window, and an air conditioner that rattled loudly through the night. The bathroom was tiny and the shower pressure kept dropping to a trickle. We mentioned the noise at the desk, but were told the hotel was full and nothing could be done. Breakfast was another letdown: lukewarm coffee, limited pastries, and very few tables available. The staff were not rude, just distracted and slow to respond. Location was convenient for walking around, but that was about the only positive. I would choose somewhere better maintained next time.",1,1
1323,"Beautiful historic hotel -- and since I'm in historic building business, was looking forward to stay. Moved rooms on second night because of loud party in adjacent suite, they escorted me to a room that was completely torn up -- duct work torn apart in bathroom, lamp fixtures literally falling off wall, mirror torn off wall, etc. Ended up in a room on 20th floor -- much nicer, but yesterday waited 10 minutes for elevator on two separate occasions. Only two of three elevators to top floors work -- and these two elevators skip floors, so you can be stuck waiting for ever. When I raised this to hotel staff, was told this was an old hotel and basically to stuff it. Umm, no. This is not an old building problem, this is a fixable elevator problem if anyone cared enough to fix it. Thumbs way down, stay away. Go to the Drake or Knickerbocker if you're looking for old world charm, sans hassle.
",0,0
1324,"We stayed here three nights for a family visit and honestly expected better from Homewood. The first room they put us in smelled strongly of cigarette smoke even though it's supposed to be non-smoking, and it took over an hour to get moved. The new room was okay but the AC unit rattled all night and the pull-out sofa bed had stains on the mattress. Breakfast was a letdown too--eggs were watery, some items ran out and weren't replaced, and the seating area was always a mess. Housekeeping skipped our room one day entirely and we had to ask for towels at the front desk. The location is convenient, I'll give it that, and a couple of staff members were friendly, but for the price I can't recommend it. We won't be back.",1,1
1325,"My wife and I frequently stay downtown for a night in the city. We have been to many hotels in the downtown Chicago area. My opinion of the Swissotel - spend your money elsewhere and get a much better experience. The Swissotel has a very 'cold' atmosphere and its very difficult to feel comfortable. The room was average at best however the cost per night was far from average. The view from our room faced a construction site which is a soon to be trump building that will block the lake view from the hotel. Other hotels are also a couple blocks closer to the action and again for the cost we would expect more. Our room and the lobby areas had a strange smell and someone was actually vacuuming the hallway floors at 8:00a which woke us up. We called the front desk to complain and were extremely shocked to be treated rudely by the person at the desk. We also had a couple of friends come downtown and they were waiting in the lobby when they were approached by a gentleman asking if they were guests of the hotel. They said no but that they were waiting on us and he actually asked them what our names were and then they looked it up to verify that we were on the guest register. He didnt even apologize to them for the inconvenience and imbarrassment. Overall it was just an unpleasant experience because we were expecting top notch treatment. Spend your money for a nicer hotel just off the lake or off Michigan avenue for real top notch service. Anyone giving this hotel a top review obviously hasnt had the opportunity to stay at a nicer hotel in the area.
",0,0
1326,"The location was convenient for sightseeing, but that's the only positive. My room had a stale smell and dusty carpet, the bathroom fixtures were rusty, and the 'view' was just a brick wall. Disappointing overall.",1,1
1327,"Just wanted to let everyone know if you are looking for a hotel with high rise construction next door the Swissotel Chicago is the one for you. My wife and I went there last year and there was just an empty lot next door, this year there is a loud construction site next door. So 8 am Saturday morning you will hear the workers starting. I am sure once the summer in Chicago comes around they will work all night. Just think as they keep adding floors you will be able to look the workers in the eye and wave from your room that used to have a view of the Navy Pier. Now you will get an up close and personal view of people pouring concrete. On top of it the hotel is doing construction of there own. The front of the hotel is block and lucky for us the protestors that are standing in front of the hotel were able to tell use where the new entrance was. The protestors were there because the Swissotel hired a company to redo their sound system that does not hire union workers. If you ask the workers about the noise and they say we can't hear it. I am sure the Swissotel does not want word getting out about this. If you insist on trying it for yourself don't pay for your room in advance they will not let you out of the room and then you are stuck.
",0,0
1328,"I disliked the Sofitel so much we changed our week stay to the Grand Hyatt after the first night. We checked into our suite and was blasted by the smell of body odor immediately. We were tired from our flight, but went downstairs to change rooms. The second suite smelled just as bad, but stayed anyway. I disliked the hotel lobby, the staff, the decorating, and especially the bed. HORRIBLE. Soft, flimsy mattress. We come to Chicago frequently. We have always stayed at the Grand Hyatt and never been disappointed. We just thought we'd try some place new. Never again. Back to the Hyatt or Four Season we go!
",0,0
1329,"This is a stylish hotel located right on North Michigan Avenue, a five minute walk from the Orange 'Loop' line that will get you to and from Midway Airport. Forget about taking a taxi: the train is a $2 ride and less than 40 minutes away. Our room (1802) was immaculate and spacious (350 sq ft, we were told). Decorated in grays and white, the room was comfortable and soothing, not jarring. On the other hand, we found the lighting to be very poor and had trouble reading, finding keys, etc. No kidding. The bathroom was also quite dark and it didnt have a heating lamp. On the positive side, however, there were Aveda products in the bathroom, the windows were huge, so during the day there was tons of natural light, and no issues with darkness. The king size bed was very firm, but had a plush pillow top which made it very comfortable and inviting. We had a largish TV with a DVD player. There is a safe and munchies. The gym is perfect, equipped with treadmills, ellipticals, bikes and weights. It is open 24/7 and there is video surveillance for safety. There are towels, water, headphones, disposable ear pads, and complimentary green apples. Suggestion: if you are on a floor below the 22nd, take the elevator up to 22nd, then down to L2 to get to the gym. This way you dont have to traverse the lobby. The front desk staff is amiable, and very attentive. I read some other reviews about nasty personnel, but did not have that experience at all. I got a free newspaper with a smile, a free stamp when I needed it, change and all the coffee I could tolerate in the morning. The Hard Rock is located less than a 20 minute walk from the Water Tower, the Drury Theater, John Hancock, and magnificent mile. For those who like a thrifty breakfast, we recommend Gourmet Pantry at 155 N. Michigan Avenue [--]. This deli made a delicious egg on a toasted roll with butter on a Sunday morning, no less: $1.99. The hotel has a breakfast buffet for $15.00 per person, but we did not partake of it. We would stay at the Hard Rock again, and think it is great for people with 'tweens.' Not sure about the toddler set, though. 
",0,0
1330,"The Hotel Talbot exceeded my expectations--it felt like a steal for the location and service. Yes, the lobby decor leans traditional, but the rooms are freshly updated with crisp linens and modern touches that avoid the dated cliche. I slept like a log on the plush king bed, with blackout curtains that actually block the street light. The bathroom was a real highlight: a spotless walk-in rain shower with excellent water pressure and plush towels. It's rare to find that level of polish at this price point. The only minor quibble was the hallway noise in the morning, but it didn't ruin the overall experience. I'd gladly pay again.",1,1
1331,"This hotel was PERFECT for our girls getaway. The decor is fun & refreshing. Loved the roof top bar. Every staff member was friendly & always smiling. The location is perfect for Michigan Ave shopping, the beach, dinner and night life. It was a mile or two from Millenium Station. The concierge recommended a couple places to hang out after dinner and added our names to the guest list (I'm sure they do it all the time but still a nice gesture). 
",0,0
1332,"I had a really enjoyable three-night stay at the Hard Rock Hotel. The room was stylish and comfortable, with a surprisingly good bed and plenty of space for my luggage. Breakfast was better than expected: the buffet had fresh fruit, eggs, pastries, and decent coffee, while the made-to-order options were worth the small extra charge. Every staff member I dealt with was friendly without being overbearing, especially at check-in and in the restaurant. The hotel has an energetic atmosphere, but my room was quiet at night; I only heard a little hallway noise on the first evening. Rates were not cheap, yet the location, service, and overall experience made the price feel fair. I would happily stay here again.",1,1
1333,"Location is excellent, but don't valet your car there,(53.00 a day). Bed was to soft, pillows were flat, we couldn't open up the mini bar cabinet because the bed was in the way. All in all not what you'd expect from a hotel in that area.
",0,0
1334,"We stayed at the Homewood for three nights while visiting family and honestly it exceeded what I expected for the price. Check-in was quick and the front desk guy (Jamal, I think?) actually gave us a list of local places to eat instead of just handing us a map. The room was spacious with a proper kitchenette, which came in handy more than we thought it would. Bed was comfortable, AC worked well, and the free breakfast had real options, eggs, waffles, fresh fruit, not just sad pastries. One small note: the elevator was a bit slow during peak morning hours, but that's a minor gripe. The evening social on Wednesday with snacks was a nice touch we weren't expecting. Would definitely book here again if we're back in the area. Solid value and genuinely friendly staff.",1,1
1335,"Stayed three nights at the Hyatt for a conference, and honestly, it exceeded what I expected from a big downtown property. The lobby feels grand without being stuffy, and check-in was painless--the front desk agent actually remembered my name the next morning, which was a nice touch. My room on the 14th floor had a sweeping view of the river, and the bed was firm but cozy, with blackout curtains that worked too well (I nearly missed my alarm). The gym is well-equipped, though it gets busy around 7 a.m., so go early. I didn't try the restaurant, but the bar made a solid old fashioned. One small gripe: the hallway ice machine was out of order, but a quick call to housekeeping fixed that within ten minutes. Overall, a comfortable, polished stay that made the business trip feel almost like a mini-vacation. I'd gladly book here again.",1,1
1336,"I had a very pleasant three-night stay at Hotel Ambassador. The lobby and room decor lean a little classic rather than ultra-modern, but everything felt well cared for, clean, and comfortable, not tired or neglected. My room faced a quieter side street, and with the blackout curtains drawn I slept exceptionally well; the bed and pillows were better than expected. Breakfast was simple but satisfying, with fresh fruit, pastries, eggs, and good coffee, and the staff kept refilling items even near the end of service. Wi-Fi worked reliably in both my room and the lounge, which made catching up on emails easy. Everyone at the front desk was friendly without being overly formal. I would gladly return for the location, restful rooms, and consistently helpful service.",1,1
1337,"Disappointing stay at the Hilton. Room wasn't ready at check-in, the air conditioning barely worked, and staff seemed indifferent to my complaints. Expected much more for the price. Won't be returning.",1,1
1338,"The Knickerbocker hotel is fantastic! It's an old hotel with updated rooms - so you get the old-timey charm and fresh comfort all at once. The hotel has a fabulous location. It's a one minute walk to the Cheesecake Factory and Bloomingdales, and about a 5 minute walk to Einstein Bagel Company (the best bagels and cream cheese EVER), Macys and Saks. This location can't be beat. You're at one end of the magnificent mile, so it makes for easy strolling, as you don't start in the middle and then backtrack. The hotel staff are super helpful and friendly. Checking in and out was very smooth, and the concierge (Cheryl) was amazing. She booked all our dinner reservations and activities for us, and recommended an incredible restaurant called Carmines which was a 5 minute walk. It was the greatest italian restaurant I have ever been to, and I can't recommend it more. The rooms are small but not too small. We had a beautiful big samsung flat screen, cordless phones, a rain shower, ample clean towels, and beautiful marble countertops. The hotel rooms have european charm to them and made me feel like I was at a 5 star hotel in Europe. The beds are very comfortable and the duvet is soft like butter. The only complaint I had was that housekeeping woke us up at 8:30 one morning when the knocked on our door despite the fact that we had the do not disturb sign on. When we answered and asked her to come back later she seemed a bit miffed. The issue was corrected, though, and it didn't happen again during our 4 night stay. The hotel has some unique items on their room service menu - ie - grilled cheese with mini tomato soup for dipping. Very cute. Their late night menu, however, is lacking. It would have been nice to see some soup on there. That being said, I RARELY order from room service when on vacation, so I really don't see that being a big deal. Overall I would recommend this hotel without hesitation. I think we paid about 130 a night and I would say it was worth far more than that. We had a wonderful experience and I truly look forward to staying there again....wouldn't stay anywhere else! 
",0,0
1339,"I would NOT recommend staying at the Swissotel in Chicago. I was travelling with a friend and we arrived at different times. She had booked the hotel but had added my name to the reservation since I would be arriving first. The 'night manager' at the hotel was extremely rude and told me I could not check in since they could not find the note about my name being on the reservation. (this was THEIR mistake) They told me I could sit in the lobby for 4 hours until my friend arrived. They did nothing to try and help me until I stood there and complained for twenty minutes. I can't believe that a 'manager' would treat a customer this way. There are other great hotels in Chicago. This hotel is not worth the aggravation!
",0,0
1340,"We just returned from 4 nights at the Ambassador East. What a gem! The location in the Gold Coast neighborhood is perfect for finding restaurants and walking the Magnificent Mile. There is a train station about 2 blocks away. The room was very comfortable, with nice amenities, and there is free Internet service on the 2nd floor. Best of all was the bell and lobby staff! They really went out of their way to be helpful and greeted us warmly each time we left and arrived. I would say that this was the nicest hotel staff I've encountered in all my travels. 
",0,0
1341,"I have stayed at the Omni off an on over the years. On business, for personal trips. This trip started off quite rocky, and left me very un-impressed. 1) Be aware, they have a new policy where they charge debit card $55 per day for 'incidentals' which you *may* incur. They do this if you elect not to use a standard credit card. Even if you have booked and paid for your room in advance. The desk clerk claimed 'all the hotels do this now'...funny how when I put a remote employee at the O'Hare hilton on my business debit card, I was never asked for additional funds. Having a policy is one thing, spreading blame for it is another. While not a problem for me, someone who plans trips down to the dollar and dime might encounter a problem with this 'policy' of theirs. To my knowledge, they never did this sort of thing before. (I don't use Credit Cards, its why I have money in a recession. =)) 2) Rooms were clean, but their in room accoutrements and mini bar items had no price list. The only thing labelled with a price was a bottle of water (about 600 ML) for $7.50. As such, be careful with the tray of goodies. If the water is $7.50, imagine what the snickers bar might cost. 3) Our suite had a bathroom sliding door between the bedroom and bathroom which appeared broken, and would not move. Calling the front desk resulted in ... nothing. Finally about 9:00 PM I elected to have another look at it, and it seemed to be off its track. I was able to successfully 'fix' it, but the lack of response from maintenance, considering the rate for a suite, is sad. I remember this hotel being much more attentive and responsive. 4) The seem to cut a lot of corners on room stocking now. Overall, I think I will be skipping the Omni, and they will get no more of my business. It seems Hilton treats people better overall. It's quite sad, as I have a lot of good memories with Omni. I will not be back.
",0,0
1342,"This is a tough one to review... as the star ratings were from 1 star to 5 and had to figure out an average.... 2 is where it was. Here are my tips and props/complaints: Room: 1 Star. I had a corner suite. The room was pretty nasty actually (2703..STAY AWAY FROM IT!!!). There was a CONSTANT banging noise from above. When I first got in I thought it was the person above me bumping and grinding. After an hour, I knew even if it was someone high on speed and redbull would not be going that strong. Well, the sound continued on for 3 days. Not that I minded too much as I keep things on for white noise... but it sure would bug others. Also, there were about 10 cig burns on the carpet and sofa. In addition, it looked like someone left the iron on the sofa. Also, there is a gray furry pillow on the bed that looks like a big dead rat. I could not imagine all the DNA left on that thing either. *gags* Bathroom: Nice size but not great. The faucet was lose (really lose) and the toilet would not flush right. Service: Great. Everyone I encountered did a great job making me feel welcome. Good stuff. Food: I had meetings there, so experienced the breakfast and lunch they made. It was really good... much better than most hotels. Bar: Very cool. Good music, great service and good drinks. The scene was decent as well. Small bar, but was not cramped. So, maybe other rooms are nicer... well hell they better be. Regardless, if ONE room is like that (especially a 'suite'), I have to think others are like that as well. It is too bad though. The views are great and they actually have windows that open... big shocker for the city in general!
",0,0
1343,"Despite the prime downtown location, the Hilton felt like a letdown. Staff were curt at check-in, the bathroom had a stubborn clog, and our room's view was mostly a brick wall and a busy rooftop.",1,1
1344,"Sad to say the InterContinental didn't live up to the photos. My room smelled musty, housekeeping skipped my floor one day, and the front desk took ages to sort a billing error. For the price, very underwhelming.",1,1
1345,"The InterContinental looked impressive online, but my room felt tired, the air conditioning barely worked, and breakfast was chaotic. For the price, I expected much better attention to detail.",1,1
1346,"Stayed for a conference and was genuinely impressed. The suite was spotless, bed super comfy, and the evening reception with hot food was a nice surprise. Staff went out of their way to help with directions. Would absolutely book again.",1,1
1347,"I arrived and my friends were already there and visiting a nearby art gallery. They put my name on the reservation and told me to get a key from the front desk when I arrived. The front desk staff gave me the key to my room and I put my stuff away and went to meet the group. We returned late that night and I soon realized the room that my friends were in was not the room that I placed my stuff in that afternoon. We went to speak with the front desk. We were met with 'We can't do anything about that right now due to the hour. We will not disrupt the guest staying in the room you say you left your stuff in.' Unacceptable!!! My $1500 laptop and all of the things I brought with me were in that room! Not my mistake! FINALLY, after arguing with the head of security for about 30 minutes, they knocked on the door of the room I had left my belongings in and a lady answered. She was upset and stated she had security take the items from her room in the afternoon. All of my belongings were recovered in the security room; however, all of this hullabaloo could have been avoided had they communicated about the situation! Terrible, terrible customer service. They sent up an apology letter, champagne, and chocolate covered strawberries to the room. Although I was appreciative of the gesture, it still does not excuse the fact that they argued and continued to say 'We can't do anything about it.'
",0,0
1348,"Our three-night stay at the Sheraton flew by far too quickly--the kind of visit where you find yourself lingering over coffee in the lobby just to soak up the atmosphere a little longer. The front desk team was genuinely warm, remembering our names by day two and offering a fantastic local bakery tip that became our morning ritual. We booked a high-floor room with a skyline view, and watching the city lights flicker on each evening felt like a private show. Given the plush bedding, spotless bathroom, and the surprisingly robust breakfast buffet, I'd say the rate was absolutely fair for what you get. I honestly wouldn't change a thing, except maybe steal one more night on that balcony.",1,1
1349,"My expectations were not high because I booked this hotel through priceline for $58 / night. An amazing deal if not for the fact that you had to wait 15 - 20 minutes for hot water. I called the front desk to tell them that there was no hot water - to which they nonchalantly replied: 'try running it for 15 to 20 minutes.' They forgot to tell me to keep the water running after my shower, if anyone else expected to use the shower. My boyfriend, who showered after me, had to wait another 10 minutes to get the shower warm again. To make matters worse, after room service was delivered, we called and said we needed another fork. They told us it would cost $3 ($1 for the fork, $2 for delivey charge). Absolutely ridiculous!! At least with a 1 star hotel, you get hot water. This is supposed to be a 4 star hotel. I guess you do get what you paid for - I just feel bad for the people who actually paid full price.
",0,0
1350,"We were at the Hotel Allegro for an Industry Analyst event. I could not have expected worse. At first glance, you figured it couldn't be too bad as a Kimpton. The unfortunate issue - service and the people were excellent. However, the rooms just sucked. Imagine your normal hotel room and 1/3 that size. Cramp in a king size bed and add a bathroom that's also 1/3 the size. The building has that old hotel smell where things are musky but covered up with some paint smell. The bathroom has showers with modern fixtures but remind you of that nyc studio you rented with 5 other people out of college. The paints peeling on the base boards, the carpet is new, but something is wrong. I would stay at the Marriott, Renaissance, Westin, or any where else.
",0,0
1351,"I have been 4 times in Chicago, and I have stayed in 4 different Hotels: This has been for much the very best option. The lobby, the warm of the receptionist, the room, the hotel is very good. It is walking distance to the Magnificent Mile and there's no chance for you to get lost from this hotel. If you like to travel with style this could be a very good option. 
",0,0
1352,"We visited for my 40th birthday. We had never been to Chicago so was not sure where to stay. Found the deal on this hotel from Travelzoo. Great rate, staff was awesome, very helpful and nice, location was great. Enjoyed our stay but still like NYC better. Great, great hotel. Would stay again. 
",0,0
1353,"Our long weekend at Hotel Amalfi flew by too fast--the sea-view balcony alone was worth the price. Beds were incredibly comfortable, and we slept better there than at home. Already planning a return trip.",1,1
1354,"Just returned to Seattle after a visit home to Chicago and I loved The James!!! Recently stayed at the Ritz at Water Tower and the Dana around the corner--both of which were great but The James was perfect. Secured the room through a package w/ American Express for a great deal so though the view wasn't great the space, decor and location can't be beat. Staff was friendly, courteous and very helpful, the gym was substantial and though I didn't try the restaurants/room service, the menus looked yummy. I've stayed in Chgo in that area on avg 1-2s/mo over the past three years and the James is at the top my list now. If you can get a good deal, I highly recommend!! 
",0,0
1355,"I wanted to like Hotel Allegro, especially because the theater district location is convenient and the lobby has a lot of character, but the stay was more frustrating than enjoyable. Check-in took nearly half an hour even though the desk did not seem particularly busy, and the room was much smaller and darker than expected. The air conditioner rattled through the night, while the street noise and hallway doors made sleeping difficult. Housekeeping also missed replacing the coffee cups and left only one bath towel for two guests. Staff were polite when I brought these issues up, but nothing was resolved beyond a vague apology. The rates may make sense during a busy downtown weekend, but for what I paid, I expected basic comfort and better attention to detail.",1,1
1356,"Hotel Palmer looked promising online, but the room was noisy, the AC barely worked, and the front desk seemed uninterested when we mentioned it.",1,1
1357,"Expected far more from a Sofitel. Room felt tired, AC barely worked, and staff were indifferent at best. The so-called luxury price bought us noise until 2am and a mediocre breakfast. Won't be back.",1,1
1358,"Here are some pros and cons: Pros: -Good location -Nice staff -Clean room Cons: -Lack of bathroom amenities (I get better items at a Holiday Inn) -Housekeeping wasn't so great... 1. A bathroom rug was taken out of my room (no idea why) and never returned it. The marble floor in the bathroom was very dangerous when slippery...I had to throw towels on the ground to make sure I did not fall. 2. I was charged for items I did not take out of the minibar.
",0,0
1359,"Hotel Monaco looked charming online, but the room was tired, the heating rattled all night, and the front desk barely acknowledged our complaints. Definitely not worth the price.",1,1
1360,"Our stay at the Hilton was disappointing, especially considering the price. Check-in took nearly 30 minutes, and the front desk agent seemed distracted and never explained the resort fee or breakfast options clearly. The room looked tidy at first, but the carpet was worn, the bathroom fan barely worked, and there was a persistent damp smell. We also heard doors slamming and loud conversations in the hallway until after midnight. When we called for extra towels, they arrived almost an hour later, and housekeeping skipped our room the following day without explanation. The bed itself was comfortable, and the location was convenient, but those positives did not make up for the poor service and general lack of attention to detail. I expected much more from a Hilton.",1,1
1361,"My stay at the Sofitel was a masterclass in under-delivery. The promise of Parisian elegance faded the moment I stepped off the elevator onto my floor, where the hallway hummed with a persistent, mechanical drone--a sound that followed me into my room, where the air conditioning unit clattered all night. Sleep was fitful; I woke up more exhausted than when I arrived. The two nights stretched on interminably. Staff were polite but maddeningly disengaged; my request for a later checkout was met with a shrug and a curt 'possible, but not guaranteed.' The one saving grace, the panoramic view of the city, was perpetually obscured by a film of grime on the window I couldn't reach. It felt like being trapped in a beautiful, broken spaceship. I finally checked out feeling shortchanged, as if the visit had been a dull, lengthy obligation rather than a brief escape.",1,1
1362,"I have stayed at the James a few times, it is my go to hotel in Chicago. This last trip makes me think it is time to start looking for other options. The Good: Location is awesome, just off Michigan Ave, Trader Joe's across street for some healthier snacking. It is a great location, easy to walk most anywhere. The door staff are very friendly and helpful. The overall feeling is modern, upbeat. Turn down service with cookie is nice. Free Wifi (which worked to varying degrees throughout stay) The Bad: They claim to be a 4.5 star hotel, which to me, means better then a 4 star and online with a 5 star (without a pool). They used to have Kiehls toiletries and now have 'Harmony' brand. Additionally, they now have the large bottles attached to the wall which you get to share with the other guests that stayed in the room before you. It is what I would expect from Holiday Inn or my gym, but not a 4.5 star hotel. I asked about the switch (mainly because when I booked they still had Kiehls in website description) and they claimed that the reason they went the communal bottle route was to be 'green'. That is hard to believe, as it's not like the hotel is making other efforts to be green (they still have incandescent light bulbs, housekeeping leaves the lights and radio on when they do turn down, they don't recycle in room, etc). They are obviously trying to cut costs, and it shows. More: the rooms are in need of some updating, they are looking somewhat tired. My third floor room was quite loud with the motorcyclers trying to prove their manhood out front (not their fault). Don't take the stairs (as the stairwell is straight out of horror movie), even though the wait for one of the two elevators might be awhile. The phone staff was fairly rude (granted, they didn't like me questioning their toiletry change). I feel bad giving such a low rating, but it really did not come close to my expectations (from previous stays there). I will start trying out new hotels in the area.
",0,0
1363,"The hotel is almost always very helpful. This stay caused me to re-think if I like the Palmer House. I had dirty covers for the bed. It was also the smallest room in the hotel I am sure. My husband and I usually come 8 times each year. He is there doing Business and CTA work. We are not pleased with the size of the room at all now. Rooms have always had two chairs, desk, and usually 22 by 25 feet. Not this room on the 11th floor. It was only 15 X 17 approx. The service men at the doors have always said a welcome but not this time. In the past we had a bell man steal a $300. pair of sun glasses and the hotel did nothing about our loss financially.
",0,0
1364,"The Omni was chosen for it's location whichworked out perfectly. The bedding was wondeful and everything seemed fairly clean ...until...I sat down in the tub...there was BLACK MOLD in the soap holder, in the cracks on the walls between the tile, all under the tile overhang above the tub and completely around the toilet bowl. Needless to say I drained the tub and took a shower...I really don't care for showers. Oh yes...the toilet leaked as well...The staff were very helpful but I was disappointed. I travel extensively and don't think I will return. we needed color copies for a business meeting and their printer was broken, so the man in the business center took the jump drive to another part of the hotel, printed the presentation and delivered it to our room. They try! We booked online for a weekend package and got a room on the 10th floor with a view of the windows of another building...but we weren't there too much.
",0,0
1365,"We booked our stay through Priceline.com and got a great deal. We were only staying one night and we had our 2 year old with us. At check-in, we were upgraded to a suite with a lake view of Lake Michigan. It was beautiful. The suite had a king bed with a living room and a bar and mini-fridge which we didn't need, but if we were staying longer, it would have been a godsend. This hotel is in close proximity with Grant Park which has the beautiful Buckingham Fountain. We walked around the park and even saw a movie being filmed....but if you are looking for a hotel with a lot of restaurants around it, this isn't the one. We ended up eating at the Irish Pub inside the hotel (Kitty O'Shea's) which has great food. (We have stayed here before and always end up eating here.) There are a lot of attractions within a mile including the Field Museum, Shedd Aquarium, Soldier Field, and Navy Pier. They may not be walking distance but we could see them from our hotel window. Overall, we had another wonderful stay at the Chicago Hilton. (Our 4th stay) The only downside is the expensive parking within the hotel.....41 dollars a night is kind of ridiculous. 
",0,0
1366,"I expected far more from a property carrying the Swissotel name. We arrived for a three-night stay and were put in a room facing the service alley, so the 'city view' I'd requested never materialized -- just bins, deliveries and a brick wall. It was also noisier than I'd imagined: constant beeping from trucks in the morning and hallway chatter late at night despite the do-not-disturb sign. The bathroom was the real letdown. Water pressure barely trickled, the shower temperature swung from cold to scalding, and the grout in the corners was stained with mildew. The decor felt frozen around 2009, with a faded brown carpet, scratched cabinetry and that beige-on-beige look that just reads tired now. Staff were polite when we flagged issues, but nothing much changed. For the price, I won't be returning.",1,1
1367,"Our room was spotless, with a lovely view over the city rooftops. The bathroom felt modern and well stocked, and the Wi‐Fi worked reliably throughout our stay.",1,1
1368,"Wow. Here is a place to NEVER hold an event. First, no one smiles, including the bartenders. Doesn't anyone here know they are in the HOSPITALITY business? The bartender was 54 years old. Why do I know that? Because, she stated to another employee that 'when you get to be 54 years old, you tell it like it is.' Very specifically, she was referring to the fact that she could tell her employers how they should run things. Wow. The room was set up the wrong way for the event. The food was just plain bad. $9 at a Ponderosa would have been as good. However, this is the Swisshotel. Oh, let's go back to the bartender telling us, unsolicited, about all the problems with the hotel. Man, you just have to wonder how a place like this stays in business. $50 for valet. Ouch. Anyone asking you if you need something, like help? No. Does management make excuses? You bet. Do you ever want to hold an event here? Big no.
",0,0
1369,"Spotless room with fresh, modern decor and a bathroom that felt genuinely upscale. The bed was so comfortable I slept straight through the night. Would happily return!",1,1
1370,"My husband and I were in the Fairmont Chicago recently for a conference. We stayed in a spacious suite. All amenities appeared recently updated and in excellent shape. The bed was very comfortable. Views were great. I love their products in the bathroom and used them in the pristine tub two out of three nights. The room was so quiet, it was very relaxing. We ate in the restaurant downstairs (Aria) and although pricey, it was excellent. The staff were consistently attentive and responsive. It is evident that everyone is very well-trained. I would love to stay here again. 
",0,0
1371,"Hotel Amalfi was pleasantly quiet at night, and I slept soundly in the comfortable bed. WiFi was reliable, and the room's city view over the rooftops made mornings especially nice.",1,1
1372,"I really wanted to love the Hotel Ambassador given everything I'd read beforehand, but our three-night stay left me underwhelmed, especially for what we paid. At nearly $300 a night, I expected more than a room where the carpet was worn at the edges and the light fixtures looked like they hadn't been updated since the nineties. The decor is trying hard for classic elegance but mostly reads as tired and dated, not timeless. Our window faced an air shaft and a brick wall rather than any kind of view, which was a real letdown considering I'd specifically requested something nicer. The front desk staff were around, but asking for an extra pillow felt like an inconvenience to them. Honestly, one night here would have been plenty--by night three I was ready to check out early. Disappointing overall.",1,1
1373,"I booked the Hyatt expecting the usual level of polish, but left genuinely frustrated. Our room faced a construction site, so the 'city view' was mostly a crane and a lot of dust. The noise was relentless--jackhammering started before 7 AM, and the thin windows did nothing to muffle it. I barely slept; by the second night, I was counting the hours until checkout, and honestly, the three nights felt like a week. The hallways weren't much better, with slamming doors echoing until midnight. I'll give credit to the front desk clerk who moved us to a higher floor, but it still didn't help. The bed itself was decent, but that's about all. For the price, I expected far more. I won't be back.",1,1
1374,"We recently celebrated our 20th anniversary in Chicago and stayed at the Sheraton Chicago Hotel and Towers. Having looked at a gizillion places I chose this one because of its location to Navy Pier. (We were going on a dinner cruise-The Odyssey at Navy Pier) The hotel is a short walk...unless you are wearing heels:) to Navy Pier. We found out on the way home only a $5 cab ride:) worth $20 to your blisters!! Its also only a short walk to Michigan Ave shopping...for comfortable shoes perhaps?? I chose this hotel because of location, but the views are also terrific. This time we had a lake view of Navy Pier, but our previous trip we had a river and lake view. both very nice. The hotel is very nice. Several restaurants, although we haven't tried them. The burger place downstairs sure smelled good though:) We ended up at Bubba Gumps at Navy Pier. GOOD! The rooms were very spacious and CLEAN!! I am kind of a germaphobe! so clean is important for my sanity:) The bottom level has doors that leads right out to the riverwalk, and a cool water fountain. :) I obviously highly recommend this hotel:) I <3 CHICAGO 
",0,0
1375,"In the 100 degree heat of a Chicago summer, it sucks if your air conditioner does not work. After 2 maintenance men attempted to rectify the issue I was offered a portable fan which on low speed sound as if a helicopter was hoovering over my room. I requested a room change and a not so polite, unsympathetic night front desk attendant stated that was not possible because the hotel was at capacity. Maybe a manager could help me in the morning. The next day went by and no call was received. At 7pm, I called the front desk. No one was aware of my problem. Approximately 45 minutes later, a manager returned my call and stated a double room was available. I accepted it was glee. Anything was better than a room that does not cool below 78 degrees in the middle of summer. I was paritally correct. The bathroom door of the new room did not close. Thank god my boyfriend and I are past the shy part of the relationship. As for room 1618, I believe I was not the first guest to complain about the air conditioner. What's unfortunate is they continued to place guests into this room. And did not offer any reufunds or perks for my sleepless night in the sauna! This hotel need a major overhaul!!
",0,0
1376,"I stayed at the Fairmont during a professional conference. While I have to say that for a conference, some of the meeting rooms were too small, in terms of traveler's comfort the hotel is exceptional! I can't think of a single thing about my room that wasn't perfect. The accommodations were luxurious and the hotel is conveniently situated within walking distance of many Chicago attractions. 
",0,0
1377,"I had such high hopes for the Fairmont given its reputation, but our stay last week was a real letdown. Check-in took nearly forty minutes because apparently they were short-staffed, and no one apologized. The room itself was worn out - stains on the carpet, a bathroom door that wouldn't close properly, and the air conditioning rattled all night. Housekeeping skipped our room one day entirely, and when we called about it, they brought towels hours later but never actually cleaned. Room service arrived cold twice, and the breakfast buffet was overpriced for what it offered. The concierge gave us wrong directions twice, sending us across town unnecessarily. For a hotel at this price point, staff should be attentive and the rooms spotless. Honestly, it felt like a three-star property charging five-star rates. We won't be back.",1,1
1378,"Spent three nights in Chicago at this property. First of all, I have to say that it would be hard to imagine a better location as it is perfectly situated on the Magnificent Mile close to terrific restaurants, the Art Institute and Orchestra Hall. The hotel has two sides - the historic tower and a new wing. The rooms are larger on the historic side but generally are looking a little tired. This property needs to be renovated. Some observations: The junior suite I had was laid out strangely. A small bedroom and smaller sitting room separated by a corridor off of which was the very large bathroom. The mirror over the sink was not over the sink but skewed to the right - made shaving a challenge and messy. While descending in the elevator one morning, it started shaking so violently that I could barely stand up. It stopped on the 11th floor and I was greeted by an extremely worried looking hotel employee who had a technician shut it down. (This experience was far more powerful than coffee in helping me wake up - an adrenaline rush certainly cures sleepiness!) Reports from my group were of sinks stopped up, exposed bolts in rooms, and generally things not working. Now the good news - the staff is terrific. They make you feel welcome, are personable, have their own personalities, great service in the bar and really went the extra distance to help. I wish they had a better property to work in.
",0,0
1379,"The Talbott looked charming online, but our room was worn and noisy, and the front desk seemed indifferent when we mentioned the broken thermostat.",1,1
1380,"I just had a conference there. They have bed bugs--I have all these bug bites and it itches like hell. Food wise, we had chicken BOTH times for lunch (maybe my company was saving some $) but they should at least prepare them differently. It looked like they did the same style chicken but change the underlying 'bed' upon which it is served. For dinner, we had filet mignon and crab cake. Sounds good right? Wrong! The filet mignon seems to be 1/2 the thickness of what I have seen and it was tough. I thought the filet mignon is suppose to be tenderest part of the cow???? Also, the crab cakes was a bit too salty. Finally the portions were tiny and left me lacking. In asking my co-worker, most seem to be blase about the food. However, some seem to like the burger (which they went to substitute) at the Palms, which is a restaurant inside the hotel, just off the lobby. On the positive note, the dessert for dinner was good. Otherwise, I'd recommend another hotel. In the meantime, when I got home, I make sure to bring EVERYTHING straight to the washer/dryer to disinfect (even strip down). But, damn, I'm still itchin'
",0,0
1381,"After reading the Trip Advisor reviews, I was expecting an exceptional stay. I was not impressed overall. The concierge, the view, and the hotel resturant were the highlights. The bed, although not horrible, was not nearly as comfortable as mine at home, and I do not consider myself and extremely fussy person. I was traveling for business, and although not dressed in formalwear, was also not dressed down, but all in all, it felt a bit pretentious to me. There are better options for the money, and would gladly stay at the Sutton Place, Sheraton Towers, or Trump for the similar price and better stay. I would ask Trip Advisor to move it down in the ratings......not #1 in Chicago, in my book.
",0,0
1382,"I had a very comfortable two-night stay at the Conrad and would happily return. The room was spotless when I arrived, including the desk, windows, and the corners that often get overlooked. Decor felt current without trying too hard: warm neutral colors, good lighting, and modern furniture that was actually practical for working. The bathroom was especially nice, with a large walk-in shower, strong water pressure, fluffy towels, and plenty of counter space for toiletries. Breakfast was better than the usual hotel buffet, with fresh fruit, eggs made to order, pastries, and attentive coffee refills. Staff at the restaurant were warm even during the busy morning rush. A polished, relaxing hotel overall.",1,1
1383,"Homewood was a great pick for our weekend--room was spacious, breakfast had plenty of options, and the staff handled our late check-in with a smile.",1,1
1384,"Really enjoyed my stay at Hotel Allegro--the room was spotless, the bed surprisingly comfortable, and the staff were warm without being overbearing. The location also made exploring the city wonderfully easy.",1,1
1385,"My stay at the Conrad was a real disappointment, especially given the price and reputation. The Wi‐Fi was unreliable throughout the visit, repeatedly dropping during video calls and requiring me to reconnect. Staff were polite enough at the front desk, but interactions felt rushed and unhelpful when I reported the issue; no one followed up. Breakfast was another letdown, with lukewarm eggs, dry pastries, and very slow service despite the restaurant not being especially busy. The room was clean, but the decor felt tired rather than luxurious, with worn-looking furniture and dated carpeting that didn't match the polished images online. The bed was comfortable, and the location was convenient, but those positives couldn't make up for the poor value and lack of attention to basic details.",1,1
1386,"I stayed at the Allegro Hotel while interviewing for a position in Chicago. I read the reviews and they were mixed, but since the property was suggested by the organization (due to location), I booked a room. True to the reviews, the room was extremely small, was cold (the heater blew in cold air in -2 degree weather), and just generally uncomfortable. There was no closet so I hung my suit on the doorknob of the door of the adjoining room. The bathroom was extremely small and although tidy, not especially clean (it was dusty). The bed (which was supposed to be a queen but was really a full) was quite low and the sheets were hard. Because I arrived late, I ordered room service. There was so little space in the room that the wait staff had to approach the desk/table sideways. Although there is free wireless (a plus), I kept getting kicked out of the system and had to, no lie, reconnect on-line a record 16 times. Finally, to top it all off, the television stopped working just a little before midnight. I was only there for one evening (not even 12 hours) but that was enough for me. This is supposed to be a 4 star boutique hotel but I've stayed at better 2 star properties. On the positive side, the staff is nice and friendly, the food is reasonably good, and the lobby is really vibrant. There is a martini bar (although as I was coming in, a hotel guest was complaining about it being unsually smokey) that looked interesting. Overall though, not the best stay I've had. I won't be staying again.
",0,0
1387,"We stayed at Hotel Allegro for three nights in October and honestly it exceeded our expectations. Location is great, just a short walk from the main square but on a quiet side street, so no noise at night. Our room was spacious, spotlessly clean, and the bed was genuinely comfortable, which is rare in my experience. Breakfast was the highlight really: fresh pastries, good coffee, eggs made to order, and the staff kept everything stocked even when it got busy. Speaking of staff, everyone we interacted with was warm and helpful, and reception arranged us a taxi on the last day without any fuss. Minor quibble: the elevator is small and a bit slow, but nothing that would put me off returning. Good value overall. Highly recommended.",1,1
1388,"Check-in was fast, the room was perfect, and there were no problems. This is a standard big-city business hotel with every amenity imaginable. I got a very good deal for a one-night stay, but they made the money back from the exorbitant parking rate and the absurd access fee for wireless internet. If you are bored of the routine hotel fare, walk two blocks to Gourmet Pantry (155 N. Michigan) for a refreshing change. 
",0,0
1389,"Wish our weekend at the Knickerbocker had been longer--two nights flew by. Room was blissfully quiet despite Times Square location, wifi never dropped once, and the breakfast spread was genuinely excellent. Would return in a heartbeat.",1,1
1390,"Hardrock looked great online, but our room was noisy, the AC barely worked, and service at check-in felt rushed. For the price, I expected much better.",1,1
1391,"We picked Homewood because we needed a kitchen for a week-long stay, and honestly, it exceeded what we expected. The suite was genuinely spacious--our two kids had their own sleeping nook, and the full-size fridge meant we actually cooked dinner three nights instead of eating out. Breakfast had real variety, not just the sad scrambled eggs you see at some places; the oatmeal bar and make-your-own waffles were a hit. The pool was warm and clean, though it's on the smaller side, so we went at off-hours. Staff at the front desk remembered our room number by day two, which felt personal. Only minor gripe: the hallway ice machine was on our floor but out of order, and they directed us to the next floor. Not a big deal. For the price, especially with the included evening social on weekdays, this is a solid, comfortable pick for families or anyone wanting more than a basic hotel room. We've already booked our next stay.",1,1
1392,"Stayed here for a conference and was genuinely impressed. The bed was ridiculously comfortable, and the staff remembered my name each morning. Great location too--easy walk to the waterfront. Would happily book again.",1,1
1393,"Loved the historic charm and surprisingly quiet room; staff made check-in effortless, and the rooftop views over Times Square were worth lingering over after dinner.",1,1
1394,"Will not stay here again. We were here pre-construction so didn't have the noise problems that others are now experiencing. But room and service quality were so poor that we will not return. Our suite was large enough, but it was dirty, dated and worn. The bed linens were stained and the bathroom did not appear to have been cleaned properly. Public hall areas had room service trays sitting for two days, disgusting. We (politely) requested housekeeping to touch up our room and pick up trays and they never showed. We had paid for the King Tut Package, which was supposed to include tickets to the exhibit. They had no record of this and didn't honor it. Of course, the exhibit was sold out, so our main reason for visiting Chicago was ruined as we weren't able to see this part of the Field museum. My (also polite) letter to Hilton and the manager was never acknowledged. Very very disappointed in this property and am now avoiding Hilton in general when possible.
",0,0
1395,"The Omni looked dated, and our room smelled musty despite the high rate. Slow check-in, thin walls, and an unhelpful response to the noisy neighbors made the stay disappointing.",1,1
1396,"Loved the city skyline view from our room; the decor felt fresh and stylish, the rate seemed fair, and breakfast had plenty of tasty hot and continental choices.",1,1
1397,"Barely slept thanks to a clunky, creaky bed, and the room felt straight out of the 90s. Bathroom had mold in the grout; my 'city view' was mostly a concrete wall. Wouldn't return.",1,1
1398,"We stayed at the Palmer House Hilton in early December, we stay there that weekend every December and we think it is the best location in the city for us. We like State Street better than Michigan Avenue and the Palmer House is right there. We stayed in the Towers, in a room with two double beds and 2 baths. The room was not huge, but very comfortable. The towers area was recently refurbished and it shows, the lobby is beautiful with plasma screen TVs on the walls, comfortable chairs and tables and a seperate room for the food/drinks. There is a continental breakfast in the morning, appetizers during cocktail hour and cookies are laid out until the room closes. There is a fridge stocked with soft drinks, water and juice that are yours for the taking. We were very pleased with the upgraded Towers, everyone should check it out! 
",0,0
1399,"I would not recommend this hotel. Although it is in a good area, the room was very small and is getting rather dated. The room had extensive damage. The paint on the bathroom ceiling was peeling. The wallpaper in the bathroom was peeling. The wood work in the bathroom looked like it had been chewed on. There was mold and stains on the bathroom tile. The room was very small. There was not room for a sofa. Just a small faded chair and ottoman. The carpet had stains on it. Also, the bed was comfortable, but there was not a top sheet, just the bottom sheet and a comforter. Overall I was not satisfied with the hotel for the price that was charged. I have stayed in other hotels in the area that provided much more space, cleanliness, and value for the money paid.
",0,0
1400,"Attended a conference at the Palmer House and it truly surpassed my expectations. I had no idea it would be so large, so nice and with so many amenities. I also didn't realize that it is just around the corner from Milenium Park and the Art Institute. We were met at the door by the friendliest staff. Even with a long line at check-in, the entire process was about 10 minutes. We enjoyed the room with the up-to-date TV, decent size bathroom and comfortable bed. Had a fantastic breakfast buffet as well as a delicious take-out lunch at the main restaurant. Paid $200/night through the conference which seemed quite fair considering downtown Chicago. We have stayed at the Sofital which is much more upscale, but we also paid over $300/night there. 
",0,0
1401,"We stayed in a king suite at the Hotel Allegro over Memorial Day weekend. We paid $130/night, and it was definitely a bargain. The suite was huge - living room with a couch, two chairs, desk; large bathroom; bedroom; two closets. The room had recently been renovated, and was very clean. Comfortable bed, friendly staff, great location (near the train and bus), evening wine reception and morning coffee provided. While the Allegro isn't a five-star hotel, it is a great place for the money. (Note: a friend stayed in a non-suite room, and reported that it was very small. Upgrade if possible). 
",0,0
1402,"The Knickerbocker had so much potential, but our anniversary stay felt like a disappointment wrapped in faded grandeur. The room's carpet was visibly stained near the minibar, and the bathroom grout had a suspicious, dark film that made me keep my slippers on. Honestly, two nights felt like an eternity because the noise was relentless--every door slam in the hallway echoed, and we could hear the couple next door arguing until 2 AM. The decor was a strange time capsule: brass fixtures and floral wallpaper that might've been chic in 1989, but now just felt tired and dusty. Even the lobby's chandelier seemed dimmed by neglect. We checked out a day early, but the front desk still charged us fully, citing a policy we never saw. For the price, I'd expect fresh linens, not a pre-owned vibe. Skip it unless you're desperate for a retro-themed nap.",1,1
1403,"The Intercontinental's tired decor and a musty, poorly cleaned room made our three-night stay drag on far too long, plus constant hallway noise meant we barely slept. Expected much better at this price.",1,1
1404,"They allowed parties to go on all night and booked us in a room with no running water. We called security twice for them to do nothing about the party. When they finally came up about 30 people filed out of that room only to file right back in after about 10 minutes. When we called back nothing was done about it. My 2 year old son was awaken by all the loud music and cursing. THEN we get up the next morning at 7:30 to get ready only to find that we have no running water. After the maintenance man piddles around with it for a half hour we have no time to shower and have to ride the two hour train ride dirty and tired from no sleep. They did not resolve this issue. They just keep passing my complaint to 'managers' supposedly. It was the worst stay of my life and my poor two year old had to be there for it
",0,0
1405,"WARNING: FOOD POISONING ALERT!!! The room was dirty, the shower had mold and the handle in the shower my daughter cracked her head open on. The elevators were absolutly terrible they made me dizzy every time i went on it. They hade pasta night and they put out a bowl of noodles and sauce and i couple of rolls well you get what you pay for. What was worse is the sauce must of had bad meat in it because my family got so sick. The one thing that was nice was the location which was right by michigan avenue. The second night we left and went to another hotel which was 80 bucks cheaper and 100 times nicer. DO NOT STAY HERE
",0,0
1406,"The Hard Rock looked exciting online, but my room felt tired, the hallway was noisy all night, and staff seemed uninterested when I asked for help. Disappointing stay.",1,1
1407,"We stayed at the Fairmont for three nights to celebrate our anniversary, and honestly it exceeded what we were hoping for. Check-in was smooth despite us arriving early, and they upgraded our room without us even asking, which was a lovely surprise. The room itself was spacious with a huge marble bathroom and a view of the city lights that we couldn't stop staring at. Housekeeping was attentive but never intrusive. We had breakfast downstairs twice, and the salmon eggs benedict was genuinely one of the best meals I've had in a while, though be warned it fills up fast after 9am. The concierge arranged dinner reservations for us and even remembered our anniversary when we returned that evening. Only tiny gripe was slow elevator waits during peak hours, but that's nitpicking. Would absolutely return.",1,1
1408,"Lovely stay at the Hotel Ambassador--fresh, modern decor throughout and a spotless bathroom with great water pressure. The location couldn't be more convenient for exploring the city, and honestly the weekend flew by far too quickly.",1,1
1409,"Fairmont Chicago delivers a classic, refined stay rather than cutting-edge style--the lobby's marble and warm wood feel timeless, not tired, and our room's furnishings were well-kept even if the palette leaned traditional. The Wi-Fi was rock solid throughout, easily handling video calls from the desk by the window. Breakfast in the main restaurant was a highlight: the made-to-order omelet bar was quick, and the fresh pastries and strong coffee set us up for a long day of sightseeing. Being steps from Millennium Park and a short walk to the Riverwalk made mornings effortless, and the doormen's transit tips saved us time. Staff were consistently courteous, and the pool was a bonus after a hot afternoon. A dependable, polished choice--I'd book again if returning to the Loop.",1,1
1410,"The Hilton was a comfortable stay: the bathroom was spotless, Wi-Fi worked reliably, and the central location made getting around easy. Breakfast offered plenty of fresh, tasty choices.",1,1
1411,"The staff were wonderfully attentive without hovering, and the room's classic decor felt charming rather than tired. Waking to lake views from the large window was lovely, and the marble bathroom with a rainfall shower felt spotless. A genuinely comfortable, warm stay.",1,1
1412,"We wanted a nice place to stay the night after dinner, theater, and my daughter's 21st birthday. This place certainly fit the bill. It was convenient to everything including the SouthShore Railroad station. The staff were all friendly. Their was a small wine reception in the lobby in the evening and Starbucks coffee in the morning. Ryan, the concierge, ordered flowers for my daughter and had a nice bowl of Hershey Kisses waiting for us when we arrived. We were upgraded to a suite and although they forgot to make up the sofa bed, they came promptly to get it set up when we called later. The window seats were beautiful as well and I enjoyed drinking my coffee in the morning and reading a book. 
",0,0
1413,"Very quaint and romantic, yet masculine. I've noticed that at most Chicago hotel bars it's hard to get a drink much less a seat but I guess because it's a small hotel that was not a problem at the Talbott - plus people take their drinks out to the seating in the lobby because it's so inviting - cozy and comfortable - love that! Would love to stay again but I must say that I was surprised by all the comments on the comfortable beds - ours was too firm. Also note there is no gym on the premises - but walking and shopping is enough of a workout! 
",0,0
1414,"I was disappointed by my stay at the Omni. The room looked worn rather than upscale, with scuffed furniture and a faint musty smell that never quite disappeared. The bathroom was clean enough, but cramped, with poor lighting, chipped grout, and water pressure that dropped whenever someone else in the building showered. My window faced a rooftop crowded with vents and machinery, so there was no pleasant city view, just constant humming and an unattractive wall. The Wi-Fi was especially frustrating: it connected briefly, then slowed to a crawl or disconnected whenever I tried to work. I only booked two nights, and although I was ready to leave, the stay still felt longer than it should have because of these small problems. For the price, I expected a much more comfortable and polished experience.",1,1
1415,"Just spent three nights at the Amalfi Hotel, while in Chicago on business. Booked a king-corner room and loved it. Largest room I've ever had in a hotel in Chicago, incredibly comfortable, very clean. The breakfast and evening cocktails were a nice bonus too. And the location couldn't be beat. Walking distance to the the River, the Loop, Michigan Ave shopping and convenient to public transportation. I noticed a number of reviews commented on the noise; yes there is some street noise, and the building across the street is under construction (the noise from that was usually between 730-4, if you want to sleep late during the week ask for a room on the back side) but really, in downtown Chicago it's not going to be silent, if you want silence stay in the suburbs. If you want a great hotel (at a great price) right in the thick of everything, stay at the Amalfi. 
",0,0
1416,"No excuse for a hotel like this to have cold showers on three consecutive days and then to tell customer that engineering will look at it and that we should have told them sooner. I wouldn't expect a cold shower at a budget hotel, let alone an Omni. Great location and the bar is nice.
",0,0
1417,"We stayed in the Amalfi in July 2010, 4th of July weekend. I was very apprehensive about leaving my Diesel Ford Excursion with the valet at Amalfi. It has a few modifications to the engine and can be damaged if not operated correctly. I explained the procedure to the valet drivers, and felt like it was a complete waste of time. When the vehicle was returned to me the valet driver did not let it idle down and cool the turbo off as I had instructed. When I tried to start it, it wasn't happy, but did finally start. I was so relieved to get it back I just wanted to leave. Driving away I noticed that the top speed recorded on the GPS was 105mph!!! (previous top speed was 95mph, done a few days earlier driving across South Dakota). I could just picture the flying Ferrari scene in Ferris Bueller's Day Off. I couldn't imagine where in the crowded Chicago traffic they found a place to go that fast, though it wouldn't take long to make that happen (see reference to modified engine above). A little while later we stopped for lunch and I noticed a dent in the front bumper. I contacted the hotel and was referred to their claims people. No remedy. Lesson learned. Brett
",0,0
1418,"Had a really easy stay at the Hyatt--the room was quiet, the bed comfortable, and everyone I dealt with was genuinely helpful. Great location too, with plenty nearby.",1,1
1419,"Great stay at the Hyatt--worth every penny for the rate. Breakfast had fresh options beyond the usual, front desk staff were warm and quick with requests, and my room stayed impressively quiet despite the busy street. Would happily return.",1,1
1420,"I really wanted to love this hotel given the price, but the Intercontinental fell short in ways I didn't expect. Check-in took nearly 40 minutes because apparently they were short-staffed, and no one apologized. My room had a musty smell that never fully went away, even after I called housekeeping twice. The air conditioning rattled all night, which made sleeping miserable before an important meeting. Breakfast was the biggest letdown--cold eggs, a shortage of coffee cups, and a line out the door with only two staff working. The concierge gave us wrong directions twice. For a property branding itself as luxury, the service felt more like a budget chain. The location is decent and the lobby is beautiful, but that's where the good ends. Probably won't be back.",1,1
1421,"The fresh, understated decor and spotless marble bathroom made the InterContinental feel polished; it was pricey, but worthwhile for the service and comfort. I only wish our weekend had lasted longer.",1,1
1422,"Hotel Monaco was not worth the steep rate: street noise and thin walls kept me awake, and the dismissive front desk staff offered little help when I complained.",1,1
1423,"Booked via Priceline.com for a weekend getaway and got the room for $75 per night. When we arrived via Midway we took the Orange Line to within a block of the hotel for just $2. Hotel easy to find. Never felt uncomfortable with the neighborhood/area. Saw very few homeless or panhandlers. Walked all over the place. Great location and hotel is about a $5-$6 cab ride from most major attractions/shopping/restaurants. Hotel is almost gawdy with colors/decor, but it's not that different from a cruise ship decor. It was not annoying decor by any means. Check in was painless and the service was great! Heard NO noise whatsoever...the reports of 'thin walls' are greatly exaggerated. The walls are all concrete and thick...we heard NOTHING both nights we were there! Highly recommend this hotel! Rooms are small but not crowded for two people...they are old style hotel rooms..very classic 
",0,0
1424,"This review has two parts. . .I advise reading both. Chapter One: The actual hotel and staff I found the in house staff to be very friendly and accommodating. The room was nice and clean as well. I have no disagreement with any of the other reviews regarding the hotel room or the staff. This is a great location where you can walk three blocks to to the South to reach the riverfront, or a few blocks to reach the water tower to the North. Very easy (one block) walk from the subway (Red line). The morning complimentary breakfast is substantial. Not just muffins and coffee. You can have a complete breakfast here if you want. And, even the breakfast servers were really nice and efficient. I would recommend this hotel IF based solely on the physical location, the room, and the staff. Chapter Two: The nightmare I booked this room through central reservations in July for a mid-September arrival. The rate was quoted to me as $159 per night for four nights. When the confirmation was emailed to me, it was incorrect by over $300. I immediately called the hotel. They said they made the correction and emailed a new confirmation with the correct amount. I did receive the corrected confirmation email. . .All done? NO. One week later, my credit card statement arrives with the old higher amount having been charged. I called the hotel and was transferred to central reservations to resolve. When I explained the error, I was literally called a liar by the person in reservations, and told 'That's not my problem. I can't help you'. . . and then told that I have to pay the higher amount. Excuse ME? Now, I go back to calling the hotel manager to get some assistance. After a few left messages, I get the general manager to call me back, and discuss the issue. After taking down all of the names of people I spoke with, he assures me that he will credit the account immediately. I even get a call from someone in his accounting dept to confirm my credit card etc. . . One week later, still no credit. So, I call the general manager again. Oh, this might take up to 72 hours to process, I am told. So, please give it another week. Another week passes, still no credit. So another call to the manager. I am told now that the credit HAS been processed, and he even sends me an email confirming our 'agreement' for the credit, just to appease me. Another week passes. Still, not seeing that credit that was 'definitely processed' a week ago. Yet another call to the general manager on the day before I am to leave on my trip to Chicago. I told him I will be arriving, and at this point, I want to see him personally, and he can physically use my credit card to process the credit while I am there. Remember, we are now talking SIX WEEKS and this is still not resolved. I arrive at the hotel, and to make a long story short, the general manager was NEVER available to see me, nor did he make any attempts to schedule any time to see or talk with me. The only person I spoke face to face with, was the assistant general manager. He was completely unconcerned with my situation, and made the completely inappropriate statement to me of 'you realize this boils down to a matter of 'he said she said''. . . WHAT???? Today, my trip is over, and I have flown back home. I STILL HAVE NOT RECEIVED THE CREDIT TO MY ACCOUNT!!! I will absolutely be reporting all of this to Hilton Corporate Customer Service, and will absolutely be disputing the entire amount at this point. Take this little adventure into consideration when dealing with this hotel.
",0,0
1425,"staff was very courteous. desk clerk gave only one coupon for the free breakfast instead of two. second desk clerk gave the wrong time for the breakfast on the second day, causing us to miss the free period. room was very clean, with a nice view of the river. bed was very comfortable. toilet looked like it belonged in a public restroom (no tank; instead it had a stainless steel valve) instead of a 4-star hotel. no dresser to store clothes. no wastebasket in the room, and there was a cover for the icebucket, but no icebucket. folding luggage stand had a broken strap. location was good, close to the river. several american-style eating places nearby. overall, a disappointment for a four-star hotel. i expected more for a hyatt regency.
",0,0
1426,"I had a very pleasant three-night stay at the Ambassador. The building has some old-school character, but the room itself was comfortable, quiet, and well maintained. My bed was especially good, and I appreciated having plenty of outlets and a small desk since I had some work to finish. Everyone I dealt with, from the front desk to housekeeping, was friendly without being overbearing. Check-in was quick, and they happily stored my bags on the final day. The neighborhood was another highlight, with restaurants, coffee shops, and transit all within an easy walk. The only minor issue was that the bathroom felt a little dated, though it was spotless and had good water pressure. Overall, it was a relaxed, convenient stay, and I would gladly book the Ambassador again.",1,1
1427,"My experiences at the Fairmont Chicago were less than desirable. I try to be fair when I write my reviews, but fair is not in the Fairmont Chicago language. From pulling up to check in I felt the gouging start. $54 a night for parking is terrible for this area $30-$35 is the average and that is not affordable as it is but $54 is just disgusting to put on your guests. The parking was more than my car rental. In the room the internet is not complementary it is $16 for standard and $25 for some sort of ultra upgraded internet service. Gouge gouge gouge, who charges for internet anymore and even worse upgraded services. I didn't go online every day of my 8 day stay because of the cost. One update on the internet that they don't tell you upon check in is that if you sign up for the free premiere Fairmont club you will receive free in room internet service, I found that out on the last day of my stay. Other issues with this property is the shower pressure is not very good. The bed was hard and uncomfortable. And I would say there are many other properties that have a better location and price in the city. On a good note the Aria resturant in the Fairmont has a tremendous staff and serves up the best burger and fries I have ever had, loved the complimentary naan and dips to start, and the complimentary orange bark to finish.
",0,0
1428,"This was one of the best hotels I've stayed at in Chicago. I've also tried Amalfi and a number of larger chain hotels downtown. This one was the best. Great service, beautiful room, roomy bathroom, top-notch amenities. 
",0,0
1429,"Disappointing stay at the Sheraton--check-in took forever, the room smelled musty, and the AC barely worked. For the price, I expected much better. Probably won't be back.",1,1
1430,"This is best hotel bargin in Chicago if you are not overly unhappy with a small room. Great hotel just redone by Kimpton. This is a great hotel chain that really provides a the sense of escape and fun to all of their hotels. This is a location just off of LaSalle and next to the Cadillac theater. It has a 4 star resturant which we enjoyed in a relaxed atmosphere an amazing Italian meal. The wine list is one of the best in a city of great restaurants. The Kimptons have a social hour 5 to 6 with wine at all of their hotels. You sit in a designer, kind of London circa 1968 couch with a fire place nearby and have that lost art form of relaxation with you fellow guests. They are super animal friendly and provide complete services to your dog if you wish to bring it. The exercise room is great and there is a spa here as well. There are two other Kimptons here but for the money the Allegro is the best value and location. Always consider Kimptons as they never disappoint where ever we have used them. 
",0,0
1431,"I booked two rooms four months in advance at the Talbott. We were placed on the top floor next to the elevators, which are used all night long. When speaking to the front desk, I was told that they were simply honoring my request for an upper floor, which I had requested for a better view. I am looking at a brick wall, and getting no sleep. He also told me that they had received complaints before from guests on the 16th floor, and were aware of the noise problem. Why then did they place us on this floor when the hotel is not totally booked? A request for an upper floor does not constitute placing someone on the TOP floor and using that request to justify this. If you decide to stay here, request a room on a lower floor and away from the elevator! I spoke at length when booking my two rooms about my preferences. This is simply poor treatment of a guest whom they believed would not complain.
",0,0
1432,"The Omni is really showing its age. The hallway smelled like old carpet and the air conditioner rattled all night, making sleep impossible. Staff were polite but offered little help. Definitely not worth the premium price.",1,1
1433,"Disappointing stay at the Sheraton: the room felt dated, housekeeping missed basic details, and the front desk was slow to respond. For the price, I expected much better service and comfort.",1,1
1434,"My wife and I came to spend the weekend in downtown Chicago for shopping and we found this Conrad hotel well located close to everything downtown and of a size that doesn't make you feel lost in the Convention world. We have had this feeling when staying at larger hotels in the past. Our Suite has view on Michigan avenue with a bit of the Lake at the end. Staff was very professional, pleasant and friendly making us feel very comfortable. Internet is free n the rooms and I am making my review from there. 
",0,0
1435,"I checked into this hotel, Rm 1760 on 11/13/2010. Next day, I woke up with bed bug bites, numerous, on my arm and back. We reported this to the management who assiged us to rm 1901 and promised to get the room inspected and 'taken care of'. I insisted that they get all my clothes laundered, which they did. Interestingly, no one from the management, other than the security guy who came when we first complained, even offered any apology for the inconvience. I missed couple of meetings that day. The next day, I called as I forgot something in the previous room, only to discover that the room was already assigned to the next guest. So much for reporting!
",0,0
1436,"My stay at the Sofitel was disappointing, especially considering the price and the hotel's reputation. The room faced a busy road, so traffic noise continued well into the night, and I could clearly hear doors slamming in the corridor. The Wi-Fi was unreliable; it kept disconnecting during video calls and was too slow for uploading even small files. The bathroom looked tired, with worn grout, weak water pressure, and a shower that never maintained a consistent temperature. Our 'city view' was mostly a concrete wall and the roofs of nearby buildings, hardly the pleasant outlook shown in the photos. Staff were polite but not especially helpful when I reported these problems. The bed was comfortable enough, but that alone did not justify the cost. I expected a much more polished and restful experience.",1,1
1437,"We just returned from our first trip to Chicago and stayed at the Omni. I read many reviews on trip advisor and picked the Omni based on its wonderful reviews and they were right on. The location, staff, rooms, amenities, etc were all wonderful. Huge thank you to TA members who suggested signing up for the preferred member program. We did that before we left and received complimentary beverages in the morning and newspapers among other perks. I loved being woken up to fresh orange juice and the Chicago Tribune newspaper. We were in room 816 which was perfect. Corner suite with two out of the 3 sides of the rooms being windows with a great view. The room was huge with a gorgeous king bed and great living area with plasma TV. The bathroom amenities were wonderful. I loved soaking in the tub with the mineral salts that were provided. The turn down service was great as well. We would come back to our room with relaxing music playing and our bed ready for us. We ate at their restaurant twice and the breakfast buffet was delicious. The blueberry muffins were the best I have ever had. Everything was so fresh and prepared perfectly. The staff at the Omni is so accomodating. Everyone is always smiling and asking you how your stay is. Have to thank the concierge Melissa and Curtis. They were both so helpful with great dining suggestions and maps for everything we wanted to do. I also used the gym during my stay and it was great. All the machines were top notch and each treadmill has a lcd TV attached. And the gym itself had two plasmas. They also had cold lemon water for you after your workout. I am a stickler for cleanliness and it was sparkling every morning. It really was a fantastic stay at the Omni and we would never stay anywhere else. I also wanted to mention we never heard any construction while we were there. Everything was quiet and we both slept wonderfully on the big comfy bed. Thank you Trip Advisor for another great trip suggestion! 
",0,0
1438,"Stayed here for a long weekend and was genuinely impressed. The location is unbeatable--we walked to the harbour and the old town in under ten minutes, which made sightseeing effortless. I'll admit I was a little worried the interiors might feel tired, but the lobby and our room struck a nice balance between classic elegance and modern touches; the carpet was spotless and the furniture felt well-maintained. Our corner room offered a sweeping view over the marina, and watching the boats come in at sunset was a real highlight. The Wi-Fi was reliable throughout, which let me catch up on emails without any frustrating drops, and even streaming a film at night worked without buffering. Breakfast had plenty of variety, and the staff were attentive without hovering. Minor quibble: the gym could use a few more free weights, but that's nitpicking. I'd happily return.",1,1
1439,"Street noise kept me awake most of the night, and the Wi‐Fi dropped constantly. The room looked neglected, with dusty surfaces and hair in the bathroom.",1,1
1440,"I was really disappointed by my stay at The Knickerbocker. I booked it expecting a memorable experience, but the room felt much less polished than the price suggested. The view was mostly of nearby rooftops and a brick wall, with only a narrow glimpse of Times Square, so keeping the curtains open was hardly worthwhile. The room itself was generally clean, though I found dust along the window ledge and a few water marks on the bathroom fixtures. Staff were polite at check-in but seemed distracted, and getting a simple request for extra towels took two calls. I stayed for three nights, which felt too long given the lack of atmosphere and comfort. The location was convenient, but it did not make up for the disappointing service and poor value.",1,1
1441,"Loved our stay at the Hyatt. Room was spotless with a super comfy bed, and the front desk upgraded us just because we asked nicely. Location made getting around easy. Would happily book again.",1,1
1442,"If you love Brick Walls and Alleyways, then this view is for you. I asked for a room facing the river, I get a room facing a Brick Wall. That really pissed me off. From all the great reviews, I was expecting better. Before I came here, I stayed in a Hyatt in NYC, and that was awesome. There was nothing about the hotel that blew me away. The wine hour was ok. I was hoping there would be something better food, but I guess that's why it's a wine hour. I ordered room service one night. There wasn't really anywhere to eat it, so I had to eat it on my bed to watch tv. This was my first time coming to Chicago, and I think it will be my last. Just thoroughly disappointed.
",0,0
1443,"This is an older hotel, and the age shows. Rooms are small, and a bit drab. Bathroom in my room was in urgent need of upgrade. Bed was comfortable, though, and the room was quiet, Hotel staff was polite, but not really interested in the guest. Even the concierge was disinterested. Check-in was irritatingly slow for the few number of people in line. Really, a hotel tjhat promises so much in its promotional material should deliver better. The hotel really didnt seem to be trying.
",0,0
1444,"I stayed at the Chicago Fairmont for four nights for a conference. My fiance' accompanied me. When we checked in, we were given a room with two full size beds despite the fact that our reservation was for one king size bed. So instead of relaxing on the large luxurious bed we had imagined, we were forced to either sleep in separate beds like Ward and June Cleaver or either cuddle up on a small full size like two college kids in a fraternity house! We discovered that the coffee maker wasn't working and called down to the desk to have someone look at it, and waited two and half hours. We had issues with the plumbing, including extremely slow hot water tap in the bathtub which took 45 minutes to fill. The toilet stopped working twice. We returned one afternoon from the art museum to find the maid in our room, sitting on the bed, watching the tv and talking on her cell phone. They bellman were rude, and wouldn't let my fiance unload our own car which was packed with some of his very expensive camera equipment. There were errors on our bill. Last but not least, we saw a ROACH in the drawers. Alive. The restaurant downstairs was decent, and the location is fairly good since my conference was in the Hyatt next door but for the price you can find someplace better. I will never ever stay here again under any circumstances.
",0,0
1445,"My husband, teenage son and myself stayed at this hotel last August. We were transferred there by tour operator who had sent us to a terrible hotel on the other side of Chicago. When I complained I asked for us to be transferred to the Sheraton which they arranged for us. I have stayed at many hotels in my life and this has been the best. The room (although I know it was not the largest) was beautiful and very clean with every amenity you needed. It also had superb views of the river and the lake. The entrance hall to the Sheraton is so imressive as is the leisure centre. In fact all areas are fantastic. The best thing about the hotel though was the staff! From the bellboy, to the receptionists, the dining staff to the concierge - each one was courteous and so very helpful. One of the conciergies spent fifteen minutes on the phone trying to locate a specific pair of trainers for my son! Above and beyond the call I would say! I cannot reccomend this hotel highly enough. The breakfast buffet cost about 10 dollars each but you could eat as much as you like and take as long as you like which we did!! It lasted us all day. If you have the choice of where to stay I think you will enjoy the Sheraton! We did!! 
",0,0
1446,"I was pleasantly surprised by how quiet my room at Affinia was--despite being on a lower floor, street noise never intruded, and the blackout curtains made for deep, restful sleep. The bathroom felt freshly updated with a rainfall showerhead and soft towels, though the vanity lighting was a touch dim for getting ready. My corner room faced the river, and watching the lights flicker on the city skyline at dusk became my favorite evening ritual. The decor skews mid-2000s boutique--dark woods and geometric accents that aren't exactly cutting-edge but remain clean and comfortable, showing minimal wear. Staff remembered my name by day two, and the lobby coffee bar was a lifesaver. Not a five-star luxury property, but for location and value, I'd happily book again.",1,1
1447,"After staying at the Sheraton Royal Orchid Hotel in Bangkok, I was expecting a similar experience at the Chicago Sheraton. I had a wonderful stay at this property seven years ago and was looking forward to a repeat experience. Unfortunately, my expectations were not met. For the past 3 years I stayed at the Palmer House in the Loop, but thought I'd try a more modern hotel. PROS - location by the Chicago River, two blocks from Michigan Avenue - restful lobby with river view and free wifi provides a pleasant work environment - buffet breakfast offering custom omelettes, crepes and french toast CONS - check-in assigned me to a city view room when I had prepaid for a river view room - river view was good, but the windows to see it were filthy - dirty towel used by the previous guest was still hanging on the back of the bathroom door - bathroom was unimpressive: bathtub-shower combination; worn plumbing fixtures; only 2 sets of towels provided - guest room was small: only one soft chair provided - guest room doors slammed noisily throughout the floor hallway - 7 to 8 block walk to nearest L-station - concierge couldn't explain how to get to the Mercury Theatre, nor print a map of the area - guest services told me to go out of the hotel one block to get Starbucks coffee when it was available downstairs on the Link Cafe - no complimentary newspaper delivered to the room - no final billing folio delivered to the room on the night before check-out - not all computers were operational at the Link Cafe where boarding passes can be printed
",0,0
1448,"Hotel Amalfi was a great base for a long weekend in the city. The location made everything easy: we walked to restaurants, shops, and the river, and taxis were always quick to find when we went farther afield. Our room was quiet despite being so central, and I slept remarkably well on the comfortable bed with the blackout curtains drawn. The decor has a slightly classic, older feel rather than a trendy boutique look, but it was well maintained and gave the room some character. Staff at the desk were warm and efficient, especially when we asked for dinner suggestions. We only stayed two nights, which felt far too short; I would happily return and allow more time to enjoy the neighborhood.",1,1
1449,"Fairmont made our weekend feel special--beautiful lobby, genuinely warm staff, and a quiet room with a great bed. Breakfast was pricey, but the service and location were worth it.",1,1
1450,"Stayed here for a long weekend celebrating our anniversary, and honestly, it exceeded expectations. The location is unbeatable - we walked to the waterfront every evening and it was so easy to hop on the T for exploring. The room itself was spotless and quiet, which we really appreciated after some noisy hotel experiences elsewhere. The bed was ridiculously comfortable, and the blackout curtains were a lifesaver for sleeping in. We had drinks at the rooftop bar one night, and the views over the city were stunning, though the cocktails were a bit pricey. The staff genuinely stood out though - from the warm welcome at check-in to the front desk helping us print last-minute concert tickets. Breakfast buffet was solid with made-to-order omelets. Only tiny gripe: the valet was a little slow on Sunday morning, but they were friendly about it. Would absolutely book again for a city stay.",1,1
1451,"We stayed at the Talbott for a long weekend and it exceeded what I expected from the price point. It's a smaller boutique property, which I actually ended up loving, because the service felt personal rather than scripted. The doorman remembered our names by day two, and the front desk accommodated our late checkout without any hassle when our flight got pushed back. Rooms are European-sized, so on the cozy side, but the bedding was genuinely comfortable and everything was spotless. Location is hard to beat: quiet residential street feel off Rush, yet a short walk to Michigan Avenue and tons of restaurants. The free evening wine reception was a nice touch after a day of walking around. Only quibble is the elevator situation during busy times, but honestly it wouldn't stop me from returning. Solid choice.",1,1
1452,"Hard Rock looked lively online, but our room was noisy all night, the AC barely cooled, and check-in took forever. For the price, it felt worn down and frustrating.",1,1
1453,"I stayed for four nights while attending a conference. The hotel is in a great spot - easy walk to Michigan Ave shopping or Rush St., but just off the busy streets. The room I had was spacious, and very well-appointed. The staff was friendly, and the fitness center, while not huge, was well-equipped and clean. I've stayed at a number of hotels in Chicago, and this one is my favorite. Internet wasn't free, but at $10 for 24 hours is cheaper than most business hotels, and it worked very well. 
",0,0
1454,"I haven't actually stayed at this hotel- yet- but am already disappointed in their customer service. I visit Chicago quite often and usually stay at the InterContinental, but yesterday I read some online articles advertising The James Hotel's 'Cyber Monday Special'. The promo states that if you buy a gift certificate from their website, the hotel will match that amount in 'James Credits' that can be used toward your stay. None of the articles gave an expiration date for these credits. My next trip to Chicago is in April, so I thought I'd give The James a try. I travel frequently with my pet and I've heard they have a very liberal pet-policy. So today I went online and bought a $500 certificate. Me, having the one track mind that I do, somehow missed the part about the credits expiring March 31, 2010. I realized my mistake immediately and called the hotel front desk to explain my predicament. I said I couldn't be in Chicago until April (I'm overseas on business until then), and asked if they could extend my credits an extra month, or it not, refund my gift certificate purchase. I had only just made the purchase minutes before and hadn't even recieved my email confirmation yet. Most businesses offer a 24 hr grace period. The girl at the front dest was extremely rude to me- basically saying 'too bad, it's your problem now'. She didn't even bother to act polite or pretend to be sympathetic about my situation at all. So now that I know this is the kind of service I can expect from The James, I might just call it a wash and stay at my usual hotel, or try Hotel Monaco. I hear they have great service and are good with pets too.
",0,0
1455,"I booked the Conrad expecting the usual Hilton luxury, but this stay fell embarrassingly short. The check-in process was a mess--two agents arguing about my room type while I stood there, then a 'surprise' that they'd given away my suite and bumped me to a standard room with a view of the air conditioning units. Housekeeping never came until 5pm, and even then, they forgot fresh towels twice. The bathroom had a persistent mildew smell, and the shower pressure was pathetic. I tried the lounge, but it was packed with noisy conference attendees and the food was lukewarm, clearly sitting out for hours. The bed was decent, I'll give them that, but for nearly $400 a night, I expect working elevators and staff who actually care. Honestly, I've had better experiences at a Courtyard. I won't be back.",1,1
1456,"Disappointing stay at Hotel Allegro: the room was only passably clean, the bathroom felt dated and cramped, and the supposedly convenient location came with a dull view of traffic.",1,1
1457,"Disappointing stay at the Omni: my room overlooked a bland wall, the rate felt excessive, Wi-Fi kept dropping, and the supposedly clean room had dust and a stale smell.",1,1
1458,"Do you imagine getting there for the first time and overlooking the room, that was supposed to be ready, with used towels and the mouthwash opened and used? what about when they left the towel for the floor (the foot towel) to dry my face? what about the slippers that, although being still in the bag, had all the sole broken and left tiny plastic parts over the way to the garbage (all over the room, de facto). i didn't realise that would happen to me until i saw paris hilton on tv and then i knew god is great and he did it to us for being such an idiots to go to a company that has been able to create her. shame on us, actually!
",0,0
1459,"This was my first time in Chicago and wanted a hotel that was in a good location. This definitely fit the bill. I could walk to all the places I wanted to see - very close to Michigan Ave and the Magnificent Mile. About a 15 minute walk to the Art Institute. The hotel staff was very friendly and went out of their way to be helpful. There was coffee in the lobby every morning, that was very welcome. The room was comfortable and clean and fairly quiet. I could hear the train and some traffic from the street (considering the location, this wasn't bad and didn't affect my ability to sleep or relax). I would definitely recommend this hotel - a gem!! 
",0,0
1460,"Stayed 5 nights at this great hotel. Updated rooms. Clean. Used Tim to book theater and dinning reservations. Provided excellent service. Close to subway, shopping and dinning. Excellent value. Free wireless internet and access to nearby health club very nice perks. Highly recommend it. Future concern is adjacent construction of condos. Not a problem while we were there but something to ask front desk about in the future. 
",0,0
1461,"I have stayed at the Palmer a half dozen times in the past and it has been ok. The main drawbacks are the check in desk is always slow and they charge you to use the fitness center, which is truly annoying. In addition, there are so many rooms you often have to walk a hundred years to find your room once you get off the elevator. Other than that, it is a classic old hotel with some yesteryear charm. But, the room they gave me most recently was so small it was laughable. The door to the bathroom could not open as it hit the desk, and the chair to the desk could not be properly pulled out as it hit the bed. There was no room for them to put the TV in front of the bed, so they shoved it off to the side. Room 23242 makes prison cells seem roomy and I promise that no one who works there would ever put someone they know in this hovel. It should not be sold as a hotel room.
",0,0
1462,"I was looking for a fun, contemporary hotel and it didn't deliver. The lobby was nice, and the rooms were mostly clean, but it really wasn't special. Service time was slow for room requests, I found empty water bottles under the chair, and the a
",0,1
1463,"The recently remodeled Affina was amazing - from the 6 choice pillow menu to the stocked 'pantry and refrigerator' to the brand name bathroom ammenities. Within walking distance to just about everything you could possibly need, the Affina is a great hotel. The staff was pleasant and seemed to enjoy their jobs. Having never stayed in downtown Chicago before, the Affina over and above exceeded our expectations. Although our trip to Chicago was only for one night, we will consider staying at the Affina again for a future visit. 
",0,0
1464,"Our stay at the Conrad was wonderfully easy, with a quiet, comfortable room, quick check-in, and genuinely friendly staff. The location made getting around simple, and we'd happily return.",1,1
1465,"I had a really pleasant stay at Hotel Palmer. The location made it easy to walk to restaurants, shops, and the waterfront, but the hotel itself was quiet and relaxing at night. My room was bright, clean, and thoughtfully arranged, with a comfortable bed, plenty of outlets, and a surprisingly good shower. I also appreciated the small touches, like the quality toiletries and the coffee available in the morning. Everyone I encountered at the front desk was friendly and genuinely helpful, especially when I asked for local dining suggestions. Check-in was quick, and the common areas had a warm, modern feel without being overly fancy. It wasn't the largest room I've stayed in, but it was more than adequate and felt well cared for. I'd happily return to the Palmer.",1,1
1466,"My family of four went to a convention and stayed here in early August. We were promised a room with two double beds. When we arrived (earlier than most) we were told they were 45 double beds short. We reluctantly agreed to take a room with a king bed and a promise of a roll away bed. We had a to sleep very uncomfortably with a 12 year old in our bed and our other child in the roll away. Little did we know we were being CHARGED a daily fee for this bed. The managment could not handle the large group that was at this hotel. The bellhops and bartenders were visibly stressed and we did not have towels one day until very late at night. The managers would not take off the roll away bed charge and were not the least bit accomodating. We were so disappointed in this hotel. Also, they do not have a pool here. If you want to use a pool there is a health club next to the hotel but you have to pay $20 a day to use it. $80 for a family to take a little swim was a bit ridiculous. Do yourself a favor, if you want to be accomodated and are thinking of booking this hotel for a convention or otherwise, go elsewhere. Chicago has too many hotels to choose from to pick this one. I never heard back from managment on this issue when I called and emailed so obviously they don't care, even when I told them I'd write a review on this website. Chicago is an awesome city though. We loved it!
",0,0
1467,"I expected more from the Hard Rock name, but this stay felt tired and overpriced. Check-in took nearly 30 minutes even though there were only two people ahead of us, and no one acknowledged the delay. Our room had a strong stale smoke smell, despite being listed as non-smoking, and the bathroom fan rattled all night. The bed was comfortable enough, but the walls were so thin we could hear conversations and doors slamming in the hallway until after 2 a.m. Breakfast was mediocre and lukewarm, with empty trays sitting unfilled for a while. Staff at the bar were friendly, which was probably the best part, but it didn't make up for the overall lack of care. For the price, I would definitely choose somewhere else next time.",1,1
1468,"I stayed at the Talbott twice in the last few weeks. I was very pleased with every facet of my stays. The staff, from doormen to front desk, to concierge, to housekeeping, were wonderful. The rooms were nicely sized and clean, and well stocked. I will return to the Talbott anytime! 
",0,0
1469,"Really enjoyed my stay at the Talbott. Rooms were cozy and spotless, and the location off Rush Street made walking to dinner and shopping easy. Staff remembered my name after one day. Would happily return.",1,1
1470,"The bathroom was spotless with excellent water pressure, and the view over the harbor made every morning feel special. Despite the central location, my room was impressively quiet, though I honestly could have stayed another night without getting bored.",1,1
1471,"Booked the Affinia based on photos promising a chic, cozy boutique vibe. What I got was a shoebox with a view of a brick wall and a radiator that clanked like a haunted boiler all night. The 'modern' bathroom had a shower head that dribbled and a fogged-up mirror I couldn't see myself in. The staff were polite but useless--asked for extra towels twice, they never arrived. The lobby smelled like stale coffee and Febreze, and the so-called 'complimentary' wifi dropped every ten minutes. Honestly, for the price, I could've stayed at a Motel 6 and gotten better sleep. The location saved it from a one-star review, but I will not be returning. Save your money.",1,1
1472,"Fresh, tasteful decor and a lovely view over the city made our room feel special. The central location was incredibly convenient, though our weekend stay felt far too short.",1,1
1473,"Homewood felt overdue for an update. The lobby decor had a worn, early-2000s look, and our room showed the same age with scuffed furniture and a tired carpet. Sleep was difficult because the air conditioner rattled on and off all night, while hallway noise carried straight through the door. Breakfast was another letdown: lukewarm eggs, empty juice dispensers, and very few tables cleared during the busy morning rush. The staff at check-in were polite but distracted, and when I mentioned the noisy unit, no one followed up or offered a different room. For the rate, I expected a cleaner, more comfortable stay.",1,1
1474,"Hotel Allegro was a great base for a long weekend downtown. The lobby has a fun, contemporary feel without trying too hard, and the room carried that through with colorful accents and updated furnishings rather than the tired decor I sometimes expect in older city hotels. Everything was spotless when I arrived, including the bathroom and the desk area, which I appreciated since I had some work to finish. The Wi-Fi connected immediately and stayed reliable enough for video calls and streaming in the evening. Best of all, I slept remarkably well: the bed was comfortable, the curtains blocked the morning light, and I heard very little hallway noise. Staff at the front desk were warm and efficient. I'd happily stay here again.",1,1
1475,"Stayed with a group for a bachelorette party, and was disappointed. The hotel is beautiful, the staff was all rather friendly. The main problem was the room/sleeping situation. We had booked rooms with 2 queen beds several weeks before, but received an email a few days before our visit stating they were sold out (how that happens I don't know!!) so they 'upgraded' us to two 'suites' with a king and a pull out. First, this meant our party was split up and on different floors. Second, that meant two of us were stuck on a pull out couch. :( I'm not a picky, unreasonable person, but that was the WORST 'bed' I've ever slept on! It was sunken in the middle so we literally rolled into each other unless we balanced ourselves on the very edge of the bed. Then there were the springs poking into our backs ALL night! Just awful! For the amount of money we spent I expected to be comfortable! I would not stay here again after this experience.
",0,0
1476,"I made reservations with the Chicago Fitzpatrick using their 800 number for two nights in June. I received no written confirmation with cancelation policy, etc. However, when I attempted to cancel my reservation the morning of my first night's reservation, I was told that they would charge me for one nights stay. They have a '3pm THE DAY BEFORE your first nights stay' policy. Even though the hotel was not sold out for the night they would not budge on the policy. This is not a common policy on Michigan Ave. I'd advise making your reservations someplace that offers more flexiblity for emergencies or sends a written confirmation with policy. It was a very expensive mistake on my part to book with this hotel!
",0,0
1477,"I had a really pleasant stay at the Omni and would happily return. Check-in was quick, and the front desk staff were warm without being overly formal. My room was clean, quiet, and had a comfortable bed with plenty of pillows; I also appreciated the blackout curtains after a long travel day. The bathroom was spotless and the water pressure was better than expected. The lobby and common areas felt polished but still welcoming, and the location made it easy to walk to nearby restaurants and attractions. Breakfast was a little pricey, but the food was fresh and service was attentive. Overall, it felt like a well-run hotel with thoughtful details and genuinely friendly staff.",1,1
1478,"I wrote an email to the sales & reservation team a week ago.........i'm still waiting for a response. All I wanted to do was book a suite for 2 nights but they failed to even reply with an offer. We have now booked another hotel who can be bothered to answer emails. Shame you missed out, coz we tip like rockerfellers!!
",0,0
1479,"The Hard Rock hotel is great for a relaxing getaway. The rooms are quiet, the bed is comfortable and the bathroom is a nice size. We had fabulous service and got a great rate. Other than the fact that there were no bathrobes (it's listed as an amenity) and the Sony radio didn't work, it was perfect. Would definitely stay there again! 
",0,0
1480,"In a very nice location close to shopping and places to eat and also in a beautiful neighborhood. A small hotel with a pleasant place to sit in the lobby, the Pump Room is a classic place to have a drink. We did not have dinner there so I can not comment but we enjoyed people watching while we had an afternoon drink looking out the window at the people in the neighborhood. It is a short walk to very good shopping and eating. 
",0,0
1481,"The hotel itself was beautiful and wonderful staff but the bottom line for me was that it was impossible to sleep through the night because the noise of the ambulance sirens continued throughout the night. For THREE consecutive nights. There was simply inadequate soundproofing - even 14 floors above the street (OK - 13 floors as there is no 13th floor). I hesitate to write this review but I rely on Trip Advisor reviews when traveling, and had I been warned about the ambulance sirens, I would have chosen to stay elsewhere. If you are a sound sleeper and noise is not an issue then it is a lovely hotel and excellent value. Conveniently located. Wonderful staff. But quiet is a key priority for me so I would not stay here again. :(
",0,0
1482,"I stayed in this hotel for 5 days in November together with my colleagues. Internet only wired available for 20 additional dollars a day. No fridge or microwave included in the price. Our room had two too soft full size beds. In the hall way the wallpaper had come off the wall. Who doesnt believe it, check out the 16th floor close to room 212. With discount we paid more than 300 dollars a night which is ridiculous. I stayed in the Hyatt Regency before for much cheaper and that was way better. The restaurant in the main hall is very nice and the food is tasty, but although being almost the only customer it took forever that the food got served. please stay away and take one of the plenty alternatives nearby.
",0,0
1483,"My husband and I stayed here for three nights while visiting Chicago as tourists. What a beautiful hotel! Our room was lovely, the staff was super helpful and the location was convenient. They don't have an in house gym, but each day you can get a day pass to a cushy gym down the street. The restaurant in the hotel has a very yummy breakfast. The concierge helped us to make dinner reservations at the last minute our first night there. We were able to walk down the Magnificent Mile from our hotel, as well as through the Gold Coast and Old Towne neighborhoods. There are tons of great restaurants in the area (including the famous Gibsons and the Signature Room in the Hancock tower) as well as lots of shopping. There is currently a lot of construction going on near the Talbott (they are building condos right behind it), but regardless we had a wonderful stay and would definitely stay there again when visiting Chicago. 
",0,0
1484,"I stayed at the hotel james for three nights last month and honestly wasn't expecting much given the price, but it really exceeded my expectations. My room on the fourth floor was spacious, spotless, and the bed was genuinely comfortable--not one of those rock-hard hotel mattresses. The front desk staff, especially a woman named Priya, went out of her way to help me figure out public transit and even printed my boarding pass. Breakfast was included and while the selection wasn't huge, the coffee was good and the pastries were fresh. Location is a real strong point too: walking distance to several restaurants and maybe ten minutes from the main square. Only minor gripe was some noise from the street early in the morning, but nothing earplugs couldn't fix. Would absolutely come back.",1,1
1485,"My daughter and I woke in the morning wanting to go swimming. When we arrived at the pool the water was covered by a white scum. I then attempted to use both of the phones at the pool, one white phone and one emergency red phone, to call the desk. Both were out of service!!!! I am glad there wasn't an emergency. As we were exited the pool area I ran into a hotel employee and told her about the problems and then asked her to call us when the pool was clean.... never heard back.
",0,0
1486,"Homewood was a letdown; the room smelled musty, the hallway carpet was worn, and the front desk seemed annoyed whenever we asked for help.",1,1
1487,"this is my new favorite place to stay in downtown chicago, and I've been to this hotel at least 4 times. the rooms are clean, wonderfully designed and comfortable. The staff is friendly, service focused - and the restuarant is great, especially for the breakfast fruit crepes. Love this hotel. It's a great location, very good and consistent service and quality . 
",0,0
1488,"I wanted to like the hotel james because the location is convenient and the lobby looks stylish, but the stay was frustrating from check-in onward. Our room wasn't ready at the promised time, and nobody offered an apology or even an update until I asked twice. The room itself felt tired: stained carpeting, a flickering bedside lamp, and a shower that took several minutes to get warm. Street noise came through the windows all night, so sleep was not great. Housekeeping also skipped our room despite the sign being removed early in the morning. For the rate we paid, I expected cleaner facilities and more attentive service. It may work for a quick overnight stay, but I wouldn't choose it again.",1,1
1489,"I stayed at the Swissotel for a business trip the first week of Aug 2007. I arrived late the first night and got shoved into a hospitality room the first night. However, this was more than made up when after a strong talk they assigned me a corner room on the 28th floor. EXCELLENT view of the city, river and Lake Michigan. In fact, I would say the corner room of the Swissotel has a better view than any other hotel in the vicinity. The room was huge, and everything was clean and the bathroom was nice. The hotel is very convieniently located to the Magnificient Mile and Millenium Park. Would very much recommend this hotel, and would suggest trying every method possible to get a corner room in a higher floor. 
",0,0
1490,"Swissotel looked impressive online, but my room felt tired and the service was surprisingly slow. Breakfast was crowded, and the overall experience didn't justify the high price.",1,1
1491,"Excellent location, feels like a boutique hotel. Right next to Neiman Marcus (V.expensive dept store) and 2 mins walk to John Hancock tower. As most American ,medium to high end, hotels service was excellent from the bellhop to reception. Upgrade to a suite if you are staying longer than a couple of days as walking around the windy city can be tiring and a suite feels like a small apartment. The pub in the basement is good for a sandwich and a Beer. They will be refurbing so take adavantage of lower rates now as I feel they will be going for very high end clients after the remodelling 
",0,0
1492,"If location is the only thing that matters, stay at the Talbott. However, my wife and I have travelled extensively throughout North America and Europe, and I have never, in my entire life, seen such an inept housekeeping staff. They are unprofessional, noisy, incompetent and better suited for a one star hotel. They were yelling in the halls, slamming doors, and taking far too long to clean each room. They come to your room several times to check the fridge where they sell bottles of water for $3. The hotel was being renovated when we were staying there so we also had to endure the construction work - no discount was offered even after we complained several times. The front desk staff was very polite, but who cares?They're supposed to be nice. I spent a lot of money to stay here and did not feel that I received a fair deal. The room was sub-par for the price, even for an inner city hotel. Stay somewhere else and have a better vacation.
",0,0
1493,"Our room was spotless, and the bathroom had a roomy shower with great water pressure. Breakfast was fresh and filling, while the friendly staff made check-in and every question easy.",1,1
1494,"Disappointing stay at the Conrad: check-in dragged on, the room felt tired for the price, and hallway noise kept us awake. Staff were polite, but it never felt worth the expense.",1,1
1495,"My two nights at the Hyatt felt far too brief, but the spotless room and that gleaming rainfall shower made every minute count. The front-desk team was genuinely warm, and the bathroom's fresh towels were a lovely touch.",1,1
1496,"Review's a little late, but... My husband & I first stayed at the Amalfi in 8/06 totally based on reviews I read on this website. We were totally WOWED!! Loved the location, the room, the Aveda bath products, but most of all loved the evening reception & breakfast on our floor. I returned to Chicago with 3 girlfriends in 9/07 and booked us in a suite at the Amalfi. It was great - room was very spacious and my girlfriends were quite pleased! Will stay next time I'm in Chicago too!! P.S. They honor a government rate!!!! 
",0,0
1497,"My stay at the Conrad was disappointing, especially given the price and reputation. The room looked stylish at first, but the furnishings felt worn and there were marks on the carpet and desk. Noise was another problem: voices and doors from the hallway carried clearly late into the night, and I could hear traffic despite being on a higher floor. Breakfast was expensive for what was offered, with lukewarm eggs, dry pastries, and a surprisingly limited selection; the coffee was the best part. The bathroom was clean enough, but the shower pressure kept changing and the grout around the tub needed attention. Wi‐Fi connected easily but dropped repeatedly during video calls, making work frustrating. Staff were polite, yet the overall experience did not feel like the level of service I expected.",1,1
1498,"Good location and looks like a good property but did not seem to be managed well. Front desk staff was inattentive to customers and slow. Nice large suite for a room but plumbing fixtures were in disrepair (housekeeping staff could/should have reported each day) - partially clogged shower head, dripping sink, etc. Clean and OK, but neglected - we expected more from an Intercontinental Hotel. Many hotels to choose from in this area of Chicago - can get more for the price from almost any other.
",0,0
1499,"I stayed at the Fairmont to attend a conference. I was very pleased with the hotel. The doorman offered me an umbrella as I headed out for a walk... and sure enough it started to rain very soon after- I would have been soaked with it. Upon my return, the doorman then asked about my walk, etc. This is reflective of all the staff I encountered. The front desk promptly checked me in. DEFINITELY register for their rewards program before you arrive... The complimentary gym access is excellent, plus you save on internet access fees which are waived for members. The bathroom and separate dressing areas were large and convenient. The only negative- no coffee maker! AND the Starbucks in the adjacent building is closed on weekends since the area corporate offices are closed those days!!! Otherwise my stay was perfect, considering the conference rate was $99 per night! 
",0,0
1500,"Generally speaking, nothing bad about that place if there would not be the cleaning issue. We checked the closed with the mini bar (picture uploaded), so much dust, nobody cleaned here for at least 3 years. We called in housekeeping, giving them the opportunity to check and do something about it. Still the same situation when returning to the room 4 hrs. later. Next day moved to a renovated room, much better but not 5 star clean at all. In addition, there was never a time when there was no waiting line at the reception, no wonder when just 1/3 of the counters is actually open. Please do something about these issues its ruining everything!
",0,0
1501,"Hotel Allegro was disappointing: the bathroom was cramped and dated, and the room had dust in the corners. For the price, I expected better; my window faced a brick wall.",1,1
1502,"After reading so many great reviews I booked the Hotel Monaco and was not disappointed. I booked through their web site about 2 1/2 months prior to arrival for $170/night plus tax for a room with 2 queens. The location was perfect - right by the river near Michigan Ave. - minutes walk to the El, Millenium Park, the Theater District and Shopping. The room was clean, a little larger than standard and nicely decorated. We had window seats in the room with a view of the river. There was Starbucks coffee in the lobby in the morning and a wine reception in the evening. To top it off, the staff was very friendly and knowledgable about the area. 
",0,0
1503,"Hotel Allegro felt overpriced: the room had dusty surfaces and stained carpet, the bathroom was cramped with weak water pressure, and our view was just a brick wall.",1,1
1504,"This hotel is the perfect location for downtown Chicago shopping. The only thing is the pool is extremely small - it is indoors, but looks much larger on the website. 
",0,0
1505,"I expected more from the Ambassador given the rate and its reputation. The lobby has a few attractive details, but the overall decor felt tired, with worn carpeting and dark furniture that made the room seem smaller than it was. Our window faced a narrow alley and the air-conditioning units, so there was little natural light and certainly no pleasant view. At check-in, the staff seemed distracted; requests for extra towels and a restaurant recommendation were handled slowly and without much interest. The bathroom was the biggest disappointment: cramped, poorly ventilated, and showing mildew around the tub caulking. The shower pressure was weak, and the sink drained very slowly. The location was convenient, but it did not make up for an uncomfortable, underwhelming stay.",1,1
1506,"Our corner room at the Knickerbocker was a pleasant surprise. The view stretched from the glittering Magnificent Mile down to the lake, and I found myself just watching the city lights at dusk, which felt like a free show. Given the prime location, I'd say the rate was fair--not a bargain, but you're paying for that postcard scenery and the easy stroll to everything. The front desk crew were genuinely warm, even when we asked for extra towels twice, and the doorman remembered our names by the second day. The bathroom, though compact, had a rainfall shower with strong pressure and fluffy robes that made it feel indulgent. The bed was plush, and the blackout curtains worked perfectly. Only minor hiccup: the elevator wait during checkout rush. Still, I left rested, impressed, and already planning a return.",1,1
1507,"My stay at the Sheraton was much more disappointing than expected. The lobby looked polished, but the room felt tired, with scuffed furniture, stained carpet, and a bathroom that clearly needed better maintenance. Check-in took nearly 25 minutes even though there was hardly anyone waiting, and the front desk staff seemed more distracted than welcoming. The bed was comfortable enough, but the air conditioner rattled throughout the night and the walls were so thin that I could hear conversations and doors slamming in the hallway. Breakfast was overpriced for lukewarm food and slow service. I also had to call twice before extra towels arrived. This may once have been a reliable business hotel, but the property currently feels neglected and not worth the rate.",1,1
1508,"Pleasantly surprised by the James--rooms feel fresh and modern, and my floor-to-ceiling window overlooked the city nicely. WiFi was fast, breakfast had solid options despite the small cafe space. Would return.",1,1
1509,"This is a wonderful hotel with all the amenities. Everyone was helpful. The breakfast buffet was wonderful. The bed was 'just like home'. We would definitely stay again. A nice touch was the water bottles left in our car for us to enjoy on our way home. It was little touches like this that make this hotel one of the best. 
",0,0
1510,"Stayed at the Conrad for a weekend getaway and was genuinely impressed. The room was spotless with a gorgeous view, and the front desk went out of their way to make check-in effortless. The location is perfect for exploring, and I'd happily book again.",1,1
1511,"Great location - right on the Chicago River - away from the other skyscraper hotels - our room was good size, very clean and with a nice river view - Overall, a great staff - in particular I would like to point out Christy Morgan - Chief Experience Officer and Paula Fortney - Concierge for their assistance in making this stay a memorable one - (in the interests of full disclosure, we stayed here on our AMEX - Starwood points) 
",0,0
1512,"My room at Hotel James was the perfect mix of style and comfort--loved the dark wood accents and the plush bed. Staff were friendly without hovering, and the location made exploring downtown a breeze.",1,1
1513,"Disappointing stay at Hard Rock: the Wi-Fi kept dropping, and the room felt dusty despite the stylish decor. The cramped bathroom was poorly maintained, though the central location was convenient.",1,1
1514,"i was in chicago from september 17-22 for a convention.. my company booked this hotel for me. the hotel is centrally located , michican ave is less than a block away. perfect location! the suites are huge with comfy beds and a beautiful kitchenette. breakfast is the best... bountiful.. not just muffins and toast... i mean everything you can imagine...waffles, bacon, sausage , hash browns, toast, danishes, omelets, burritos, all freshly made... not artifical... really good. and clean .. also they have a free dinner... buffet.. excellent... mexican night, chinese night, american fare.. all included.. wine and beer also.. well worth the expensive price of $279 a night. a very classy and clean hotel.. i love chicago... will come again! 
",0,0
1515,"After reading all the lukewarm reviews for this hotel, I went ahead and got an Ambassador membership just to hedge off any unpleasantness. I normally have a good experience with Intercontinental hotels, particularly the Mark Hopkins in SF. I called the hotel directly to confirm that my reservation was designated as Ambassador Club. When I arrived at the hotel, there was no separate check-in line (as advertised) and the manager on duty basically ignored me when I told him I was an ambassador club member and stuck me with a regular tiny room. I was nearly half an hour checking in the room and had to deal with the arrogant attitude of the manager on duty. They gave me a room in the 'modern' tower, (built in the 60's) which was about 2/3 the size of a regular room at the Mark Hopkins (built in '29). I had to deal with torn sheets, cracked marble sinks, and the spare roll of toilet paper being located OUTSIDE the bathroom inside the closet - how convenient is that? The closet door, if you are not careful, may break the full length mirror attached to the bathroom door. I was not provided with a key to the minibar and I called for turndown service, which never happened. The next day, they finally got around to the fact that I was an Ambassador Club member and entitled to an upgraded room, but since I travel with a medical device which I already set up in the tiny room, I declined. To their credit, they did send some of the amenities I would otherwise be entitled to as an Ambassador Club member. I would not stay at this hotel next time I go to Chicago. There are other better places for the money including, the Omni, The James, The Fairmont, Hyatt, Sheraton, Monaco, Crowne Plaza, even the Holiday Inn and Marriotts located in the same general area.
",0,0
1516,"October 3rd, 2007 My wife and I stayed at The Sofitel toward the end of September 2007. The hotel is VERY modern. The room was immaculate, but the furiture looked as though it came from IKEA. It was chipped in many places. The light switches were difficult to find, and the HVAC made noise. However, the bed was wonderful. The bathroom was large and well maintained. Housekeeping brought us as many towels as we wanted. The restaurant was small. You can eat for less at a 24 hour restaurant around the corner called Tempo. If you want a truly great breakfast try The Peninsula Hotel. However, after dining there you might not want to return to The Sofitel. Prior to checking in we had paid for everything in full. When we checked in, we were asked to leave a credit card for incidentals. Upon returning home, we discovered that although the credit card had not been used the Sofitel had an authorization placed on it. This reduced the line of credit, and it took several days to be removed from the card. Great location! Reasonable value. If you have a Privilege Card they allow you to check out at 4pm as opposed to 12 in the afternoon.
",0,0
1517,"I checked in at the Affinia Hotel in Chicago shortly after dinner on Tuesday, I was greeted by very frendly staff from the valet service to front desk. You can tell people were happy at the hotel. I was pleasantly surprised when I got to my room. The room was very well decorated and well thought out. The furniture was in the right location and there was lots of space. Plus it was convenient with lots of power outlets The bedroom and washroom was very clean and I had a great sleep in their very comfortable bed. I was told by front desk i could choose from 6 different pillows, although i did not take advantage of this offer i thought what a great idea. Once in a while you come across hotels with great service, well thought out rooms in a perfect location (right off Magnificent Mile). When visiting Chicago again I will definitely try and stay at Affinia again 
",0,0
1518,"I stayed @ Affinia for one night on a purpose not to drive all the way from NW suburbs to Women's hospital oir my surgery. Few things I really didn't enjoy - I could hear noise from outside all night long as well as inside noise from slamming doors.No noise insulation at all! Very dusty between window frames(I understand - cars,pollution) but it looked like it wasn't cleaned for a very long time.One more thing really made me upset - broken blinds on a right side. I was unable to pull them down to enjoy my sleep time...We didn't notice the problem until very-very late.The Affinia hotel serving tourists and guests of Chicago as well as Northwestern Hospital patients and their families - which really need extra privacy and comfort ! Strange but every hotel I stayed @ was supplied with the SEALED roll of toilet paper.Affinia didn't even offer that.Looked like someone used a bathroom right after it was taking care of by a cleaning lady! Neither toilet paper nor toilet seat were sealed for us to use!!!!!!!!!!!! Hopefully,no more surgeries for me...Won't stay @ this place for leisure - even with discount!
",0,0
1519,"Hotel Allegro was pleasantly quiet, and the Wi-Fi worked reliably throughout my stay. I only wish I'd booked another night--the comfortable room and attentive service made it well worth the price.",1,1
1520,"Loved the Omni's roomy suite and easy walk to shops and restaurants. Everyone at the front desk was cheerful, and the bed was so comfortable after a long day downtown.",1,1
1521,"Swissotel was a comfortable base for our trip, with a bright, spotless room, quick check-in, and genuinely helpful staff. The city views from breakfast were a lovely bonus.",1,1
1522,"Apart from the location, great, but it stops there. Upon check-in, I was informed I would have a queen bed. I asked for a king size bed, and I was told there would be a charge for going up to a king. GIVE ME A BREAK, a surcharge for going from a queen to a king. When I got up to the room, it was like a oven. I could not get the air to work and needed to call twice before getting service. Everything in the room had a charge associated to it, even down to the coffee, $1.00. Now what's up with that? I was very disappointed in the size of the bathroom. Very small. I have stayed there twice and with so many other options, I feel this will be my last.
",0,0
1523,"The room was surprisingly noisy at night, so I barely slept; the view was mostly a brick wall, and the staff seemed indifferent when I raised the issue.",1,1
1524,"My wife and I redeemed some of my Hilton Reward Points to stay a few nights at the Palmer House. The hotel is absolutely beautiful. From the moment you walk into the lobby you can tell that this place is nice. As we were Diamond members we got upgraded to a suite which was great because we were provided access to their executive lounge (free food & drinks). The service was excellent and the location of the hotel is within walking distance of many sights on the south side of Chicago. I would definitely recommend this hotel to anyone interested in coming to Chicago. 
",0,0
1525,"Booked the Hard Rock expecting rock-star treatment, but the room felt tired and the hallways were noisy all night. Staff seemed indifferent, and that 'vibe' didn't make up for a scratchy mattress. Left disappointed.",1,1
1526,"Hyatt was a solid value for the rate: the room was comfortable and remarkably quiet, breakfast had plenty of fresh choices, and the staff were warm, quick, and helpful throughout.",1,1
1527,"We stayed at the Conrad for 2 nights for a friends reunion. The room was clean and new feeling, nice city view, free bottled water in room upon arrival. Check in was a breeze, and our room was ready even though we were several hours early. All staff was friendly and helpful, excellent breakfast. 
",0,0
1528,"Great building and location, but... staff is indifferent, you have to pay for WiFi (after $300 usd/night I would expect at least free WiFi), no pool in the building and something I found really annoying is that, if you move anything from the minibar, they have sensors that automatically charge you. This is ridicoulus.The iPod dock in the room didn't work. Also, we had to move thenightstand between beds and found dirt all over. Definitely is not value for your money. You're just paying for the Hard Rock brand. I will never go back to a Hard Rock Hotel.
",0,0
1529,"When you're standing in a craptastic excuse for a shower buttnaked and cold with soap in your hair because the water from the shower head has gone from a weak spray to a dribble to nothing coming out at all, nothing in the world will ever convince you to stay here again. The worst part is that the hotel knows this is a problem (they told me that it happens to the upper floors, and I wasn't even staying on the highest floor!) as if that makes it ok. I can look past the 'rustic' decor of the room and take it for what it is - an inexpensive place to crash, but c'mon, a girl's gotta shower.
",0,0
1530,"As we pulled away in a taxi heading to the airport for our trip home my wife turned to me and said 'We picked the right place.' Having chosen the Talbott from other Trip Advisor reviews I found myself thinking in terms of a Trip Advisor review when we arrived. Nice entrance, friendly reception, I noticed everything and immediately knew the Talbott was a non-corporate warm hotel with touches not typically seen in big name hotel chains. The smell of the elevator and attention to decorative details strongly reminded me of Europe, simple, not overstated but elegant. The location is great, there was light snow but we walked to the Art Institute, Rush Street, the Theater District, and we're from California where anything below 50 degrees keeps us inside! All I can say is if you are the kind of traveler that wants comfort, class and somewhere unique, stay at the Talbott. Oh yeah, we were in a room that looked down at the construction, we were on the 15th floor and could not hear a sound, it was very quiet. 
",0,0
1531,"Had a week long stay at the Hilton on south Michigan while attending a meeting. The hotel has some elegance in the lobby, meeting rooms and lounges - the hotel rooms could definitely use updating. I would definitely say that for the price of a room here - the rooms should be top notch. My car was misplaced during valet parking, our reservations were messed up, hotel staff showed up repeatedly throughout the week at our door with items (room service, a new coffee pot, laundry) that wasn't ours. I would not stay at this property again. There are much better places for the money in close proximity to Michigan Ave. It is a very big hotel and at times it felt like we were staying at Faulty Towers.
",0,0
1532,"My wife and I stayed at this hotel at the end of May, 2009. She came for the weekend for a function and we extended the trip to take in the city. We got a deal on this hotel through TravelZoos. $249/night stay for $99/night plus we got the full buffet breakfast. The room was wonderful. Extremely large King size bed with expansive sitting area. We are used to smaller hotels with little room to move. The bed was extremely comfortable with lots of pillows. No wear or damage in room at all except sink tap dripped a bit (poor taps). We could have upgraded to river view for $20/night but chose not to. We enjoyed the room for what it was. 22nd floor looking south. The buffet breakfast was great. Lots to choose from and very fresh with made to order eggs, non stop coffee and juice and the servers were so eager to please. Great to have breakfast included in night stay. Might be a bit dear to pay at $22/person. It was nice to sit and relax with good breakfast, coffee and newspaper and not have to figure where to catch a morning meal. Concierge desk was most helpful in suggesting places to eat, always informative and ready to provide maps, directions, multiple suggestions and even make the reservations. Cards included to admit without paying cover charges at some jazz clubs. Location was great. Blocks from El and other transportation and easy walking distance to the parks and right on the river. If in Chicago again, would not hesitate to stay here again. A swimming pool would have been nice but we did not miss it. 
",0,0
1533,"Stay Away! After generations as an old-world, cozy and stately, if a bit tired oasis, the AE has been purchased by Ian Schrager and taken down so many notches it's almost not functional. Allowing for the fact that the hotel is under renovation, the entrance is not handicapped accessible, and I saw several hotel guests with canes, casts, etc (including myself, recovering from foot surgery and in a cast, with a cane) struggling with the up and down outside stairs one has to navigate just to get into and out of the hotel. With luggage, it's almost impossible. This is simply inexcusable. I've been a customer of the Ambassador East for decades--but no more. The hallways are so dark one can barely see. The rooms are stark white, which in and of itself, isn't a particular problem, but it is jarring and almost painful as one's eyes adjust from the dark hallways. The furniture--stark and scant--looks like something from an Ikea closeout. The bed is comfortable--what a relief--but only about 15 inches off of the floor, a real problem if you're at all physically challenged, or even elderly and less flexible than you were in your salad days. The problems don't end there. My room had a horribly uncomfortable wire/metal desk chair, and absolutely nowhere else to sit. No arm chair, no demi-sofa, no ottoman. With a foot in a cast, it would have been nice to be able to sit comfortably, perhaps even with my leg elevated, while in the room. No way. The bathroom has absolutely nowhere to put any of your toiletries. Not a shelf, a small table, a nook, or a medicine cabinet. If you want to put a razor, shaving cream, makeup (for women) or anything else down so that you can use them, you're sh*t out of luck. Repeated requests for a small table or some sort of chair went unmet. A borrowed umbrella from the front desk was broken and unusable, something I didn't discover until caught in an expected downpour. I was tempted to throw it out, but remembered that they would charge me for it if I didn't return it, in spite of its total lack of usefulness. Refrigerator--forget it. Shampoo? For two days in a row, the housekeeper left several bottles of lotion, and no shampoo. Room service--not available. If you want breakfast, the front desk will sell you a small, pre-wrapped, commercial grade muffin for $4.00--something you can buy in any gas station for $1.00. No added value whatsoever. The photos show a nice entrance, and a large lobby for which the AE has long been famous. Unfortunately, that lobby is closed off, under construction, and the temporary lobby is on the second floor, difficult, again, for handicapped access. Thermos-bottled coffee and water for tea were stone cold, at 8 in the morning. When confronted with these various misses, the front desk staff repeatedly shrugged their shoulders and said, 'Yeah, we know, you're not the first to tell us this stuff.' All this shows is that Schrager doesn't even care to make an effort to make his guests comfortable, and that the staff is either too indifferent or too amateur to know the difference and even make an effort to get it right. It's one thing to get a good price on a hotel room when it's under renovation. It's another thing altogether to get screwed in the bargain, particularly after booking a non-refundable pre-paid reservation. Again, avoid this hotel like the plague.
",0,0
1534,"The Sofitel's central location was convenient, but our two-night stay felt too long; the room was only moderately clean, and staff were polite yet distant when we needed help.",1,1
1535,"If you asked me two years ago, I would have recommended the Talbott Hotel without hesitation to anyone who asked. Now, I have definitely changed my mind. While this hotel is located in a nice area of Chicago, surrounded by great restaurants, shops and affluent people, it has really begun to slowly downgrade. As noted by my reviews, I am incredibly serious about customer service. If you're in the hospitality industry, there is really no excuse for falling short in this category--- but alas, the Talbott really has. The door staff don't say a word, the desk people acknowledge you only when they are not doing a million other things (which they always are) and the staff have an air of snobbishness. Inexcusable since we, the customers, are paying to stay at their over-priced hotel. Perhaps the most annoying aspect of my latest stay was that I had to walk down 11 flights of stairs to get to the lobby of the hotel because I waited a solid 15 minutes for the elevator, which, when it arrived, was packed to the brim. I get that it's an old hotel, but it is incredibly annoying that they only have two elevators for the entire place and when one is down for construction, the other one overflows with people and I am forced to walk ELEVEN flights to simply get to my dinner reservation on time (which I didn't.) I will not continue giving this hotel my business and have other better recommendations to give to friends who plan on visiting.
",0,0
1536,"The wifi dropped constantly, forcing me to work in the lobby. My room had dust on the baseboards and the bathroom smelled musty, though the location near the metro was undeniably handy.",1,1
1537,"I stayed at the Affinia for four nights on a work trip and honestly wish it had been longer. The location made getting around easy, and the room was a genuine surprise--much bigger than I expected, with a kitchenette that came in handy more than once. What really stood out was how quiet it was. My room faced an interior side, so even with the windows open I barely heard street noise, and I slept solidly every night on what I'd call one of the more comfortable hotel beds I've encountered. The free wifi was fast and reliable throughout, which mattered since I had video calls most mornings. Staff were friendly without being overbearing, and housekeeping was consistent. If I'm back in the city, this is where I'll book. A few small scuffs on the furniture, but nothing that dented a great stay.",1,1
1538,"We stayed at the Monaco for three nights in early October and I'm still thinking about it. I'd read some mixed comments about noise before booking, so I requested a room away from the street, and the front desk looked after us without any fuss. It turned out to be genuinely quiet the whole stay, which honestly made the trip. The location is hard to beat if you're on foot: grab a coffee and you're at the waterfront in ten minutes, museums and restaurants just a short walk in the other direction. Our room had the quirks you'd expect from a boutique property, but everything worked, including the wifi, which stayed fast even when the place filled up for a conference midweek. The bathroom was bigger than we needed, with good water pressure and decent toiletries. Staff remembered our names by day two. Would return without hesitation.",1,1
1539,"Expected much more from the Talbott. Our room felt dated and the AC barely worked, staff took ages to fix it. Not worth the price at all. Disappointing stay.",1,1
1540,"Our stay at the Hyatt felt well worth the price, especially considering the spacious room, comfortable bed, and reliable service throughout the weekend. The decor was fresh and modern without being overly trendy; the lobby had warm lighting and tasteful local artwork that made it feel welcoming. We had a higher-floor room overlooking the river and downtown skyline, and the evening view was a highlight. Every staff member we encountered was polite, attentive, and genuinely helpful, from the quick check-in to the concierge's restaurant suggestions. Breakfast was a little pricey, but it was convenient and nicely prepared. I would gladly stay here again for a city visit.",1,1
1541,"We got a great deal on this hotel, just $91 found through travelzoo. We only stayed one night, but were very impressed. The sevice was fantastic from the moment we stepped up to the property. The hotel smelled wonderful and was immaculate. Our room, while not enormous was perfect. We had a great view of the city and lake. The bed was extremely comfortable. We never heard any noise outside of our room. The bathroom was nice sized considering we must have had one of the smaller rooms in the hotel, two could get ready very comfortably. Location was perfect, just off Michigan Ave and steps away from Millenium Park. We would definetly stay here again, especially if we could get this great deal! 
",0,0
1542,"Stayed at Hotel James for a long weekend and honestly, it exceeded every expectation I had. The location is perfect--steps from everything but tucked away enough to feel quiet. Check-in was a breeze; the front desk agent actually remembered my name and gave great dinner recommendations. The room itself was spotless, with a ridiculously comfortable bed and blackout curtains that let me sleep in past 9, which never happens. I loved the little touches: the complimentary coffee in the lobby each morning was strong and delicious, and the gym was way better equipped than most hotels I've visited. The only minor hiccup was the shower pressure fluctuating one evening, but it didn't ruin anything. The bar downstairs has a fantastic cocktail list, and the staff there were friendly without being pushy. For the price, this place is a steal. I've already booked my next stay for next month. Can't recommend it enough.",1,1
1543,"Great stay at the Allegro -- the room was comfy and quiet despite being downtown, and the breakfast guy remembered my coffee order. Location made walking everywhere easy. Would book again without hesitating.",1,1
1544,"Stayed at the Fitzpatrick as a result of all of the glowing reviews on TripAdvisor and to avoid the normal corporate hotel. Good location but the room was dirty, and not just from the last housekeeping. It was dingy: a place where you needed the slippers they provided. And this was a suite. Also, the refrigerator was caked with ice and didn't work. Furthermore, because my travel agent had mixed up the dates I was to travel, I showed up a day late. The hotel said it wasn't a problem and that I wouldn't be charged for the no-show the night before. I had my travel desk verify this with the hotel management the same day. Then the Fitzpatrick charged me for both nights and refused to reverse the charges after many attempts to resolve. Neither I nor my corporate travel desk will use the Fitzpatrick again. Two dots only because it's in a good location and because the lobby was clean. I'm generally easy to please and slow to complain but this was bad.
",0,0
1545,"Spent a wonderful night at the Amalfi with friends. The evening reception was very nice and the staff was very attentive. Breakfast was a plus, rooms were cozy and very clean. Would not hesitate to go back again. 
",0,0
1546,"Stayed there three nights from 4/17/09 through 4/20/09. Chechecked in about 9:15 AM. Had to wait about 15 minutes because of specials requests I had made. Room was quiet, and comfortable. Marked improvement over last time I stayed there (about 5 years ago). The renovations were great, and maintained the old time charm of the hotel. 
",0,0
1547,"Street noise and a rattling vent kept me awake most of the night, and our view was just a brick wall. Staff seemed indifferent when we mentioned it.",1,1
1548,"I expected far more from Sofitel, especially at this price point. My room faced a busy avenue, and traffic noise continued well past midnight despite the windows being closed. The Wi‐Fi was frustratingly unreliable; it dropped repeatedly during a video call and was too slow to work comfortably. The bathroom looked polished at first glance, but the shower drain backed up, leaving water across the floor, and the towels felt worn. The city view from the higher floor was pleasant in daylight, though construction cranes and a neighboring building blocked much of it. Staff were polite but slow to respond when I mentioned the noise and internet issues.",1,1
1549,"We stayed at the Hotel Monaco for three nights and honestly wished it could have been a full week. The room was spotless when we checked in, and housekeeping kept it that way throughout our visit, which is not something we say often. The bed was genuinely comfortable, and between the quiet hallway and the blackout curtains, I slept better than I do at home. Breakfast was a highlight each morning: fresh pastries, good coffee, and eggs that were actually hot instead of sitting under a heat lamp. The staff greeted us by name by the second day. Location is walkable to plenty of restaurants and shops. We left feeling rested and well taken care of, and we will absolutely be back next time we're in town. Highly recommend.",1,1
1550,"My husband and I were very excited to be staying at the Conrad, unfortunately, we would never stay in this hotel again. The rooms looked nice, but the closer you look there was mold in the bathroom and red stains that looked like dried blood near the sink. The room service cost was super high - costing us over $100 for 1 burger, 1 order of french toast, 2 pops and 2 desserts. In the middle of the night the pipes in our room made a very loud vibrating noise which kept us awake. We called the front desk and it took almost 40 minutes for someone to walk over to our room (we were on the 5th floor, same as the reception desk). They did nothing to fix it and the same thing continued the following night and anytime the room above us or to the right used their shower. The staff was friendly enough, but NOT helpful and they did nothing to try and make our stay better with all of the problems. There was not even a coffee pot in the room. Definitely would NOT stay here again for the price. NOT worth it!
",0,0
1551,"I expected more from the Omni given the rate and location. Our room looked tired, with scuffed furniture and a loud air conditioner that cycled on all night. The bathroom was especially disappointing: the grout around the tub was stained, the shower pressure was weak, and there was barely enough counter space for two toiletry bags. We faced an interior courtyard and the 'view' was mostly neighboring windows and rooftop equipment, so keeping the curtains open felt awkward. WiFi technically connected, but it dropped repeatedly and was too slow for a video call. We only stayed one night, yet the experience somehow felt longer because of the poor sleep and several small frustrations. Staff were polite, but not enough to make me want to return.",1,1
1552,"We stayed at this hotel with our two teenage daughters duing a part business, part family fun trip in July. We were very impressed with the location, within walking distance to great restraunts and shopping, inlcuding Water Tower Place (a great mall!). We were quite disappointed with the room cleanlinees and size. The bedspreads were filthy and so thin. The room decor is in dire need of an upgreade. The bathroom had no fan and it really smelled badly of mold and mildew. The shower actually had mold in the corners! This was a very tight squeese for 4 people. Especially the bathroom. The beds and pillows were quite uncomfortable. Even the elevators were tiny and could barely fit 6 people! Thank goodness there were a few elevators. Luckily we booked this room on priceline and would have never paid full price. The only upside was the great location. Also beware- its cheaper to take a taxi to the airport than the airport shuttle! Millenium promotes the airport shuttle but take a cab!
",0,0
1553,"This is a superb hotel. The rooms are huge, including a luxurious bathroom. It is clean and service is first rate. Breakfast was excellent (and complimentary for Hilton Honors members). Hotel is in a good location, and is connected to a mall, which I imagine would be a great asset in the Chicago winter. Next time I go to Chicago, I will stay here for sure. 
",0,0
1554,"The location was ideal, minutes from everything, but that's where the positives end. Our bathroom had a persistent mildew smell, the carpet and furniture felt tired from another decade, and the Wi-Fi dropped every few minutes--hardly worth the premium rate.",1,1
1555,"Really pleasant stay at the Hotel Allegro -- comfy bed, quiet room despite being downtown, and the breakfast spread was better than expected. Staff were genuinely friendly. Would happily come back.",1,1
1556,"Beautiful hotel, but very dated--threadbare carpets and faded furniture. We didn't sleep well with the noisy AC. Paid a premium, felt overpriced. Two nights was one too many; I was honestly relieved to leave.",1,1
1557,"Firtly they took $372 off my card, even though they also took the same amount off of one of my friends for staying an extra night. They had no business taking the money off of my card. So on the 28th Sep I contacted them and they admited to the mistake. It is not a month later and I have called them about 6 times in all and they have still not paid it back. Secondly I booked 8 rooms at buy 2 get 3rd room free direct with hotel. When I looked a week later, they had only booked 7 and refused to offer me the rate 3rd room free rate, so two of my friends didn't come to the trip away. Thirdly I asked if the initial money for all rooms could be taken ASAP as the dollar was weak against the pound. After about 8 phone calls over 5 months (each saying they would) they eventually took the money and the whole trip cost an additional PS150. Overall, the hotel was nice and in a nice location, but I will never be staying there again due to all my problems.
",0,0
1558,"After checking out of the Sofitel Chicago Water Tower the other day, I left the hotel, crossed the street and started to walk EB on Chestnut while looking for a cab. I was still within sight of a Sofitel doorman when I sighted a cab approximately one block away and attempted to hail same. After doing so, I immediately heard a Sofitel doorman yelling for me to stop and then heard the sound of his whistle. As the cab slowed to pick me up, the doorman continued to yell at me and blow his whistle as he started to run in my direction. When the cab stopped, I quickly entered cab and locked the door for fear of being physically attacked by the Sofitel doorman. After locking the door, the doorman attempted to open the door as he continued to accost me from outside of the cab. After claiming that he had hotel customers waiting for cabs, he suggested that I had no right to hail a cab in the vicinity of the hotel and then called me a 'jerk' before allowing the cab driver to depart to my destination. Consequently, unless you enjoy being accosted by hotel doormen, please don't attempt to hail a cab anywhere near the hotel under any circumstances without first securing the permission of a doorman. Lastly, as for the rest of my stay, you will enjoy this hotel if you seek a highly pretentious staff who prefer to speak to guests in French instead of English. While I have nothing against the French or French language, I much prefer communicating in English when visiting one of the best cities in the best country in the world. Viva la USA!
",0,0
1559,"Great location near everything downtown, I'll give it that, but two nights here felt more than enough. The front desk was indifferent at check-in, and for what we paid the room felt tired and dated. Not worth the rate.",1,1
1560,"I'll admit I booked the James mostly for its address, but the stay itself turned out to be the highlight of my trip. The room wasn't huge, but it was spotless--fresh linens, no stray hairs in the bathroom, and the walk-in shower had excellent water pressure. What really stood out was the staff: from the front desk who remembered my name to the concierge who circled three under-the-radar restaurants on a map, everyone seemed genuinely happy to help. Location-wise, you're steps from the river and a short stroll to Michigan Avenue, yet the street itself felt calm at night. I slept better than I have in months. Minor quibble: the hallway ice machine was out on my floor, but that's hardly a dealbreaker. I'd return in a heartbeat, and I've already recommended it to two coworkers.",1,1
1561,"First, several day s prior to my stay, I called and spoke at length with the concierge and made a breakfast order for room-service Saturday and Sunday. Saturday they didn't bring breakfast - and when I called room-service they stated they never got the advance order from the concierge. When they finally did bring it - they brought the wrong thing.. and then brought the wrong order again on Sunday. I was further inconvenienced by in-room dining staff when we ordered room service Saturday night. The food was limp and uninspired. Further, I ordered soup - which arrived without a spoon. When I called in-room dining to request a spoon, I was told one would be forthcoming. 15 minutes later, a waiter arrived with a menu. When I explained I already had food and I didn't need a menu - I needed a spoon, he had the audacity to argue with me. I respectfully requested he return with a spoon and he agreed to do so. Another 15 minutes (and one bowl of cold soup) later I decided to call in-room dining back to request (again) they send someone with a spoon. They too argued with me and expressed that they'd already sent someone with a spoon. I explained that they had not - that I had received a menu I didn't request, but that no spoon was forthcoming. Another 15 minutes later, a spoon finally arrived. Thanks - for charging me $100+ so that I could argue over cold, flavorless food. In addition to the gross customer service, surly attitude, and sorry food, I found the room woefully lacking. It reeked exhaust fumes so much so that on Saturday night I woke up from the smell. Further, I had specifically requested when I booked the reservation that you keep me away from the elevators... I was right next to the elevators and had the displeasure of listening to them ding all night long as other guests came and went.
",0,0
1562,"Loved the rooftop pool and the bar downstairs, and the bed was honestly one of the comfiest I've slept in at any hotel. Staff remembered my name by day two. Perfect location too -- would happily stay again.",1,1
1563,"The James felt polished without being stuffy; our room was quiet, the bed was excellent, and the front desk pointed us to a great late-night spot nearby.",1,1
1564,"I love the Ambassador East, true, she's a little old but she's a classic treasure. The service is wonderful, from the minute you arrive you are greeted warmly and with a nice welcome! I felt the service was good, room was clean and quiet and that all the staff was very accomodating. The biggest gem is the Pump Room bar and restaurant. The best drinks, amazing food, exciting photographs and fun music on the weekends. This is set in the most fabulous location; historical neightborhood, close to walk the lakefront, well known hometown bars, excellent restaurants Chicago has to offer and most of all shopping. There was a nice street market going on over the summer-fall weekends, giving this area a real interesting flavor of Chicago. I can see it needs some updating but I was totally happy and content with my stay. I travel a great deal in my work and have seen all kinds of hotels. I will stay here again in the future. 
",0,0
1565,"Expected much more from the Hotel Ambassador. The room smelled stale, the air conditioning barely worked, and the front desk staff seemed annoyed by every request. Breakfast was cold and overpriced. Won't be returning.",1,1
1566,"I had a very pleasant stay at the Sheraton and would happily return. Check-in was quick and friendly, even though I arrived a little earlier than expected. My room was spacious, quiet, and clean, with a comfortable bed and plenty of outlets for charging devices. I especially appreciated the large desk since I had some work to finish in the evenings. The lobby felt modern without being overly formal, and the staff were consistently helpful whenever I needed directions or extra towels. Breakfast had a good variety, including fresh fruit, eggs, and decent coffee. The fitness center was also better equipped than I expected. The only minor issue was that the Wi-Fi slowed down at busy times, but overall the hotel offered a comfortable, reliable experience and good value.",1,1
1567,"This was a gorgeous hotel from the outside and in the lobby. However, when we reached the elevator things started to look quite dingy. Our bathrooms in our room had grout that was in need of a deep scrubbing and had an overall appearance of dirty. Wireless internet is available, but that's an additional fee. Are you kidding? Even the roach motel offers wireless for free! Also, the fitness room was available for only $15 per day. Wow, I thought the room rate was enough to cover that. When I used the coffee supplies in the room, they were not replenished. I called the next morning requesting more and was told that wasn't housekeeping's area but they would send some up. No kidding, nearly 90 minutes later I got the cream and sugar! Glad I wasn't in a big hurry. I'll definitely be staying next door for half the cost and a lot better accommodations the next time I'm in Chicago!
",0,0
1568,"Expected more from the Conrad. Room felt dated for the price, and housekeeping skipped our floor twice. Front desk was polite but slow. GREAT location though--sadly that's the only highlight of our stay.",1,1
1569,"Stayed here in November 2011 on a leisure trip to Chicago. Hotel is very dated, with some rooms that just aren't good enough. Front desk staff was rude. Will not be staying here again - prefer the Swissotel and the Hyatt properties (Regency is similarly priced, and Park Hyatt is 3x more) and a list of boutique hotels in the area as well (Kimpton, etc). Pros: -The only hotel that opens onto Michigan Avenue, very close to all of the excitement -Eno Wine Bar has a great selection of cheeses -Rooms are clean Cons: -Some hotel rooms just make no sense - our first room was tiny and had a window overlooking a ledge (effectively no view), and our second room had two windows that looked out onto a brick wall (actually no view) -You have to pay for everything - internet, gym, and the pool (which was not available due to renovation...) -Entire hotel was very old, not in a classical sense but in a ghost story one -Front desk staff was rude
",0,0
1570,"I stayed at the Omni for one night following a business meeting at another downtown Chicago hotel. I was completely impressed by the service; all personnel during my stay were absolutely outstanding. I checked in quite early (no problem) and was efficiently checked in. My room had a somewhat heavy scent of air freshener (the ONLY negative from the entire stay), which was managed reasonably well by opening the windows. I don't generally require much during my hotel stays, but suffice to say the doorman, housekeeping, the night manager and bartender at 676, the day waiter at 676, and the concierge were amazing - I never waited more than about 30 seconds for anything. The room was very comfy and the amenities were superior. One very tiny complaint - there was no wastebasket near the sink or near the wet bar - had to walk to the other end of the bathroom or sitting room to dispose of kleenex/coffee paraphernalia. One wastebasket would make all the difference. All that said - what a great hotel!! Thanks, Omni - I had a great stay! 
",0,0
1571,"We enjoyed the Hotel Monaco. Great location for walking and beautiful rooms. The staff was so friendly and we especially enjoyed the wine reception and getting to meet other guests. Will definitely stay there again!
",0,0
1572,"I had a very pleasant stay at the Hyatt and felt it offered good value for the price, especially given the central location and comfortable facilities. The lobby and room decor felt fresh and modern without being overly trendy, with thoughtful lighting, a comfortable bed, and a spotless bathroom. Every staff member I encountered was welcoming and professional, from check-in to the breakfast team, and they handled a small room request quickly and cheerfully. My room faced the city, with a wide view of the skyline and plenty of light during the day; it was especially attractive after sunset when the buildings lit up. The hotel was quiet at night despite its busy surroundings. I would gladly stay here again and would recommend it for both business and leisure trips.",1,1
1573,"My wife and I stayed two nights at the Talbott at the end of February. This little hotel was the perfect place for us. The lobby is very small but also cozy, and with both fireplaces going it was a welcoming atmosphere coming in from the cold. The staff was very friendly and efficient. The room was pretty spacious, and the king bed was extremely comfortable. We had a seventh floor room facing delaware st, so there was really no view. The bathroom was a good size, including two sinks and a spacious tub/shower. There was also free wireless internet...a big plus for us. Perhaps the best thing about the Talbott is the location. We were only a few steps from State, Rush, and North Michigan. Tons of shopping, bars, and good food are easily within walking distance. This makes the Talbott a great place for tourists who want to walk around and take everything in. We highly recommend the Talbott, and will gladly stay again on return trips. 
",0,0
1574,"I was looking forward to staying here for my wedding in late September, and was surprised by the signs of hard times that were subtle, but affected me and my husband. For example, he got locked out of our room 2 times, once having to wait for 15 minutes in the hallway after going to the spa. The other time was when he was getting ready for our wedding ceremony, so that was stressful because he lost some time. The keycard just would stop working. Then a fuse blew, so we had no power while trying to get ready. It happened to me also, coming back from the spa, and I called on the hallway phone to get help. Luckily, right after that, an employee who was randomly walking by asked me if I had been waiting long--as if she knew this was a problem. I said no, and she called down to check. Apparently, no one had even called Security to get me back into my room! She had a set of keys and let me in, thank god. Then, on our wedding night, my husband wanted to order from room service. It was a little after 10:30pm. We were told that room service was closed for the night--even though all the literature in the room brags about '24 hour dining.' That fact was never communicated to us when we checked in. I feel like the quality of service and amenities are slipping. We later heard something about a lot of employees getting laid off, so maybe that's why people weren't too intersted in providing good service. I don't think if I would recommend that anyone stay at this Fairmont nor will I ever again. BTW, the spa is great to hang out in, even if you're not doing a massage.
",0,0
1575,"I only stayed out with my boyfriend for one night, however enjoyed my stay. The staff was friendly, the room was nice and clean, the hallways and ballrooms etc were elegant. Room service was quick and had good options to choose from that actually tasted great. The staff was able to extend our check out time for an extra 1-2 hours without an extra charge to the room. Great location too! Walking distance from the Art Museum, Millennium Park, Grant Park (right across the street) and a quick cab ride to McCormick Place. If I were in the city again I would love to stay there again. 
",0,0
1576,"We stayed at Hotel Allegro for three nights and honestly left pretty disappointed. Check-in took nearly forty minutes because only one person was at the desk. Our room overlooked the street and the noise went on until 2am every night - bring earplugs. The air conditioning barely worked, and when we reported it, someone came, jiggled something, and left. Breakfast was the real letdown: thin selection, lukewarm eggs, and coffee from a machine that tasted burnt. Housekeeping skipped our room one day entirely. The location is genuinely convenient, which is why I'm giving two stars instead of one, but for this price I expected much better. We won't be returning, and I'd suggest looking elsewhere if comfort matters to you.",1,1
1577,"We booked 2 rooms for 2 nights on Hotwire over Labor Day weekend. We arrived at the Hard Rock at around 10:00 a.m., and they were able to give us our rooms early. Hooray! We were on the 5th floor (Beatles theme). The rooms were very comfortable. One of our rooms was on a corner, and had lots of windows. The other was was a bit larger with fewer windows. Not a great view from our side of the hotel, but we didn't pay for a room with a view. The beds and pillows were EXTREMELY comfortable, the bathroom was full of Aveda products, and there was a bathrobe in the closet. The tv/dvd/stereo combo was nice, but we weren't in the room a lot to use it. We were warned by the front desk not to even touch the snacks/drinks as they were weighted and we'd be charged. No problems there. We did not make use of the free fitness center, because the weather was perfect. My husband was able to go for a run through Grant Park along the waterfront instead. He said it was wonderful. We did use the free internet in our rooms. It was 'wired' internet, but my stepdad said that was better for him anyway. The room was a bit dim at night, but we were able to read just fine using the bedside lamps. There was virtually no hall / elevator noise. The location of the Hard Rock is ideal. It is easy to get breakfast at the Corner Bakery, just blocks to either Grant Park, The Art Institute, State Street Shopping, or Michigan Ave. To sum up, there was absolutely NOTHING to complain about. We would be glad to stay here again any time. 
",0,0
1578,"For InterContinental prices, I expected better: the room smelled stale, the AC rattled all night, and the front desk brushed off my complaint.",1,1
1579,"We stayed at Hotel Amalfi for four nights and honestly, it exceeded expectations. Our room was spotless, with fresh linens and a bathroom that gleamed--a detail I always appreciate. Despite being near the main road, the double glazing did its job; we slept deeply and undisturbed each night. The staff, especially the front desk gentleman, were wonderfully attentive without hovering, offering excellent local eating suggestions. The location proved ideal, a short, pleasant stroll to the duomo yet removed from the chaos. The breakfast spread was decent, and having a cold bottle of water waiting in the mini-bar was a thoughtful touch. If you value a clean, quiet base that doesn't break the bank, this is a solid pick.",1,1
1580,"My wife and I stayed here for a weekend in Chicago and had an okay experience. The location contrary to other reviews is not very good for a downtown Chicago hotel. Everything is at least a fifteen minute walk which in the winter in Chicago means a taxi ride. The other thing that you should know about this hotel is that they allow smoking everywhere. I don't necessarily mind people smoking but the lobby, the elevator lobbies and any area that was public had tons of people smoking and ashtrays everywhere. The pool/spa/excercise room was not very impressive either. It is accessible by walking through the business center corridor, wondering if you're going the right way and then coming to a pool that is extremely small. There is also no hot tub and the 'spa' is a closet with a massage table. The concierge was helpful but the people that answer the 'sheraton promise' phone told me that there was nothing they could do about ice being out on two floors. The beds were super comfortable. I think that this is probably a nice business hotel with top of the line conference and meeting facilities but for couples or families you can do MUCH better in downtown Chicago.
",0,0
1581,"The service at Hotel Amalfi truly exceeded expectations--impeccably warm staff and a spotless room with an incredible sea view. Breakfast was fresh and abundant each morning, making our coastal getaway feel effortless and memorable.",1,1
1582,"I booked the Monaco for a two-night romantic getaway, and frankly, it felt about two nights too long. We checked in with high hopes, but the magic evaporated quickly. The bed was impossibly hard, like sleeping on a concrete slab wrapped in a sheet, and I woke up each morning with a stiff back and a foul mood. Our room faced a brick wall and a noisy ventilation shaft, so the 'city view' was a literal brick joke. The promised high-speed Wi-Fi was a cruel myth; it dropped constantly, making it impossible to stream anything or even scroll social media without frustration. The whole experience felt soulless and overpriced. I'd rather sleep in my car than spend another restless, disconnected night here. Save your money.",1,1
1583,"This is a stunning hotel in an excellent location in the greatest of US cities. The entrance and lobby of the hotel indicates its class. The bedrooms are large and comfortable and the customer service is second to none. It is located on South Michigan directly across the road from Grant and Millenium Park. It also has a free shuttle to the Water Tower in the heart of the Magnificent Mile. For Blues fans, Buddy Guy's Legends Club is situated immediately behind the Hotel. Highly recommended. 
",0,0
1584,"Months prior to my 5-night reservation with the Hilton Chicago I requested a room that allowed in a lot of natural light, facing an open view, not a close building. (The reservation was made through a conference travel agency.) I confirmed my request by telephone a few days in advance directly with the hotel and at check-in the clerk noted it in my record. She told me it would be difficult to find, but consulted a chart and appeared to be satisfied with the room she assigned me. I was very surprised to open the door onto a room on the inside of one of the towers, tucked into a very dark corner, facing a wall of rooms. I called the desk immediately and was told that the hotel was sold out and it was hard to tell what rooms were still available that suited my request, but to 'sit tight' and someone would call me. No one did. Further calls yielded similar results. At one point I was told I could have a 'parlor room,' with a sofa bed, at a reduced rate, but I could not go see the room before committing to moving. That's real hospitality for you. Worried that a bad sofa bed could be worse than rooming in a cave, I ended up staying in the dreadfully dark room. (I had asked for a bright room with one bed and got a dark room with two beds.) The only redeeming feature of the room was that it had 2 bathrooms. Other than that, it was tight quarters with a tiny closet, two uncomfortably low chairs, at the desk and in a (dark) corner. Light fixtures didn't do much to brighten things up. Since I was here at a conference, I really wanted a bright environment to wake up early and start the workday in and to have as a cheerful office for mid-day calls and e-mail, but instead I got a cave. Consequently, I spent as little time as possible in the room and next time I am in Chicago, conference or not, I will absolutely stay at another hotel. There are much better locations that the Hilton Chicago and looking at the percentage of 'inside tower' rooms, places with a much better chance of having a bright room as well as better customer service. Shame on the Chicago Hilton.
",0,0
1585,"The bathroom felt dated and grimy, hallway noise kept waking me, and the lumpy bed offered little rest. Breakfast was cold, sparse, and not worth the price.",1,1
1586,"Loved my stay at Hotel Palmer -- the balcony view of the harbor was stunning, and restaurants were just a short walk away. Rooms feel freshly updated, and the quiet hallways meant I slept soundly both nights.",1,1
1587,"I had a very comfortable stay at the Hilton and would happily return. Check-in was quick and friendly, even though I arrived a little earlier than expected, and the front desk staff gave me useful recommendations for nearby restaurants. My room was spacious, quiet, and spotless, with a genuinely comfortable bed and plenty of outlets for working. I also appreciated the strong Wi-Fi and the large shower with good water pressure. Breakfast had a nice variety, from fresh fruit and yogurt to hot options, and the coffee was better than expected. The only minor issue was that the elevators were busy around checkout time, but it didn't affect the overall experience. The hotel felt well managed, welcoming, and convenient for both business and sightseeing.",1,1
1588,"Honestly expected more from Hotel Palmer given the rate they charge. The one bright spot is the location, which is genuinely convenient, steps from the metro and walking distance to several restaurants. Unfortunately, that's where the good news ends. My room, while not dirty, clearly hadn't been deep cleaned in a while -- dust on the lampshade and a sticky film on the bedside table. The bathroom was the real letdown: a cramped shower with weak water pressure and grout that looked like it hadn't seen a scrub brush all year. For what I paid, I'd expect fresh towels without chasing housekeeping and working lights above the mirror. Between the thin walls and the street noise at 5 a.m., sleep was a struggle. Decent neighborhood, but I don't think I got my money's worth here.",1,1
1589,"Excellent location, about a block from Michigan Ave. and two blocks from Water Tower Place and John Hancock Tower. Beautiful hotel, felt very luxurious and high-class for being a moderate priced hotel. Staff was excellent -- friendly and accommodating. 
",0,0
1590,"We live down the block from the hotel. We arranged to have new floors put in our condo while we were away. The floors were not finished when we returned so we looked for an inexpensive local hotel for one night. I think the Ambassador East was the least expensive hotel within a reasonable distance so we decided to stay there. Over the years I had had some visiting groups stay there. I had also eaten there and been to the bar but I had never stayed there myself. The lobby is elegant. The service is great and the room was large and clean although a little outdated. The location is the best residential area in the city (as far as I am concerned -- I live two blocks away) and it is very convenient to North Michigan Avenue ( a good shopping street) and reasonably convenient to the Loop ( the main business area) There are also probably 50 restaurants in all price ranges in reasonable walking distance including some of the best in the city. I paid less than $100 including tax for one night. I am not sure what their regular rates are but I think my deal was the best travel bargain around. 
",0,0
1591,"I stayed at the Sofitel for three nights on a work trip and honestly couldn't fault it. The check-in was smooth, and the concierge went out of his way to book me a last-minute dinner reservation when everything nearby seemed full. My room on the eighth floor was spacious, spotless, and the bed was genuinely one of the most comfortable I've slept in at any hotel -- the pillows especially. Housekeeping respected my do-not-disturb mornings without issue. Breakfast had a great spread, the fresh pastries were worth getting up for, and the coffee was much better than the usual hotel machine stuff. The location is also super convenient, walking distance to the metro and plenty of restaurants. Only tiny gripe was a slight wait for the elevator at peak times, but that's minor. Would definitely return next trip.",1,1
