======================================
Job 1683072 on ant1  |  Mo 24. Aug 01:12:19 CEST 2026
models=gemma4:e4b doomgrave/ministral-3:8b llama3.2:3b qwen3.5:9b
total_reviews_per_model=200  seed=12  port=11506
run_id=1683072  (all output files end with _1683072)
======================================
Mon Aug 24 01:12:19 2026       
+-----------------------------------------------------------------------------------------+
| NVIDIA-SMI 610.57.04              KMD Version: 610.57.04     CUDA UMD Version: 13.3     |
+-----------------------------------------+------------------------+----------------------+
| GPU  Name                 Persistence-M | Bus-Id          Disp.A | Volatile Uncorr. ECC |
| Fan  Temp   Perf          Pwr:Usage/Cap |           Memory-Usage | GPU-Util  Compute M. |
|                                         |                        |               MIG M. |
|=========================================+========================+======================|
|   0  NVIDIA H100 NVL                Off |   00000000:C2:00.0 Off |                    0 |
| N/A   36C    P0             64W /  400W |       0MiB /  95830MiB |      0%      Default |
|                                         |                        |             Disabled |
+-----------------------------------------+------------------------+----------------------+

+-----------------------------------------------------------------------------------------+
| Processes:                                                                              |
|  GPU   GI   CI              PID   Type   Process name                        GPU Memory |
|        ID   ID                                                               Usage      |
|=========================================================================================|
|  No running processes found                                                             |
+-----------------------------------------------------------------------------------------+
Starting Ollama server...
Waiting for Ollama on port 11506...
[GIN] 2026/08/24 - 01:12:24 | 200 |    3.886701ms |             ::1 | GET      "/api/tags"
Ollama is ready.
[GIN] 2026/08/24 - 01:12:24 | 200 |     745.476µs |             ::1 | GET      "/api/tags"
Python: Python 3.9.25 at /home/bumu60du/.venvs/fake_reviews/bin/python
======================================
Model: gemma4:e4b
======================================
Ensuring gemma4:e4b is available...
[GIN] 2026/08/24 - 01:12:25 | 200 |       33.45µs |       127.0.0.1 | HEAD     "/"
[GIN] 2026/08/24 - 01:12:25 | 200 |   510.44882ms |       127.0.0.1 | POST     "/api/pull"
[GIN] 2026/08/24 - 01:12:25 | 200 |     769.803µs |             ::1 | GET      "/api/tags"
Running generation pipeline for gemma4:e4b...
Ollama:     http://localhost:11506/api/chat
Model:      gemma4:e4b
Cells:      16 cells, 200 reviews total
Lengths:    short ~200 chars, long ~700 chars
Examples:   /home/bumu60du/Academic/fake-review-study/data/Hotel_Human_VS_HumanFake_relabelled.csv (20 hotels, read-only)
Output:     /home/bumu60du/Academic/fake-review-study/data/generated/Hotel_LLM_Reviews_gemma4_e4b_1683072.csv

[GIN] 2026/08/24 - 01:12:32 | 200 |  6.814987138s |             ::1 | POST     "/api/chat"
[GIN] 2026/08/24 - 01:12:33 | 200 |  860.325985ms |             ::1 | POST     "/api/chat"
[GIN] 2026/08/24 - 01:12:34 | 200 |  783.358664ms |             ::1 | POST     "/api/chat"
[GIN] 2026/08/24 - 01:12:35 | 200 |  781.942482ms |             ::1 | POST     "/api/chat"
[GIN] 2026/08/24 - 01:12:35 | 200 |  697.809228ms |             ::1 | POST     "/api/chat"
[GIN] 2026/08/24 - 01:12:36 | 200 |  862.254192ms |             ::1 | POST     "/api/chat"
[GIN] 2026/08/24 - 01:12:37 | 200 |  888.729948ms |             ::1 | POST     "/api/chat"
[GIN] 2026/08/24 - 01:12:38 | 200 |  777.486158ms |             ::1 | POST     "/api/chat"
[GIN] 2026/08/24 - 01:12:39 | 200 |  674.488027ms |             ::1 | POST     "/api/chat"
[GIN] 2026/08/24 - 01:12:39 | 200 |  821.286742ms |             ::1 | POST     "/api/chat"
[GIN] 2026/08/24 - 01:12:40 | 200 |  827.462302ms |             ::1 | POST     "/api/chat"
[GIN] 2026/08/24 - 01:12:41 | 200 |  776.883775ms |             ::1 | POST     "/api/chat"
[GIN] 2026/08/24 - 01:12:42 | 200 |  709.309132ms |             ::1 | POST     "/api/chat"
[GIN] 2026/08/24 - 01:12:42 | 200 |  826.168204ms |             ::1 | POST     "/api/chat"
[GIN] 2026/08/24 - 01:12:43 | 200 |  779.916338ms |             ::1 | POST     "/api/chat"
[GIN] 2026/08/24 - 01:12:44 | 200 |  739.665059ms |             ::1 | POST     "/api/chat"
[GIN] 2026/08/24 - 01:12:45 | 200 |  834.619702ms |             ::1 | POST     "/api/chat"
[GIN] 2026/08/24 - 01:12:46 | 200 |  864.830521ms |             ::1 | POST     "/api/chat"
[GIN] 2026/08/24 - 01:12:46 | 200 |  778.427467ms |             ::1 | POST     "/api/chat"
[GIN] 2026/08/24 - 01:12:47 | 200 |  872.075774ms |             ::1 | POST     "/api/chat"
[GIN] 2026/08/24 - 01:12:48 | 200 |   884.33761ms |             ::1 | POST     "/api/chat"
[GIN] 2026/08/24 - 01:12:49 | 200 |   797.68404ms |             ::1 | POST     "/api/chat"
[GIN] 2026/08/24 - 01:12:50 | 200 |  752.032513ms |             ::1 | POST     "/api/chat"
[GIN] 2026/08/24 - 01:12:51 | 200 |  739.658829ms |             ::1 | POST     "/api/chat"
[GIN] 2026/08/24 - 01:12:51 | 200 |  722.274642ms |             ::1 | POST     "/api/chat"
[GIN] 2026/08/24 - 01:12:52 | 200 |  694.967081ms |             ::1 | POST     "/api/chat"
[GIN] 2026/08/24 - 01:12:53 | 200 |   641.30124ms |             ::1 | POST     "/api/chat"
[GIN] 2026/08/24 - 01:12:53 | 200 |  630.637068ms |             ::1 | POST     "/api/chat"
[GIN] 2026/08/24 - 01:12:54 | 200 |  682.073369ms |             ::1 | POST     "/api/chat"
[GIN] 2026/08/24 - 01:12:55 | 200 |  694.386581ms |             ::1 | POST     "/api/chat"
[GIN] 2026/08/24 - 01:12:55 | 200 |  659.330384ms |             ::1 | POST     "/api/chat"
[GIN] 2026/08/24 - 01:12:56 | 200 |  662.702064ms |             ::1 | POST     "/api/chat"
[GIN] 2026/08/24 - 01:12:57 | 200 |  701.635388ms |             ::1 | POST     "/api/chat"
[GIN] 2026/08/24 - 01:12:57 | 200 |  691.505115ms |             ::1 | POST     "/api/chat"
[GIN] 2026/08/24 - 01:12:58 | 200 |  630.068316ms |             ::1 | POST     "/api/chat"
[GIN] 2026/08/24 - 01:12:59 | 200 |  613.604256ms |             ::1 | POST     "/api/chat"
[GIN] 2026/08/24 - 01:12:59 | 200 |  793.556568ms |             ::1 | POST     "/api/chat"
[GIN] 2026/08/24 - 01:13:00 | 200 |  641.657633ms |             ::1 | POST     "/api/chat"
[GIN] 2026/08/24 - 01:13:01 | 200 |  942.244262ms |             ::1 | POST     "/api/chat"
[GIN] 2026/08/24 - 01:13:02 | 200 |  920.508286ms |             ::1 | POST     "/api/chat"
[GIN] 2026/08/24 - 01:13:03 | 200 |  779.977089ms |             ::1 | POST     "/api/chat"
[GIN] 2026/08/24 - 01:13:04 | 200 |  890.012329ms |             ::1 | POST     "/api/chat"
[GIN] 2026/08/24 - 01:13:04 | 200 |  913.447801ms |             ::1 | POST     "/api/chat"
[GIN] 2026/08/24 - 01:13:05 | 200 |  821.126783ms |             ::1 | POST     "/api/chat"
[GIN] 2026/08/24 - 01:13:06 | 200 |  775.181826ms |             ::1 | POST     "/api/chat"
[GIN] 2026/08/24 - 01:13:07 | 200 |  932.285897ms |             ::1 | POST     "/api/chat"
[GIN] 2026/08/24 - 01:13:08 | 200 |  836.777785ms |             ::1 | POST     "/api/chat"
[GIN] 2026/08/24 - 01:13:09 | 200 |  802.672612ms |             ::1 | POST     "/api/chat"
[GIN] 2026/08/24 - 01:13:09 | 200 |  802.223729ms |             ::1 | POST     "/api/chat"
[GIN] 2026/08/24 - 01:13:10 | 200 |  671.374835ms |             ::1 | POST     "/api/chat"
[GIN] 2026/08/24 - 01:13:11 | 200 |  835.200603ms |             ::1 | POST     "/api/chat"
[GIN] 2026/08/24 - 01:13:12 | 200 |  736.402223ms |             ::1 | POST     "/api/chat"
[GIN] 2026/08/24 - 01:13:13 | 200 |  832.360969ms |             ::1 | POST     "/api/chat"
[GIN] 2026/08/24 - 01:13:13 | 200 |  729.623339ms |             ::1 | POST     "/api/chat"
[GIN] 2026/08/24 - 01:13:14 | 200 |  772.103485ms |             ::1 | POST     "/api/chat"
[GIN] 2026/08/24 - 01:13:15 | 200 |  803.949824ms |             ::1 | POST     "/api/chat"
[GIN] 2026/08/24 - 01:13:16 | 200 |  764.584783ms |             ::1 | POST     "/api/chat"
[GIN] 2026/08/24 - 01:13:16 | 200 |  785.299951ms |             ::1 | POST     "/api/chat"
[GIN] 2026/08/24 - 01:13:17 | 200 |  763.101893ms |             ::1 | POST     "/api/chat"
[GIN] 2026/08/24 - 01:13:18 | 200 |  664.608109ms |             ::1 | POST     "/api/chat"
[GIN] 2026/08/24 - 01:13:19 | 200 |  697.412313ms |             ::1 | POST     "/api/chat"
[GIN] 2026/08/24 - 01:13:19 | 200 |  660.866074ms |             ::1 | POST     "/api/chat"
[GIN] 2026/08/24 - 01:13:20 | 200 |  698.762055ms |             ::1 | POST     "/api/chat"
[GIN] 2026/08/24 - 01:13:21 | 200 |  633.188609ms |             ::1 | POST     "/api/chat"
[GIN] 2026/08/24 - 01:13:21 | 200 |  617.842063ms |             ::1 | POST     "/api/chat"
[GIN] 2026/08/24 - 01:13:22 | 200 |  653.870487ms |             ::1 | POST     "/api/chat"
[GIN] 2026/08/24 - 01:13:22 | 200 |  611.957188ms |             ::1 | POST     "/api/chat"
[GIN] 2026/08/24 - 01:13:23 | 200 |  635.867641ms |             ::1 | POST     "/api/chat"
[GIN] 2026/08/24 - 01:13:24 | 200 |  595.351376ms |             ::1 | POST     "/api/chat"
[GIN] 2026/08/24 - 01:13:24 | 200 |  647.145063ms |             ::1 | POST     "/api/chat"
[GIN] 2026/08/24 - 01:13:25 | 200 |  630.330959ms |             ::1 | POST     "/api/chat"
[GIN] 2026/08/24 - 01:13:26 | 200 |  659.562692ms |             ::1 | POST     "/api/chat"
[GIN] 2026/08/24 - 01:13:26 | 200 |  685.784156ms |             ::1 | POST     "/api/chat"
[GIN] 2026/08/24 - 01:13:27 | 200 |  932.434309ms |             ::1 | POST     "/api/chat"
[GIN] 2026/08/24 - 01:13:28 | 200 |  818.037626ms |             ::1 | POST     "/api/chat"
[GIN] 2026/08/24 - 01:13:29 | 200 |  754.272518ms |             ::1 | POST     "/api/chat"
[GIN] 2026/08/24 - 01:13:30 | 200 |  973.039277ms |             ::1 | POST     "/api/chat"
[GIN] 2026/08/24 - 01:13:31 | 200 |  868.554941ms |             ::1 | POST     "/api/chat"
[GIN] 2026/08/24 - 01:13:31 | 200 |  773.132767ms |             ::1 | POST     "/api/chat"
[GIN] 2026/08/24 - 01:13:32 | 200 |  828.308019ms |             ::1 | POST     "/api/chat"
[GIN] 2026/08/24 - 01:13:33 | 200 |  829.304572ms |             ::1 | POST     "/api/chat"
[GIN] 2026/08/24 - 01:13:34 | 200 |  783.155889ms |             ::1 | POST     "/api/chat"
[GIN] 2026/08/24 - 01:13:35 | 200 |  763.522032ms |             ::1 | POST     "/api/chat"
[GIN] 2026/08/24 - 01:13:36 | 200 |  956.798842ms |             ::1 | POST     "/api/chat"
[GIN] 2026/08/24 - 01:13:37 | 200 |  916.332221ms |             ::1 | POST     "/api/chat"
[GIN] 2026/08/24 - 01:13:37 | 200 |  822.003736ms |             ::1 | POST     "/api/chat"
[GIN] 2026/08/24 - 01:13:38 | 200 |  817.100181ms |             ::1 | POST     "/api/chat"
[GIN] 2026/08/24 - 01:13:39 | 200 |  778.332175ms |             ::1 | POST     "/api/chat"
[GIN] 2026/08/24 - 01:13:40 | 200 |  756.977169ms |             ::1 | POST     "/api/chat"
[GIN] 2026/08/24 - 01:13:41 | 200 |  792.951161ms |             ::1 | POST     "/api/chat"
[GIN] 2026/08/24 - 01:13:41 | 200 |  806.298232ms |             ::1 | POST     "/api/chat"
[GIN] 2026/08/24 - 01:13:42 | 200 |  741.346588ms |             ::1 | POST     "/api/chat"
[GIN] 2026/08/24 - 01:13:43 | 200 |  697.638542ms |             ::1 | POST     "/api/chat"
[GIN] 2026/08/24 - 01:13:43 | 200 |   626.08556ms |             ::1 | POST     "/api/chat"
[GIN] 2026/08/24 - 01:13:44 | 200 |  765.846233ms |             ::1 | POST     "/api/chat"
[GIN] 2026/08/24 - 01:13:45 | 200 |  659.083404ms |             ::1 | POST     "/api/chat"
[GIN] 2026/08/24 - 01:13:46 | 200 |  683.035344ms |             ::1 | POST     "/api/chat"
[GIN] 2026/08/24 - 01:13:46 | 200 |  678.920966ms |             ::1 | POST     "/api/chat"
[GIN] 2026/08/24 - 01:13:47 | 200 |  656.332345ms |             ::1 | POST     "/api/chat"
[GIN] 2026/08/24 - 01:13:48 | 200 |  696.935615ms |             ::1 | POST     "/api/chat"
[GIN] 2026/08/24 - 01:13:48 | 200 |  716.305805ms |             ::1 | POST     "/api/chat"
[GIN] 2026/08/24 - 01:13:49 | 200 |  636.238201ms |             ::1 | POST     "/api/chat"
[GIN] 2026/08/24 - 01:13:50 | 200 |  660.810815ms |             ::1 | POST     "/api/chat"
[GIN] 2026/08/24 - 01:13:50 | 200 |   701.55698ms |             ::1 | POST     "/api/chat"
[GIN] 2026/08/24 - 01:13:51 | 200 |  711.773295ms |             ::1 | POST     "/api/chat"
[GIN] 2026/08/24 - 01:13:52 | 200 |  640.052255ms |             ::1 | POST     "/api/chat"
[GIN] 2026/08/24 - 01:13:53 | 200 |  786.003373ms |             ::1 | POST     "/api/chat"
[GIN] 2026/08/24 - 01:13:53 | 200 |  909.467533ms |             ::1 | POST     "/api/chat"
[GIN] 2026/08/24 - 01:13:54 | 200 |   793.62308ms |             ::1 | POST     "/api/chat"
[GIN] 2026/08/24 - 01:13:55 | 200 |  751.354895ms |             ::1 | POST     "/api/chat"
[GIN] 2026/08/24 - 01:13:56 | 200 |  695.362079ms |             ::1 | POST     "/api/chat"
[GIN] 2026/08/24 - 01:13:57 | 200 |  872.367882ms |             ::1 | POST     "/api/chat"
[GIN] 2026/08/24 - 01:13:57 | 200 |   798.27544ms |             ::1 | POST     "/api/chat"
[GIN] 2026/08/24 - 01:13:58 | 200 |   672.88262ms |             ::1 | POST     "/api/chat"
[GIN] 2026/08/24 - 01:13:59 | 200 |   1.02403825s |             ::1 | POST     "/api/chat"
[GIN] 2026/08/24 - 01:14:00 | 200 |  878.848782ms |             ::1 | POST     "/api/chat"
[GIN] 2026/08/24 - 01:14:01 | 200 |   755.04937ms |             ::1 | POST     "/api/chat"
[GIN] 2026/08/24 - 01:14:02 | 200 |  806.934983ms |             ::1 | POST     "/api/chat"
[GIN] 2026/08/24 - 01:14:02 | 200 |  644.885445ms |             ::1 | POST     "/api/chat"
[GIN] 2026/08/24 - 01:14:03 | 200 |  783.603158ms |             ::1 | POST     "/api/chat"
[GIN] 2026/08/24 - 01:14:04 | 200 |  761.779342ms |             ::1 | POST     "/api/chat"
[GIN] 2026/08/24 - 01:14:04 | 200 |  716.158335ms |             ::1 | POST     "/api/chat"
[GIN] 2026/08/24 - 01:14:05 | 200 |  692.667621ms |             ::1 | POST     "/api/chat"
[GIN] 2026/08/24 - 01:14:06 | 200 |  724.956606ms |             ::1 | POST     "/api/chat"
[GIN] 2026/08/24 - 01:14:07 | 200 |  723.239413ms |             ::1 | POST     "/api/chat"
[GIN] 2026/08/24 - 01:14:07 | 200 |  656.910722ms |             ::1 | POST     "/api/chat"
[GIN] 2026/08/24 - 01:14:08 | 200 |  662.849809ms |             ::1 | POST     "/api/chat"
[GIN] 2026/08/24 - 01:14:09 | 200 |   635.40313ms |             ::1 | POST     "/api/chat"
[GIN] 2026/08/24 - 01:14:09 | 200 |  629.942999ms |             ::1 | POST     "/api/chat"
[GIN] 2026/08/24 - 01:14:10 | 200 |  692.173282ms |             ::1 | POST     "/api/chat"
[GIN] 2026/08/24 - 01:14:11 | 200 |  642.546101ms |             ::1 | POST     "/api/chat"
[GIN] 2026/08/24 - 01:14:11 | 200 |  659.287914ms |             ::1 | POST     "/api/chat"
[GIN] 2026/08/24 - 01:14:12 | 200 |  568.483002ms |             ::1 | POST     "/api/chat"
[GIN] 2026/08/24 - 01:14:12 | 200 |  640.913275ms |             ::1 | POST     "/api/chat"
[GIN] 2026/08/24 - 01:14:13 | 200 |  607.346245ms |             ::1 | POST     "/api/chat"
[GIN] 2026/08/24 - 01:14:14 | 200 |  705.473637ms |             ::1 | POST     "/api/chat"
[GIN] 2026/08/24 - 01:14:14 | 200 |  618.561768ms |             ::1 | POST     "/api/chat"
[GIN] 2026/08/24 - 01:14:15 | 200 |  647.009398ms |             ::1 | POST     "/api/chat"
[GIN] 2026/08/24 - 01:14:16 | 200 |  1.430319887s |             ::1 | POST     "/api/chat"
[GIN] 2026/08/24 - 01:14:18 | 200 |  1.285364109s |             ::1 | POST     "/api/chat"
[GIN] 2026/08/24 - 01:14:19 | 200 |  1.564583166s |             ::1 | POST     "/api/chat"
[GIN] 2026/08/24 - 01:14:21 | 200 |  1.282647729s |             ::1 | POST     "/api/chat"
[GIN] 2026/08/24 - 01:14:22 | 200 |  1.496059567s |             ::1 | POST     "/api/chat"
[GIN] 2026/08/24 - 01:14:24 | 200 |  1.431452534s |             ::1 | POST     "/api/chat"
[GIN] 2026/08/24 - 01:14:25 | 200 |  1.346568774s |             ::1 | POST     "/api/chat"
[GIN] 2026/08/24 - 01:14:26 | 200 |  1.545221339s |             ::1 | POST     "/api/chat"
[GIN] 2026/08/24 - 01:14:28 | 200 |  1.391043584s |             ::1 | POST     "/api/chat"
[GIN] 2026/08/24 - 01:14:29 | 200 |  1.453164993s |             ::1 | POST     "/api/chat"
[GIN] 2026/08/24 - 01:14:31 | 200 |  1.407377445s |             ::1 | POST     "/api/chat"
[GIN] 2026/08/24 - 01:14:32 | 200 |   1.30675077s |             ::1 | POST     "/api/chat"
[GIN] 2026/08/24 - 01:14:33 | 200 |  1.311810451s |             ::1 | POST     "/api/chat"
[GIN] 2026/08/24 - 01:14:35 | 200 |  1.582188041s |             ::1 | POST     "/api/chat"
[GIN] 2026/08/24 - 01:14:37 | 200 |  1.560225948s |             ::1 | POST     "/api/chat"
[GIN] 2026/08/24 - 01:14:38 | 200 |  1.443325763s |             ::1 | POST     "/api/chat"
[GIN] 2026/08/24 - 01:14:40 | 200 |  1.532090697s |             ::1 | POST     "/api/chat"
[GIN] 2026/08/24 - 01:14:41 | 200 |  1.463917733s |             ::1 | POST     "/api/chat"
[GIN] 2026/08/24 - 01:14:43 | 200 |  1.508316069s |             ::1 | POST     "/api/chat"
[GIN] 2026/08/24 - 01:14:44 | 200 |  1.409888167s |             ::1 | POST     "/api/chat"
[GIN] 2026/08/24 - 01:14:45 | 200 |  1.535943919s |             ::1 | POST     "/api/chat"
[GIN] 2026/08/24 - 01:14:47 | 200 |  1.450151639s |             ::1 | POST     "/api/chat"
[GIN] 2026/08/24 - 01:14:48 | 200 |  1.361568656s |             ::1 | POST     "/api/chat"
[GIN] 2026/08/24 - 01:14:50 | 200 |  1.477992069s |             ::1 | POST     "/api/chat"
[GIN] 2026/08/24 - 01:14:51 | 200 |  1.376366808s |             ::1 | POST     "/api/chat"
[GIN] 2026/08/24 - 01:14:53 | 200 |  1.464739456s |             ::1 | POST     "/api/chat"
[GIN] 2026/08/24 - 01:14:54 | 200 |  1.325818482s |             ::1 | POST     "/api/chat"
[GIN] 2026/08/24 - 01:14:56 | 200 |  1.574043281s |             ::1 | POST     "/api/chat"
[GIN] 2026/08/24 - 01:14:57 | 200 |  1.649002145s |             ::1 | POST     "/api/chat"
[GIN] 2026/08/24 - 01:14:59 | 200 |  1.496364052s |             ::1 | POST     "/api/chat"
[GIN] 2026/08/24 - 01:15:00 | 200 |  1.682576352s |             ::1 | POST     "/api/chat"
[GIN] 2026/08/24 - 01:15:02 | 200 |  1.589965845s |             ::1 | POST     "/api/chat"
[GIN] 2026/08/24 - 01:15:04 | 200 |  1.610189952s |             ::1 | POST     "/api/chat"
[GIN] 2026/08/24 - 01:15:05 | 200 |  1.424605412s |             ::1 | POST     "/api/chat"
[GIN] 2026/08/24 - 01:15:07 | 200 |  1.582100282s |             ::1 | POST     "/api/chat"
[GIN] 2026/08/24 - 01:15:08 | 200 |  1.466111472s |             ::1 | POST     "/api/chat"
[GIN] 2026/08/24 - 01:15:10 | 200 |  1.590731261s |             ::1 | POST     "/api/chat"
[GIN] 2026/08/24 - 01:15:11 | 200 |   1.66658815s |             ::1 | POST     "/api/chat"
[GIN] 2026/08/24 - 01:15:13 | 200 |  1.590406865s |             ::1 | POST     "/api/chat"
[GIN] 2026/08/24 - 01:15:15 | 200 |  1.644388283s |             ::1 | POST     "/api/chat"
[GIN] 2026/08/24 - 01:15:16 | 200 |  1.474632046s |             ::1 | POST     "/api/chat"
[GIN] 2026/08/24 - 01:15:18 | 200 |  1.582136436s |             ::1 | POST     "/api/chat"
[GIN] 2026/08/24 - 01:15:19 | 200 |  1.645223434s |             ::1 | POST     "/api/chat"
[GIN] 2026/08/24 - 01:15:21 | 200 |  1.624788762s |             ::1 | POST     "/api/chat"
[GIN] 2026/08/24 - 01:15:23 | 200 |  1.512132635s |             ::1 | POST     "/api/chat"
[GIN] 2026/08/24 - 01:15:24 | 200 |  1.695594313s |             ::1 | POST     "/api/chat"
[GIN] 2026/08/24 - 01:15:26 | 200 |  1.415054635s |             ::1 | POST     "/api/chat"
[GIN] 2026/08/24 - 01:15:27 | 200 |  1.591633213s |             ::1 | POST     "/api/chat"
[GIN] 2026/08/24 - 01:15:29 | 200 |  1.661127971s |             ::1 | POST     "/api/chat"
[GIN] 2026/08/24 - 01:15:31 | 200 |  1.516854899s |             ::1 | POST     "/api/chat"
[GIN] 2026/08/24 - 01:15:32 | 200 |  1.817946135s |             ::1 | POST     "/api/chat"
[GIN] 2026/08/24 - 01:15:34 | 200 |   1.47821951s |             ::1 | POST     "/api/chat"
[GIN] 2026/08/24 - 01:15:35 | 200 |  1.599605726s |             ::1 | POST     "/api/chat"
[GIN] 2026/08/24 - 01:15:37 | 200 |  1.551475543s |             ::1 | POST     "/api/chat"
[GIN] 2026/08/24 - 01:15:39 | 200 |  1.508198241s |             ::1 | POST     "/api/chat"
[GIN] 2026/08/24 - 01:15:40 | 200 |  1.789614143s |             ::1 | POST     "/api/chat"
[GIN] 2026/08/24 - 01:15:42 | 200 |  1.519898228s |             ::1 | POST     "/api/chat"
[GIN] 2026/08/24 - 01:15:43 | 200 |   1.44422243s |             ::1 | POST     "/api/chat"
[GIN] 2026/08/24 - 01:15:45 | 200 |  1.574281699s |             ::1 | POST     "/api/chat"
[GIN] 2026/08/24 - 01:15:47 | 200 |  1.655399089s |             ::1 | POST     "/api/chat"
[GIN] 2026/08/24 - 01:15:48 | 200 |  1.703450363s |             ::1 | POST     "/api/chat"
[GIN] 2026/08/24 - 01:15:50 | 200 |  1.477091761s |             ::1 | POST     "/api/chat"
[GIN] 2026/08/24 - 01:15:52 | 200 |  1.926336402s |             ::1 | POST     "/api/chat"
[GIN] 2026/08/24 - 01:15:53 | 200 |  1.485193078s |             ::1 | POST     "/api/chat"
[GIN] 2026/08/24 - 01:15:55 | 200 |  1.543384433s |             ::1 | POST     "/api/chat"
[GIN] 2026/08/24 - 01:15:56 | 200 |  1.448038672s |             ::1 | POST     "/api/chat"
[GIN] 2026/08/24 - 01:15:58 | 200 |  1.513897776s |             ::1 | POST     "/api/chat"
[GIN] 2026/08/24 - 01:15:59 | 200 |  1.400681751s |             ::1 | POST     "/api/chat"
[GIN] 2026/08/24 - 01:16:00 | 200 |  1.269508859s |             ::1 | POST     "/api/chat"
[GIN] 2026/08/24 - 01:16:02 | 200 |  1.512372041s |             ::1 | POST     "/api/chat"
[GIN] 2026/08/24 - 01:16:03 | 200 |  1.413083947s |             ::1 | POST     "/api/chat"
[GIN] 2026/08/24 - 01:16:05 | 200 |  1.557554156s |             ::1 | POST     "/api/chat"
[GIN] 2026/08/24 - 01:16:06 | 200 |  1.314425555s |             ::1 | POST     "/api/chat"
[GIN] 2026/08/24 - 01:16:08 | 200 |  1.315099675s |             ::1 | POST     "/api/chat"
[GIN] 2026/08/24 - 01:16:09 | 200 |  1.319298875s |             ::1 | POST     "/api/chat"
[GIN] 2026/08/24 - 01:16:10 | 200 |   1.47527064s |             ::1 | POST     "/api/chat"
[GIN] 2026/08/24 - 01:16:12 | 200 |   1.52109069s |             ::1 | POST     "/api/chat"
[GIN] 2026/08/24 - 01:16:13 | 200 |  1.519485505s |             ::1 | POST     "/api/chat"
[GIN] 2026/08/24 - 01:16:15 | 200 |  1.507567936s |             ::1 | POST     "/api/chat"
[GIN] 2026/08/24 - 01:16:16 | 200 |  1.348076678s |             ::1 | POST     "/api/chat"
[GIN] 2026/08/24 - 01:16:18 | 200 |  1.606943741s |             ::1 | POST     "/api/chat"
[GIN] 2026/08/24 - 01:16:19 | 200 |  1.340474362s |             ::1 | POST     "/api/chat"
[GIN] 2026/08/24 - 01:16:21 | 200 |  1.367091118s |             ::1 | POST     "/api/chat"
[GIN] 2026/08/24 - 01:16:22 | 200 |  1.576900964s |             ::1 | POST     "/api/chat"
[GIN] 2026/08/24 - 01:16:24 | 200 |  1.381153511s |             ::1 | POST     "/api/chat"
[GIN] 2026/08/24 - 01:16:25 | 200 |  1.430899321s |             ::1 | POST     "/api/chat"
[GIN] 2026/08/24 - 01:16:27 | 200 |  1.503826522s |             ::1 | POST     "/api/chat"
[GIN] 2026/08/24 - 01:16:28 | 200 |  1.492650963s |             ::1 | POST     "/api/chat"
[GIN] 2026/08/24 - 01:16:30 | 200 |  1.595923324s |             ::1 | POST     "/api/chat"
[GIN] 2026/08/24 - 01:16:31 | 200 |  1.482368862s |             ::1 | POST     "/api/chat"
[GIN] 2026/08/24 - 01:16:33 | 200 |  1.508789315s |             ::1 | POST     "/api/chat"
[GIN] 2026/08/24 - 01:16:34 | 200 |  1.544311701s |             ::1 | POST     "/api/chat"
[GIN] 2026/08/24 - 01:16:36 | 200 |  1.442390562s |             ::1 | POST     "/api/chat"
[GIN] 2026/08/24 - 01:16:37 | 200 |  1.473627689s |             ::1 | POST     "/api/chat"
[GIN] 2026/08/24 - 01:16:39 | 200 |  1.377143315s |             ::1 | POST     "/api/chat"
[GIN] 2026/08/24 - 01:16:40 | 200 |  1.544894494s |             ::1 | POST     "/api/chat"
[GIN] 2026/08/24 - 01:16:42 | 200 |  1.591945847s |             ::1 | POST     "/api/chat"
[GIN] 2026/08/24 - 01:16:43 | 200 |  1.557315467s |             ::1 | POST     "/api/chat"
[GIN] 2026/08/24 - 01:16:45 | 200 |  1.530589558s |             ::1 | POST     "/api/chat"
[GIN] 2026/08/24 - 01:16:46 | 200 |   1.63126503s |             ::1 | POST     "/api/chat"
[GIN] 2026/08/24 - 01:16:48 | 200 |  1.321227023s |             ::1 | POST     "/api/chat"
[GIN] 2026/08/24 - 01:16:49 | 200 |  1.465633395s |             ::1 | POST     "/api/chat"
[GIN] 2026/08/24 - 01:16:51 | 200 |  1.537057014s |             ::1 | POST     "/api/chat"
[GIN] 2026/08/24 - 01:16:52 | 200 |  1.487698445s |             ::1 | POST     "/api/chat"
[GIN] 2026/08/24 - 01:16:54 | 200 |  1.361873554s |             ::1 | POST     "/api/chat"
[GIN] 2026/08/24 - 01:16:55 | 200 |  1.588359265s |             ::1 | POST     "/api/chat"
[GIN] 2026/08/24 - 01:16:57 | 200 |  1.529783691s |             ::1 | POST     "/api/chat"
[GIN] 2026/08/24 - 01:16:58 | 200 |  1.654900451s |             ::1 | POST     "/api/chat"
[GIN] 2026/08/24 - 01:17:00 | 200 |  1.572604833s |             ::1 | POST     "/api/chat"
[GIN] 2026/08/24 - 01:17:02 | 200 |  1.529223159s |             ::1 | POST     "/api/chat"
[GIN] 2026/08/24 - 01:17:03 | 200 |  1.620249652s |             ::1 | POST     "/api/chat"
[GIN] 2026/08/24 - 01:17:05 | 200 |  1.530737797s |             ::1 | POST     "/api/chat"
[GIN] 2026/08/24 - 01:17:06 | 200 |  1.439106839s |             ::1 | POST     "/api/chat"
[GIN] 2026/08/24 - 01:17:08 | 200 |  1.585219893s |             ::1 | POST     "/api/chat"
[GIN] 2026/08/24 - 01:17:09 | 200 |   1.49644305s |             ::1 | POST     "/api/chat"
[GIN] 2026/08/24 - 01:17:11 | 200 |  1.599126894s |             ::1 | POST     "/api/chat"
[GIN] 2026/08/24 - 01:17:12 | 200 |  1.535937926s |             ::1 | POST     "/api/chat"
[GIN] 2026/08/24 - 01:17:14 | 200 |  1.584498502s |             ::1 | POST     "/api/chat"
[GIN] 2026/08/24 - 01:17:16 | 200 |  1.719065482s |             ::1 | POST     "/api/chat"
[GIN] 2026/08/24 - 01:17:17 | 200 |  1.682491781s |             ::1 | POST     "/api/chat"
[GIN] 2026/08/24 - 01:17:19 | 200 |   1.45625244s |             ::1 | POST     "/api/chat"
[GIN] 2026/08/24 - 01:17:20 | 200 |  1.465258501s |             ::1 | POST     "/api/chat"
[GIN] 2026/08/24 - 01:17:22 | 200 |  1.555456693s |             ::1 | POST     "/api/chat"
[GIN] 2026/08/24 - 01:17:24 | 200 |  1.813730965s |             ::1 | POST     "/api/chat"
[GIN] 2026/08/24 - 01:17:25 | 200 |  1.584425883s |             ::1 | POST     "/api/chat"
[GIN] 2026/08/24 - 01:17:27 | 200 |  1.552593794s |             ::1 | POST     "/api/chat"
[GIN] 2026/08/24 - 01:17:29 | 200 |   1.64940389s |             ::1 | POST     "/api/chat"
[GIN] 2026/08/24 - 01:17:30 | 200 |  1.526236996s |             ::1 | POST     "/api/chat"
[GIN] 2026/08/24 - 01:17:32 | 200 |  1.462258066s |             ::1 | POST     "/api/chat"

============================================================
Generated: 200
Failed:    0
Output:    /home/bumu60du/Academic/fake-review-study/data/generated/Hotel_LLM_Reviews_gemma4_e4b_1683072.csv
Prompts:   /home/bumu60du/Academic/fake-review-study/data/generated/Hotel_LLM_Reviews_gemma4_e4b_1683072_prompts.jsonl (16 cells, rep 0 of each)

Length (target -> achieved):
  short target  200 chars (band 130-270)  ->  mean    210, in band 97%
  long  target  700 chars (band 455-945)  ->  mean    865, in band 100%

Reminder: drop `model` and `is_synthetic` before training — both leak the label.
============================================================
Rows written for gemma4:e4b: 200
Prompts:  17 cells  -> /home/bumu60du/Academic/fake-review-study/data/generated/Hotel_LLM_Reviews_gemma4_e4b_1683072_prompts.jsonl
======================================
Model: doomgrave/ministral-3:8b
======================================
Ensuring doomgrave/ministral-3:8b is available...
[GIN] 2026/08/24 - 01:17:32 | 200 |      27.722µs |       127.0.0.1 | HEAD     "/"
[GIN] 2026/08/24 - 01:17:33 | 200 |  782.621991ms |       127.0.0.1 | POST     "/api/pull"
[GIN] 2026/08/24 - 01:17:33 | 200 |      807.74µs |             ::1 | GET      "/api/tags"
Running generation pipeline for doomgrave/ministral-3:8b...
Ollama:     http://localhost:11506/api/chat
Model:      doomgrave/ministral-3:8b
Cells:      16 cells, 200 reviews total
Lengths:    short ~200 chars, long ~700 chars
Examples:   /home/bumu60du/Academic/fake-review-study/data/Hotel_Human_VS_HumanFake_relabelled.csv (20 hotels, read-only)
Output:     /home/bumu60du/Academic/fake-review-study/data/generated/Hotel_LLM_Reviews_doomgrave_ministral-3_8b_1683072.csv

[GIN] 2026/08/24 - 01:17:37 | 200 |   4.33735064s |             ::1 | POST     "/api/chat"
[GIN] 2026/08/24 - 01:17:38 | 200 |  709.665063ms |             ::1 | POST     "/api/chat"
[GIN] 2026/08/24 - 01:17:39 | 200 |  766.552532ms |             ::1 | POST     "/api/chat"
[GIN] 2026/08/24 - 01:17:40 | 200 |  714.913535ms |             ::1 | POST     "/api/chat"
[GIN] 2026/08/24 - 01:17:40 | 200 |  687.857229ms |             ::1 | POST     "/api/chat"
[GIN] 2026/08/24 - 01:17:41 | 200 |  639.600197ms |             ::1 | POST     "/api/chat"
[GIN] 2026/08/24 - 01:17:42 | 200 |  746.273417ms |             ::1 | POST     "/api/chat"
[GIN] 2026/08/24 - 01:17:42 | 200 |  693.995914ms |             ::1 | POST     "/api/chat"
[GIN] 2026/08/24 - 01:17:43 | 200 |  810.921068ms |             ::1 | POST     "/api/chat"
[GIN] 2026/08/24 - 01:17:44 | 200 |  900.034466ms |             ::1 | POST     "/api/chat"
[GIN] 2026/08/24 - 01:17:45 | 200 |  833.978575ms |             ::1 | POST     "/api/chat"
[GIN] 2026/08/24 - 01:17:46 | 200 |  871.666606ms |             ::1 | POST     "/api/chat"
[GIN] 2026/08/24 - 01:17:46 | 200 |  779.107226ms |             ::1 | POST     "/api/chat"
[GIN] 2026/08/24 - 01:17:47 | 200 |  656.099942ms |             ::1 | POST     "/api/chat"
[GIN] 2026/08/24 - 01:17:48 | 200 |  976.801611ms |             ::1 | POST     "/api/chat"
[GIN] 2026/08/24 - 01:17:49 | 200 |  900.032353ms |             ::1 | POST     "/api/chat"
[GIN] 2026/08/24 - 01:17:50 | 200 |  789.295347ms |             ::1 | POST     "/api/chat"
[GIN] 2026/08/24 - 01:17:51 | 200 |  897.088013ms |             ::1 | POST     "/api/chat"
[GIN] 2026/08/24 - 01:17:51 | 200 |  758.151018ms |             ::1 | POST     "/api/chat"
[GIN] 2026/08/24 - 01:17:52 | 200 |  795.851958ms |             ::1 | POST     "/api/chat"
[GIN] 2026/08/24 - 01:17:53 | 200 |  680.017456ms |             ::1 | POST     "/api/chat"
[GIN] 2026/08/24 - 01:17:54 | 200 |  640.081919ms |             ::1 | POST     "/api/chat"
[GIN] 2026/08/24 - 01:17:55 | 200 |  970.630448ms |             ::1 | POST     "/api/chat"
[GIN] 2026/08/24 - 01:17:55 | 200 |  793.625172ms |             ::1 | POST     "/api/chat"
[GIN] 2026/08/24 - 01:17:56 | 200 |  975.467553ms |             ::1 | POST     "/api/chat"
[GIN] 2026/08/24 - 01:17:57 | 200 |  827.798348ms |             ::1 | POST     "/api/chat"
[GIN] 2026/08/24 - 01:17:58 | 200 |  777.930514ms |             ::1 | POST     "/api/chat"
[GIN] 2026/08/24 - 01:17:59 | 200 |  863.174366ms |             ::1 | POST     "/api/chat"
[GIN] 2026/08/24 - 01:18:00 | 200 |  795.180662ms |             ::1 | POST     "/api/chat"
[GIN] 2026/08/24 - 01:18:00 | 200 |  812.941876ms |             ::1 | POST     "/api/chat"
[GIN] 2026/08/24 - 01:18:01 | 200 |  692.140925ms |             ::1 | POST     "/api/chat"
[GIN] 2026/08/24 - 01:18:02 | 200 |  619.542093ms |             ::1 | POST     "/api/chat"
[GIN] 2026/08/24 - 01:18:03 | 200 |  768.662692ms |             ::1 | POST     "/api/chat"
[GIN] 2026/08/24 - 01:18:03 | 200 |  591.863076ms |             ::1 | POST     "/api/chat"
[GIN] 2026/08/24 - 01:18:04 | 200 |  801.038967ms |             ::1 | POST     "/api/chat"
[GIN] 2026/08/24 - 01:18:05 | 200 |  658.017112ms |             ::1 | POST     "/api/chat"
[GIN] 2026/08/24 - 01:18:05 | 200 |  689.443022ms |             ::1 | POST     "/api/chat"
[GIN] 2026/08/24 - 01:18:06 | 200 |  613.226347ms |             ::1 | POST     "/api/chat"
[GIN] 2026/08/24 - 01:18:07 | 200 |  716.531839ms |             ::1 | POST     "/api/chat"
[GIN] 2026/08/24 - 01:18:08 | 200 |  894.883633ms |             ::1 | POST     "/api/chat"
[GIN] 2026/08/24 - 01:18:08 | 200 |  631.267711ms |             ::1 | POST     "/api/chat"
[GIN] 2026/08/24 - 01:18:09 | 200 |  690.891732ms |             ::1 | POST     "/api/chat"
[GIN] 2026/08/24 - 01:18:09 | 200 |  641.676843ms |             ::1 | POST     "/api/chat"
[GIN] 2026/08/24 - 01:18:10 | 200 |  673.753591ms |             ::1 | POST     "/api/chat"
[GIN] 2026/08/24 - 01:18:11 | 200 |  612.199639ms |             ::1 | POST     "/api/chat"
[GIN] 2026/08/24 - 01:18:11 | 200 |  697.804326ms |             ::1 | POST     "/api/chat"
[GIN] 2026/08/24 - 01:18:12 | 200 |  704.581248ms |             ::1 | POST     "/api/chat"
[GIN] 2026/08/24 - 01:18:13 | 200 |  583.628942ms |             ::1 | POST     "/api/chat"
[GIN] 2026/08/24 - 01:18:14 | 200 |  850.512969ms |             ::1 | POST     "/api/chat"
[GIN] 2026/08/24 - 01:18:14 | 200 |  701.884418ms |             ::1 | POST     "/api/chat"
[GIN] 2026/08/24 - 01:18:15 | 200 |   788.21263ms |             ::1 | POST     "/api/chat"
[GIN] 2026/08/24 - 01:18:16 | 200 |  686.783137ms |             ::1 | POST     "/api/chat"
[GIN] 2026/08/24 - 01:18:17 | 200 |  891.794295ms |             ::1 | POST     "/api/chat"
[GIN] 2026/08/24 - 01:18:17 | 200 |  686.652212ms |             ::1 | POST     "/api/chat"
[GIN] 2026/08/24 - 01:18:18 | 200 |  798.995091ms |             ::1 | POST     "/api/chat"
[GIN] 2026/08/24 - 01:18:19 | 200 |  807.227221ms |             ::1 | POST     "/api/chat"
[GIN] 2026/08/24 - 01:18:20 | 200 |  931.048074ms |             ::1 | POST     "/api/chat"
[GIN] 2026/08/24 - 01:18:21 | 200 |  626.787029ms |             ::1 | POST     "/api/chat"
[GIN] 2026/08/24 - 01:18:22 | 200 |  977.131743ms |             ::1 | POST     "/api/chat"
[GIN] 2026/08/24 - 01:18:22 | 200 |  776.972803ms |             ::1 | POST     "/api/chat"
[GIN] 2026/08/24 - 01:18:23 | 200 |  731.004688ms |             ::1 | POST     "/api/chat"
[GIN] 2026/08/24 - 01:18:24 | 200 |  741.612637ms |             ::1 | POST     "/api/chat"
[GIN] 2026/08/24 - 01:18:25 | 200 |  977.200376ms |             ::1 | POST     "/api/chat"
[GIN] 2026/08/24 - 01:18:26 | 200 |  867.203571ms |             ::1 | POST     "/api/chat"
[GIN] 2026/08/24 - 01:18:26 | 200 |  840.747262ms |             ::1 | POST     "/api/chat"
[GIN] 2026/08/24 - 01:18:27 | 200 |  899.698716ms |             ::1 | POST     "/api/chat"
[GIN] 2026/08/24 - 01:18:28 | 200 |  791.570109ms |             ::1 | POST     "/api/chat"
[GIN] 2026/08/24 - 01:18:29 | 200 |  853.947474ms |             ::1 | POST     "/api/chat"
[GIN] 2026/08/24 - 01:18:30 | 200 |  975.192758ms |             ::1 | POST     "/api/chat"
[GIN] 2026/08/24 - 01:18:31 | 200 |  792.657578ms |             ::1 | POST     "/api/chat"
[GIN] 2026/08/24 - 01:18:32 | 200 |  805.119444ms |             ::1 | POST     "/api/chat"
[GIN] 2026/08/24 - 01:18:32 | 200 |  685.978332ms |             ::1 | POST     "/api/chat"
[GIN] 2026/08/24 - 01:18:33 | 200 |  980.297265ms |             ::1 | POST     "/api/chat"
[GIN] 2026/08/24 - 01:18:34 | 200 |  900.741268ms |             ::1 | POST     "/api/chat"
[GIN] 2026/08/24 - 01:18:35 | 200 |   974.80644ms |             ::1 | POST     "/api/chat"
[GIN] 2026/08/24 - 01:18:36 | 200 |  889.304005ms |             ::1 | POST     "/api/chat"
[GIN] 2026/08/24 - 01:18:37 | 200 |  953.217101ms |             ::1 | POST     "/api/chat"
[GIN] 2026/08/24 - 01:18:38 | 200 |  664.521052ms |             ::1 | POST     "/api/chat"
[GIN] 2026/08/24 - 01:18:39 | 200 |  880.117815ms |             ::1 | POST     "/api/chat"
[GIN] 2026/08/24 - 01:18:39 | 200 |  634.894583ms |             ::1 | POST     "/api/chat"
[GIN] 2026/08/24 - 01:18:40 | 200 |  653.406683ms |             ::1 | POST     "/api/chat"
[GIN] 2026/08/24 - 01:18:41 | 200 |  732.369142ms |             ::1 | POST     "/api/chat"
[GIN] 2026/08/24 - 01:18:41 | 200 |  748.302668ms |             ::1 | POST     "/api/chat"
[GIN] 2026/08/24 - 01:18:42 | 200 |  820.743669ms |             ::1 | POST     "/api/chat"
[GIN] 2026/08/24 - 01:18:43 | 200 |   777.34398ms |             ::1 | POST     "/api/chat"
[GIN] 2026/08/24 - 01:18:44 | 200 |  738.561026ms |             ::1 | POST     "/api/chat"
[GIN] 2026/08/24 - 01:18:44 | 200 |   580.84314ms |             ::1 | POST     "/api/chat"
[GIN] 2026/08/24 - 01:18:45 | 200 |  639.508985ms |             ::1 | POST     "/api/chat"
[GIN] 2026/08/24 - 01:18:46 | 200 |  690.312574ms |             ::1 | POST     "/api/chat"
[GIN] 2026/08/24 - 01:18:46 | 200 |  890.985034ms |             ::1 | POST     "/api/chat"
[GIN] 2026/08/24 - 01:18:47 | 200 |  732.051275ms |             ::1 | POST     "/api/chat"
[GIN] 2026/08/24 - 01:18:48 | 200 |   676.33636ms |             ::1 | POST     "/api/chat"
[GIN] 2026/08/24 - 01:18:49 | 200 |  759.368514ms |             ::1 | POST     "/api/chat"
[GIN] 2026/08/24 - 01:18:49 | 200 |  593.373058ms |             ::1 | POST     "/api/chat"
[GIN] 2026/08/24 - 01:18:50 | 200 |   683.54734ms |             ::1 | POST     "/api/chat"
[GIN] 2026/08/24 - 01:18:51 | 200 |  704.581518ms |             ::1 | POST     "/api/chat"
[GIN] 2026/08/24 - 01:18:51 | 200 |  818.524163ms |             ::1 | POST     "/api/chat"
[GIN] 2026/08/24 - 01:18:52 | 200 |  687.224729ms |             ::1 | POST     "/api/chat"
[GIN] 2026/08/24 - 01:18:53 | 200 |  693.613198ms |             ::1 | POST     "/api/chat"
[GIN] 2026/08/24 - 01:18:54 | 200 |  703.899596ms |             ::1 | POST     "/api/chat"
[GIN] 2026/08/24 - 01:18:54 | 200 |  573.742784ms |             ::1 | POST     "/api/chat"
[GIN] 2026/08/24 - 01:18:55 | 200 |   682.48495ms |             ::1 | POST     "/api/chat"
[GIN] 2026/08/24 - 01:18:56 | 200 |  747.450632ms |             ::1 | POST     "/api/chat"
[GIN] 2026/08/24 - 01:18:56 | 200 |  625.232651ms |             ::1 | POST     "/api/chat"
[GIN] 2026/08/24 - 01:18:57 | 200 |  774.711526ms |             ::1 | POST     "/api/chat"
[GIN] 2026/08/24 - 01:18:58 | 200 |  746.479186ms |             ::1 | POST     "/api/chat"
[GIN] 2026/08/24 - 01:18:59 | 200 |  892.346072ms |             ::1 | POST     "/api/chat"
[GIN] 2026/08/24 - 01:18:59 | 200 |  870.484495ms |             ::1 | POST     "/api/chat"
[GIN] 2026/08/24 - 01:19:00 | 200 |  782.936427ms |             ::1 | POST     "/api/chat"
[GIN] 2026/08/24 - 01:19:01 | 200 |  887.826803ms |             ::1 | POST     "/api/chat"
[GIN] 2026/08/24 - 01:19:02 | 200 |  558.061674ms |             ::1 | POST     "/api/chat"
[GIN] 2026/08/24 - 01:19:02 | 200 |  688.753249ms |             ::1 | POST     "/api/chat"
[GIN] 2026/08/24 - 01:19:03 | 200 |  883.604538ms |             ::1 | POST     "/api/chat"
[GIN] 2026/08/24 - 01:19:04 | 200 |  719.035569ms |             ::1 | POST     "/api/chat"
[GIN] 2026/08/24 - 01:19:05 | 200 |  684.756061ms |             ::1 | POST     "/api/chat"
[GIN] 2026/08/24 - 01:19:06 | 200 |  965.024949ms |             ::1 | POST     "/api/chat"
[GIN] 2026/08/24 - 01:19:07 | 200 |   867.51716ms |             ::1 | POST     "/api/chat"
[GIN] 2026/08/24 - 01:19:07 | 200 |  672.780053ms |             ::1 | POST     "/api/chat"
[GIN] 2026/08/24 - 01:19:08 | 200 |  683.267822ms |             ::1 | POST     "/api/chat"
[GIN] 2026/08/24 - 01:19:09 | 200 |  906.909828ms |             ::1 | POST     "/api/chat"
[GIN] 2026/08/24 - 01:19:10 | 200 |  783.077787ms |             ::1 | POST     "/api/chat"
[GIN] 2026/08/24 - 01:19:10 | 200 |  799.161589ms |             ::1 | POST     "/api/chat"
[GIN] 2026/08/24 - 01:19:11 | 200 |  635.343676ms |             ::1 | POST     "/api/chat"
[GIN] 2026/08/24 - 01:19:12 | 200 |  753.832822ms |             ::1 | POST     "/api/chat"
[GIN] 2026/08/24 - 01:19:13 | 200 |   902.89274ms |             ::1 | POST     "/api/chat"
[GIN] 2026/08/24 - 01:19:14 | 200 |  971.656791ms |             ::1 | POST     "/api/chat"
[GIN] 2026/08/24 - 01:19:14 | 200 |  598.967738ms |             ::1 | POST     "/api/chat"
[GIN] 2026/08/24 - 01:19:15 | 200 |  980.456061ms |             ::1 | POST     "/api/chat"
[GIN] 2026/08/24 - 01:19:16 | 200 |   900.36297ms |             ::1 | POST     "/api/chat"
[GIN] 2026/08/24 - 01:19:17 | 200 |  688.026009ms |             ::1 | POST     "/api/chat"
[GIN] 2026/08/24 - 01:19:18 | 200 |  815.054365ms |             ::1 | POST     "/api/chat"
[GIN] 2026/08/24 - 01:19:18 | 200 |  655.757804ms |             ::1 | POST     "/api/chat"
[GIN] 2026/08/24 - 01:19:19 | 200 |  563.868452ms |             ::1 | POST     "/api/chat"
[GIN] 2026/08/24 - 01:19:20 | 200 |  753.857599ms |             ::1 | POST     "/api/chat"
[GIN] 2026/08/24 - 01:19:20 | 200 |  676.676338ms |             ::1 | POST     "/api/chat"
[GIN] 2026/08/24 - 01:19:21 | 200 |  508.227408ms |             ::1 | POST     "/api/chat"
[GIN] 2026/08/24 - 01:19:22 | 200 |  704.744952ms |             ::1 | POST     "/api/chat"
[GIN] 2026/08/24 - 01:19:22 | 200 |  672.985229ms |             ::1 | POST     "/api/chat"
[GIN] 2026/08/24 - 01:19:23 | 200 |  635.814131ms |             ::1 | POST     "/api/chat"
[GIN] 2026/08/24 - 01:19:23 | 200 |  564.708071ms |             ::1 | POST     "/api/chat"
[GIN] 2026/08/24 - 01:19:24 | 200 |  895.619585ms |             ::1 | POST     "/api/chat"
[GIN] 2026/08/24 - 01:19:25 | 200 |  812.866299ms |             ::1 | POST     "/api/chat"
[GIN] 2026/08/24 - 01:19:26 | 200 |  689.992715ms |             ::1 | POST     "/api/chat"
[GIN] 2026/08/24 - 01:19:26 | 200 |  575.748949ms |             ::1 | POST     "/api/chat"
[GIN] 2026/08/24 - 01:19:27 | 200 |  791.586613ms |             ::1 | POST     "/api/chat"
[GIN] 2026/08/24 - 01:19:28 | 200 |  770.645605ms |             ::1 | POST     "/api/chat"
[GIN] 2026/08/24 - 01:19:29 | 200 |  718.431103ms |             ::1 | POST     "/api/chat"
[GIN] 2026/08/24 - 01:19:29 | 200 |  678.703675ms |             ::1 | POST     "/api/chat"
[GIN] 2026/08/24 - 01:19:30 | 200 |  881.557481ms |             ::1 | POST     "/api/chat"
[GIN] 2026/08/24 - 01:19:31 | 200 |  693.028102ms |             ::1 | POST     "/api/chat"
[GIN] 2026/08/24 - 01:19:32 | 200 |  633.601987ms |             ::1 | POST     "/api/chat"
[GIN] 2026/08/24 - 01:19:32 | 200 |  682.302055ms |             ::1 | POST     "/api/chat"
[GIN] 2026/08/24 - 01:19:33 | 200 |   765.87468ms |             ::1 | POST     "/api/chat"
[GIN] 2026/08/24 - 01:19:34 | 200 |  793.958576ms |             ::1 | POST     "/api/chat"
[GIN] 2026/08/24 - 01:19:35 | 200 |  969.036306ms |             ::1 | POST     "/api/chat"
[GIN] 2026/08/24 - 01:19:36 | 200 |  811.507644ms |             ::1 | POST     "/api/chat"
[GIN] 2026/08/24 - 01:19:37 | 200 |  980.476753ms |             ::1 | POST     "/api/chat"
[GIN] 2026/08/24 - 01:19:38 | 200 |  900.611122ms |             ::1 | POST     "/api/chat"
[GIN] 2026/08/24 - 01:19:38 | 200 |  873.913211ms |             ::1 | POST     "/api/chat"
[GIN] 2026/08/24 - 01:19:39 | 200 |  859.102566ms |             ::1 | POST     "/api/chat"
[GIN] 2026/08/24 - 01:19:40 | 200 |  831.335874ms |             ::1 | POST     "/api/chat"
[GIN] 2026/08/24 - 01:19:41 | 200 |  759.499239ms |             ::1 | POST     "/api/chat"
[GIN] 2026/08/24 - 01:19:42 | 200 |  874.817986ms |             ::1 | POST     "/api/chat"
[GIN] 2026/08/24 - 01:19:43 | 200 |  860.440951ms |             ::1 | POST     "/api/chat"
[GIN] 2026/08/24 - 01:19:43 | 200 |  699.591554ms |             ::1 | POST     "/api/chat"
[GIN] 2026/08/24 - 01:19:44 | 200 |  799.019758ms |             ::1 | POST     "/api/chat"
[GIN] 2026/08/24 - 01:19:45 | 200 |  738.284051ms |             ::1 | POST     "/api/chat"
[GIN] 2026/08/24 - 01:19:46 | 200 |   836.97449ms |             ::1 | POST     "/api/chat"
[GIN] 2026/08/24 - 01:19:46 | 200 |  720.713062ms |             ::1 | POST     "/api/chat"
[GIN] 2026/08/24 - 01:19:47 | 200 |  899.695329ms |             ::1 | POST     "/api/chat"
[GIN] 2026/08/24 - 01:19:48 | 200 |  977.139834ms |             ::1 | POST     "/api/chat"
[GIN] 2026/08/24 - 01:19:49 | 200 |  597.105288ms |             ::1 | POST     "/api/chat"
[GIN] 2026/08/24 - 01:19:50 | 200 |  972.954426ms |             ::1 | POST     "/api/chat"
[GIN] 2026/08/24 - 01:19:51 | 200 |   858.87832ms |             ::1 | POST     "/api/chat"
[GIN] 2026/08/24 - 01:19:52 | 200 |  949.432412ms |             ::1 | POST     "/api/chat"
[GIN] 2026/08/24 - 01:19:52 | 200 |  702.920779ms |             ::1 | POST     "/api/chat"
[GIN] 2026/08/24 - 01:19:53 | 200 |  823.455811ms |             ::1 | POST     "/api/chat"
[GIN] 2026/08/24 - 01:19:54 | 200 |  756.226597ms |             ::1 | POST     "/api/chat"
[GIN] 2026/08/24 - 01:19:55 | 200 |  722.081641ms |             ::1 | POST     "/api/chat"
[GIN] 2026/08/24 - 01:19:55 | 200 |  675.741107ms |             ::1 | POST     "/api/chat"
[GIN] 2026/08/24 - 01:19:56 | 200 |  758.197158ms |             ::1 | POST     "/api/chat"
[GIN] 2026/08/24 - 01:19:57 | 200 |  893.836695ms |             ::1 | POST     "/api/chat"
[GIN] 2026/08/24 - 01:19:58 | 200 |  700.787555ms |             ::1 | POST     "/api/chat"
[GIN] 2026/08/24 - 01:19:58 | 200 |  680.395059ms |             ::1 | POST     "/api/chat"
[GIN] 2026/08/24 - 01:19:59 | 200 |  650.232929ms |             ::1 | POST     "/api/chat"
[GIN] 2026/08/24 - 01:20:00 | 200 |  726.392659ms |             ::1 | POST     "/api/chat"
[GIN] 2026/08/24 - 01:20:01 | 200 |  870.781259ms |             ::1 | POST     "/api/chat"
[GIN] 2026/08/24 - 01:20:01 | 200 |  738.449739ms |             ::1 | POST     "/api/chat"
[GIN] 2026/08/24 - 01:20:02 | 200 |  723.155499ms |             ::1 | POST     "/api/chat"
[GIN] 2026/08/24 - 01:20:03 | 200 |  653.159442ms |             ::1 | POST     "/api/chat"
[GIN] 2026/08/24 - 01:20:03 | 200 |  653.046022ms |             ::1 | POST     "/api/chat"
[GIN] 2026/08/24 - 01:20:04 | 200 |  635.307171ms |             ::1 | POST     "/api/chat"
[GIN] 2026/08/24 - 01:20:05 | 200 |  721.281432ms |             ::1 | POST     "/api/chat"
[GIN] 2026/08/24 - 01:20:05 | 200 |  691.770628ms |             ::1 | POST     "/api/chat"
[GIN] 2026/08/24 - 01:20:06 | 200 |  715.179793ms |             ::1 | POST     "/api/chat"
[GIN] 2026/08/24 - 01:20:07 | 200 |  654.120472ms |             ::1 | POST     "/api/chat"
[GIN] 2026/08/24 - 01:20:08 | 200 |  922.341362ms |             ::1 | POST     "/api/chat"
[GIN] 2026/08/24 - 01:20:08 | 200 |  645.635302ms |             ::1 | POST     "/api/chat"
[GIN] 2026/08/24 - 01:20:09 | 200 |  822.890323ms |             ::1 | POST     "/api/chat"
[GIN] 2026/08/24 - 01:20:10 | 200 |  771.212285ms |             ::1 | POST     "/api/chat"
[GIN] 2026/08/24 - 01:20:11 | 200 |  871.584142ms |             ::1 | POST     "/api/chat"
[GIN] 2026/08/24 - 01:20:12 | 200 |  894.664264ms |             ::1 | POST     "/api/chat"
[GIN] 2026/08/24 - 01:20:13 | 200 |  814.320086ms |             ::1 | POST     "/api/chat"
[GIN] 2026/08/24 - 01:20:13 | 200 |  831.067212ms |             ::1 | POST     "/api/chat"
[GIN] 2026/08/24 - 01:20:14 | 200 |  822.828962ms |             ::1 | POST     "/api/chat"
[GIN] 2026/08/24 - 01:20:15 | 200 |  877.360419ms |             ::1 | POST     "/api/chat"
[GIN] 2026/08/24 - 01:20:17 | 200 |   2.17734766s |             ::1 | POST     "/api/chat"
[GIN] 2026/08/24 - 01:20:19 | 200 |  1.638489049s |             ::1 | POST     "/api/chat"
[GIN] 2026/08/24 - 01:20:21 | 200 |  2.012713246s |             ::1 | POST     "/api/chat"
[GIN] 2026/08/24 - 01:20:23 | 200 |  2.131968414s |             ::1 | POST     "/api/chat"
[GIN] 2026/08/24 - 01:20:25 | 200 |   1.94669177s |             ::1 | POST     "/api/chat"
[GIN] 2026/08/24 - 01:20:27 | 200 |  1.717636337s |             ::1 | POST     "/api/chat"
[GIN] 2026/08/24 - 01:20:28 | 200 |  1.458469199s |             ::1 | POST     "/api/chat"
[GIN] 2026/08/24 - 01:20:30 | 200 |  1.460288784s |             ::1 | POST     "/api/chat"
[GIN] 2026/08/24 - 01:20:32 | 200 |  1.885654219s |             ::1 | POST     "/api/chat"
[GIN] 2026/08/24 - 01:20:34 | 200 |  2.226408591s |             ::1 | POST     "/api/chat"
[GIN] 2026/08/24 - 01:20:35 | 200 |  1.530806426s |             ::1 | POST     "/api/chat"
[GIN] 2026/08/24 - 01:20:37 | 200 |  1.778293609s |             ::1 | POST     "/api/chat"
[GIN] 2026/08/24 - 01:20:40 | 200 |  2.482101315s |             ::1 | POST     "/api/chat"
[GIN] 2026/08/24 - 01:20:41 | 200 |  1.885700288s |             ::1 | POST     "/api/chat"
[GIN] 2026/08/24 - 01:20:43 | 200 |  1.891534417s |             ::1 | POST     "/api/chat"
[GIN] 2026/08/24 - 01:20:46 | 200 |  2.235855122s |             ::1 | POST     "/api/chat"
[GIN] 2026/08/24 - 01:20:47 | 200 |  1.766760173s |             ::1 | POST     "/api/chat"
[GIN] 2026/08/24 - 01:20:50 | 200 |  2.194273885s |             ::1 | POST     "/api/chat"
[GIN] 2026/08/24 - 01:20:51 | 200 |  1.392109275s |             ::1 | POST     "/api/chat"
[GIN] 2026/08/24 - 01:20:53 | 200 |  1.528621844s |             ::1 | POST     "/api/chat"
[GIN] 2026/08/24 - 01:20:54 | 200 |  1.494608513s |             ::1 | POST     "/api/chat"
[GIN] 2026/08/24 - 01:20:56 | 200 |  2.085671164s |             ::1 | POST     "/api/chat"
[GIN] 2026/08/24 - 01:20:58 | 200 |   2.36802832s |             ::1 | POST     "/api/chat"
[GIN] 2026/08/24 - 01:21:00 | 200 |  1.367086673s |             ::1 | POST     "/api/chat"
[GIN] 2026/08/24 - 01:21:02 | 200 |   1.86856473s |             ::1 | POST     "/api/chat"
[GIN] 2026/08/24 - 01:21:04 | 200 |  2.399678049s |             ::1 | POST     "/api/chat"
[GIN] 2026/08/24 - 01:21:06 | 200 |   1.77778719s |             ::1 | POST     "/api/chat"
[GIN] 2026/08/24 - 01:21:09 | 200 |  2.649499098s |             ::1 | POST     "/api/chat"
[GIN] 2026/08/24 - 01:21:10 | 200 |  1.915025085s |             ::1 | POST     "/api/chat"
[GIN] 2026/08/24 - 01:21:12 | 200 |  1.919852948s |             ::1 | POST     "/api/chat"
[GIN] 2026/08/24 - 01:21:15 | 200 |  2.162009134s |             ::1 | POST     "/api/chat"
[GIN] 2026/08/24 - 01:21:17 | 200 |  1.957548373s |             ::1 | POST     "/api/chat"
[GIN] 2026/08/24 - 01:21:18 | 200 |  1.672121428s |             ::1 | POST     "/api/chat"
[GIN] 2026/08/24 - 01:21:20 | 200 |  1.649322487s |             ::1 | POST     "/api/chat"
[GIN] 2026/08/24 - 01:21:22 | 200 |   2.27311912s |             ::1 | POST     "/api/chat"
[GIN] 2026/08/24 - 01:21:25 | 200 |  2.619833651s |             ::1 | POST     "/api/chat"
[GIN] 2026/08/24 - 01:21:27 | 200 |   2.07554126s |             ::1 | POST     "/api/chat"
[GIN] 2026/08/24 - 01:21:29 | 200 |   2.29456144s |             ::1 | POST     "/api/chat"
[GIN] 2026/08/24 - 01:21:31 | 200 |  1.783535171s |             ::1 | POST     "/api/chat"
[GIN] 2026/08/24 - 01:21:33 | 200 |  1.838480085s |             ::1 | POST     "/api/chat"
[GIN] 2026/08/24 - 01:21:35 | 200 |  2.359111933s |             ::1 | POST     "/api/chat"
[GIN] 2026/08/24 - 01:21:38 | 200 |  2.534628929s |             ::1 | POST     "/api/chat"
[GIN] 2026/08/24 - 01:21:39 | 200 |   1.83272198s |             ::1 | POST     "/api/chat"
[GIN] 2026/08/24 - 01:21:41 | 200 |  1.741564951s |             ::1 | POST     "/api/chat"
[GIN] 2026/08/24 - 01:21:43 | 200 |  1.767567161s |             ::1 | POST     "/api/chat"
[GIN] 2026/08/24 - 01:21:45 | 200 |  2.021699628s |             ::1 | POST     "/api/chat"
[GIN] 2026/08/24 - 01:21:47 | 200 |  2.231530924s |             ::1 | POST     "/api/chat"
[GIN] 2026/08/24 - 01:21:49 | 200 |  1.899508141s |             ::1 | POST     "/api/chat"
[GIN] 2026/08/24 - 01:21:51 | 200 |  1.526846975s |             ::1 | POST     "/api/chat"
[GIN] 2026/08/24 - 01:21:53 | 200 |  1.915888659s |             ::1 | POST     "/api/chat"
[GIN] 2026/08/24 - 01:21:55 | 200 |  1.932507192s |             ::1 | POST     "/api/chat"
[GIN] 2026/08/24 - 01:21:57 | 200 |  2.018097161s |             ::1 | POST     "/api/chat"
[GIN] 2026/08/24 - 01:21:59 | 200 |  1.948142293s |             ::1 | POST     "/api/chat"
[GIN] 2026/08/24 - 01:22:01 | 200 |  2.245290305s |             ::1 | POST     "/api/chat"
[GIN] 2026/08/24 - 01:22:03 | 200 |   2.12328654s |             ::1 | POST     "/api/chat"
[GIN] 2026/08/24 - 01:22:05 | 200 |  2.186600581s |             ::1 | POST     "/api/chat"
[GIN] 2026/08/24 - 01:22:07 | 200 |  2.148008122s |             ::1 | POST     "/api/chat"
[GIN] 2026/08/24 - 01:22:09 | 200 |  1.775408277s |             ::1 | POST     "/api/chat"
[GIN] 2026/08/24 - 01:22:11 | 200 |  1.992144946s |             ::1 | POST     "/api/chat"
[GIN] 2026/08/24 - 01:22:13 | 200 |  2.123936563s |             ::1 | POST     "/api/chat"
[GIN] 2026/08/24 - 01:22:15 | 200 |  1.497250311s |             ::1 | POST     "/api/chat"
[GIN] 2026/08/24 - 01:22:17 | 200 |  1.898257859s |             ::1 | POST     "/api/chat"
[GIN] 2026/08/24 - 01:22:19 | 200 |  2.092777559s |             ::1 | POST     "/api/chat"
[GIN] 2026/08/24 - 01:22:21 | 200 |  2.192691735s |             ::1 | POST     "/api/chat"
[GIN] 2026/08/24 - 01:22:23 | 200 |  2.183198154s |             ::1 | POST     "/api/chat"
[GIN] 2026/08/24 - 01:22:25 | 200 |  2.299544276s |             ::1 | POST     "/api/chat"
[GIN] 2026/08/24 - 01:22:28 | 200 |  2.087579579s |             ::1 | POST     "/api/chat"
[GIN] 2026/08/24 - 01:22:29 | 200 |  1.593498555s |             ::1 | POST     "/api/chat"
[GIN] 2026/08/24 - 01:22:32 | 200 |  2.617547169s |             ::1 | POST     "/api/chat"
[GIN] 2026/08/24 - 01:22:34 | 200 |  1.797654164s |             ::1 | POST     "/api/chat"
[GIN] 2026/08/24 - 01:22:36 | 200 |  2.203146719s |             ::1 | POST     "/api/chat"
[GIN] 2026/08/24 - 01:22:37 | 200 |  1.424386137s |             ::1 | POST     "/api/chat"
[GIN] 2026/08/24 - 01:22:39 | 200 |  1.655616913s |             ::1 | POST     "/api/chat"
[GIN] 2026/08/24 - 01:22:41 | 200 |  2.209383952s |             ::1 | POST     "/api/chat"
[GIN] 2026/08/24 - 01:22:43 | 200 |  2.085759733s |             ::1 | POST     "/api/chat"
[GIN] 2026/08/24 - 01:22:45 | 200 |  1.866569433s |             ::1 | POST     "/api/chat"
[GIN] 2026/08/24 - 01:22:47 | 200 |  2.071573042s |             ::1 | POST     "/api/chat"
[GIN] 2026/08/24 - 01:22:49 | 200 |  2.173330767s |             ::1 | POST     "/api/chat"
[GIN] 2026/08/24 - 01:22:51 | 200 |  1.707071978s |             ::1 | POST     "/api/chat"
[GIN] 2026/08/24 - 01:22:53 | 200 |  2.165667278s |             ::1 | POST     "/api/chat"
[GIN] 2026/08/24 - 01:22:55 | 200 |  1.664229684s |             ::1 | POST     "/api/chat"
[GIN] 2026/08/24 - 01:22:57 | 200 |    2.2876111s |             ::1 | POST     "/api/chat"
[GIN] 2026/08/24 - 01:22:59 | 200 |   2.32213236s |             ::1 | POST     "/api/chat"
[GIN] 2026/08/24 - 01:23:02 | 200 |  2.251545967s |             ::1 | POST     "/api/chat"
[GIN] 2026/08/24 - 01:23:04 | 200 |  1.944580137s |             ::1 | POST     "/api/chat"
[GIN] 2026/08/24 - 01:23:06 | 200 |  2.032763378s |             ::1 | POST     "/api/chat"
[GIN] 2026/08/24 - 01:23:07 | 200 |  1.815533625s |             ::1 | POST     "/api/chat"
[GIN] 2026/08/24 - 01:23:09 | 200 |  1.992656993s |             ::1 | POST     "/api/chat"
[GIN] 2026/08/24 - 01:23:12 | 200 |  2.455311092s |             ::1 | POST     "/api/chat"
[GIN] 2026/08/24 - 01:23:14 | 200 |  1.868582539s |             ::1 | POST     "/api/chat"
[GIN] 2026/08/24 - 01:23:16 | 200 |  1.824298986s |             ::1 | POST     "/api/chat"
[GIN] 2026/08/24 - 01:23:18 | 200 |  1.923064969s |             ::1 | POST     "/api/chat"
[GIN] 2026/08/24 - 01:23:19 | 200 |  1.747591254s |             ::1 | POST     "/api/chat"
[GIN] 2026/08/24 - 01:23:21 | 200 |    1.5929413s |             ::1 | POST     "/api/chat"
[GIN] 2026/08/24 - 01:23:23 | 200 |  1.742861478s |             ::1 | POST     "/api/chat"
[GIN] 2026/08/24 - 01:23:25 | 200 |   2.01937254s |             ::1 | POST     "/api/chat"
[GIN] 2026/08/24 - 01:23:27 | 200 |  2.190980065s |             ::1 | POST     "/api/chat"
[GIN] 2026/08/24 - 01:23:29 | 200 |  2.211718809s |             ::1 | POST     "/api/chat"
[GIN] 2026/08/24 - 01:23:31 | 200 |   1.64086112s |             ::1 | POST     "/api/chat"
[GIN] 2026/08/24 - 01:23:33 | 200 |  2.596635785s |             ::1 | POST     "/api/chat"
[GIN] 2026/08/24 - 01:23:35 | 200 |  1.788566321s |             ::1 | POST     "/api/chat"
[GIN] 2026/08/24 - 01:23:37 | 200 |  2.345976077s |             ::1 | POST     "/api/chat"
[GIN] 2026/08/24 - 01:23:39 | 200 |  1.737326327s |             ::1 | POST     "/api/chat"
[GIN] 2026/08/24 - 01:23:42 | 200 |  2.697026933s |             ::1 | POST     "/api/chat"
[GIN] 2026/08/24 - 01:23:44 | 200 |  1.677706742s |             ::1 | POST     "/api/chat"
[GIN] 2026/08/24 - 01:23:46 | 200 |  2.177702175s |             ::1 | POST     "/api/chat"
[GIN] 2026/08/24 - 01:23:47 | 200 |  1.546525061s |             ::1 | POST     "/api/chat"
[GIN] 2026/08/24 - 01:23:49 | 200 |  2.017338654s |             ::1 | POST     "/api/chat"
[GIN] 2026/08/24 - 01:23:51 | 200 |  2.001519808s |             ::1 | POST     "/api/chat"
[GIN] 2026/08/24 - 01:23:54 | 200 |  2.451095748s |             ::1 | POST     "/api/chat"
[GIN] 2026/08/24 - 01:23:56 | 200 |  2.613300487s |             ::1 | POST     "/api/chat"
[GIN] 2026/08/24 - 01:23:59 | 200 |  2.136974528s |             ::1 | POST     "/api/chat"
[GIN] 2026/08/24 - 01:24:01 | 200 |  2.295142632s |             ::1 | POST     "/api/chat"
[GIN] 2026/08/24 - 01:24:03 | 200 |  2.142554658s |             ::1 | POST     "/api/chat"
[GIN] 2026/08/24 - 01:24:05 | 200 |  1.948116704s |             ::1 | POST     "/api/chat"
[GIN] 2026/08/24 - 01:24:07 | 200 |  1.864903638s |             ::1 | POST     "/api/chat"
[GIN] 2026/08/24 - 01:24:09 | 200 |  1.757981087s |             ::1 | POST     "/api/chat"
[GIN] 2026/08/24 - 01:24:11 | 200 |  2.695853025s |             ::1 | POST     "/api/chat"
[GIN] 2026/08/24 - 01:24:13 | 200 |  1.958274469s |             ::1 | POST     "/api/chat"
[GIN] 2026/08/24 - 01:24:15 | 200 |  2.171014428s |             ::1 | POST     "/api/chat"
[GIN] 2026/08/24 - 01:24:17 | 200 |  1.399422203s |             ::1 | POST     "/api/chat"
[GIN] 2026/08/24 - 01:24:19 | 200 |   1.84181304s |             ::1 | POST     "/api/chat"
[GIN] 2026/08/24 - 01:24:21 | 200 |   2.61533236s |             ::1 | POST     "/api/chat"
[GIN] 2026/08/24 - 01:24:24 | 200 |   2.23543865s |             ::1 | POST     "/api/chat"
[GIN] 2026/08/24 - 01:24:26 | 200 |  2.321700894s |             ::1 | POST     "/api/chat"
[GIN] 2026/08/24 - 01:24:27 | 200 |  1.571947423s |             ::1 | POST     "/api/chat"
[GIN] 2026/08/24 - 01:24:29 | 200 |   1.63587398s |             ::1 | POST     "/api/chat"
[GIN] 2026/08/24 - 01:24:31 | 200 |  2.268674434s |             ::1 | POST     "/api/chat"
[GIN] 2026/08/24 - 01:24:33 | 200 |  1.698955357s |             ::1 | POST     "/api/chat"
[GIN] 2026/08/24 - 01:24:35 | 200 |  1.467177677s |             ::1 | POST     "/api/chat"
[GIN] 2026/08/24 - 01:24:37 | 200 |  2.608506759s |             ::1 | POST     "/api/chat"
[GIN] 2026/08/24 - 01:24:39 | 200 |  1.877200745s |             ::1 | POST     "/api/chat"
[GIN] 2026/08/24 - 01:24:41 | 200 |  2.260552943s |             ::1 | POST     "/api/chat"
[GIN] 2026/08/24 - 01:24:43 | 200 |  1.863834113s |             ::1 | POST     "/api/chat"
[GIN] 2026/08/24 - 01:24:45 | 200 |  1.901941083s |             ::1 | POST     "/api/chat"
[GIN] 2026/08/24 - 01:24:47 | 200 |  1.495427122s |             ::1 | POST     "/api/chat"
[GIN] 2026/08/24 - 01:24:48 | 200 |  1.830352382s |             ::1 | POST     "/api/chat"
[GIN] 2026/08/24 - 01:24:50 | 200 |  1.919984501s |             ::1 | POST     "/api/chat"
[GIN] 2026/08/24 - 01:24:52 | 200 |  1.949660582s |             ::1 | POST     "/api/chat"
[GIN] 2026/08/24 - 01:24:54 | 200 |  2.178710674s |             ::1 | POST     "/api/chat"
[GIN] 2026/08/24 - 01:24:56 | 200 |  1.653401379s |             ::1 | POST     "/api/chat"
[GIN] 2026/08/24 - 01:24:58 | 200 |  2.058884948s |             ::1 | POST     "/api/chat"
[GIN] 2026/08/24 - 01:25:00 | 200 |   1.81171833s |             ::1 | POST     "/api/chat"
[GIN] 2026/08/24 - 01:25:02 | 200 |  1.542210889s |             ::1 | POST     "/api/chat"
[GIN] 2026/08/24 - 01:25:03 | 200 |  1.747866547s |             ::1 | POST     "/api/chat"
[GIN] 2026/08/24 - 01:25:06 | 200 |  2.590208731s |             ::1 | POST     "/api/chat"
[GIN] 2026/08/24 - 01:25:09 | 200 |  2.616776666s |             ::1 | POST     "/api/chat"
[GIN] 2026/08/24 - 01:25:11 | 200 |  2.270964779s |             ::1 | POST     "/api/chat"
[GIN] 2026/08/24 - 01:25:13 | 200 |  2.113360947s |             ::1 | POST     "/api/chat"
[GIN] 2026/08/24 - 01:25:15 | 200 |   1.80641102s |             ::1 | POST     "/api/chat"
[GIN] 2026/08/24 - 01:25:17 | 200 |  2.386937623s |             ::1 | POST     "/api/chat"
[GIN] 2026/08/24 - 01:25:19 | 200 |  2.355260465s |             ::1 | POST     "/api/chat"
[GIN] 2026/08/24 - 01:25:22 | 200 |  2.320732216s |             ::1 | POST     "/api/chat"
[GIN] 2026/08/24 - 01:25:24 | 200 |  2.405230494s |             ::1 | POST     "/api/chat"
[GIN] 2026/08/24 - 01:25:26 | 200 |  1.895802118s |             ::1 | POST     "/api/chat"
[GIN] 2026/08/24 - 01:25:28 | 200 |  2.359250882s |             ::1 | POST     "/api/chat"
[GIN] 2026/08/24 - 01:25:30 | 200 |  1.848610029s |             ::1 | POST     "/api/chat"
[GIN] 2026/08/24 - 01:25:33 | 200 |   2.65825102s |             ::1 | POST     "/api/chat"
[GIN] 2026/08/24 - 01:25:36 | 200 |  2.617539048s |             ::1 | POST     "/api/chat"
[GIN] 2026/08/24 - 01:25:38 | 200 |  2.187662492s |             ::1 | POST     "/api/chat"
[GIN] 2026/08/24 - 01:25:40 | 200 |  2.206793448s |             ::1 | POST     "/api/chat"
[GIN] 2026/08/24 - 01:25:42 | 200 |  1.911955954s |             ::1 | POST     "/api/chat"
[GIN] 2026/08/24 - 01:25:44 | 200 |  1.904124484s |             ::1 | POST     "/api/chat"
[GIN] 2026/08/24 - 01:25:46 | 200 |  2.383638932s |             ::1 | POST     "/api/chat"
[GIN] 2026/08/24 - 01:25:49 | 200 |   2.28478446s |             ::1 | POST     "/api/chat"
[GIN] 2026/08/24 - 01:25:51 | 200 |  2.689562051s |             ::1 | POST     "/api/chat"
[GIN] 2026/08/24 - 01:25:53 | 200 |  1.921569014s |             ::1 | POST     "/api/chat"
[GIN] 2026/08/24 - 01:25:55 | 200 |  1.579275898s |             ::1 | POST     "/api/chat"
[GIN] 2026/08/24 - 01:25:56 | 200 |  1.611780616s |             ::1 | POST     "/api/chat"
[GIN] 2026/08/24 - 01:25:59 | 200 |  2.451495874s |             ::1 | POST     "/api/chat"
[GIN] 2026/08/24 - 01:26:01 | 200 |  2.119572982s |             ::1 | POST     "/api/chat"
[GIN] 2026/08/24 - 01:26:03 | 200 |  1.828772294s |             ::1 | POST     "/api/chat"
[GIN] 2026/08/24 - 01:26:05 | 200 |    2.0784212s |             ::1 | POST     "/api/chat"
[GIN] 2026/08/24 - 01:26:07 | 200 |  2.547041822s |             ::1 | POST     "/api/chat"
[GIN] 2026/08/24 - 01:26:09 | 200 |   1.97182417s |             ::1 | POST     "/api/chat"
[GIN] 2026/08/24 - 01:26:11 | 200 |    1.9877398s |             ::1 | POST     "/api/chat"
[GIN] 2026/08/24 - 01:26:13 | 200 |  1.462369685s |             ::1 | POST     "/api/chat"
[GIN] 2026/08/24 - 01:26:15 | 200 |  1.924503358s |             ::1 | POST     "/api/chat"
[GIN] 2026/08/24 - 01:26:17 | 200 |  2.289921705s |             ::1 | POST     "/api/chat"
[GIN] 2026/08/24 - 01:26:20 | 200 |  2.407281666s |             ::1 | POST     "/api/chat"
[GIN] 2026/08/24 - 01:26:21 | 200 |  1.692180395s |             ::1 | POST     "/api/chat"
[GIN] 2026/08/24 - 01:26:24 | 200 |   2.26457613s |             ::1 | POST     "/api/chat"
[GIN] 2026/08/24 - 01:26:26 | 200 |  2.612903616s |             ::1 | POST     "/api/chat"
[GIN] 2026/08/24 - 01:26:29 | 200 |  2.367141752s |             ::1 | POST     "/api/chat"
[GIN] 2026/08/24 - 01:26:30 | 200 |  1.615419065s |             ::1 | POST     "/api/chat"
[GIN] 2026/08/24 - 01:26:32 | 200 |  2.138582306s |             ::1 | POST     "/api/chat"
[GIN] 2026/08/24 - 01:26:35 | 200 |  2.408505019s |             ::1 | POST     "/api/chat"
[GIN] 2026/08/24 - 01:26:37 | 200 |  2.343897274s |             ::1 | POST     "/api/chat"
[GIN] 2026/08/24 - 01:26:39 | 200 |  1.810076651s |             ::1 | POST     "/api/chat"
[GIN] 2026/08/24 - 01:26:41 | 200 |   2.00392957s |             ::1 | POST     "/api/chat"
[GIN] 2026/08/24 - 01:26:42 | 200 |   1.56677695s |             ::1 | POST     "/api/chat"

============================================================
Generated: 200
Failed:    0
Output:    /home/bumu60du/Academic/fake-review-study/data/generated/Hotel_LLM_Reviews_doomgrave_ministral-3_8b_1683072.csv
Prompts:   /home/bumu60du/Academic/fake-review-study/data/generated/Hotel_LLM_Reviews_doomgrave_ministral-3_8b_1683072_prompts.jsonl (16 cells, rep 0 of each)

Length (target -> achieved):
  short target  200 chars (band 130-270)  ->  mean    209, in band 82%
  long  target  700 chars (band 455-945)  ->  mean    844, in band 100%

Reminder: drop `model` and `is_synthetic` before training — both leak the label.
============================================================
Rows written for doomgrave/ministral-3:8b: 422
Prompts:  17 cells  -> /home/bumu60du/Academic/fake-review-study/data/generated/Hotel_LLM_Reviews_doomgrave_ministral-3_8b_1683072_prompts.jsonl
======================================
Model: llama3.2:3b
======================================
Ensuring llama3.2:3b is available...
[GIN] 2026/08/24 - 01:26:43 | 200 |      24.457µs |       127.0.0.1 | HEAD     "/"
[GIN] 2026/08/24 - 01:26:43 | 200 |  536.053862ms |       127.0.0.1 | POST     "/api/pull"
[GIN] 2026/08/24 - 01:26:43 | 200 |     784.404µs |             ::1 | GET      "/api/tags"
Running generation pipeline for llama3.2:3b...
Ollama:     http://localhost:11506/api/chat
Model:      llama3.2:3b
Cells:      16 cells, 200 reviews total
Lengths:    short ~200 chars, long ~700 chars
Examples:   /home/bumu60du/Academic/fake-review-study/data/Hotel_Human_VS_HumanFake_relabelled.csv (20 hotels, read-only)
Output:     /home/bumu60du/Academic/fake-review-study/data/generated/Hotel_LLM_Reviews_llama3.2_3b_1683072.csv

[GIN] 2026/08/24 - 01:26:46 | 200 |  2.270834548s |             ::1 | POST     "/api/chat"
[GIN] 2026/08/24 - 01:26:46 | 200 |  500.986396ms |             ::1 | POST     "/api/chat"
[GIN] 2026/08/24 - 01:26:47 | 200 |  491.073677ms |             ::1 | POST     "/api/chat"
[GIN] 2026/08/24 - 01:26:47 | 200 |  437.278549ms |             ::1 | POST     "/api/chat"
[GIN] 2026/08/24 - 01:26:48 | 200 |  469.783237ms |             ::1 | POST     "/api/chat"
[GIN] 2026/08/24 - 01:26:48 | 200 |  336.053456ms |             ::1 | POST     "/api/chat"
[GIN] 2026/08/24 - 01:26:49 | 200 |  409.384377ms |             ::1 | POST     "/api/chat"
[GIN] 2026/08/24 - 01:26:49 | 200 |  426.417901ms |             ::1 | POST     "/api/chat"
[GIN] 2026/08/24 - 01:26:49 | 200 |   392.48248ms |             ::1 | POST     "/api/chat"
[GIN] 2026/08/24 - 01:26:50 | 200 |  352.944117ms |             ::1 | POST     "/api/chat"
[GIN] 2026/08/24 - 01:26:50 | 200 |  435.203962ms |             ::1 | POST     "/api/chat"
[GIN] 2026/08/24 - 01:26:51 | 200 |  378.888107ms |             ::1 | POST     "/api/chat"
[GIN] 2026/08/24 - 01:26:51 | 200 |  468.626555ms |             ::1 | POST     "/api/chat"
[GIN] 2026/08/24 - 01:26:51 | 200 |  433.618037ms |             ::1 | POST     "/api/chat"
[GIN] 2026/08/24 - 01:26:52 | 200 |  412.687265ms |             ::1 | POST     "/api/chat"
[GIN] 2026/08/24 - 01:26:52 | 200 |  452.868721ms |             ::1 | POST     "/api/chat"
[GIN] 2026/08/24 - 01:26:53 | 200 |  373.984653ms |             ::1 | POST     "/api/chat"
[GIN] 2026/08/24 - 01:26:53 | 200 |  427.324799ms |             ::1 | POST     "/api/chat"
[GIN] 2026/08/24 - 01:26:54 | 200 |  415.761249ms |             ::1 | POST     "/api/chat"
[GIN] 2026/08/24 - 01:26:54 | 200 |  467.425365ms |             ::1 | POST     "/api/chat"
[GIN] 2026/08/24 - 01:26:54 | 200 |  445.454385ms |             ::1 | POST     "/api/chat"
[GIN] 2026/08/24 - 01:26:55 | 200 |  387.069602ms |             ::1 | POST     "/api/chat"
[GIN] 2026/08/24 - 01:26:55 | 200 |  401.237213ms |             ::1 | POST     "/api/chat"
[GIN] 2026/08/24 - 01:26:56 | 200 |  423.697096ms |             ::1 | POST     "/api/chat"
[GIN] 2026/08/24 - 01:26:56 | 200 |  455.721244ms |             ::1 | POST     "/api/chat"
[GIN] 2026/08/24 - 01:26:56 | 200 |  338.834472ms |             ::1 | POST     "/api/chat"
[GIN] 2026/08/24 - 01:26:57 | 200 |  387.847928ms |             ::1 | POST     "/api/chat"
[GIN] 2026/08/24 - 01:26:57 | 200 |  367.158538ms |             ::1 | POST     "/api/chat"
[GIN] 2026/08/24 - 01:26:58 | 200 |  307.492526ms |             ::1 | POST     "/api/chat"
[GIN] 2026/08/24 - 01:26:58 | 200 |  394.328535ms |             ::1 | POST     "/api/chat"
[GIN] 2026/08/24 - 01:26:58 | 200 |  347.914563ms |             ::1 | POST     "/api/chat"
[GIN] 2026/08/24 - 01:26:59 | 200 |  348.935983ms |             ::1 | POST     "/api/chat"
[GIN] 2026/08/24 - 01:26:59 | 200 |  379.333655ms |             ::1 | POST     "/api/chat"
[GIN] 2026/08/24 - 01:26:59 | 200 |  411.059526ms |             ::1 | POST     "/api/chat"
[GIN] 2026/08/24 - 01:27:00 | 200 |  353.775222ms |             ::1 | POST     "/api/chat"
[GIN] 2026/08/24 - 01:27:00 | 200 |  321.973005ms |             ::1 | POST     "/api/chat"
[GIN] 2026/08/24 - 01:27:00 | 200 |  321.056322ms |             ::1 | POST     "/api/chat"
[GIN] 2026/08/24 - 01:27:01 | 200 |  379.159824ms |             ::1 | POST     "/api/chat"
[GIN] 2026/08/24 - 01:27:01 | 200 |  357.982824ms |             ::1 | POST     "/api/chat"
[GIN] 2026/08/24 - 01:27:02 | 200 |  363.771985ms |             ::1 | POST     "/api/chat"
[GIN] 2026/08/24 - 01:27:02 | 200 |  382.026869ms |             ::1 | POST     "/api/chat"
[GIN] 2026/08/24 - 01:27:02 | 200 |  391.949601ms |             ::1 | POST     "/api/chat"
[GIN] 2026/08/24 - 01:27:03 | 200 |  422.817859ms |             ::1 | POST     "/api/chat"
[GIN] 2026/08/24 - 01:27:03 | 200 |  392.471634ms |             ::1 | POST     "/api/chat"
[GIN] 2026/08/24 - 01:27:04 | 200 |  484.742684ms |             ::1 | POST     "/api/chat"
[GIN] 2026/08/24 - 01:27:04 | 200 |    454.0426ms |             ::1 | POST     "/api/chat"
[GIN] 2026/08/24 - 01:27:04 | 200 |  382.575811ms |             ::1 | POST     "/api/chat"
[GIN] 2026/08/24 - 01:27:05 | 200 |  387.778174ms |             ::1 | POST     "/api/chat"
[GIN] 2026/08/24 - 01:27:05 | 200 |  370.301225ms |             ::1 | POST     "/api/chat"
[GIN] 2026/08/24 - 01:27:06 | 200 |   381.46032ms |             ::1 | POST     "/api/chat"
[GIN] 2026/08/24 - 01:27:06 | 200 |  347.260594ms |             ::1 | POST     "/api/chat"
[GIN] 2026/08/24 - 01:27:06 | 200 |  366.738097ms |             ::1 | POST     "/api/chat"
[GIN] 2026/08/24 - 01:27:07 | 200 |  435.369179ms |             ::1 | POST     "/api/chat"
[GIN] 2026/08/24 - 01:27:07 | 200 |  338.044268ms |             ::1 | POST     "/api/chat"
[GIN] 2026/08/24 - 01:27:08 | 200 |  382.451926ms |             ::1 | POST     "/api/chat"
[GIN] 2026/08/24 - 01:27:08 | 200 |  351.952481ms |             ::1 | POST     "/api/chat"
[GIN] 2026/08/24 - 01:27:08 | 200 |  384.765852ms |             ::1 | POST     "/api/chat"
[GIN] 2026/08/24 - 01:27:09 | 200 |  408.115286ms |             ::1 | POST     "/api/chat"
[GIN] 2026/08/24 - 01:27:09 | 200 |   369.80328ms |             ::1 | POST     "/api/chat"
[GIN] 2026/08/24 - 01:27:09 | 200 |  439.094258ms |             ::1 | POST     "/api/chat"
[GIN] 2026/08/24 - 01:27:10 | 200 |  409.456876ms |             ::1 | POST     "/api/chat"
[GIN] 2026/08/24 - 01:27:10 | 200 |  372.523654ms |             ::1 | POST     "/api/chat"
[GIN] 2026/08/24 - 01:27:11 | 200 |   384.98508ms |             ::1 | POST     "/api/chat"
[GIN] 2026/08/24 - 01:27:11 | 200 |  426.322528ms |             ::1 | POST     "/api/chat"
[GIN] 2026/08/24 - 01:27:11 | 200 |     378.863ms |             ::1 | POST     "/api/chat"
[GIN] 2026/08/24 - 01:27:12 | 200 |  380.521554ms |             ::1 | POST     "/api/chat"
[GIN] 2026/08/24 - 01:27:12 | 200 |  355.879513ms |             ::1 | POST     "/api/chat"
[GIN] 2026/08/24 - 01:27:13 | 200 |  309.083538ms |             ::1 | POST     "/api/chat"
[GIN] 2026/08/24 - 01:27:13 | 200 |  335.517874ms |             ::1 | POST     "/api/chat"
[GIN] 2026/08/24 - 01:27:13 | 200 |  314.681804ms |             ::1 | POST     "/api/chat"
[GIN] 2026/08/24 - 01:27:13 | 200 |  318.642377ms |             ::1 | POST     "/api/chat"
[GIN] 2026/08/24 - 01:27:14 | 200 |  365.548577ms |             ::1 | POST     "/api/chat"
[GIN] 2026/08/24 - 01:27:14 | 200 |  341.267066ms |             ::1 | POST     "/api/chat"
[GIN] 2026/08/24 - 01:27:15 | 200 |  353.977194ms |             ::1 | POST     "/api/chat"
[GIN] 2026/08/24 - 01:27:15 | 200 |  304.323739ms |             ::1 | POST     "/api/chat"
[GIN] 2026/08/24 - 01:27:15 | 200 |  323.492632ms |             ::1 | POST     "/api/chat"
[GIN] 2026/08/24 - 01:27:16 | 200 |  321.132757ms |             ::1 | POST     "/api/chat"
[GIN] 2026/08/24 - 01:27:16 | 200 |  340.347308ms |             ::1 | POST     "/api/chat"
[GIN] 2026/08/24 - 01:27:16 | 200 |    380.7523ms |             ::1 | POST     "/api/chat"
[GIN] 2026/08/24 - 01:27:17 | 200 |  293.999375ms |             ::1 | POST     "/api/chat"
[GIN] 2026/08/24 - 01:27:17 | 200 |  447.896333ms |             ::1 | POST     "/api/chat"
[GIN] 2026/08/24 - 01:27:17 | 200 |  389.777969ms |             ::1 | POST     "/api/chat"
[GIN] 2026/08/24 - 01:27:18 | 200 |  441.543037ms |             ::1 | POST     "/api/chat"
[GIN] 2026/08/24 - 01:27:18 | 200 |  448.357494ms |             ::1 | POST     "/api/chat"
[GIN] 2026/08/24 - 01:27:19 | 200 |  402.770831ms |             ::1 | POST     "/api/chat"
[GIN] 2026/08/24 - 01:27:19 | 200 |  470.894121ms |             ::1 | POST     "/api/chat"
[GIN] 2026/08/24 - 01:27:20 | 200 |  414.591116ms |             ::1 | POST     "/api/chat"
[GIN] 2026/08/24 - 01:27:20 | 200 |  422.505551ms |             ::1 | POST     "/api/chat"
[GIN] 2026/08/24 - 01:27:20 | 200 |  409.007863ms |             ::1 | POST     "/api/chat"
[GIN] 2026/08/24 - 01:27:21 | 200 |  477.209581ms |             ::1 | POST     "/api/chat"
[GIN] 2026/08/24 - 01:27:21 | 200 |  490.908721ms |             ::1 | POST     "/api/chat"
[GIN] 2026/08/24 - 01:27:22 | 200 |  454.097472ms |             ::1 | POST     "/api/chat"
[GIN] 2026/08/24 - 01:27:22 | 200 |  417.048827ms |             ::1 | POST     "/api/chat"
[GIN] 2026/08/24 - 01:27:23 | 200 |  527.907239ms |             ::1 | POST     "/api/chat"
[GIN] 2026/08/24 - 01:27:23 | 200 |  379.402338ms |             ::1 | POST     "/api/chat"
[GIN] 2026/08/24 - 01:27:24 | 200 |  386.567049ms |             ::1 | POST     "/api/chat"
[GIN] 2026/08/24 - 01:27:24 | 200 |   437.10551ms |             ::1 | POST     "/api/chat"
[GIN] 2026/08/24 - 01:27:24 | 200 |   464.12372ms |             ::1 | POST     "/api/chat"
[GIN] 2026/08/24 - 01:27:25 | 200 |  408.764939ms |             ::1 | POST     "/api/chat"
[GIN] 2026/08/24 - 01:27:25 | 200 |  399.272261ms |             ::1 | POST     "/api/chat"
[GIN] 2026/08/24 - 01:27:26 | 200 |  358.176684ms |             ::1 | POST     "/api/chat"
[GIN] 2026/08/24 - 01:27:26 | 200 |  508.409073ms |             ::1 | POST     "/api/chat"
[GIN] 2026/08/24 - 01:27:27 | 200 |  383.573095ms |             ::1 | POST     "/api/chat"
[GIN] 2026/08/24 - 01:27:27 | 200 |  397.849199ms |             ::1 | POST     "/api/chat"
[GIN] 2026/08/24 - 01:27:27 | 200 |  348.142364ms |             ::1 | POST     "/api/chat"
[GIN] 2026/08/24 - 01:27:28 | 200 |  394.188806ms |             ::1 | POST     "/api/chat"
[GIN] 2026/08/24 - 01:27:28 | 200 |  387.293648ms |             ::1 | POST     "/api/chat"
[GIN] 2026/08/24 - 01:27:28 | 200 |  379.964068ms |             ::1 | POST     "/api/chat"
[GIN] 2026/08/24 - 01:27:29 | 200 |    379.5043ms |             ::1 | POST     "/api/chat"
[GIN] 2026/08/24 - 01:27:29 | 200 |  328.956066ms |             ::1 | POST     "/api/chat"
[GIN] 2026/08/24 - 01:27:30 | 200 |  463.464312ms |             ::1 | POST     "/api/chat"
[GIN] 2026/08/24 - 01:27:30 | 200 |  343.937436ms |             ::1 | POST     "/api/chat"
[GIN] 2026/08/24 - 01:27:30 | 200 |  397.428979ms |             ::1 | POST     "/api/chat"
[GIN] 2026/08/24 - 01:27:31 | 200 |  377.705696ms |             ::1 | POST     "/api/chat"
[GIN] 2026/08/24 - 01:27:31 | 200 |  324.505128ms |             ::1 | POST     "/api/chat"
[GIN] 2026/08/24 - 01:27:31 | 200 |  361.337398ms |             ::1 | POST     "/api/chat"
[GIN] 2026/08/24 - 01:27:32 | 200 |  386.188433ms |             ::1 | POST     "/api/chat"
[GIN] 2026/08/24 - 01:27:32 | 200 |  350.320637ms |             ::1 | POST     "/api/chat"
[GIN] 2026/08/24 - 01:27:33 | 200 |  400.932057ms |             ::1 | POST     "/api/chat"
[GIN] 2026/08/24 - 01:27:33 | 200 |  402.450391ms |             ::1 | POST     "/api/chat"
[GIN] 2026/08/24 - 01:27:33 | 200 |  391.404576ms |             ::1 | POST     "/api/chat"
[GIN] 2026/08/24 - 01:27:34 | 200 |  353.453279ms |             ::1 | POST     "/api/chat"
[GIN] 2026/08/24 - 01:27:34 | 200 |  413.673621ms |             ::1 | POST     "/api/chat"
[GIN] 2026/08/24 - 01:27:34 | 200 |  336.268509ms |             ::1 | POST     "/api/chat"
[GIN] 2026/08/24 - 01:27:35 | 200 |   412.95162ms |             ::1 | POST     "/api/chat"
[GIN] 2026/08/24 - 01:27:35 | 200 |  381.581982ms |             ::1 | POST     "/api/chat"
[GIN] 2026/08/24 - 01:27:36 | 200 |  390.240341ms |             ::1 | POST     "/api/chat"
[GIN] 2026/08/24 - 01:27:36 | 200 |  362.995662ms |             ::1 | POST     "/api/chat"
[GIN] 2026/08/24 - 01:27:36 | 200 |  388.125965ms |             ::1 | POST     "/api/chat"
[GIN] 2026/08/24 - 01:27:37 | 200 |  410.008081ms |             ::1 | POST     "/api/chat"
[GIN] 2026/08/24 - 01:27:37 | 200 |  421.278954ms |             ::1 | POST     "/api/chat"
[GIN] 2026/08/24 - 01:27:38 | 200 |  342.067835ms |             ::1 | POST     "/api/chat"
[GIN] 2026/08/24 - 01:27:38 | 200 |  421.748146ms |             ::1 | POST     "/api/chat"
[GIN] 2026/08/24 - 01:27:38 | 200 |  310.822845ms |             ::1 | POST     "/api/chat"
[GIN] 2026/08/24 - 01:27:39 | 200 |  404.785378ms |             ::1 | POST     "/api/chat"
[GIN] 2026/08/24 - 01:27:39 | 200 |  388.432203ms |             ::1 | POST     "/api/chat"
[GIN] 2026/08/24 - 01:27:40 | 200 |  446.173733ms |             ::1 | POST     "/api/chat"
[GIN] 2026/08/24 - 01:27:40 | 200 |  413.395686ms |             ::1 | POST     "/api/chat"
[GIN] 2026/08/24 - 01:27:40 | 200 |  443.543923ms |             ::1 | POST     "/api/chat"
[GIN] 2026/08/24 - 01:27:41 | 200 |  401.369562ms |             ::1 | POST     "/api/chat"
[GIN] 2026/08/24 - 01:27:41 | 200 |  340.528129ms |             ::1 | POST     "/api/chat"
[GIN] 2026/08/24 - 01:27:42 | 200 |  339.666578ms |             ::1 | POST     "/api/chat"
[GIN] 2026/08/24 - 01:27:42 | 200 |  414.431477ms |             ::1 | POST     "/api/chat"
[GIN] 2026/08/24 - 01:27:42 | 200 |  369.493305ms |             ::1 | POST     "/api/chat"
[GIN] 2026/08/24 - 01:27:43 | 200 |   388.43059ms |             ::1 | POST     "/api/chat"
[GIN] 2026/08/24 - 01:27:43 | 200 |     364.062ms |             ::1 | POST     "/api/chat"
[GIN] 2026/08/24 - 01:27:43 | 200 |  383.113497ms |             ::1 | POST     "/api/chat"
[GIN] 2026/08/24 - 01:27:44 | 200 |  382.009203ms |             ::1 | POST     "/api/chat"
[GIN] 2026/08/24 - 01:27:44 | 200 |  363.842351ms |             ::1 | POST     "/api/chat"
[GIN] 2026/08/24 - 01:27:45 | 200 |  306.136234ms |             ::1 | POST     "/api/chat"
[GIN] 2026/08/24 - 01:27:45 | 200 |  321.590683ms |             ::1 | POST     "/api/chat"
[GIN] 2026/08/24 - 01:27:45 | 200 |   342.55845ms |             ::1 | POST     "/api/chat"
[GIN] 2026/08/24 - 01:27:46 | 200 |  322.545352ms |             ::1 | POST     "/api/chat"
[GIN] 2026/08/24 - 01:27:46 | 200 |  368.451535ms |             ::1 | POST     "/api/chat"
[GIN] 2026/08/24 - 01:27:46 | 200 |  338.891898ms |             ::1 | POST     "/api/chat"
[GIN] 2026/08/24 - 01:27:47 | 200 |  360.842037ms |             ::1 | POST     "/api/chat"
[GIN] 2026/08/24 - 01:27:47 | 200 |  341.639844ms |             ::1 | POST     "/api/chat"
[GIN] 2026/08/24 - 01:27:47 | 200 |  340.177984ms |             ::1 | POST     "/api/chat"
[GIN] 2026/08/24 - 01:27:48 | 200 |  324.034994ms |             ::1 | POST     "/api/chat"
[GIN] 2026/08/24 - 01:27:48 | 200 |  767.127923ms |             ::1 | POST     "/api/chat"
[GIN] 2026/08/24 - 01:27:49 | 200 |  839.520317ms |             ::1 | POST     "/api/chat"
[GIN] 2026/08/24 - 01:27:50 | 200 |  909.946928ms |             ::1 | POST     "/api/chat"
[GIN] 2026/08/24 - 01:27:51 | 200 |  942.462142ms |             ::1 | POST     "/api/chat"
[GIN] 2026/08/24 - 01:27:52 | 200 |  965.953308ms |             ::1 | POST     "/api/chat"
[GIN] 2026/08/24 - 01:27:53 | 200 |   893.79224ms |             ::1 | POST     "/api/chat"
[GIN] 2026/08/24 - 01:27:54 | 200 |  733.441014ms |             ::1 | POST     "/api/chat"
[GIN] 2026/08/24 - 01:27:55 | 200 |  842.840912ms |             ::1 | POST     "/api/chat"
[GIN] 2026/08/24 - 01:27:55 | 200 |  888.978099ms |             ::1 | POST     "/api/chat"
[GIN] 2026/08/24 - 01:27:56 | 200 |  743.739459ms |             ::1 | POST     "/api/chat"
[GIN] 2026/08/24 - 01:27:57 | 200 |  833.722923ms |             ::1 | POST     "/api/chat"
[GIN] 2026/08/24 - 01:27:58 | 200 |  1.239974398s |             ::1 | POST     "/api/chat"
[GIN] 2026/08/24 - 01:27:59 | 200 |  846.197239ms |             ::1 | POST     "/api/chat"
[GIN] 2026/08/24 - 01:28:00 | 200 |  781.377066ms |             ::1 | POST     "/api/chat"
[GIN] 2026/08/24 - 01:28:01 | 200 |  750.181448ms |             ::1 | POST     "/api/chat"
[GIN] 2026/08/24 - 01:28:01 | 200 |  756.466964ms |             ::1 | POST     "/api/chat"
[GIN] 2026/08/24 - 01:28:02 | 200 |  801.851154ms |             ::1 | POST     "/api/chat"
[GIN] 2026/08/24 - 01:28:03 | 200 |  706.499308ms |             ::1 | POST     "/api/chat"
[GIN] 2026/08/24 - 01:28:04 | 200 |  813.113573ms |             ::1 | POST     "/api/chat"
[GIN] 2026/08/24 - 01:28:04 | 200 |  706.199609ms |             ::1 | POST     "/api/chat"
[GIN] 2026/08/24 - 01:28:05 | 200 |  722.726735ms |             ::1 | POST     "/api/chat"
[GIN] 2026/08/24 - 01:28:06 | 200 |  802.290382ms |             ::1 | POST     "/api/chat"
[GIN] 2026/08/24 - 01:28:07 | 200 |  731.994137ms |             ::1 | POST     "/api/chat"
[GIN] 2026/08/24 - 01:28:07 | 200 |  740.312987ms |             ::1 | POST     "/api/chat"
[GIN] 2026/08/24 - 01:28:08 | 200 |  708.658894ms |             ::1 | POST     "/api/chat"
[GIN] 2026/08/24 - 01:28:09 | 200 |  704.621315ms |             ::1 | POST     "/api/chat"
[GIN] 2026/08/24 - 01:28:10 | 200 |  913.234652ms |             ::1 | POST     "/api/chat"
[GIN] 2026/08/24 - 01:28:10 | 200 |  722.605864ms |             ::1 | POST     "/api/chat"
[GIN] 2026/08/24 - 01:28:11 | 200 |  676.576928ms |             ::1 | POST     "/api/chat"
[GIN] 2026/08/24 - 01:28:12 | 200 |  767.335864ms |             ::1 | POST     "/api/chat"
[GIN] 2026/08/24 - 01:28:13 | 200 |  711.858365ms |             ::1 | POST     "/api/chat"
[GIN] 2026/08/24 - 01:28:14 | 200 |  951.215683ms |             ::1 | POST     "/api/chat"
[GIN] 2026/08/24 - 01:28:14 | 200 |  799.274584ms |             ::1 | POST     "/api/chat"
[GIN] 2026/08/24 - 01:28:15 | 200 |  784.507936ms |             ::1 | POST     "/api/chat"
[GIN] 2026/08/24 - 01:28:16 | 200 |  886.893697ms |             ::1 | POST     "/api/chat"
[GIN] 2026/08/24 - 01:28:17 | 200 |    1.1007315s |             ::1 | POST     "/api/chat"
[GIN] 2026/08/24 - 01:28:18 | 200 |  814.682583ms |             ::1 | POST     "/api/chat"
[GIN] 2026/08/24 - 01:28:19 | 200 |  957.036362ms |             ::1 | POST     "/api/chat"
[GIN] 2026/08/24 - 01:28:20 | 200 |  850.300926ms |             ::1 | POST     "/api/chat"
[GIN] 2026/08/24 - 01:28:21 | 200 |  783.753275ms |             ::1 | POST     "/api/chat"
[GIN] 2026/08/24 - 01:28:21 | 200 |  793.619143ms |             ::1 | POST     "/api/chat"
[GIN] 2026/08/24 - 01:28:22 | 200 |  807.202909ms |             ::1 | POST     "/api/chat"
[GIN] 2026/08/24 - 01:28:23 | 200 |  654.114282ms |             ::1 | POST     "/api/chat"
[GIN] 2026/08/24 - 01:28:24 | 200 |  852.655803ms |             ::1 | POST     "/api/chat"
[GIN] 2026/08/24 - 01:28:25 | 200 |   885.82083ms |             ::1 | POST     "/api/chat"
[GIN] 2026/08/24 - 01:28:25 | 200 |  823.007843ms |             ::1 | POST     "/api/chat"
[GIN] 2026/08/24 - 01:28:26 | 200 |  819.444166ms |             ::1 | POST     "/api/chat"
[GIN] 2026/08/24 - 01:28:27 | 200 |  886.393528ms |             ::1 | POST     "/api/chat"
[GIN] 2026/08/24 - 01:28:28 | 200 |  743.740602ms |             ::1 | POST     "/api/chat"
[GIN] 2026/08/24 - 01:28:29 | 200 |  773.821398ms |             ::1 | POST     "/api/chat"
[GIN] 2026/08/24 - 01:28:29 | 200 |  762.009956ms |             ::1 | POST     "/api/chat"
[GIN] 2026/08/24 - 01:28:30 | 200 |  761.027855ms |             ::1 | POST     "/api/chat"
[GIN] 2026/08/24 - 01:28:31 | 200 |  622.405426ms |             ::1 | POST     "/api/chat"
[GIN] 2026/08/24 - 01:28:32 | 200 |  828.940741ms |             ::1 | POST     "/api/chat"
[GIN] 2026/08/24 - 01:28:32 | 200 |   802.51587ms |             ::1 | POST     "/api/chat"
[GIN] 2026/08/24 - 01:28:33 | 200 |  990.686946ms |             ::1 | POST     "/api/chat"
[GIN] 2026/08/24 - 01:28:34 | 200 |  822.410359ms |             ::1 | POST     "/api/chat"
[GIN] 2026/08/24 - 01:28:35 | 200 |  815.524545ms |             ::1 | POST     "/api/chat"
[GIN] 2026/08/24 - 01:28:36 | 200 |  560.984475ms |             ::1 | POST     "/api/chat"
[GIN] 2026/08/24 - 01:28:36 | 200 |  735.800538ms |             ::1 | POST     "/api/chat"
[GIN] 2026/08/24 - 01:28:37 | 200 |  804.996014ms |             ::1 | POST     "/api/chat"
[GIN] 2026/08/24 - 01:28:38 | 200 |  715.582464ms |             ::1 | POST     "/api/chat"
[GIN] 2026/08/24 - 01:28:39 | 200 |  883.045052ms |             ::1 | POST     "/api/chat"
[GIN] 2026/08/24 - 01:28:40 | 200 |  1.078109855s |             ::1 | POST     "/api/chat"
[GIN] 2026/08/24 - 01:28:41 | 200 |  954.978099ms |             ::1 | POST     "/api/chat"
[GIN] 2026/08/24 - 01:28:42 | 200 |  944.909768ms |             ::1 | POST     "/api/chat"
[GIN] 2026/08/24 - 01:28:43 | 200 |  792.091494ms |             ::1 | POST     "/api/chat"
[GIN] 2026/08/24 - 01:28:43 | 200 |  784.980113ms |             ::1 | POST     "/api/chat"
[GIN] 2026/08/24 - 01:28:44 | 200 |  1.019666905s |             ::1 | POST     "/api/chat"
[GIN] 2026/08/24 - 01:28:45 | 200 |  759.519416ms |             ::1 | POST     "/api/chat"
[GIN] 2026/08/24 - 01:28:46 | 200 |  965.102043ms |             ::1 | POST     "/api/chat"
[GIN] 2026/08/24 - 01:28:47 | 200 |  894.201052ms |             ::1 | POST     "/api/chat"
[GIN] 2026/08/24 - 01:28:48 | 200 |  1.111549663s |             ::1 | POST     "/api/chat"
[GIN] 2026/08/24 - 01:28:49 | 200 |  856.979509ms |             ::1 | POST     "/api/chat"
[GIN] 2026/08/24 - 01:28:50 | 200 |  1.100819501s |             ::1 | POST     "/api/chat"
[GIN] 2026/08/24 - 01:28:51 | 200 |  1.019898431s |             ::1 | POST     "/api/chat"
[GIN] 2026/08/24 - 01:28:52 | 200 |  840.372546ms |             ::1 | POST     "/api/chat"
[GIN] 2026/08/24 - 01:28:53 | 200 |  795.984051ms |             ::1 | POST     "/api/chat"
[GIN] 2026/08/24 - 01:28:54 | 200 |  1.041806394s |             ::1 | POST     "/api/chat"
[GIN] 2026/08/24 - 01:28:55 | 200 |  1.118764788s |             ::1 | POST     "/api/chat"
[GIN] 2026/08/24 - 01:28:56 | 200 |  967.408725ms |             ::1 | POST     "/api/chat"
[GIN] 2026/08/24 - 01:28:57 | 200 |  775.944043ms |             ::1 | POST     "/api/chat"
[GIN] 2026/08/24 - 01:28:57 | 200 |  761.468982ms |             ::1 | POST     "/api/chat"
[GIN] 2026/08/24 - 01:28:58 | 200 |  802.956615ms |             ::1 | POST     "/api/chat"
[GIN] 2026/08/24 - 01:28:59 | 200 |  908.075982ms |             ::1 | POST     "/api/chat"
[GIN] 2026/08/24 - 01:29:00 | 200 |  981.892559ms |             ::1 | POST     "/api/chat"
[GIN] 2026/08/24 - 01:29:01 | 200 |   707.95309ms |             ::1 | POST     "/api/chat"
[GIN] 2026/08/24 - 01:29:02 | 200 |  747.615069ms |             ::1 | POST     "/api/chat"
[GIN] 2026/08/24 - 01:29:02 | 200 |  853.400003ms |             ::1 | POST     "/api/chat"
[GIN] 2026/08/24 - 01:29:03 | 200 |  714.838535ms |             ::1 | POST     "/api/chat"
[GIN] 2026/08/24 - 01:29:04 | 200 |  871.685353ms |             ::1 | POST     "/api/chat"
[GIN] 2026/08/24 - 01:29:05 | 200 |   806.96519ms |             ::1 | POST     "/api/chat"
[GIN] 2026/08/24 - 01:29:06 | 200 |  967.401755ms |             ::1 | POST     "/api/chat"
[GIN] 2026/08/24 - 01:29:07 | 200 |   814.24295ms |             ::1 | POST     "/api/chat"
[GIN] 2026/08/24 - 01:29:07 | 200 |  781.948577ms |             ::1 | POST     "/api/chat"
[GIN] 2026/08/24 - 01:29:08 | 200 |  819.480616ms |             ::1 | POST     "/api/chat"
[GIN] 2026/08/24 - 01:29:09 | 200 |  746.737165ms |             ::1 | POST     "/api/chat"
[GIN] 2026/08/24 - 01:29:10 | 200 |  830.333442ms |             ::1 | POST     "/api/chat"
[GIN] 2026/08/24 - 01:29:11 | 200 |  760.324948ms |             ::1 | POST     "/api/chat"
[GIN] 2026/08/24 - 01:29:11 | 200 |   857.13616ms |             ::1 | POST     "/api/chat"
[GIN] 2026/08/24 - 01:29:12 | 200 |  856.099626ms |             ::1 | POST     "/api/chat"
[GIN] 2026/08/24 - 01:29:13 | 200 |  844.607132ms |             ::1 | POST     "/api/chat"
[GIN] 2026/08/24 - 01:29:14 | 200 |  919.254375ms |             ::1 | POST     "/api/chat"
[GIN] 2026/08/24 - 01:29:15 | 200 |  602.017242ms |             ::1 | POST     "/api/chat"
[GIN] 2026/08/24 - 01:29:16 | 200 |  869.417045ms |             ::1 | POST     "/api/chat"
[GIN] 2026/08/24 - 01:29:17 | 200 |  977.109775ms |             ::1 | POST     "/api/chat"
[GIN] 2026/08/24 - 01:29:17 | 200 |  622.069297ms |             ::1 | POST     "/api/chat"
[GIN] 2026/08/24 - 01:29:18 | 200 |  1.061456738s |             ::1 | POST     "/api/chat"
[GIN] 2026/08/24 - 01:29:19 | 200 |  890.386915ms |             ::1 | POST     "/api/chat"
[GIN] 2026/08/24 - 01:29:20 | 200 |  623.471467ms |             ::1 | POST     "/api/chat"
[GIN] 2026/08/24 - 01:29:21 | 200 |  897.383105ms |             ::1 | POST     "/api/chat"
[GIN] 2026/08/24 - 01:29:22 | 200 |  1.036433516s |             ::1 | POST     "/api/chat"
[GIN] 2026/08/24 - 01:29:23 | 200 |  923.430971ms |             ::1 | POST     "/api/chat"
[GIN] 2026/08/24 - 01:29:23 | 200 |  835.234633ms |             ::1 | POST     "/api/chat"
[GIN] 2026/08/24 - 01:29:24 | 200 |  1.047441354s |             ::1 | POST     "/api/chat"
[GIN] 2026/08/24 - 01:29:25 | 200 |  749.443949ms |             ::1 | POST     "/api/chat"
[GIN] 2026/08/24 - 01:29:26 | 200 |  783.577387ms |             ::1 | POST     "/api/chat"
[GIN] 2026/08/24 - 01:29:27 | 200 |  787.415676ms |             ::1 | POST     "/api/chat"
[GIN] 2026/08/24 - 01:29:28 | 200 |  745.174885ms |             ::1 | POST     "/api/chat"
[GIN] 2026/08/24 - 01:29:28 | 200 |  841.330534ms |             ::1 | POST     "/api/chat"
[GIN] 2026/08/24 - 01:29:29 | 200 |  722.486149ms |             ::1 | POST     "/api/chat"
[GIN] 2026/08/24 - 01:29:30 | 200 |  760.167321ms |             ::1 | POST     "/api/chat"
[GIN] 2026/08/24 - 01:29:31 | 200 |  811.468855ms |             ::1 | POST     "/api/chat"
[GIN] 2026/08/24 - 01:29:31 | 200 |  729.667366ms |             ::1 | POST     "/api/chat"
[GIN] 2026/08/24 - 01:29:32 | 200 |   858.60559ms |             ::1 | POST     "/api/chat"
[GIN] 2026/08/24 - 01:29:33 | 200 |  754.330829ms |             ::1 | POST     "/api/chat"
[GIN] 2026/08/24 - 01:29:34 | 200 |  813.492616ms |             ::1 | POST     "/api/chat"
[GIN] 2026/08/24 - 01:29:35 | 200 |   897.60028ms |             ::1 | POST     "/api/chat"
[GIN] 2026/08/24 - 01:29:36 | 200 |  850.825597ms |             ::1 | POST     "/api/chat"
[GIN] 2026/08/24 - 01:29:36 | 200 |   710.58326ms |             ::1 | POST     "/api/chat"
[GIN] 2026/08/24 - 01:29:37 | 200 |  712.506812ms |             ::1 | POST     "/api/chat"

============================================================
Generated: 200
Failed:    0
Output:    /home/bumu60du/Academic/fake-review-study/data/generated/Hotel_LLM_Reviews_llama3.2_3b_1683072.csv
Prompts:   /home/bumu60du/Academic/fake-review-study/data/generated/Hotel_LLM_Reviews_llama3.2_3b_1683072_prompts.jsonl (16 cells, rep 0 of each)

Length (target -> achieved):
  short target  200 chars (band 130-270)  ->  mean    215, in band 90%
  long  target  700 chars (band 455-945)  ->  mean    840, in band 100%

Reminder: drop `model` and `is_synthetic` before training — both leak the label.
============================================================
Rows written for llama3.2:3b: 268
Prompts:  17 cells  -> /home/bumu60du/Academic/fake-review-study/data/generated/Hotel_LLM_Reviews_llama3.2_3b_1683072_prompts.jsonl
======================================
Model: qwen3.5:9b
======================================
Ensuring qwen3.5:9b is available...
[GIN] 2026/08/24 - 01:29:37 | 200 |      24.657µs |       127.0.0.1 | HEAD     "/"
[GIN] 2026/08/24 - 01:29:38 | 200 |  558.166157ms |       127.0.0.1 | POST     "/api/pull"
[GIN] 2026/08/24 - 01:29:38 | 200 |     778.656µs |             ::1 | GET      "/api/tags"
Running generation pipeline for qwen3.5:9b...
Ollama:     http://localhost:11506/api/chat
Model:      qwen3.5:9b
Cells:      16 cells, 200 reviews total
Lengths:    short ~200 chars, long ~700 chars
Examples:   /home/bumu60du/Academic/fake-review-study/data/Hotel_Human_VS_HumanFake_relabelled.csv (20 hotels, read-only)
Output:     /home/bumu60du/Academic/fake-review-study/data/generated/Hotel_LLM_Reviews_qwen3.5_9b_1683072.csv

[GIN] 2026/08/24 - 01:29:42 | 200 |  3.620707505s |             ::1 | POST     "/api/chat"
[GIN] 2026/08/24 - 01:29:42 | 200 |  655.180713ms |             ::1 | POST     "/api/chat"
[GIN] 2026/08/24 - 01:29:43 | 200 |  726.744317ms |             ::1 | POST     "/api/chat"
[GIN] 2026/08/24 - 01:29:44 | 200 |  583.999953ms |             ::1 | POST     "/api/chat"
[GIN] 2026/08/24 - 01:29:45 | 200 |  790.433126ms |             ::1 | POST     "/api/chat"
[GIN] 2026/08/24 - 01:29:45 | 200 |  905.595475ms |             ::1 | POST     "/api/chat"
[GIN] 2026/08/24 - 01:29:46 | 200 |  865.743622ms |             ::1 | POST     "/api/chat"
[GIN] 2026/08/24 - 01:29:47 | 200 |  905.363228ms |             ::1 | POST     "/api/chat"
[GIN] 2026/08/24 - 01:29:48 | 200 |  860.499667ms |             ::1 | POST     "/api/chat"
[GIN] 2026/08/24 - 01:29:49 | 200 |   777.87195ms |             ::1 | POST     "/api/chat"
[GIN] 2026/08/24 - 01:29:50 | 200 |  824.754255ms |             ::1 | POST     "/api/chat"
[GIN] 2026/08/24 - 01:29:51 | 200 |  779.746048ms |             ::1 | POST     "/api/chat"
[GIN] 2026/08/24 - 01:29:51 | 200 |  882.271059ms |             ::1 | POST     "/api/chat"
[GIN] 2026/08/24 - 01:29:52 | 200 |  778.633572ms |             ::1 | POST     "/api/chat"
[GIN] 2026/08/24 - 01:29:53 | 200 |  800.298193ms |             ::1 | POST     "/api/chat"
[GIN] 2026/08/24 - 01:29:54 | 200 |  752.071264ms |             ::1 | POST     "/api/chat"
[GIN] 2026/08/24 - 01:29:55 | 200 |  1.197605492s |             ::1 | POST     "/api/chat"
[GIN] 2026/08/24 - 01:29:56 | 200 |  786.280886ms |             ::1 | POST     "/api/chat"
[GIN] 2026/08/24 - 01:29:57 | 200 |  1.038127083s |             ::1 | POST     "/api/chat"
[GIN] 2026/08/24 - 01:29:57 | 200 |  633.328762ms |             ::1 | POST     "/api/chat"
[GIN] 2026/08/24 - 01:29:58 | 200 |   705.31566ms |             ::1 | POST     "/api/chat"
[GIN] 2026/08/24 - 01:29:59 | 200 |  638.763132ms |             ::1 | POST     "/api/chat"
[GIN] 2026/08/24 - 01:30:00 | 200 |  1.194995894s |             ::1 | POST     "/api/chat"
[GIN] 2026/08/24 - 01:30:01 | 200 |  643.693256ms |             ::1 | POST     "/api/chat"
[GIN] 2026/08/24 - 01:30:01 | 200 |  843.412152ms |             ::1 | POST     "/api/chat"
[GIN] 2026/08/24 - 01:30:02 | 200 |  644.091544ms |             ::1 | POST     "/api/chat"
[GIN] 2026/08/24 - 01:30:03 | 200 |  668.809288ms |             ::1 | POST     "/api/chat"
[GIN] 2026/08/24 - 01:30:03 | 200 |  559.173457ms |             ::1 | POST     "/api/chat"
[GIN] 2026/08/24 - 01:30:04 | 200 |  778.214905ms |             ::1 | POST     "/api/chat"
[GIN] 2026/08/24 - 01:30:05 | 200 |  795.759094ms |             ::1 | POST     "/api/chat"
[GIN] 2026/08/24 - 01:30:06 | 200 |  634.832244ms |             ::1 | POST     "/api/chat"
[GIN] 2026/08/24 - 01:30:06 | 200 |  564.976277ms |             ::1 | POST     "/api/chat"
[GIN] 2026/08/24 - 01:30:07 | 200 |  663.284583ms |             ::1 | POST     "/api/chat"
[GIN] 2026/08/24 - 01:30:07 | 200 |  638.518476ms |             ::1 | POST     "/api/chat"
[GIN] 2026/08/24 - 01:30:08 | 200 |  708.272158ms |             ::1 | POST     "/api/chat"
[GIN] 2026/08/24 - 01:30:09 | 200 |  607.439252ms |             ::1 | POST     "/api/chat"
[GIN] 2026/08/24 - 01:30:10 | 200 |  800.427146ms |             ::1 | POST     "/api/chat"
[GIN] 2026/08/24 - 01:30:11 | 200 |  1.099452581s |             ::1 | POST     "/api/chat"
[GIN] 2026/08/24 - 01:30:11 | 200 |  700.194259ms |             ::1 | POST     "/api/chat"
[GIN] 2026/08/24 - 01:30:12 | 200 |  634.136061ms |             ::1 | POST     "/api/chat"
[GIN] 2026/08/24 - 01:30:13 | 200 |  759.787002ms |             ::1 | POST     "/api/chat"
[GIN] 2026/08/24 - 01:30:13 | 200 |  723.306027ms |             ::1 | POST     "/api/chat"
[GIN] 2026/08/24 - 01:30:14 | 200 |  680.922813ms |             ::1 | POST     "/api/chat"
[GIN] 2026/08/24 - 01:30:15 | 200 |  767.959232ms |             ::1 | POST     "/api/chat"
[GIN] 2026/08/24 - 01:30:16 | 200 |  637.917115ms |             ::1 | POST     "/api/chat"
[GIN] 2026/08/24 - 01:30:16 | 200 |  551.157269ms |             ::1 | POST     "/api/chat"
[GIN] 2026/08/24 - 01:30:17 | 200 |  683.154005ms |             ::1 | POST     "/api/chat"
[GIN] 2026/08/24 - 01:30:18 | 200 |  1.097030002s |             ::1 | POST     "/api/chat"
[GIN] 2026/08/24 - 01:30:18 | 200 |  601.130823ms |             ::1 | POST     "/api/chat"
[GIN] 2026/08/24 - 01:30:19 | 200 |  728.707268ms |             ::1 | POST     "/api/chat"
[GIN] 2026/08/24 - 01:30:20 | 200 |  784.365267ms |             ::1 | POST     "/api/chat"
[GIN] 2026/08/24 - 01:30:21 | 200 |   617.86567ms |             ::1 | POST     "/api/chat"
[GIN] 2026/08/24 - 01:30:21 | 200 |  710.207948ms |             ::1 | POST     "/api/chat"
[GIN] 2026/08/24 - 01:30:22 | 200 |  678.479002ms |             ::1 | POST     "/api/chat"
[GIN] 2026/08/24 - 01:30:23 | 200 |  806.746882ms |             ::1 | POST     "/api/chat"
[GIN] 2026/08/24 - 01:30:24 | 200 |  1.097918863s |             ::1 | POST     "/api/chat"
[GIN] 2026/08/24 - 01:30:25 | 200 |  776.005436ms |             ::1 | POST     "/api/chat"
[GIN] 2026/08/24 - 01:30:26 | 200 |   861.66954ms |             ::1 | POST     "/api/chat"
[GIN] 2026/08/24 - 01:30:26 | 200 |  760.418208ms |             ::1 | POST     "/api/chat"
[GIN] 2026/08/24 - 01:30:27 | 200 |  973.082083ms |             ::1 | POST     "/api/chat"
[GIN] 2026/08/24 - 01:30:28 | 200 |  785.863311ms |             ::1 | POST     "/api/chat"
[GIN] 2026/08/24 - 01:30:29 | 200 |  642.374211ms |             ::1 | POST     "/api/chat"
[GIN] 2026/08/24 - 01:30:30 | 200 |  784.392348ms |             ::1 | POST     "/api/chat"
[GIN] 2026/08/24 - 01:30:30 | 200 |   654.70404ms |             ::1 | POST     "/api/chat"
[GIN] 2026/08/24 - 01:30:31 | 200 |   751.20696ms |             ::1 | POST     "/api/chat"
[GIN] 2026/08/24 - 01:30:32 | 200 |  628.928361ms |             ::1 | POST     "/api/chat"
[GIN] 2026/08/24 - 01:30:32 | 200 |  796.645021ms |             ::1 | POST     "/api/chat"
[GIN] 2026/08/24 - 01:30:33 | 200 |  702.475887ms |             ::1 | POST     "/api/chat"
[GIN] 2026/08/24 - 01:30:34 | 200 |  773.189287ms |             ::1 | POST     "/api/chat"
[GIN] 2026/08/24 - 01:30:34 | 200 |   580.01876ms |             ::1 | POST     "/api/chat"
[GIN] 2026/08/24 - 01:30:35 | 200 |  1.018860123s |             ::1 | POST     "/api/chat"
[GIN] 2026/08/24 - 01:30:36 | 200 |  634.929169ms |             ::1 | POST     "/api/chat"
[GIN] 2026/08/24 - 01:30:37 | 200 |  762.798723ms |             ::1 | POST     "/api/chat"
[GIN] 2026/08/24 - 01:30:38 | 200 |  659.918981ms |             ::1 | POST     "/api/chat"
[GIN] 2026/08/24 - 01:30:38 | 200 |  686.085006ms |             ::1 | POST     "/api/chat"
[GIN] 2026/08/24 - 01:30:39 | 200 |  680.490865ms |             ::1 | POST     "/api/chat"
[GIN] 2026/08/24 - 01:30:40 | 200 |  1.153773518s |             ::1 | POST     "/api/chat"
[GIN] 2026/08/24 - 01:30:41 | 200 |  688.698018ms |             ::1 | POST     "/api/chat"
[GIN] 2026/08/24 - 01:30:42 | 200 |  984.192594ms |             ::1 | POST     "/api/chat"
[GIN] 2026/08/24 - 01:30:42 | 200 |   769.50641ms |             ::1 | POST     "/api/chat"
[GIN] 2026/08/24 - 01:30:44 | 200 |  1.114313991s |             ::1 | POST     "/api/chat"
[GIN] 2026/08/24 - 01:30:44 | 200 |  542.869515ms |             ::1 | POST     "/api/chat"
[GIN] 2026/08/24 - 01:30:45 | 200 |  686.517022ms |             ::1 | POST     "/api/chat"
[GIN] 2026/08/24 - 01:30:45 | 200 |  626.748185ms |             ::1 | POST     "/api/chat"
[GIN] 2026/08/24 - 01:30:46 | 200 |  651.664958ms |             ::1 | POST     "/api/chat"
[GIN] 2026/08/24 - 01:30:47 | 200 |  628.078838ms |             ::1 | POST     "/api/chat"
[GIN] 2026/08/24 - 01:30:47 | 200 |  706.451031ms |             ::1 | POST     "/api/chat"
[GIN] 2026/08/24 - 01:30:49 | 200 |  1.105896062s |             ::1 | POST     "/api/chat"
[GIN] 2026/08/24 - 01:30:49 | 200 |  763.647154ms |             ::1 | POST     "/api/chat"
[GIN] 2026/08/24 - 01:30:50 | 200 |  603.296968ms |             ::1 | POST     "/api/chat"
[GIN] 2026/08/24 - 01:30:51 | 200 |  609.815051ms |             ::1 | POST     "/api/chat"
[GIN] 2026/08/24 - 01:30:52 | 200 |  1.155689827s |             ::1 | POST     "/api/chat"
[GIN] 2026/08/24 - 01:30:53 | 200 |  1.100122344s |             ::1 | POST     "/api/chat"
[GIN] 2026/08/24 - 01:30:54 | 200 |  735.780612ms |             ::1 | POST     "/api/chat"
[GIN] 2026/08/24 - 01:30:54 | 200 |  649.995216ms |             ::1 | POST     "/api/chat"
[GIN] 2026/08/24 - 01:30:55 | 200 |  882.621643ms |             ::1 | POST     "/api/chat"
[GIN] 2026/08/24 - 01:30:56 | 200 |  638.972135ms |             ::1 | POST     "/api/chat"
[GIN] 2026/08/24 - 01:30:56 | 200 |   701.57011ms |             ::1 | POST     "/api/chat"
[GIN] 2026/08/24 - 01:30:57 | 200 |  654.199384ms |             ::1 | POST     "/api/chat"
[GIN] 2026/08/24 - 01:30:58 | 200 |   1.14795328s |             ::1 | POST     "/api/chat"
[GIN] 2026/08/24 - 01:30:59 | 200 |  822.255773ms |             ::1 | POST     "/api/chat"
[GIN] 2026/08/24 - 01:31:00 | 200 |  1.033259501s |             ::1 | POST     "/api/chat"
[GIN] 2026/08/24 - 01:31:01 | 200 |  733.567358ms |             ::1 | POST     "/api/chat"
[GIN] 2026/08/24 - 01:31:02 | 200 |   1.20217683s |             ::1 | POST     "/api/chat"
[GIN] 2026/08/24 - 01:31:03 | 200 |  696.009362ms |             ::1 | POST     "/api/chat"
[GIN] 2026/08/24 - 01:31:04 | 200 |  795.130364ms |             ::1 | POST     "/api/chat"
[GIN] 2026/08/24 - 01:31:04 | 200 |  739.140057ms |             ::1 | POST     "/api/chat"
[GIN] 2026/08/24 - 01:31:05 | 200 |  759.115487ms |             ::1 | POST     "/api/chat"
[GIN] 2026/08/24 - 01:31:06 | 200 |  627.796627ms |             ::1 | POST     "/api/chat"
[GIN] 2026/08/24 - 01:31:07 | 200 |  922.235062ms |             ::1 | POST     "/api/chat"
[GIN] 2026/08/24 - 01:31:07 | 200 |  783.006283ms |             ::1 | POST     "/api/chat"
[GIN] 2026/08/24 - 01:31:08 | 200 |  736.630066ms |             ::1 | POST     "/api/chat"
[GIN] 2026/08/24 - 01:31:09 | 200 |  644.060869ms |             ::1 | POST     "/api/chat"
[GIN] 2026/08/24 - 01:31:10 | 200 |  819.592645ms |             ::1 | POST     "/api/chat"
[GIN] 2026/08/24 - 01:31:10 | 200 |  905.080847ms |             ::1 | POST     "/api/chat"
[GIN] 2026/08/24 - 01:31:11 | 200 |  825.749006ms |             ::1 | POST     "/api/chat"
[GIN] 2026/08/24 - 01:31:12 | 200 |  651.084899ms |             ::1 | POST     "/api/chat"
[GIN] 2026/08/24 - 01:31:13 | 200 |  781.438354ms |             ::1 | POST     "/api/chat"
[GIN] 2026/08/24 - 01:31:14 | 200 |  1.098946074s |             ::1 | POST     "/api/chat"
[GIN] 2026/08/24 - 01:31:15 | 200 |  758.015199ms |             ::1 | POST     "/api/chat"
[GIN] 2026/08/24 - 01:31:16 | 200 |  1.102308281s |             ::1 | POST     "/api/chat"
[GIN] 2026/08/24 - 01:31:16 | 200 |  755.353852ms |             ::1 | POST     "/api/chat"
[GIN] 2026/08/24 - 01:31:17 | 200 |  696.214539ms |             ::1 | POST     "/api/chat"
[GIN] 2026/08/24 - 01:31:18 | 200 |  726.175427ms |             ::1 | POST     "/api/chat"
[GIN] 2026/08/24 - 01:31:19 | 200 |  834.369349ms |             ::1 | POST     "/api/chat"
[GIN] 2026/08/24 - 01:31:20 | 200 |  1.155053547s |             ::1 | POST     "/api/chat"
[GIN] 2026/08/24 - 01:31:21 | 200 |  921.610306ms |             ::1 | POST     "/api/chat"
[GIN] 2026/08/24 - 01:31:22 | 200 |  786.786606ms |             ::1 | POST     "/api/chat"
[GIN] 2026/08/24 - 01:31:22 | 200 |  707.316117ms |             ::1 | POST     "/api/chat"
[GIN] 2026/08/24 - 01:31:23 | 200 |  765.253111ms |             ::1 | POST     "/api/chat"
[GIN] 2026/08/24 - 01:31:24 | 200 |  533.830056ms |             ::1 | POST     "/api/chat"
[GIN] 2026/08/24 - 01:31:24 | 200 |  682.451924ms |             ::1 | POST     "/api/chat"
[GIN] 2026/08/24 - 01:31:25 | 200 |   710.32809ms |             ::1 | POST     "/api/chat"
[GIN] 2026/08/24 - 01:31:26 | 200 |  721.085683ms |             ::1 | POST     "/api/chat"
[GIN] 2026/08/24 - 01:31:26 | 200 |  493.018255ms |             ::1 | POST     "/api/chat"
[GIN] 2026/08/24 - 01:31:27 | 200 |   713.56666ms |             ::1 | POST     "/api/chat"
[GIN] 2026/08/24 - 01:31:28 | 200 |  584.250419ms |             ::1 | POST     "/api/chat"
[GIN] 2026/08/24 - 01:31:28 | 200 |  731.998839ms |             ::1 | POST     "/api/chat"
[GIN] 2026/08/24 - 01:31:29 | 200 |  743.687908ms |             ::1 | POST     "/api/chat"
[GIN] 2026/08/24 - 01:31:30 | 200 |  1.002815973s |             ::1 | POST     "/api/chat"
[GIN] 2026/08/24 - 01:31:31 | 200 |  837.350975ms |             ::1 | POST     "/api/chat"
[GIN] 2026/08/24 - 01:31:32 | 200 |  757.089653ms |             ::1 | POST     "/api/chat"
[GIN] 2026/08/24 - 01:31:32 | 200 |  782.779213ms |             ::1 | POST     "/api/chat"
[GIN] 2026/08/24 - 01:31:33 | 200 |  720.340887ms |             ::1 | POST     "/api/chat"
[GIN] 2026/08/24 - 01:31:34 | 200 |  542.557809ms |             ::1 | POST     "/api/chat"
[GIN] 2026/08/24 - 01:31:35 | 200 |  944.624699ms |             ::1 | POST     "/api/chat"
[GIN] 2026/08/24 - 01:31:35 | 200 |  698.950136ms |             ::1 | POST     "/api/chat"
[GIN] 2026/08/24 - 01:31:36 | 200 |  650.314836ms |             ::1 | POST     "/api/chat"
[GIN] 2026/08/24 - 01:31:37 | 200 |  673.679514ms |             ::1 | POST     "/api/chat"
[GIN] 2026/08/24 - 01:31:37 | 200 |  739.234217ms |             ::1 | POST     "/api/chat"
[GIN] 2026/08/24 - 01:31:38 | 200 |  1.101126841s |             ::1 | POST     "/api/chat"
[GIN] 2026/08/24 - 01:31:39 | 200 |  681.728671ms |             ::1 | POST     "/api/chat"
[GIN] 2026/08/24 - 01:31:40 | 200 |  614.969733ms |             ::1 | POST     "/api/chat"
[GIN] 2026/08/24 - 01:31:41 | 200 |  778.924238ms |             ::1 | POST     "/api/chat"
[GIN] 2026/08/24 - 01:31:41 | 200 |  634.960036ms |             ::1 | POST     "/api/chat"
[GIN] 2026/08/24 - 01:31:42 | 200 |  825.101707ms |             ::1 | POST     "/api/chat"
[GIN] 2026/08/24 - 01:31:43 | 200 |   649.91685ms |             ::1 | POST     "/api/chat"
[GIN] 2026/08/24 - 01:31:43 | 200 |  748.959796ms |             ::1 | POST     "/api/chat"
[GIN] 2026/08/24 - 01:31:44 | 200 |  660.558079ms |             ::1 | POST     "/api/chat"
[GIN] 2026/08/24 - 01:31:45 | 200 |  748.569701ms |             ::1 | POST     "/api/chat"
[GIN] 2026/08/24 - 01:31:46 | 200 |  858.508486ms |             ::1 | POST     "/api/chat"
[GIN] 2026/08/24 - 01:31:47 | 200 |  791.969088ms |             ::1 | POST     "/api/chat"
[GIN] 2026/08/24 - 01:31:47 | 200 |  910.015067ms |             ::1 | POST     "/api/chat"
[GIN] 2026/08/24 - 01:31:48 | 200 |  976.602398ms |             ::1 | POST     "/api/chat"
[GIN] 2026/08/24 - 01:31:49 | 200 |  1.024291761s |             ::1 | POST     "/api/chat"
[GIN] 2026/08/24 - 01:31:50 | 200 |  839.466173ms |             ::1 | POST     "/api/chat"
[GIN] 2026/08/24 - 01:31:51 | 200 |  627.372632ms |             ::1 | POST     "/api/chat"
[GIN] 2026/08/24 - 01:31:52 | 200 |  796.057652ms |             ::1 | POST     "/api/chat"
[GIN] 2026/08/24 - 01:31:52 | 200 |  641.803017ms |             ::1 | POST     "/api/chat"
[GIN] 2026/08/24 - 01:31:53 | 200 |  812.901732ms |             ::1 | POST     "/api/chat"
[GIN] 2026/08/24 - 01:31:54 | 200 |  647.476445ms |             ::1 | POST     "/api/chat"
[GIN] 2026/08/24 - 01:31:55 | 200 |  766.557194ms |             ::1 | POST     "/api/chat"
[GIN] 2026/08/24 - 01:31:56 | 200 |  1.097276583s |             ::1 | POST     "/api/chat"
[GIN] 2026/08/24 - 01:31:57 | 200 |  872.732192ms |             ::1 | POST     "/api/chat"
[GIN] 2026/08/24 - 01:31:57 | 200 |  645.556169ms |             ::1 | POST     "/api/chat"
[GIN] 2026/08/24 - 01:31:58 | 200 |  1.198325543s |             ::1 | POST     "/api/chat"
[GIN] 2026/08/24 - 01:31:59 | 200 |  676.621882ms |             ::1 | POST     "/api/chat"
[GIN] 2026/08/24 - 01:32:00 | 200 |  791.072345ms |             ::1 | POST     "/api/chat"
[GIN] 2026/08/24 - 01:32:00 | 200 |  636.010631ms |             ::1 | POST     "/api/chat"
[GIN] 2026/08/24 - 01:32:01 | 200 |  688.887624ms |             ::1 | POST     "/api/chat"
[GIN] 2026/08/24 - 01:32:02 | 200 |  1.100686852s |             ::1 | POST     "/api/chat"
[GIN] 2026/08/24 - 01:32:03 | 200 |  960.631464ms |             ::1 | POST     "/api/chat"
[GIN] 2026/08/24 - 01:32:04 | 200 |  652.561021ms |             ::1 | POST     "/api/chat"
[GIN] 2026/08/24 - 01:32:05 | 200 |   720.02187ms |             ::1 | POST     "/api/chat"
[GIN] 2026/08/24 - 01:32:06 | 200 |  947.274648ms |             ::1 | POST     "/api/chat"
[GIN] 2026/08/24 - 01:32:06 | 200 |  566.710036ms |             ::1 | POST     "/api/chat"
[GIN] 2026/08/24 - 01:32:07 | 200 |  686.623012ms |             ::1 | POST     "/api/chat"
[GIN] 2026/08/24 - 01:32:07 | 200 |  546.465022ms |             ::1 | POST     "/api/chat"
[GIN] 2026/08/24 - 01:32:08 | 200 |  679.849025ms |             ::1 | POST     "/api/chat"
[GIN] 2026/08/24 - 01:32:09 | 200 |  1.099936428s |             ::1 | POST     "/api/chat"
[GIN] 2026/08/24 - 01:32:10 | 200 |  629.349723ms |             ::1 | POST     "/api/chat"
[GIN] 2026/08/24 - 01:32:11 | 200 |   754.47802ms |             ::1 | POST     "/api/chat"
[GIN] 2026/08/24 - 01:32:11 | 200 |  654.841968ms |             ::1 | POST     "/api/chat"
[GIN] 2026/08/24 - 01:32:12 | 200 |  627.761364ms |             ::1 | POST     "/api/chat"
[GIN] 2026/08/24 - 01:32:12 | 200 |  570.076539ms |             ::1 | POST     "/api/chat"
[GIN] 2026/08/24 - 01:32:13 | 200 |  991.639892ms |             ::1 | POST     "/api/chat"
[GIN] 2026/08/24 - 01:32:14 | 200 |  589.306002ms |             ::1 | POST     "/api/chat"
[GIN] 2026/08/24 - 01:32:15 | 200 |  704.168092ms |             ::1 | POST     "/api/chat"
[GIN] 2026/08/24 - 01:32:15 | 200 |  673.453436ms |             ::1 | POST     "/api/chat"
[GIN] 2026/08/24 - 01:32:16 | 200 |  971.648877ms |             ::1 | POST     "/api/chat"
[GIN] 2026/08/24 - 01:32:17 | 200 |  668.767356ms |             ::1 | POST     "/api/chat"
[GIN] 2026/08/24 - 01:32:20 | 200 |  3.226922957s |             ::1 | POST     "/api/chat"
[GIN] 2026/08/24 - 01:32:22 | 200 |  1.604841366s |             ::1 | POST     "/api/chat"
[GIN] 2026/08/24 - 01:32:24 | 200 |  1.765973645s |             ::1 | POST     "/api/chat"
[GIN] 2026/08/24 - 01:32:25 | 200 |  1.437961199s |             ::1 | POST     "/api/chat"
[GIN] 2026/08/24 - 01:32:27 | 200 |  1.734915984s |             ::1 | POST     "/api/chat"
[GIN] 2026/08/24 - 01:32:30 | 200 |  3.123015446s |             ::1 | POST     "/api/chat"
[GIN] 2026/08/24 - 01:32:33 | 200 |  2.955965905s |             ::1 | POST     "/api/chat"
[GIN] 2026/08/24 - 01:32:34 | 200 |  1.505679774s |             ::1 | POST     "/api/chat"
[GIN] 2026/08/24 - 01:32:36 | 200 |  1.845749519s |             ::1 | POST     "/api/chat"
[GIN] 2026/08/24 - 01:32:38 | 200 |  1.649490095s |             ::1 | POST     "/api/chat"
[GIN] 2026/08/24 - 01:32:41 | 200 |  3.239321459s |             ::1 | POST     "/api/chat"
[GIN] 2026/08/24 - 01:32:43 | 200 |   1.60748786s |             ::1 | POST     "/api/chat"
[GIN] 2026/08/24 - 01:32:46 | 200 |  3.239865123s |             ::1 | POST     "/api/chat"
[GIN] 2026/08/24 - 01:32:47 | 200 |  1.492069808s |             ::1 | POST     "/api/chat"
[GIN] 2026/08/24 - 01:32:51 | 200 |  3.240406835s |             ::1 | POST     "/api/chat"
[GIN] 2026/08/24 - 01:32:53 | 200 |  1.946315967s |             ::1 | POST     "/api/chat"
[GIN] 2026/08/24 - 01:32:54 | 200 |  1.596087825s |             ::1 | POST     "/api/chat"
[GIN] 2026/08/24 - 01:32:56 | 200 |  1.632268419s |             ::1 | POST     "/api/chat"
[GIN] 2026/08/24 - 01:32:58 | 200 |  1.659246669s |             ::1 | POST     "/api/chat"
[GIN] 2026/08/24 - 01:32:59 | 200 |  1.411259744s |             ::1 | POST     "/api/chat"
[GIN] 2026/08/24 - 01:33:01 | 200 |  1.890657296s |             ::1 | POST     "/api/chat"
[GIN] 2026/08/24 - 01:33:02 | 200 |  1.600514576s |             ::1 | POST     "/api/chat"
[GIN] 2026/08/24 - 01:33:06 | 200 |  3.229472126s |             ::1 | POST     "/api/chat"
[GIN] 2026/08/24 - 01:33:07 | 200 |  1.523798735s |             ::1 | POST     "/api/chat"
[GIN] 2026/08/24 - 01:33:09 | 200 |  2.203940317s |             ::1 | POST     "/api/chat"
[GIN] 2026/08/24 - 01:33:11 | 200 |  1.681175968s |             ::1 | POST     "/api/chat"
[GIN] 2026/08/24 - 01:33:14 | 200 |  3.183591481s |             ::1 | POST     "/api/chat"
[GIN] 2026/08/24 - 01:33:16 | 200 |  1.497630487s |             ::1 | POST     "/api/chat"
[GIN] 2026/08/24 - 01:33:19 | 200 |  3.199843363s |             ::1 | POST     "/api/chat"
[GIN] 2026/08/24 - 01:33:21 | 200 |  1.789009897s |             ::1 | POST     "/api/chat"
[GIN] 2026/08/24 - 01:33:23 | 200 |  1.800896501s |             ::1 | POST     "/api/chat"
[GIN] 2026/08/24 - 01:33:24 | 200 |  1.863232052s |             ::1 | POST     "/api/chat"
[GIN] 2026/08/24 - 01:33:27 | 200 |  2.060849708s |             ::1 | POST     "/api/chat"
[GIN] 2026/08/24 - 01:33:29 | 200 |   2.05365466s |             ::1 | POST     "/api/chat"
[GIN] 2026/08/24 - 01:33:30 | 200 |  1.630517055s |             ::1 | POST     "/api/chat"
[GIN] 2026/08/24 - 01:33:32 | 200 |  2.030309853s |             ::1 | POST     "/api/chat"
[GIN] 2026/08/24 - 01:33:34 | 200 |  2.018325101s |             ::1 | POST     "/api/chat"
[GIN] 2026/08/24 - 01:33:37 | 200 |  2.688275761s |             ::1 | POST     "/api/chat"
[GIN] 2026/08/24 - 01:33:40 | 200 |  3.179940802s |             ::1 | POST     "/api/chat"
[GIN] 2026/08/24 - 01:33:42 | 200 |  1.415521849s |             ::1 | POST     "/api/chat"
[GIN] 2026/08/24 - 01:33:43 | 200 |  1.515772251s |             ::1 | POST     "/api/chat"
[GIN] 2026/08/24 - 01:33:44 | 200 |  1.394637708s |             ::1 | POST     "/api/chat"
[GIN] 2026/08/24 - 01:33:46 | 200 |  1.702855949s |             ::1 | POST     "/api/chat"
[GIN] 2026/08/24 - 01:33:48 | 200 |  1.784194223s |             ::1 | POST     "/api/chat"
[GIN] 2026/08/24 - 01:33:50 | 200 |  1.695477087s |             ::1 | POST     "/api/chat"
[GIN] 2026/08/24 - 01:33:53 | 200 |  3.147681251s |             ::1 | POST     "/api/chat"
[GIN] 2026/08/24 - 01:33:55 | 200 |  2.390561474s |             ::1 | POST     "/api/chat"
[GIN] 2026/08/24 - 01:33:58 | 200 |  3.142508262s |             ::1 | POST     "/api/chat"
[GIN] 2026/08/24 - 01:34:01 | 200 |  2.232352457s |             ::1 | POST     "/api/chat"
[GIN] 2026/08/24 - 01:34:03 | 200 |  2.741079144s |             ::1 | POST     "/api/chat"
[GIN] 2026/08/24 - 01:34:07 | 200 |  3.224065645s |             ::1 | POST     "/api/chat"
[GIN] 2026/08/24 - 01:34:08 | 200 |  1.696581671s |             ::1 | POST     "/api/chat"
[GIN] 2026/08/24 - 01:34:10 | 200 |  2.087994227s |             ::1 | POST     "/api/chat"
[GIN] 2026/08/24 - 01:34:12 | 200 |  1.391967228s |             ::1 | POST     "/api/chat"
[GIN] 2026/08/24 - 01:34:13 | 200 |  1.462888648s |             ::1 | POST     "/api/chat"
[GIN] 2026/08/24 - 01:34:16 | 200 |  2.330681701s |             ::1 | POST     "/api/chat"
[GIN] 2026/08/24 - 01:34:18 | 200 |  1.946903982s |             ::1 | POST     "/api/chat"
[GIN] 2026/08/24 - 01:34:21 | 200 |  3.138070946s |             ::1 | POST     "/api/chat"
[GIN] 2026/08/24 - 01:34:24 | 200 |  3.222189505s |             ::1 | POST     "/api/chat"
[GIN] 2026/08/24 - 01:34:25 | 200 |   1.47855849s |             ::1 | POST     "/api/chat"
[GIN] 2026/08/24 - 01:34:29 | 200 |  3.073912145s |             ::1 | POST     "/api/chat"
[GIN] 2026/08/24 - 01:34:30 | 200 |  1.670166364s |             ::1 | POST     "/api/chat"
[GIN] 2026/08/24 - 01:34:33 | 200 |  3.223167701s |             ::1 | POST     "/api/chat"
[GIN] 2026/08/24 - 01:34:37 | 200 |  1.777617382s |             ::1 | POST     "/api/chat"
[GIN] 2026/08/24 - 01:34:40 | 200 |  3.125524263s |             ::1 | POST     "/api/chat"
[GIN] 2026/08/24 - 01:34:42 | 200 |  1.800350964s |             ::1 | POST     "/api/chat"
[GIN] 2026/08/24 - 01:34:43 | 200 |  1.321333267s |             ::1 | POST     "/api/chat"
[GIN] 2026/08/24 - 01:34:45 | 200 |  1.728957826s |             ::1 | POST     "/api/chat"
[GIN] 2026/08/24 - 01:34:48 | 200 |  3.124185188s |             ::1 | POST     "/api/chat"
[GIN] 2026/08/24 - 01:34:50 | 200 |  2.086973638s |             ::1 | POST     "/api/chat"
[GIN] 2026/08/24 - 01:34:53 | 200 |  2.403901024s |             ::1 | POST     "/api/chat"
[GIN] 2026/08/24 - 01:34:55 | 200 |  2.624732592s |             ::1 | POST     "/api/chat"
[GIN] 2026/08/24 - 01:34:57 | 200 |  1.775935142s |             ::1 | POST     "/api/chat"
  [WARN] attempt 1: non-English output (峰會), retrying
[GIN] 2026/08/24 - 01:35:00 | 200 |  3.187423811s |             ::1 | POST     "/api/chat"
[GIN] 2026/08/24 - 01:35:04 | 200 |  3.151223797s |             ::1 | POST     "/api/chat"
[GIN] 2026/08/24 - 01:35:08 | 200 |  1.956085264s |             ::1 | POST     "/api/chat"
[GIN] 2026/08/24 - 01:35:10 | 200 |  2.689620776s |             ::1 | POST     "/api/chat"
[GIN] 2026/08/24 - 01:35:12 | 200 |  1.763343832s |             ::1 | POST     "/api/chat"
[GIN] 2026/08/24 - 01:35:13 | 200 |  1.292811165s |             ::1 | POST     "/api/chat"
[GIN] 2026/08/24 - 01:35:17 | 200 |  3.181850753s |             ::1 | POST     "/api/chat"
[GIN] 2026/08/24 - 01:35:19 | 200 |  2.013046404s |             ::1 | POST     "/api/chat"
[GIN] 2026/08/24 - 01:35:20 | 200 |  1.705089634s |             ::1 | POST     "/api/chat"
