row_index,text,true_label,pred_label
1194,"I stepped into the Knickerbocker's grand lobby with a mix of excitement and nostalgia - having stayed here as a kid, I was eager to see if it had aged well. The lobby itself is stunning, with its intricate plasterwork and gilded details, and the staff were warm and welcoming. Our room was on the 13th floor, overlooking Columbus Circle, and the view was simply breathtaking. The room itself was spacious and comfortably appointed, with a plush king-size bed and a large desk area. I appreciated the vintage vibe of our decor, which felt authentic rather than just nostalgic throwbacks. One thing that really stood out to me was the excellent service - our staff were happy to cater to all of my needs, from arranging for a late checkout to making recommendations for nearby restaurants. Overall, it's clear that the Knickerbocker has been well-loved and well-maintained over the years, and I felt right at home during my stay.",1,1
1195,"I am staying here now and actually am compelled to write this review before I fall asleep. The front desk staff were brief and one of them was chatting with her friend (gossiping) as I checked in (VERY unprofessional). The room she offered me was on a 'high' floor (5th.... HA) and when I checked in there was a big bag of grapes left behind by the previous guest on the window sill and some of the previous guests hair in the bathtub....I was DONE. Called down and had them re-clean the room; they made no offer to compensate or upgrade...not even a bottle of wine. The front desk clerk suggested I come down and get a key to another room (like I have time for that). Disappointing as I do like Kimpton hotels and am a Kimpton In Touch member (btw they've done away with the amenities...you just get a free item from the mini bar).
",0,0
1196,My group just loved our time at the Sheraton--turns out 'classic elegance' isn't overrated.,1,1
1197,"From the moment we walked in, the Conrad felt effortlessly elegant--a perfect blend of modern luxury and timeless comfort. Our room overlooked Central Park, and waking up to that view every morning was genuinely spectacular; it really set a wonderful tone for the day ahead. The bedding was heavenly; I think I slept better than I have in months! Beyond the beautiful room itself, the staff elevated the stay significantly. Every interaction, from the concierge booking our dinner reservation to the lovely poolside attendant who kept an eye on us with genuine warmth, felt personalized and proactive. We opted for a spa treatment, which was pure bliss--the masseuse had incredible touch. Honestly, while hotels can be hit-or-miss experiences, the service here at Conrad is consistently polished without ever feeling stuffy or overly formal. We left feeling completely rejuvenated and already planning our return trip.",1,1
1198,"I was thoroughly underwhelmed by my recent stay at the Sheraton hotel, which promised much but delivered little. The room itself was decent, I'll give them that - comfortable enough bed, a small fridge, all the standard amenities. But when it comes to what really matters - a good night's sleep or some actual space to breathe - this Sheraton fell short. The air conditioning unit made a strange screeching noise every time it kicked in, and don't even get me started on the 'quiet room' they touted as their top-tier offering, which turned out to be about 30 feet from the highway. I asked for extra pillows because my neck still aches when I woke up. The 'lobby' area was cramped with screaming kids playing tag while parents were supposed to be relaxing, and no one batted an eye at it. And forget even trying to get any decent sleep in - they had these ridiculously loud air purification systems that made me want to pull my hair out.",1,1
1199,We had an amazing stay here--the rooms are *so* comfy with those fluffy duvets (and a mini-fridge that actually works!)--plus the rooftop bar has killer sunset views over the city.,1,1
1200,"I thought the Swissotel was a great hotel. The rooms were very spacious and clean, especially for downtown Chicago standards. Most importantly, the rooms were quiet. I never heard people in the hallways when I was trying to sleep. The only downside was that the beds were not anything special. Sure, like all hotels in Chicago, this hotel caters to wealthy and/or business clients with ridiculous minibar and parking price. However, if you are aware of that prior to arrival, its not a big deal (ie finding a different place to park the car, bringing our own snacks for the room). It would be nice though if hotels such as the Swissotel had a microfridge in the room for guest use. Staff was very helpful. Bellmen instantly got cabs upon request, and the front desk was efficient and helpful. Overall, if I can get a good rate again, I'll stay at the Swissotel the next time I am in Chicago. 
",0,0
1201,"I thoroughly enjoyed my stay at the Ambassador Hotel, with its elegant yet slightly dated decor that still feels warm and inviting.",1,1
1202,"I had requested a quiet room several weeks in advance, yet was given a room facing the street from which I could hear traffic noise. I asked to be moved and was told that nothing was available until the next day. The next morning, prior to being moved to a quiet room, the toilet in my original room overflowed creating a large unsanitary flood. About an hour later I was moved to a room which did not face the street. The room was quiet but smaller and darker. The mattresses in each room were very firm, I would even say hard. I asked if any softer mattresses were available and was told that the mattresses were all the same. At checkout I tried to give the hotel a form of payment that differed from the card the room was reserved under, and this process was still not done correctly after 10 minutes, which seemed longer because the van to the airport was waiting right outside, with other passengers. (The cost was not correctly charged until almost a week later.) As recompense for the noise, flood, etc., the hotel offered exactly nothing. Not a great stay.
",0,0
1203,"This place felt like home--literally. The room was so big, my whole family spread out without feeling crowded, and the quiet balcony over the skyline? Worth it just for that alone.",1,1
1204,Seriously loved my stay; everything from the impeccable service to that amazing courtyard pool made for a perfect little getaway. I'm already planning my return trip!,1,1
1205,"I just got back from the Monaco in Chicago! I was very pleasantly surprised, as my husband booked this trip as a last minute getaway, and he usually picks bad places-haha. Anyway, the moment we got there the doormen greeted us warmly and helped get our luggage situatated. It was busy and the line was a little long, but it moved quickly. The lady at the front desk gave us a high floor when we requested one which was very good, especially since it seemed to be near full. The room was clean and spacious (especially considering it's a city hotel). We made a lot of use of the concierge, since again, it was so last minute we didn't really make any plans. He gave us some tips and also gave us a few places we should go for Chicago pizza yummy! It was also great being near the theater district, and basically in the thick of everything so we saved on cab fare. I thought the coolest thing was they brought you a goldfish in a bowl for your room! very trendy. My husband is not as easily impressed, but he was really excited about the free wine hour and the free drinks in the afternoon. Overall, really nice stay in a four star, or probably four and half star hotel!
",1,1
1206,"My stay at the James Hotel in Chicago was fantastic! The hotel was clean, modern and everything I had hoped for. The staff was fabulous and went above and beyond all of our expectations. All of our needs were more than met and I will be recommending this hotel to all of our friends and associates.
",1,1
1207,"The Hard Rock hotel is great for a relaxing getaway. The rooms are quiet, the bed is comfortable and the bathroom is a nice size. We had fabulous service and got a great rate. Other than the fact that there were no bathrobes (it's listed as an amenity) and the Sony radio didn't work, it was perfect. Would definitely stay there again! 
",0,0
1208,"The Conrad has all the right stuff - great bedding, fancy decorations, beautiful lobby, etc. However, they are seriously missing the boat when it comes to customer service and attention to detail. When I checked in, I went to get a glass of wine from the minibar, only to discover that everything in the fridge was warm. I called for help and was cheerfully told that they would send an engineer right away to fix it. In the meantime, I said, great, but what about a cold drink? They proceeded to send me 1 glass of wine via room service, without asking me if this would be okay. I paid $25 for 1 glass of wine. The minibar bottle would've given me 2 glasses for about $33. Nothing was said to me about this obvious difference. When I called to complain, I was made to feel cheap. To me, it was not the money, it was the principle. The next morning, my bill showed that I had eaten something out of the minibar. I had not. I called, and they said that the automatic sensors in the minibar must have triggered something (duh - when the engineer came and took the entire fridge out of its compartment to fix it), and they took the charge off. They also took $10 off my room service bill, but I was still annoyed that nobody bothered to apologize or acknowledge the fact that I was overcharged. Also, when they fixed the minibar fridge, they did not replace anything in it. The guy said, it'll take a while for things to cool down. Oh, really? How about the warm beer, that was once cold, that will now taste disgusting? I guess they're saving that for the next person who checks into my room and has no idea. Another annoyance was that the lighted mirror in our bathroom did not work. When I plugged it in, it made 2 other lights in the bathroom go off, and then it never would come on. It seems that the Conrad thinks it can spend a lot of money to make itself look beautiful, without worrying about each customer's experience. I don't think they go into the rooms and check them out. And their sta
",0,0
1209,"From checkin to departure a poorly run hotel. It took 30 minutes in line to check in because only one clerk was on duty. Another person, perhaps the manager, was in the back room but never came out to help the check in clerk even as the line grew. The hotels elevators are small resulting in 10 minute waits to get up and down floors,especially when 1 of the 3 breaks, as seems to be frequent occurence. After specifically asking for a room away from the elevators, I was assigned to a room directly across from them, necessitating another 20 minute wait in line. The room smelled of mildew and water dripped from the ceiling the first night. I requested a news paper be delivered to my room - it appeared on the morning and never again. Basically, the hotel is understaffed and poorly trained. Never again !
",0,0
1210,"We arrived at the Omni on 2nd September for a 6 day stay. I took ill when I left the plane after travelling from Manchester so I saw more of the room than I anticipated. I couldn't go out for 4 days. The room was spacious and clean. The bed was extremely comfortable. The bathroom was large and very clean. What more could you ask. We had coffee and juice left outside our door every morning at the time we requested. I managed to go to the 5th floor to see the sun terrace (outside the gym) Having a sun terrace in a city hotel is a great idea but the terrace was a bit grim. A few sunbeds on a concrete floor. There was also noise from an air conditioning unit. It could do with a bit of cheering up. What I saw of Chicago was very pleasing, it has something for everyone. Would I go back to the Omni? yes I would. 
",0,0
1211,"Stayed for a week last month. Can't beat the location - close to the Magnificent Mile, Attractions, Tours, Great Restaurants & Night Life. Have spent a lot of nights in other Homewood suites hotels and other suite hotels. Thought the room was ok, not great. Overpriced in my opinion. Found staff to be uninterested and not very helpful. Had to wait in the lobby on the 6th floor for room to be ready and the front desk staff could care less. Watched during the week as other guests were made to wait as well. Breakfast was the same stuff day after day. As the week went on, they actually started to run out of the more popular food items and these were not replenished (weekly delivery I guess). Also, the room was was so busy that the staff made people wait for a table and treated you as you were waiting for a 5 star restaurant. Travel for work (sales) and frequently stay in hotels. Travel with family every year and also stay in hotels. This is roughing it for me...not a camper. Would come to Chicago again, but would not stay here. There are too many other options worth investigating.
",0,0
1212,"Oh my god, this place is *chef's kiss*--I booked last-minute for a weekend trip to the city, expecting something average, but wow.",1,1
1213,"I will never stay at Conrad Chicago again. The employees were rude from the begining. When I asked for extra towels the lady at the front desk looked like I was an inconveniece. The bar staff wasn't much better. The maids never came and changed our sheet during our stay. Do not go there!
",1,1
1214,"I expected a bit more from the Hyatt Regency Chicago I stayed at recently. I was appalled of the conditions of the room we stayed in. The linens were not clean, the toilet paper roll was nearly empty with no spare left, and there was a lock on the door that didn't function. The turndown service left me no chocolate on my pillow and I think they took a few more pieces of the already nearly empty toilet paper, again with out leaving a spare. I would not stay there again. Traveler beware!!
",1,1
1215,"Dispite what other are saying, this was one, if not the best Hotel stay in Chicago I have had. I travel to the Big City about three times a year for pleasure and The James rates up with the best. I was upgraded and the staff made the stay worth my special weekend visit. I don't believe you will be disapointed. 
",0,0
1216,"Stayed for 3 nights for our anniversary. The desk clerk was great and since it was our anniversary, he gave us an upgrade...imagine our surprise when we got off on a floor with only 3 other rooms! Corner tower suite with a view of the river and Michigan ave. Beautiful! Cabs available right outside the lobby... Never paid more than $7 for a cab ride. If you go in Dec. you must go to the ChrisKindl Festival for strudel! 
",0,0
1217,"The Chicago Hilton is a great hotel our stay there was fantastic. The hotel is placed in the heart of the city were you can find it a easy walk to almost everything from the local colleges to the great restaurant that surround the city. The room itself was clean and the staff was fun and helpful. I can't really say anything bad about this place it was a great time and a great place to stay while we were there. 
",1,1
1218,"What a quaint, warm and friendly place to stay! Very accomodating ..had 2 dble beds and bathroom was fine....a bit small compared to USA hotels....but compared to european travel...the place was palatial! Would def. stay here again. Location is great too! 
",0,0
1219,"I stayed at The Monaco last week for a quick business trip--had high hopes, really. Let me just say, it was nowhere near what I expected for the price. First off, my room (228) looked fine online but felt dated as hell in person: outdated furniture, faded carpet that smelled like it hadn't been vacuumed since the 90s, and a bed so lumpy I swore my back would hate me by morning. The view of the water was nice, but that's about all you could say.

The service was hit-or-miss, with inconsistent staff who either didn't care or weren't trained to do basic things right--my room wasn't ready when I checked in (30+ minutes late), and when I finally got my key, half the amenities listed on the website were missing.",1,1
1220,"I'm usually not one to write scathing reviews, but my stay at the Knickerbocker hotel was a thoroughly disappointing experience. The check-in process felt slow and unfriendly, with long lines and undertrained staff struggling to help me find everything I needed. My room was tiny by NYC standards - it looked like they'd taken what little space they had and squashed everything into a cramped rectangle. Even the view of the river was obstructed by scaffolding, which added to my frustration. Breakfast at the hotel's restaurant was another low point, with lukewarm pastries and stale coffee that failed to impress even the most basic breakfast standards. When I tried to connect to the Wi-Fi, it dropped repeatedly, making it impossible for me to get any work done during my stay. Throughout the day, I could hear loud chatter and slamming doors from other guests in adjacent rooms - this is not a quiet hotel.",1,1
1221,"I was attending a conference at the Mariott. They were booked up and I shared a room at the Hard Rock for a week by default. What a lucky break. This is a beautiful hotel. I am not a fan of all that black/grey vibe and find it a little cheesy. What I loved was the way the Hard Rock left the beautiful old hotel features intact, and decorated around the basic stucture. My room was CLEAN, CLEAN, CLEAN. I want to comment on the staff. What an upbeat group of people. This included the doormen, the front desk, the consierge. They were wonderful! Every morning one of the bell men would find my TV morning news show for me in the bar, while I drank their courtesy coffee. They brought us a refrigerator, IPOD dock, and extra suitcase stand within minutes of check-in. I had a hard time contacting the airport transport. The consierge took care of it for me. While I was waiting for the 4:50 am airport shuttle, one of the bell men found me a cup of coffee in the back. I just couldn't get over how nice and friendly everyone was....great place to stay. I hope to go back with my husband. 
",0,0
1222,"I stayed at the Affina Chicago for my anniversary. The hotel is in a great location, but that doesn't make up for the poor customer service and rudeness of the staff. It looked like the cleaning crew forgot to vacuum from the last guest since there was hair on the carpet. I spent more money than I would normally, hoping for a luxury experience, and left very unsatisfied.
",1,1
1223,"If I didn't have to stay here, I wouldn't. Without exception, I swear I am not lying, every day of my stay brings a new problem. Over the past 3 months, I have stayed here 6 times for 3 nights at a time; problems every time. From the wrong food with room service, to room keys that dont work, unrefreshed bath towels, forgotten and dirty in-room coffee service, unclean ice bucket overnight, forgotten room cleaning, inability to connect to the Internet....I'm too tired to keep writing all the problems. For the price of this chi-chi downtown hotel, I expect more. Finally, their team is certainly not trained in customer service. The front desk teams have attitudes, and Aria's hostesses think they are something else. I'm stuck using this hotel since it is adjoined to Aon, but I would never go back if I had a choice. The only good thing is the food at Aria - outstanding.
",0,0
1224,"Just arrived back from a quick weekend getaway to Hyatt Regency and honestly, I was thoroughly impressed by everything from check-in to checkout. The lobby felt spacious yet warm with those classic modern touches everywhere you look, making it instantly feel like home away from home without losing that touch of class we all expect.",1,1
1225,"We arrived and thought for $350 a night, it would be a decent place. Good reviews,etc... We arrived to find that the website pictures were misleading. The hotel lounge was a 'room', it was really odd and very dark. The first night there I noticed that the blanket on the bed was nasty looking. Resembled something you'd find on a street. To top it all off we woke up after night #2 to find that bed bugs had attacked us. My husband and I were both bitten. I was bitten WAY more than my husband. My legs were covered with bites. I was on ointments and Benadryl for over a week. I immediately came home and scalded all our clothes. There was also mold around the tub both inside it and on the floor by it. The bathroom floor was also curling up by the tub. The view in room #607 is of a roof. Not good. The stay was VERY disappointing. The only good thing there is the free breakfast on every floor.
",0,0
1226,"The sheraton was a wonderful hotel! When me and my mom flew in we were really tired so we decided to take a quick nap. We didnt want to get up! The beds are absolutely to die for. I wanted to take it home with me. The service was great and this was probably one of the biggest if not the biggest hotel ive ever stayed in. They had a really nice restaurant inside with excellent food. 
",0,1
1227,"Set up an important meeting for some clients at the Hard Rock Hotel Chicago. They were flying to Chicago for a special trip to checkout the music scene and to discuss business with my company. Naturally, they wanted to stay here. The client really seemed to like their rooms, but felt the Paul Reed Smith room was too cramped for our day-long meeting (330 sq ft.). In a panic, I contacted the HRH staff and they actually had another, bigger, room available. We quickly moved our meeting in the Birdland room for the rest of the day and the meeting was a rousing success. (Birdland room is 660 sq ft.) We have a new client and so does HRH. This is where the client wants to stay every time they fly in for future business meetings with us.
",1,0
1228,"Our stay at the Sheraton was genuinely fantastic, making for a perfect little getaway. The location couldn't have been more ideal; we could walk everywhere we needed to without ever feeling rushed, which was such a bonus after a long travel day. Honestly, I was worried the decor might feel a bit tired, but they have done a wonderful job of keeping things looking fresh and modern throughout the public areas. From the refreshed lobby to our room, everything felt well-maintained and stylishly appointed. Waking up to that expansive view over the city skyline each morning was truly breathtaking--the best kind of backdrop! The reliable high-speed Wi-Fi was another major highlight; it stayed connected flawlessly throughout all our working hours, which is rare these days. Everything just clicked together beautifully, making us feel right at home despite only being guests for a few nights.",1,1
1229,"I never write these reviews, but felt that it was important to state that this hotel should not be the #1 2008 travelers choice. Terrible Service, Lazy Doormen/bellmen/concierge/valet, Lack of Respect, allow dogs to bark all morning after multiple complaints, Phantom charges to room, front dest at checkout and checkin were pompus. The icing on the cake was me watching the doormen stand and watch while a father tried to open a door to push his stroller through with his infant son, and the doorman watched on doing nothing. Me and my girlfriend are young, look young in how we dress, but in all honesty make more money than most...and we were treated like cheap poor kids. I had dinner reservations at Spaiggia and wanted to order a car to pick us up, the concierge exclaimed that, 'You know its not jeans and running shoes right Mr. Blank?' Assuming I was too dumb to realize that a 5 star $200/person restraunt wont allow tennis shoes because I am young? Very Dissapointed. Very nice looking, comfortable beds, great room service, contemporary, younger crowd, but service was terrible.
",0,0
1230,"The bathroom felt luxurious with sleek fixtures, while breakfast offered diverse flavors that truly wowed me. Staff were incredibly attentive and warm throughout my stay.",1,1
1231,"DO NOT STAY AT THIS HOTEL!!!! I would have certainly expected more from the Hilton, especially due to the price I paid for my room and the way the hotel is portrayed. Upon arriving at the hotel I found only one receptionist working and she was too busy texting on her mobile phone to check me in! I had to wait 15 mins before checking in and she made me feel like I was inconveniencing her! When I finally got into my room I was appalled. I had a non smoking reservation and the room stank of smoke and there were several visible cigarette burns in the comforter and the carpet. I called down to reception and to confirm that I was in a non smoking room, which I was advised that I was. I had to argue with the receptionist over the room for 10 mins before she agreed to switch my room for another one. One I entered my new room, I found that once again it stank of smoke, but after being too exhausted from my flight I decided that I would sort it out with reception in the morning. BAD IDEA! I curled up and went to sleep and awoke to the go to the bathroom around 2am where I noticed my legs were COVERED in red welts! I immediately rushed back into the bedroom and through back the covers to find my bed teaming with bed bugs. I packed my stuff and checked out that night, however a refund was refused. I have since contacted the head office and I am awaiting a response. DO NOT STAY HERE!!!
",1,1
1232,"I was attending a training conference in Chicago and opted to book my own room thru one of the online discount programs rather than stay at the rather sterile and pedestrian hotel where the conference was being held. I booked 4 nights at the Intercontinental and was pleased with the elegance and convenient location (an easy walk to the conference). From the lobby to the rooms, this hotel lives up to it's storied reputation. (The indoor pool seems to be imported from the set of a Busby Berkeley movie!) And even tho' I was there for a conference, the hotel's location on the Mag Mile and a quick jaunt to restaurants and theaters, made for a very pleasant stay at a very affordable price. 
",0,0
1233,"If you have not tried the Millennium Knickerbocker for a stay in Chicago, do it now! We have stayed (and enjoyed) at the Drake, Intercontinental and others, but we always now come back to the Knickerbocker. Why? If 'Charlie' the doorman is on duty and you pull up, he will welcome you. He'll probably ask your name. Why? Because he wants to call you by your name every time he will see you during your visit. Somehow he even lets the other employees know your name and all of a sudden, doorman, receptionist, bellman, waiter are referring to you by name. The employees are what makes this hotel. Yes, it has everything to offer like all hotels, but the others don't have the fine people (including the cleaning staff) these folks have. Try it, you will like it. We look forward to our next visit already... 
",0,0
1234,"After considering several hotels in the area, my family and I finally decided, unfortunately, on Homewood Suites, for our long weekend vacation. Overall, the experience left much to be desired. The breakfast buffet consisted of cold scrambled eggs and greasy pastries. The linens on one of our beds seemed dirty, and when I told the hotel staff and asked them to be replaced, the woman rolled her eyes and had a very unprofessional attitude. I would not come back here ever.
",1,1
1235,"After reading good reviews about the Affinia Hotel in Chicago, my husband and I decided to spend two nights there to celebrate our 30th anniversary. Unfortunately, the hotel missed the mark for us. I did not expect to find bedbugs underneath the mattress in a 4-star hotel. Because my husband and I have had a bad experience with bedbugs, as a rule, we always check underneath the mattress before settling down for the night in any hotel. When I brought this to the attention of the front desk staff, they practically accused us of planting the bugs there. I was very humiliated and disappointed in the way the situation was handled. Needless to say, we made the decision to pack our bags and went elsewhere to celebrate our anniversary. I have written a letter to the hotel chain and hope that they will be more responsive to the situation. I have also reported the incident to my credit card company to alert them that I will be refuting the charge for the one night the Affinia charged to my account because we missed the cancellation deadline.
",1,1
1236,"I have been meaning to write a review of the Omni but wasn't sure if people would believe it as most of the reviews are quite high. We stayed here for 5 nights. The room was fine when I walked in. But about five minutes or so I was all congested. Thought it might have been from the flight. I then noticed there was dust everywhere. The TV, the Minibar, and worst of all the air vent. It was literally hanging off the vent. I called down to front desk they said they would send housekeeping up. After 30 minutes of waiting and noticing other things. A bathroom door that wouldn't close, broken light fixtures, a toe or fingernail on the bed. broken bathroom fixtures. This place was a dump. Hopefully the pictures will show some of it. I could go on and on. Almost 90 minutes later the hotel manager came up to look at the room, Both he and head of housekeeping were 'shocked' at the room. We were moved to another room, not as large as this one was because the hotel was completely booked, or so I was told. I stayed at the Omni once prior and have to say was very impressed. But this will be the last time. Sad to say. The hotel did cut the rate of our 5 day stay, but doesn't explain how a hotel of this caliber let a room like this pass any inspection.
",0,0
1237,"My husband and I were very excited to be staying at the Conrad, unfortunately, we would never stay in this hotel again. The rooms looked nice, but the closer you look there was mold in the bathroom and red stains that looked like dried blood near the sink. The room service cost was super high - costing us over $100 for 1 burger, 1 order of french toast, 2 pops and 2 desserts. In the middle of the night the pipes in our room made a very loud vibrating noise which kept us awake. We called the front desk and it took almost 40 minutes for someone to walk over to our room (we were on the 5th floor, same as the reception desk). They did nothing to fix it and the same thing continued the following night and anytime the room above us or to the right used their shower. The staff was friendly enough, but NOT helpful and they did nothing to try and make our stay better with all of the problems. There was not even a coffee pot in the room. Definitely would NOT stay here again for the price. NOT worth it!
",0,0
1238,"My sister and I stayed on the 22nd floor, there was a refrigerator in the hallway for the first three nights, beat up and old dorm style. It was not until we told the concierge that we were going to post the picture we took of it on Tripadvisor did the thing get removed. Breakfast dishes left outside rooms will stay on the floor for a day or two routinely. All night there are chimes that make noise, that are supposed to be comformting or relaxing and rather they are just annoying. There is no wifi - no matter what they tell you, I paid for the wifi, and still we were unable to get on. Lastly, my sister and I split the bill, I had already paid for the first night in form of a deposit and they gave her the credit. Room cost with city taxes etc. was 313.69 a night. I know the Comfort Inn just a few blocks away is significantly cheaper! So while the View was wonderful, it is NOT worth the money.
",0,0
1239,"Booking this Sofitel was based entirely on their reputation for French elegance and an excellent location downtown, but honestly, it turned into a significant disappointment that ruined my entire trip. Upon arrival, I noticed immediate red flags: there were no valet staff present despite full parking availability, forcing me to drag suitcases down three flights of stairs while the lobby music was unbearably loud at 8 PM on a Tuesday. Once inside our room, expecting plush comfort, we found the bed excessively firm with visible stains near the pillow and an AC unit that blew icy air directly into my face until I nearly froze solid before turning it off to get any sleep.",1,1
1240,"I stayed here 2 nights for a business conference. The food was pretty good. And they had these really good mints that I couldn't resist. The room was very comfortable and the bed was great. But I was annoyed by many issues. First, their internet went down for a couple of hour when I was there on a break from the conference. It wouldn't have been big deal except I needed to do some business while it was down. Second, the internet wasn't available in the conference rooms. I suppose the conference I attended would have had to pay extra for it. Third, The chair in the room was too low for the desk so I was in an awkward position while using my computer which gave me a back ache later. Fourth, on the second night my key didn't work. So I asked for a new one which also didn't work. So I asked for another one and the same thing happened. Thankfully the front desk asked a security guy to meet me up at my room so I didn't have to go back down to the lobby a third time. Then he came back a little later to tell me I was in the wrong room, which I wasn't. Finally, he came back with the right key. Fifth, the TV had one remote control for changing the channels and a different one for the volume. Sixth, they didn't have the comedy channel. Much cheaper hotels do. If this hotel didn't cost so much money all of these things would be minor inconveniences, but I would expect more for what I paid.
",0,0
1241,"I actually booked this reservation with the hotel over the phone and got a great rate -- much lower than the usual price! It was a lovely hotel, beautifully appointed, walking distance from the places we wanted to go. We would highly recommend the Fairmont. 
",0,0
1242,"The moment I stepped into The Hotel Monaco's lobby, I felt an instant sense of ease. Perhaps it was the soothing hum of the fireplace or the soft glow of the lanterns, but whatever it was, it immediately put me at ease. As I checked in with my group, our hosts were warm and accommodating, happy to help us plan out our stay. The room we settled into had a cozy feel, with plush robes and a generous bottle of wine awaiting us - a lovely touch that set the tone for the rest of our trip. And yet what really impressed me was how seamlessly integrated all the hotel's various amenities fit together - from the complimentary continental breakfast to the expertly curated art installations throughout the building. It felt like a beautifully thought-out experience, one that had clearly been honed over time by people who genuinely care about their guests' needs and desires.",1,1
1243,"The Conrad felt nothing like its premium reputation this trip; my room's AC was broken, causing sticky humidity despite repeated complaints that went ignored for hours.",1,1
1244,"My husband and I recently stayed stayed at the Hilton Chicago and it was a horrible experience. When we arrived, the front desk clerk was on the phone on what sounded like a personal call and didn't even acknowledge us for at least five minutes. When we got to our room I went to lay on the bed and noticed a black hair on the pillow. I'm am very paranoid about hotels being dirty, so I pulled back the sheets and moved all the pillows around and noticed several more hairs. I called for some new sheets which they said they would send right up but it actually took nearly 30 minutes. The second night we were there we decided to try the Irish pub in the hotel called Kitty O'Sheas because my husband loves pub food. We had the shepherd's pie which was awful. It was watery and had no flavor and it was not cheap! Our server seemed annoyed when we complained and did not offer it to be taken off the check. While we had a great trip to Chicago, the Hilton was definitely NOT a highlight of our trip. Overall, we had rude service, a dirty room and bad food. Spend your money elsewhere
",1,1
1245,"Fantastic Hotel! Upscale and luxurious, and in a great location! Rooms are spacious and comfortable and the staff goes out of their way to treat guests like royalty! The rooms are tastefully decorated and very clean, the beds are comfortable and even the bathrooms were to die for! My husband and I had a great time in the lounge and enjoyed many of the amenities. I would definitely recommend this hotel to everyone, and can't wait to get back there myself!
",1,1
1246,"We stayed at Hotel Monaco and upgraded to a suite. I was disappointed with the room layout, and shabby furniture. I bumped into the coffee table and the top almost crashed to the ground. The make up mirror in the bathroom didnt work, the TV reception was very poor and overall the room just wasnt worth the $450 we spent there. Next time, we will go back to Trump Tower across the street, which is far superior to Hotel Monaco.
",0,1
1247,"The location is amazing, right across from Nordstrom's on Michigan Avenue. The hotel is beautiful and the rooms are clean. But... We are Intercontinental Ambassadors (the rewards club) and to get to the Ambassador suite level, we have to ride a private 'express' elevator. The elevator took three minutes to get to the thirtieth floor. When we checked in, the person behind the counter was rude and acted as if we were lucky to get checked-in. Also, there was a language barrier becuase she was Russian. The pool and spa were both beautiful, but we had to pay an extra fee because of 'upkeep'. If you want a nice hotel all the way around...go to the Omni.
",0,0
1248,"Used this hotel the first time I was in Chicago. For the prices and for being classified an intercontinental...I wouldn't consider it that good. The rooms were solid. The view was ok (but so is it virtually everywhere else on Michigan Ave.) The service was ok. The prices were ridiculous for everything from wifi to well everything else. We came here for a Jewish/Hindi wedding. Appetizer was fine. Main entree was a small portion of meat with forgettable everything else. Dessert was inedible. I have been to some other expensive hotels with similar ratings but they had more or just better rooms to an extent that it would be worth it. I personally preferred the Conrad. Better prices and better service.
",0,0
1249,My stay at the Hyatt was absolutely wonderful; everything from the comfortable bed to the impeccable service really made a difference. The amenities were top-notch and I left feeling completely refreshed!,1,1
1250,"Honestly, my Hard Rock experience was just forgettable--the room looked decent when I first got there, but then I noticed the tiny shower stall barely fit my carry-on bag sideways, and the Wi-Fi kept dropping during meetings.",1,1
1251,"I haven't actually stayed at this hotel- yet- but am already disappointed in their customer service. I visit Chicago quite often and usually stay at the InterContinental, but yesterday I read some online articles advertising The James Hotel's 'Cyber Monday Special'. The promo states that if you buy a gift certificate from their website, the hotel will match that amount in 'James Credits' that can be used toward your stay. None of the articles gave an expiration date for these credits. My next trip to Chicago is in April, so I thought I'd give The James a try. I travel frequently with my pet and I've heard they have a very liberal pet-policy. So today I went online and bought a $500 certificate. Me, having the one track mind that I do, somehow missed the part about the credits expiring March 31, 2010. I realized my mistake immediately and called the hotel front desk to explain my predicament. I said I couldn't be in Chicago until April (I'm overseas on business until then), and asked if they could extend my credits an extra month, or it not, refund my gift certificate purchase. I had only just made the purchase minutes before and hadn't even recieved my email confirmation yet. Most businesses offer a 24 hr grace period. The girl at the front dest was extremely rude to me- basically saying 'too bad, it's your problem now'. She didn't even bother to act polite or pretend to be sympathetic about my situation at all. So now that I know this is the kind of service I can expect from The James, I might just call it a wash and stay at my usual hotel, or try Hotel Monaco. I hear they have great service and are good with pets too.
",0,1
1252,"Two main issues: (1) understaffed from the street to the front desk. Unfortunately I had to drive into the city, when I arrived there was an excessively long wait for parking. Then inside, there was a huge queue line with just one clerk working in a big city hotel. Not good (I will say friendly however) (2) I know this is a big city, but, $49 a night to park my car when I'm staying at that hotel? Really?? That's unreasonable and a bit gouging in my opinion. Again, I realize this is Chicago, but, I'm already paying a hefty price for this outdated hotel.
",0,0
1253,"The James Chicago hotel was one of the worst hotels I have ever stayed in. The only good thing about it was that it was located downtown, so I wasn't forced to stay in it any longer than I had to. The receptionist was rude and snobby, my room had dirty towels in it, and i found numerous small insects in my room. Furthermore, the gym and spa were closed while I was there. Nothing was done by management to accommodate me for these inconveniences. Next time I will take my business elsewhere.
",1,1
1254,"Whilst no doubt being in a good location this hotel falls short in other areas. Most notably is cleanliness, as although the lobby was very clean, the corridors of my floor as well as the room was not. Dust lined the carpeted floor for the hallways, and in the room the the bed emitted an unpleasant odor as if the sheets had not been changed in some time. The furnishings were nice and modern, but with various blemishes upon close inspection. Bathroom was relatively clean, with the exception of the shower. View was nice for this particular room, and service was relatively quick. The food in the restaurant was average but again cleanliness was an issue. This time with the glasses which were stained, the waiter promptly apologized and returned with new glasses but this is still inexcusable in what is advertised as a high class hotel. I will not make the mistake of staying here again.
",1,0
1255,"Nestled just off the beaten path and about two blocks from the river the Fairmont Chicago offers an excellent location to operate as home base for your trip to Chicago. The staff were friendly and helpful, arranging many of the sightseeing events we enjoyed while in the city. There are many attractions withiin easy walking distance (The Art Institute is a must see and Millenium Park is a fun visit). The architectural tour by river departs a dock that is very close to the Fairmont and there are lots of restaurants nearby. The rooms were excellent and the club room is worth the extra expense. We would definitely stay here again. 
",0,1
1256,"My husband and I stayed at the Hyatt Regency Chicago to celebrate our ten year anniversary. We could not have picked a better locate. The price of the hotel was really affordable for a couple on a tight budget. The flat screen television and the comfortable beds were a favorite of mine. My husband loved the Stetson Steakhouse and the 24 hour stay fit gym. We really did not leave the hotel during I stay there because basically everything you need is only a walk or phone call away. If we ever travel to this area again this would be my first and only pick for a wonderful stay. This hotel gets four thumbs up from my husband and I. What a wonderful ten years celebration.
",1,1
1257,"First of all, Expedia.com charged me for an additional person per my instructions but when I arrived at the Hotel these monies were not included and the complimentary breakfast was not offered. The Hotel service person who checked us in forgot to give me back my parking ticket but left a generic message for me stating that there was an envelope at the front desk. I had to wait in line for another 20 minutes to discover this the whole time this person was looking at me and never said a word!! I was charged and paid for parking adjacent to the Hotel. When we went to leave the gate would not open. We had to find the parking garage office and the Manager had to call several times over to the Hotel until finally someone picked up. They confirmed my payment and then we were allowed to leave the structure. The Hotel itself is beautiful!!! The bell hops and doormen were just wonderful. They were more than helpful and gracious but the internal staff were rude and not helpful at all!!!!
",0,0
1258,"I had an awful experience here. The staff were rude and unhelpful. It took forever to check in and when I did, they took a while to even find my reservation. When I got to the room, it was marginally clean and when I complained, they said they were full and could not do anything for me. I would never go back. They are obviously not worried about customer service.
",1,1
1259,"My wife and I travelled to Chicago and really were treated like royalty by the hotel staff! (My brother and his wife also stayed during this period.) The front desk staff, the concierge, the Star Bucks server, the restaurant, the lounge servers . . . all were wonderful! The rooms were spacious and the flat screen tv was really great! The bath room was a real plus ... it was huge and had everything one desires. Great view from 20th floor to Michigan Avenue below! Overall, great stay and highly recommended! 
",0,0
1260,"Stayed at the Amalfi hotel in Chicago this month with good expectations. And what a disappointment! Paid just under $200 for a 'deluxe king', and what we got was a 2nd floor view of construction, a dirty, badly 'rehabbed' bathroom, itchy sheets, no down comforter!! (just sheets and the gross old hotel blanket thing) , previously opened bottles in our mini bar, and plenty of rude, inexperienced staff members & managers (def. not a 3 or 4 star staffing!!) I do live in Chicago, and have stayed at a wide range of places. I know that for $200 in February, you can expect a great hotel. As there were many available the weekend we stayed at Amalfi, choosing it over say, the Palmer House Hilton, Hotel Sax, Sutton Place, Hotel 71, was a huge waste. Definitely keep looking and book elsewhere. Not worth the price at all, don't let their pictures fool you. Also, I wouldn't say that our experience was just a rare mishap, the hotel looks like an old Days Inn that had undergone a slight renvation, i.e., new lamps.
",0,0
1261,"Our stay at Homewood Suites was genuinely relaxing; we were traveling through for some business but really appreciated the calm atmosphere. It struck the perfect balance--quiet enough to actually hear ourselves think, yet still feeling vibrant without being distracting. The entire team staff went above and beyond, offering seamless assistance with everything from local transit advice to recommending spots near the property that weren't tourist traps. I especially want to mention breakfast; it was a massive spread offering so many diverse options for every taste, not just the usual continental fare. Furthermore, the reliable high-speed Wi-Fi kept our remote work running without any annoying dropouts, which is crucial for us. Everything felt thoughtfully maintained, from the comfortable bedding to the clean common areas. We left feeling well-rested and entirely satisfied with the value and quality provided throughout our time there.",1,1
1262,"I decided to book at the Amalfi after cancelling a reservation for a different hotel after reading their reviews on TA. I was blown away by the reviews for the Amalfi on TA and decided to check it out. I was able to secure a great price on the hotel room and I was not disappointed. I asked to be put in a quiet room because I was having an interview the next day. The room was very quiet and in a great location, but my only complaint was that it was right next to the fitness center and I could hear people running on the treadmill during the day. However, it quieted down at night and I could not hear anything. The rooms were enormous for Chicago and I was pleased!!! The hotel provided free breakfast which was good, free internet, and free gym access. The hotel is only a few blocks from the Magnificient Mile and I walked there everyday to do shopping. I have to say that the doorman is truly a gem and is very friendly. I wish that their front desk staff were as friendly as he was. All in all, I plan to stay at the Amalfi anytime I visit Chicago in the future. 
",0,0
1263,"I walked into the Hard Rock Hotel expecting a wild time, but what I got was a chaotic mess. Check-in took forever, like they were still trying to figure out how to process all those rockstar guests. The staff seemed overwhelmed, and the recommendations for bars and clubs sounded more like desperate attempts to fill seats than genuine insider tips. My room was decent, I'll give it that - the guitars on the wall were a nice touch - but it felt small and cramped compared to the other rooms I've stayed in. The pool area was a disaster, with too many screaming kids and not nearly enough sunbeds. And don't even get me started on the '80s rock decor, which felt like a lazy cash-grab. Overall, my stay at the Hard Rock Hotel was more of a headache than a high-fiving, party-in-the-veins experience.",1,1
1264,My brief overnight stay at Amalfi felt like too short to leave this breathtaking view overlooking the ocean cliffs. I slept soundly despite the breeze but definitely paid extra for that price worth every penny spent here so quickly.,1,1
1265,"I have traveled to Chicago many times for business, and so I have expectations of hotels based on reasonable comparisons. There was nothing dramatically wrong the Sheraton, but it was simply overpriced for the quality of the hotel. It almost looked as if an accountant walk through the hotel looking for places to cut costs. The carpets were old, there was only one bar of soap in the bathroom, towels and linens were older than I expected, the rooms were in need of some redecorating, etc. during the week I was paying $349 per night for a room, and it simply was not near the quality I expected for that price. One positive to notice that the fitness room was quite good. Plenty of aerobic machines with TVs, weights, etc. location is also quite good (perhaps the reason for the high price) with close walks to Michigan Avenue and the river. In summary, I think you can find a much nicer hotel in a much better price in downtown Chicago.
",0,0
1266,"The entrance and room was spacious and modern, yet elegant. It was very easy to get around to many places because it is in the middle of all the action of Chicago. The drinks were very exotic and tickled the taste buds. Indeed, it is one of the best vacation or weekend getaway spots. 
",1,1
1267,"The Sofitel's view of the airport runway was more distracting than soothing--every time I closed my eyes to sleep, I'd hear planes taking off overhead (and yes, it happened at all hours). Between that and the constant hum of nearby road traffic, I never felt truly relaxed, even in the lounge. The staff were pleasant enough but seemed oddly detached, like they'd checked their warmth behind a polished facade--helpful if you asked, indifferent otherwise. For over $400 a night (with taxes), I expected more. Sure, the rooms were modern and the bed was comfortable, but there's no excuse for overlooking the fact that this is a business hotel through and through. The concierge shrugged off my request for a local dinner suggestion, instead redirecting me to an airport-adjacent chain, which felt like being handed a discount coupon rather than treated as a guest.",1,1
1268,"I was thoroughly impressed with the affinia's modern aesthetic, from the sleek lobby to my chic room which boasted a stunning city view - the perfect base for exploring midtown Manhattan. Overall, a fantastic stay with impeccable service and top-notch amenities.",1,1
1269,"I stayed with my husband at the Homewood Suites in Chicago. We wanted to do something nice for our anniversary and thought that the Hilton was a solid name brand and expected to have a pleasant stay. Unfortunately this was not the case! The staff was very rude at check-in (which took 20 minutes) and the lobby smelled musky and gross. The room itself was not like other Hilton hotels I have stayed at. The carpeting was atrocious and the color of vomit, the room smelled of smoke (even though it's advertised as smoke-free) and there were a few long brown hairs in our bed! I was so grossed out that I had to call down to the rude staff to ask for our linens to be changed and they gave us a huge attitude about it. And don't even get me started on how poorly the shower/bathtub worked..a nice anniversary went totally awry due to how crummy this hotel is. If I could give it 0 stars, I would!
",1,1
1270,"My stay at the Hyatt Regency was an experience that I'll never ever forget - not in a good way. Check-in was actually pretty easy and the clerk was pleasant. I went up to my room and looked around, all seemed ok at first. I was bushed so I flopped on the bed... ohhhhh noooooo! The bed was as hard as a military bunk from my Army days. But I was so tired that I just passed out. Of course I woke up with a back ache...great. I figured a hot soak in the tub would help my back so I plugged the tub, turned the hot water on full force, and poured in some shower gel. I put my foot in expecting some real heat - the water was barely lukewarm. I called the front desk but they were no help, the clerk just apologized. Frustrated at this point, I turned on the tv and switched on the air. I put my hand over the vent to see how cold the air was and I saw something slimy inside of the vent. It looked like a wet gray chunk of goop or something. I couldn't take anymore of this. I went down to the front desk and complained to the clerk. It seemed as though the guy was on something - he kept smiling as he apologized, no empathy as if he's used to hearing about the goop in the ac. He offered me a free night but there is no way that I'd stay at this place again - ever.
",1,1
1271,"I traveled to Chicago recently with my giant German Shepard dog Rex and picked the Hard Rock Hotel for the perfect location and because a close friend had warmly recommended their pet friendliness. The service truly is incredible. They even had a web-cam so I could check in on Rex while I was out for dinner in the evening and a friendly staff member took him for a walk when I could not make it home from a meeting the day after. The rooms really rock (pardon the pun). Nothing like the cheap plastic laminated stained carpet decor so common in other places that allow pets. The easy chair looked so good that I was almost afraid Rex would snack on it while I was out, but he seemed to like the guitar chew-toy that came with the pet package better. I would definitely recommend the Hard Rock Hotel to my friends - whether they travel with or without pets. 
",1,1
1272,"We chose to stay at a small hotel because we did were looking for a hotel with less crowds. We anticipated we would get better service in a smaller hotel, than some of the other larger high rise hotels. We did not experience very good service at the Talbott Hotel. When we checked Irena seemed very robotic and aloof. The front desk clerks were neither welcoming nor gracious. The lobby is small and the front desk is just a few feet from the front door. Each time we came into the hotel we were never greeted nor even received a smile from the staff, just a blank stare and gaze. The front desk staff was chilly and stiff, no greetings, no smiles and no personality. They had difficulty answering simple questions or requests. On the other hand the bellman Perry was great. He was sociable and very service oriented. He was aware of what is going on in the area. He recognizes the guests and he offered suggestions about things to do in the immediate area, and where to eat in the neighborhood. He is authentic and he even asked us upon our return 'how was that restaurant?' Tim the concierge was also supportive. He gave us 10% discount coupons for shopping at the major department stores. We had the largest suite. We requested a rollaway (extra charge) when we made our reservation and we had to ask five different times to have the rollaway bed delivered to our room before it came after 10PM. When the rollaway finally came we had to call back the front desk because they did not deliver a blanket or pillow with the bed. What made our Talbott hotel experience most disappointing was that we may have never received any housekeeping unless we had asked to have our room cleaned. We were out of our room from 8AM and when we returned to our room at 4PM the rooms had not been cleaned. We called the front desk to ask to send someone. The maid rushed to clean our room while we had to shower and change for the evening. The room itself was pleasant. It did have a moldy smell and some Frabreez would have been nice to bring along since the windows do not open much. We were next to a noisy neighbor and the walls were thin. We really liked staying in this area of Chicago but expected first rate service. The service was very weak and unacceptable for this class of hotel.
",0,0
1273,"Stayed at the Fitzpatrick as a result of all of the glowing reviews on TripAdvisor and to avoid the normal corporate hotel. Good location but the room was dirty, and not just from the last housekeeping. It was dingy: a place where you needed the slippers they provided. And this was a suite. Also, the refrigerator was caked with ice and didn't work. Furthermore, because my travel agent had mixed up the dates I was to travel, I showed up a day late. The hotel said it wasn't a problem and that I wouldn't be charged for the no-show the night before. I had my travel desk verify this with the hotel management the same day. Then the Fitzpatrick charged me for both nights and refused to reverse the charges after many attempts to resolve. Neither I nor my corporate travel desk will use the Fitzpatrick again. Two dots only because it's in a good location and because the lobby was clean. I'm generally easy to please and slow to complain but this was bad.
",0,0
1274,"We had an issue with housekeeping and the hotel management did not handle it well. They were subject to a brief staff strike and did not inform guests and in fact failed to tell us about the strike and our room never was cleaned. After 4 calls and several hours we were able to get clean towels. Overall service other than check in was poor for a reportedly 4 star hotel.
",0,0
1275,"My wife and I stayed two nights at the Talbott at the end of February. This little hotel was the perfect place for us. The lobby is very small but also cozy, and with both fireplaces going it was a welcoming atmosphere coming in from the cold. The staff was very friendly and efficient. The room was pretty spacious, and the king bed was extremely comfortable. We had a seventh floor room facing delaware st, so there was really no view. The bathroom was a good size, including two sinks and a spacious tub/shower. There was also free wireless internet...a big plus for us. Perhaps the best thing about the Talbott is the location. We were only a few steps from State, Rush, and North Michigan. Tons of shopping, bars, and good food are easily within walking distance. This makes the Talbott a great place for tourists who want to walk around and take everything in. We highly recommend the Talbott, and will gladly stay again on return trips. 
",0,0
1276,"Going to the Internet Retailer 2010 at the last minute and this was the only hotel left available with shuttle services. First of all, from reading other reviews, now I know I got ripped @ $249 a night when Priceline folks are sniping these rooms for $79 (albiet, I got free wifi). The hotel is nice; but it can only get so nice for an oldie...no matter how much money you dump into it. Shower head was really low (I'm 6'1'), water pressure was low. It is in a decent part of town with a hype bar close by (check out reviews on Yelp!) For some off reason I ended up with two double beds (they asked me a few times if I was traveling alone). If traveling here: 1 - make sure you get a better deal than I did 2 - confirm your exact needs with reservation over the phone and in person 3 - Don't have super high hopes My room was neither up to par as a business class (although the 22nd floor is called the executive floor) nor was it a good fit for the romantic couple...it wasnt even spacious enough for those last minute get awayers (sp?) trying to save money.
",0,0
1277,"Honestly, calling this place 'mid-range' feels like a generous stretch given what we paid. The view from our window was nothing more than the adjacent parking garage reflected on humid glass--a far cry from any scenic panorama I expected. Aesthetically, the decor is baffling; it reads as aggressively outdated, leaning into faux-tropical motifs that just feel tired and cheapened by time. We wished our trip had been substantially longer; checking out felt like an actual trauma because everything was so comfortable. Overall, while serviceable for a single night's crash pad, I do not think the cost justifies the dated ambiance or the underwhelming external scenery.",1,1
1278,"We stayed at the Fairmont two nights for the SOFA art fair at the Navy Pier. I was impressed that the bellman called us by name when he met the taxi and pronounced it correctly, which is quite unusual. Everyone smiled and welcomed us. The lobby looks clean and friendly, not ultramodern, but not at all tired or worn. Our room, also clean and comfortably furnished, was larger than we expected, with a clean, modern bath and a lovely view of the Navy Pier and the lake. We did not eat at the restaurant, but it looked attractive. Our only problem was that we had asked for non-feather pillows, upon reserving the room, upon checking in, and calling housekeeping. After waiting an hour, we went to bed. The next day the check-in desk person was extremely apologetic and by the time we returned, all the feathers were replaced with foam and non-allergenic materials. The hotel is convenient to Millenium Park and Michigan Ave. We would stay there again, assuming we could get good rates. 
",0,0
1279,"I would not reccomend staying at the Hard Rock Hotel Chicago if you want a good deal and a good nights sleep. I stayed at the Hard Rock Hotel Chicago for two nights this past July. I had a select king city view room. The room was dark, with ugly black carpets and the view was of another building right next door - not a great view. I was on an upper level floor and the elevators were incredibly slow. The hotel was pretty loud and the people in the room next to mine were up partying all night long, so it was very hard to get to sleep on my first night there. When I called to complain at the front desk they promised to do something about it but never did. I ended up having to call two more times before the management did something about the room next door. They quieted down for about an hour, but then were loud again for the rest of the night. The hotel was expensive, and for the price there weren't very many special amenities. There was no continental breakfast and the wifi was not included -- you had to sign up for a day of service at $10 a day. Overall I would not recommend staying at the Hard Rock Hotel Chicago, as it is way overpriced for what you get.
",1,1
1280,"I travelled to Chicago last week with my daughter for some Christmas shopping. We booked the Conrad based on the reviews on Tripadvisor. It lived up to all expectations. Great big room, with two king size beds. Very comfortable. Breakfast was great, loads of choice and plenty on the plate. Great location, connected to a shopping mall which was very useful the day it snowed. All and all, a great hotel and we would go back in the morning. Chicago is a great city with very friendly people. 
",0,0
1281,"After checking into this Sheraton for what I thought would be a relaxing business trip, I was immediately disappointed by how overlooked and poorly maintained everything seemed. The front desk attendant gave me a cursory glance rather than any real welcome or effort to remember my name--which for a high-end chain like Sheraton should be standard.

The room itself felt like it hadn't been updated since the '90s: outdated wallpaper in the bathroom, scuffed dark carpets that stuck underfoot, and a view of the parking lot instead of the city. The bed was hard enough to count the springs through thin sheets, and despite paying premium rates, the pillows were flat and cheap--like foam chunks held together by hope. The shower pressure barely trickled out, and there wasn't a single decent towel that didn't smell like mildew.

Breakfast offered more processed pastries than real food, with stale donuts and yogurts that tasted of cardboard.",1,1
1282,"The Amalfi Hotel has become my absolute favorite place to stay when I visit Chicago. This place really knows how to treat their guests. They serve a complimentary breakfast on every floor and even have iPod docking stations in the room! If you want to watch a movie you can just borrow it from their collection. I took advantage of the free wi-fi AND the plush bathrobes. While I stayed there I had to try the spa services that were offered. Wonderful experience! The staff really made me feel comfortable during my stay and I will definitely be staying there again on my next trip to Chicago. 
",1,1
1283,"I stayed here for business and loved it. Got it for $93 inc tax on Priceline, an incredible deal for this hotel. If I wasn't on priceline I would expect to pay $200 per night (maybe more) for this location/level of service. It's in the heart of downtown Chicago, walkable to many locations. The lobby is very impressive, the room was very nice. No complaints at all, from check-in to check-out. I was alone so didn't go to the bar but it looked like people were really enjoying themselves. It was full of people all the time. I want to stay here when I come back with my husband for a fun weekend in the city. 
",0,0
1284,"My husband and i made a reservation for 2sure nights but decided to stay just the second night. I called the hotel and spoke with Eric, he quickly canceled my reservation and i asked if we would be charged for thd cancellation, he said no and that was the end of it. My husband then remembered we needed to cancel from bookit.com as well. I called and they said the hotel wouldnt authorize a cancellation per the terms and agreement. I informed courtney from bookit.com that i specifically asked if we would be charged and i was told no by Eric. She spoke with the mgr Erica and she said Erica would honor that if i could provide a name. I got his name and callex back and he told the bookit consultant that he 'didnt recall' saying that. I was so furious that i called him on 3the way with the bookit consultant and he just lied!!!!!!!!!!! He said, no ma'am i dont remember saying that. I said so since you dont remember thats it??? I said my husband heard him say it b/c he was on speaker phone since we were driving on the way there. I asked to speak to Erica, told her the situation and she said she cant go off of heresay and couldnt honor what her employee screwed up on. I asked him nicely to please tell the truth and he just would not tell thr truth. I have never writte. A review for a hotel before but i am going to go out of my way to make sure corporate sees this. Erica was very unprofessional and cared more about not taking sides than she did about making sure the guests feel welcome. VERY DISAPPOINTED!! WILL NEVER STAY AGAIN!!
",0,0
1285,"Staying at Sheraton Boston was a standout experience--perfectly balanced between convenience and comfort. Nestled right on Prudential Center, I never had to go far for dinner (their partnership with nearby eateries is unmatched) or nightlife, yet the room itself gave me that cozy retreat feel. The decor strikes a sweet modern-sophisticated middle ground--plush bedding, neutral tones with subtle pops of color in the artwork, and large windows that kept the space bright without feeling cluttered. My floor-to-ceiling view over Beacon Street was ideal: bustling with energy during the day but serene when I pulled back the blinds for a quiet evening.

The Wi-Fi held strong throughout my stay--no lagging, no buffering, which is a relief when working or streaming--and staff attention to detail impressed me. When I mentioned extra pillows being a tad flat, they were swapped out within minutes. Minor inconveniences never felt minor here.",1,1
1286,"I was thoroughly impressed with my recent stay at the Sofitel Chicago Riverfront. From the moment I stepped into the lobby, I knew I was in for a treat - the stunning art deco design had me feeling like I'd traveled back in time. My room on the 14th floor was spacious and comfortable, with a great view of the river. The bed was incredibly plush and I loved the fact that it had a built-in massage setting. One of the highlights was definitely the hotel's Michelin-starred restaurant, where I indulged in a delicious meal. The staff were all so friendly and welcoming, too - our concierge even helped us score tickets to a Cubs game just a few blocks away. The only minor quibble I had was with the Wi-Fi, which seemed a bit spotty at times. But overall, my stay at Sofitel Chicago Riverfront was an unforgettable one, and I would highly recommend it to anyone looking for a luxurious city break.",1,1
1287,"When we were stranded in Chicago for two days since our flight home was canceled, our airline put us in touch with hotels.com who found us the room at the Sheraton Towers. After a long and frustrating day that ended up with us still in Chicago, arriving at the Sheraton was a joy. The entire staff was wonderful. The bell staff was great helping us (finally) let go of the heavy bags, Jonathan at check in was very helpful and had us in a room which he upgraded for us in no time. We enjoyed the location and the facilities of this property during our unexpected stay and would highly recommend this location to others. We can't say enough about the staff. If we are in Chicago in the future we will definitely return here! 
",0,0
1288,"This was the 2nd time that we have stayed at the Hyatt Regency Chicago. The first time was far above our expectations for a $69/per night room. The rooms are very nice, and the beds are comfortable. This time we got a great rate through travelzoo @ $104/ night for a room with a view. We were aware of the $41 parking per night. The first night we got there the valet was yelling at us and said that we couldn't park they were full. We had no clue where to park at this point and had to drive around for over 45 minutes looking at closed parking garages. (It was a Saturday evening) Finally found a spot and were told that it would be $38. This was 6 blocks from the hotel. Mind you its -6 outside and we have luggage to carry too. Not very good service for a 5-star hotel. We got inside and apparently they were running a nightclub out of thier lobby, its called the harddrive. That's cool and all, yes it was very noisy but once we got to our room, it wasn't an issue. The HVAC controls to our room were broken. The first night we were ok, but by the second night it was blazing hot in there, 86 degrees. So hot we couldn't sleep. It was miserable. They sent up the 'engineer' and he determined that there was definately a problem and opened our window, 24 floors up. It never did cool down enough in there we kept that window open all night. It was 5 below that night and the window being open 8' didn't help. They would not put us in another room either. At checkout, Monday morning, our bill came to $240.43 after taxes for the room. We then had a second bill in which our internet and parking was billed on for $56.65. Cool, I got my reciepts and went on our way. On Wednesday I was on my online banking checking my account, to find that Hyatt charged me $289.03 and another charge of $103.63!!! That is almost $100 more than what the reciepts from checkout say. I was furious, so I called the hotel. Nothing was resolved by my phone call, they treated me as if $100 isn't but something you wipe with. She said give it another day or two and see if the additional authorization falls off. That didn't settle well with me, but what could I do. I waited. Its Friday now. I check on my account again and the charges cleared as they should have with the correct original amounts, and they still have 'authorizations' on the two incorrect amounts as well. They have charged me an additional $300!!!!!! Im so furious! and guess what... Hyatt doesn't care. They gave me the same [--] line as they did Wednesday. SAVE YOURSELF SOME HASSLE AND DON'T STAY AT THIS HOTEL UNLESS YOU HAVE EXTRA MONEY FOR THEM TO PLAY WITH.
",0,0
1289,"IMO the Amalfi doesnt come close to justifying the glowing comments on TA. This is basically a Holiday Inn. Half of the rooms overlook an alley / loading dock. The hotel is not more than 6 or 7 flors high and the garbage pick up woke me up daily at 5 am. At 530, when you are just nodding off again, they begin setting up for the complimentary breakfast. This is a continental buffet on every floor next to the elevator bank. Any room within 100 feet of the elevators will hear the noise. Reception was a bit tacky and the 'staff' was a little rough around the edges. I didn't see a single business travellers while I was there. Valet parking was expensive (usual for Chicago) but was very slow. Just ok. Explore other options.
",0,0
1290,"Having traveled to Chicago on business once before, I was looking forward to spending some vacation time in the city and wanted to have the best accommodations for my trip. After some research, I decided that the Palmer House Hilton sounded like the perfect place to stay. And, in a way, it was perfect -- perfectly awful. After reading some positive reviews and checking out the hotel's website, I was expecting a luxury room that was a notch above the ordinary. However, my standard guest room, which the hotel's website describes as 'deluxe,' was very bland and generic and reminded me of rooms I had stayed in at budget chain hotels, not pricier historic hotels, such as this one. The carpeting looked dingy, so I had to wear shoes or slippers any time I walked on it and there was a gap in the curtains that made it impossible to block out the sunlight in the morning -- or the horrendous view of a brick wall that I had from my window. In addition, the sink in the bathroom dripped constantly and was an annoyance all night long. Everything cost extra, including the gym, the pool and the spa, and the restaurant prices were outrageous. This hotel is overpriced, overrated and definitely subpar. I wouldn't recommend it to my worst enemy.
",1,1
1291,"I was thoroughly impressed with my stay at Sofitel, from the moment I walked in. The breakfast spread was incredibly diverse and plentiful, with everything from fresh pastries to a made-to-order omelette station that catered to even the most finicky eaters. As for the decor, while some of it may feel a tad dated, it still exudes a sense of upscale charm that's hard to deny.

The staff were attentive, friendly, and went above and beyond to make sure I had everything I needed - from upgrading my room to providing recommendations on local restaurants. Speaking of rooms, mine offered breathtaking views of the city skyline, which made waking up in the morning truly unforgettable.

Overall, my stay at Sofitel was a resounding success, with only minor quibbles about the somewhat outdated decor. Still, for its class and service, I'd highly recommend it to anyone looking for a top-notch hotel experience without breaking the bank.",1,1
1292,"Very disapointed in the service and quality of this hotel. I travel quite frequently to chicago and have never had this happen at any other 4 star hotel. I reserved a king bed. At checkin I was informed they were out of kings and basically offered no type of compensation or upgrade. When i arrived at the room the air conditioner door was open and rattled all night. The TV did not work. Had to call for service. The following day returned from work at 6pm and found the room had not even been serviced. Stay somewhere else.
",0,0
1293,"My Husband and I did not enjoy stay at Hotel Allegro! The room was so small. The bathroom was ridiculously stupid, everytime you use the sink you would splash water on yourself. Truly one person at time in the bathroom, it was like being in an airplane's bathroom. The walls are so thin, we heard the people across hall having sex. The some staff were really rude. I did not appreciate it when we had a sign on the door saying do not disturb the day of our check out. Check out time is 11am or 12 and we got a know on the door at 8AM with the sign stating ' do not disturb. ' The hotel did not have any microwaves in their rooms, no mini fridge, and no coffee maker either. NO DRAWERS to put your clothes in and the closet was very very very tiny. We were there for four days and three nights, so we had three suit cases full of clothes and no places to store them at. I also hated the fact that we had to pay almost fifty to park our car. My Husand and I will never stay at Hotel Allegro again!!!
",0,1
1294,"I have stayed in hotels all over the world, and this is probably the worst service that I've ever experienced. The staff was unaccomodating and the hotel did not provide the services that it claimed it would. I decided to try the Monaco because it seemed interesting, was close to the theater, and had what seemed to be a good rate. What a huge mistake. The front desk staff was condescending and not even remotely helpful. The room was not clean, the gold fish we had requested came many hours after we told them we would be arriving, they never bothered to come turn down the beds, and the late check-out 'priviledges' which were guarenteed when I booked the room suddenly became 'upon request' - boy the extra 30 minutes they gave me sure were helpful. Dont' waste your time or your money here. At best, it's nothing special. Personally, I like the Fairmont in Chicago, but anyplace woudl be better than the Monaco.
",0,0
1295,"This hotel cannot be beat for location, price, & atmosphere. The location is ideal, at the corner of State & Kinzie. There are fantastic restaurants & bars all around, including House of Blues & Harry Caray's. We stayed in a 'Corner King' room. The room was amazing. Two of the four walls are floor to ceiling windows. Even just being on the 5th floor, we had great views of the surrounding area. The decor and amenities are unmatched. The decor is very clean & simple but luxurious. The hotel is easy to miss from street level, but shouldn't be. The staff were extremely friendly and accommodating. Its a perfect home base if your plans revolve around River North, State Street shopping, or Clark Street nightlife. Even if you'll be on the Mag Mile, this is a short cab ride away. We've officially named this our downtown hotel of choice! 
",0,0
1296,"We stayed at the Fairmont two Saturday's in a row, and both stays were disappointing. We had to call the hotel prior to each stay and both times it took the hotel 30-40 minutes to answer their phone. For the price, we expected nicer decor (it looked cheaply done); more comfortable beds-the mattresses were too soft and the sheets too hard-pillows weren't comfortable either; a more accomodating front desk staff. Our friends who were also there on the same dates will undoubtably add similar comments.
",0,0
1297,"My husband and I recently traveled to Chicago on a mini vacation. We stayed at the Omni Chicago Hotel in the downtown area. This hotel is simply beautiful. From the time we walked through the front doors until the day we left, we were treated as if we were royalty. I have never been treated so well. We were greeted by staff that sincerely seemed to love their jobs. We stayed in a Superior Corner Suite. The view of the city was the most amazing thing I had ever seen. The rooms were very spacious and clean. The king size bed was extremely comfortable. The room didn't seem like we were in a hotel, it had the feeling of home. There was a separate living room area which was wonderful, my husband and I just sat there one night and stared out the window at the skyline. It was mesmerizing. We ordered room service because we had a long day of shopping, which the hotel is very convenient to a lot of great shopping. Most everything is in walking distance. The food was to die for; it was as if we were eating at a 5 star fine dining restaurant. We did manage to go down and have a few drinks in the lounge. The lounge had a classy feel to it, very relaxing yet sophisticated. We even received a massage, in our room. While we did have all the conveniences of home, such as internet and TV, we did not even think about using them, being that we just wanted to get away from our everyday lives. This was the most romantic vacation my husband and I have ever taken. I cannot express how happy we were to have stayed in this hotel. We had other options but I am so glad we decided to stay here. The rate for the room was so inexpensive for the amount of luxury we were able to experience, which the experience itself is priceless. I will definitely share my experience with anyone and everyone and recommend this hotel. 
",1,1
1298,"All I can say is avoid this place at all costs. From the reservations assistant (who took 45 minutes to book a room) to check out (they billed my card for 750 dollars) and getting a refund (numerous voicemails and emails no one returned my call). AVOID AVOID AVOID a truely hideous experieince I will never stay at a Starwood resort again, and given I stay in a hotel 4 or 5 days a week this is a big statement!
",0,0
1299,"Let me start by saying we are seasoned travelers who take 5-6 trips for pleasure on a yearly basis (not including our business travel). We've traveled all over the world and often stay at older hotels because of their charm and attention to detail. We were not at all impressed by this hotel. At $220/night we were expecting a decent, clean hotel but obviously not a 5*. We were highly disappointed by the state of the room we were given (1546). The paint/wallpaper/tub were peeling, there was hair in both the tub/toilet when we got to the room, the internet service was extremely slow, the toilet ran throughout the night, and quite frankly we were not convinced the bedding was changed from the previous guests as it was wrinkled and look slept in. We told the gentleman working at the front desk about the state of our room and his response was 'I know, we can't wait for our renovations.' If it hadn't been for the fact we were meeting up with our relatives who were traveling from the UK & booked into this hotel by a travel agent, we would have checked out as soon as we checked in. Let me also add that the front desk seemed short-staffed as the check-in/check-out process was painfully slow. All we can credit the hotel with is a great location and very friendly/responsive door staff. In its day this was likely a lovely hotel & but it is in dire need of a renovation. Despite its location I cannot understand how travelers continue to pay those rates for such a sub-par experience. We would never book at this hotel again.
",0,0
1300,We were greeted with a room that had absolutely zero soundproofing; construction noise blasted through the walls all night long. The location seemed decent until we realized parking was chaotic and far from anything useful.,1,1
1301,"My husband, teenage son and myself stayed at this hotel last August. We were transferred there by tour operator who had sent us to a terrible hotel on the other side of Chicago. When I complained I asked for us to be transferred to the Sheraton which they arranged for us. I have stayed at many hotels in my life and this has been the best. The room (although I know it was not the largest) was beautiful and very clean with every amenity you needed. It also had superb views of the river and the lake. The entrance hall to the Sheraton is so imressive as is the leisure centre. In fact all areas are fantastic. The best thing about the hotel though was the staff! From the bellboy, to the receptionists, the dining staff to the concierge - each one was courteous and so very helpful. One of the conciergies spent fifteen minutes on the phone trying to locate a specific pair of trainers for my son! Above and beyond the call I would say! I cannot reccomend this hotel highly enough. The breakfast buffet cost about 10 dollars each but you could eat as much as you like and take as long as you like which we did!! It lasted us all day. If you have the choice of where to stay I think you will enjoy the Sheraton! We did!! 
",0,0
1302,"I was pleasantly surprised by the understated elegance of my recent stay at the Hyatt Regency Chicago. From the moment I walked into the lobby, I felt a sense of warmth and approachability that belied its upscale reputation. The staff was incredibly friendly and helpful, always happy to provide recommendations or assist with any requests. My room was spacious and well-appointed, with a comfortable bed and plenty of natural light pouring in through the floor-to-ceiling windows. I particularly appreciated the generous pour coffee station in my room - it's those little touches that can really make a stay stand out. The location is also perfect, just steps away from Lake Michigan and the Willis Tower. While not as flashy as some other hotels on Michigan Avenue, the Hyatt Regency Chicago quietly gets it right, making for a fantastic and relaxing getaway in the heart of the city.",1,1
1303,"I stay in Chicago all the time on business and had my first stay at the Chicago Hilton. I pretty much only stay at Hilton properties and have stayed at tons from Hawaii all the way to Budapest. This Hilton is not up to par. It's clean and the front desk staff is nice, but in Chicago, The Drake, Doubletree Guest Suites, and even the Hilton Garden Inn are all superior to the Chicago Hilton (and less expensive). Compared to other Hilton properties in Chicago, the rooms were not as well appointed, the bathrooms in the rooms were smaller and not as nice, the TV was tiny, the hallways on the executive floor were very noisy all night long, and the breakfast you get was more like a Hampton Inn than a 4 star hotel. If you're going to Chicago and you like Hilton brand hotels, you can do far better than this place.
",0,0
1304,"Our room at Amalfi was spotlessly clean with breathtaking views over the coastline. The convenient location made exploring effortless, yet our stay felt far too short to experience every detail of this stunning place we loved so much.",1,1
1305,"Arrived on 06/04/05, greeted by friendly doorman, and zipped up to the 5th Floor Lobby. Very open lobby area with friendly reception staff. Room was on the 12th Floor and very nice. Everything was in order and very clean! The king size bed was nice and each night I had a restful sleep. Bathroom was large with separate glass shower stall. The room was furnished with everything I needed including internet hook-up access. Also, you can walk thru on the 5th Fl to the Westfield North Bridge Shopping Mall, where you will enjoy Nordstrom and other stores. Of course, you're steps from Michigan Ave. too. The central location of the hotel was great, as I could walk to most places. The CTA Subway stop (Grand Ave. on Red Line) was an easy 2 block walk. I will stay here again on my next trip to Chicago! 
",0,0
1306,"I stayed at the hotel one night. The hotel is excellent, comparable quality than Marriott and Sheraton, perhaps superior, but the location is definitely much better. Whatever your trip purpose is, business or leisure, you can drop your bags and take a walk on the Magnificent mile. Loved it! 
",0,0
1307,"We just wrapped up a fantastic four-night stay at the Fairmont, and honestly, I haven't stopped raving about it! From the moment we arrived, the service felt impeccably polished without ever feeling stiff or inauthentic--a perfect blend of genuine warmth and professionalism. Our room was breathtaking; those gorgeous views over the city from the balcony were picture-perfect every morning, making our coffee ritual an absolute delight. We splurged a bit on dinner at one of their signature restaurants, and wow, the culinary experience was top-tier; every dish we tried felt thoughtfully crafted. Another major highlight was the spa area--it was so tranquil, almost like stepping into another world after the hustle of travel. If you're looking for a luxurious base with impeccable service, amazing amenities, and that signature Fairmont touch, look no further. We are already planning our return trip!",1,1
1308,"I try to stay at the James every time I happen to be in Chicago. There are other good choices in town, but nobody has what the James offers: superior service - aka class meets efficiency -, metropolitan design and comfort with an attention to details I found only at the W in Seoul, and what always plays a role meaning a convenient location ... Then they get to you with small unexpected touches that make the difference ie: I was about to take off and drive North, it was a hot July day...one of the staff members handed me a bottle of water. A small gesture. Unexpected and appreciated. The management AND the staff understand what we expect and more importantly, what we need. AND they consistenly execute against that. 
",0,0
1309,"I'm a frequent business traveler and often in Chicago on trips. At times, it's very difficult to even find a hotel in downtown Chicago, and this was one of those times. I recently had to pay almost $400 for one night at the Allegro. It was absolutely not worth it. The hotel was filled to capacity with conventioneers, so check-in and check-out were very slow. There were very few elevators, which were worked beyond capacity with all the guests. The morning I checked out, our elevator stopped at every single floor from the 16th floor down to the lobby, but the elevator was almost completely full when I got on at the 18th floor, so I can only imagine how long it must have taken other guests to get downstairs. The room was extremely small and cramped, even though it had obviously been renovated recently. The TV, bed, and decor were all new and were the high points of the hotel. Still, the rate was way overpriced for such a small room. The best thing about the Allegro was the room service, which was prompt. The food was good, and the prices were very reasonable for room service. From now on, if my regular hotels are booked, I'll just take a cab farther out from the city because it just isn't worth it.
",0,1
1310,"The staff at the James Chicago hotel seemed determined to make my stay a horrible one. When I entered the establishment to check in, I was ignored. The clerk let half a dozen people in front of me before she even acknowledged me. Thinking room service would be better, I relaxed in my room while I waited for my food. By the time it reached my room, it was cold AND the wrong order. Disgusted, I went down to the pool only to find it was closed for maintenance. All the restaurants the hotel recommended were one-star, and none of my regular channels were on the tv. All in all, it was a bad stay at the James hotel in Chicago.
",1,1
1311,"The room itself was fine and comfortable(very peaceful), but the customer service by the so-called, concierge or 'experience something or the others' left much to be desired. First, I arrived and the doorman walked me to the desk. I was not greeted with the usual 'Hello, welcome to...'. Instead, I got, 'Your name? ID?' No, 'hello', no 'welcome to the Amalfi Hotel,' just plain old poor customer service from the very beginning! That left a very bad taste in my mouth, but I decided to let it go and see how the rest of my stay was.
",0,1
1312,"We booked our hotel stay thru Yahoo and requested a room for 4 with 2 beds. When we got to the hotel, not only did they not have a room for us (we pre-paid!), but they said they could not guarantee what we had requested online, they could only give us what was available. The hotel staff was rude and condescending and only after I got upset did they finally tell me they did have a room for us. If you book online - beware! You may not get what you paid for. They did not stand by their promise they advertise in each room.
",0,0
1313,We stayed at this Sheraton expecting that reliable service we usually get from them but honestly it was a disaster from start to finish right out of check-in there was already a line for the key card machine and nobody behind front desk seemed to care while my partner kept getting bumped off his reservation twice without proper explanation which just made everything worse. The room itself smelled musty like damp socks when we opened the door despite being freshly cleaned according housekeeping claims upon request yet dust motes were dancing everywhere on furniture surfaces making it feel neglected rather than luxurious as advertised breakfast buffet options felt half frozen over or completely missing essential staples like real fruit juice instead just sugary cocktails for everyone.,1,1
1314,"Hotel is placed in downtown Chicago what makes it really loud, it is hard to sleep during the night because all the 'city'noises coming from the outside. The rooms in reality are also smaller than they look at at the pictures. I stayed in this hotel for weekend trip with my husband, and we supposed to get room with king size bad, but instead we got, two single beds. The stuff isn't really very nice either, they seems like they make you a favor just by talking to you.
",1,1
1315,"We recently celebrated our 20th anniversary in Chicago and stayed at the Sheraton Chicago Hotel and Towers. Having looked at a gizillion places I chose this one because of its location to Navy Pier. (We were going on a dinner cruise-The Odyssey at Navy Pier) The hotel is a short walk...unless you are wearing heels:) to Navy Pier. We found out on the way home only a $5 cab ride:) worth $20 to your blisters!! Its also only a short walk to Michigan Ave shopping...for comfortable shoes perhaps?? I chose this hotel because of location, but the views are also terrific. This time we had a lake view of Navy Pier, but our previous trip we had a river and lake view. both very nice. The hotel is very nice. Several restaurants, although we haven't tried them. The burger place downstairs sure smelled good though:) We ended up at Bubba Gumps at Navy Pier. GOOD! The rooms were very spacious and CLEAN!! I am kind of a germaphobe! so clean is important for my sanity:) The bottom level has doors that leads right out to the riverwalk, and a cool water fountain. :) I obviously highly recommend this hotel:) I <3 CHICAGO 
",0,0
1316,"I was really looking forward to my stay at The Hotel Monaco but unfortunately it fell far short of expectations. From the moment we arrived, our room felt cramped and stuffy - the king bed was supposed to be spacious but we struggled to move around without bumping into furniture. The decor was supposed to be elegant but what I saw looked like a dated reproduction. We tried the restaurant for breakfast and the food was just okay, not worth the hefty price tag. The real letdown was when I asked the concierge about local recommendations and they seemed completely disinterested, giving me a half-hearted list of touristy spots instead of any insider knowledge. On top of that, the air conditioning in our room had a weird rattling noise that made it impossible to sleep - we ended up requesting a different room just to get some rest. Overall I'd say The Hotel Monaco is a solid 3-star hotel at best, not worth the 5-star price tag.",1,1
1317,"We went with the great reviews on Tripadvisor. The location, rooms, amenities and price via Expedia were good. My complaint is the poor service at every stage - the check-in was slow (even at 1am), the concierge (Sarita) was hopeless, staff were generally rude. Also there was some sort of generator box under the bed which hummed all night - we turned it off and it also seemed to turn off the air conditioning. Finally, just to let you know that there is a major construction site in front of the hotel and roadworks at 2am with trucks that beep continuously everytime they reverse!!! Would I stay here again? - maybe if I got a good deal and had a back room but there are plenty of other great hotels nearby.
",0,0
1318,"My stay was quick but awesome. After a long day, seeing a substantial line at check-in was a bit of a groaner, but then i saw the self-serve kiosks. i was checked in with keys in hand in under 3 minutes. in the morning i was able to check out on the TV in my room. the hotel is a beautiful historic landmark with all the amenities of a modern hotel and all the charm of its 1927 origins. The bed was FABULOUSLY comfortable. i wish i could live there. they have many rooms wtih 2 bathrooms. i stayed in a room like that once with a friend and we didn't know ahead of time that we had two bathrooms. talk about squeals of delight. that was about 7 years ago in virginia beach. i was by myself at the hilton and had no need for a room with two bathrooms, but it's the first time i've seen this since. what a great feature! 
",0,1
1319,"Oh man, I'll never book Homewood Suites again after this experience--seriously let down. First off, the room was *way* smaller than expected for what we paid; they say 'suite' but it's basically a standard double with a tiny kitchenette shoved into the closet space. The pull-out sofa-bed was rock-hard--I had to sleep on my side to avoid waking up sore.

Check-in was frustrating too. Our names weren't pulled like normal; we waited 20 minutes just for them to figure out we were already registered (thanks, outdated system). The bellhop who carried our bags? He *dropped* one in the lobby--right in front of everyone--and then walked off like it wasn't a big deal.",1,1
1320,"My husband and I stayed here for three nights while visiting Chicago as tourists. What a beautiful hotel! Our room was lovely, the staff was super helpful and the location was convenient. They don't have an in house gym, but each day you can get a day pass to a cushy gym down the street. The restaurant in the hotel has a very yummy breakfast. The concierge helped us to make dinner reservations at the last minute our first night there. We were able to walk down the Magnificent Mile from our hotel, as well as through the Gold Coast and Old Towne neighborhoods. There are tons of great restaurants in the area (including the famous Gibsons and the Signature Room in the Hancock tower) as well as lots of shopping. There is currently a lot of construction going on near the Talbott (they are building condos right behind it), but regardless we had a wonderful stay and would definitely stay there again when visiting Chicago. 
",0,0
1321,"Upon first entering the hotel, we were greeted by the most friendly and helpful bellmen I have ever encountered. Through our 2 week stay, they told us to 'have a nice day' as we left in the AM and welcomed us back upon our return. Breakfast is served in the AM, and the servers were as delightful as the bellmen. It was a very enjoyable stay.
",0,1
1322,"Grant it, this hotel seems very nice, but I was not at all pleased with my stay here. The customer service was horrible. I had to request more towels and washcloths several times before receiving them and my linen had not been replaced either. For as much as I paid to stay here, you'd think the least you'd get is an iron. Not! I had to request an iron, too! In addition to all of the failed amenities, I was mistakenly charged twice for my stay and wasn't reimbursed until an entire week later. The next time I choose to visit Chicago, Swissotel will be the last place I think to stay.
",1,1
1323,"Upon check in - the lobby was BUSY! I was tired and not feeling well from a tough road show. The Front Desk person I checked in with was so fast and so nice that I walked away from the desk smiling... that alone was such a great feeling. Every time I had any experience with a hotel staff member, I was so pleased! I have to say - service really is everything to me and I have to give this top marks for that. An added bonus was the location... I just think it is perfect for me. On top of that, I had a meeting down in the loop, but not quite sure how to get there - a person approached me in the lobby, asked if he could help me get to my meeting. I thought he was getting me a taxi - but no - he walked me to his SUV and drove me to the meeting, 'just a free service from the hotel' he stated as we drove... really!!!! so cool! I haven't even talked about the Pump Room yet - great dinner, very professional service, and no attitude. I will return - just up date the rooms a little bit, thats all... the curtains need some help. 
",0,0
1324,"The room wasvery tiny and was very warm. They give you the illusion that you control the temperature but they do. The bathroom is small. The tub is plastic retro fit as stated in another review, and does crackle under your feet. I, personally, did find the water pressure to be fine and the bath ammenities to be of good quality. The public areas are nice and are good to hang out in. This is basically an old hotel that has been updated. The comment about the closet is true, it is actually indescriable. You can hear everything occuring in the other rooms. The location is convienent but so are many other hotels. If you do stay, fly into Midway, take the Orange Line, you cannot go wrong.
",0,0
1325,"I left feeling utterly let down after my visit; it truly felt like a very compressed stay that rushed past before I could even settle in. The room itself was surprisingly underwhelming--while I appreciate the decor choices, corners seemed dusty, and I definitely noticed spots on the carpet near the window that suggested a more thorough cleaning was needed. Dealing with check-out required persistent effort from staff who seemed perpetually busy or disinterested when approached. Furthermore, the bathroom experience was frankly disappointing; the grout in the shower stall showed visible mildew despite looking brand new otherwise, which really soured the whole impression of cleanliness. I expected much more polish given the hotel's supposed reputation, and overall, it just didn't meet basic standards of comfort or attentive service.",1,1
1326,"After reading the reviews on this hotel, I decided to book my stay for July 4th weekend here and I am glad I did, this hotel is absolutely beautiful. Our suite was gorgeous it is a very romantic hotel with big sit in picture windows. I do have 1 complaint. The bar is very boring and the resturant is not that great, but other than that I loved it. I would definitely stay there again. 
",0,0
1327,"The room felt incredibly grimy with dust on all surfaces, while the decor looked painfully dated like it had never been updated.",1,1
1328,"The recently remodeled Affina was amazing - from the 6 choice pillow menu to the stocked 'pantry and refrigerator' to the brand name bathroom ammenities. Within walking distance to just about everything you could possibly need, the Affina is a great hotel. The staff was pleasant and seemed to enjoy their jobs. Having never stayed in downtown Chicago before, the Affina over and above exceeded our expectations. Although our trip to Chicago was only for one night, we will consider staying at the Affina again for a future visit. 
",0,0
1329,"We got a great deal on this hotel, just $91 found through travelzoo. We only stayed one night, but were very impressed. The sevice was fantastic from the moment we stepped up to the property. The hotel smelled wonderful and was immaculate. Our room, while not enormous was perfect. We had a great view of the city and lake. The bed was extremely comfortable. We never heard any noise outside of our room. The bathroom was nice sized considering we must have had one of the smaller rooms in the hotel, two could get ready very comfortably. Location was perfect, just off Michigan Ave and steps away from Millenium Park. We would definetly stay here again, especially if we could get this great deal! 
",0,0
1330,"First, several day s prior to my stay, I called and spoke at length with the concierge and made a breakfast order for room-service Saturday and Sunday. Saturday they didn't bring breakfast - and when I called room-service they stated they never got the advance order from the concierge. When they finally did bring it - they brought the wrong thing.. and then brought the wrong order again on Sunday. I was further inconvenienced by in-room dining staff when we ordered room service Saturday night. The food was limp and uninspired. Further, I ordered soup - which arrived without a spoon. When I called in-room dining to request a spoon, I was told one would be forthcoming. 15 minutes later, a waiter arrived with a menu. When I explained I already had food and I didn't need a menu - I needed a spoon, he had the audacity to argue with me. I respectfully requested he return with a spoon and he agreed to do so. Another 15 minutes (and one bowl of cold soup) later I decided to call in-room dining back to request (again) they send someone with a spoon. They too argued with me and expressed that they'd already sent someone with a spoon. I explained that they had not - that I had received a menu I didn't request, but that no spoon was forthcoming. Another 15 minutes later, a spoon finally arrived. Thanks - for charging me $100+ so that I could argue over cold, flavorless food. In addition to the gross customer service, surly attitude, and sorry food, I found the room woefully lacking. It reeked exhaust fumes so much so that on Saturday night I woke up from the smell. Further, I had specifically requested when I booked the reservation that you keep me away from the elevators... I was right next to the elevators and had the displeasure of listening to them ding all night long as other guests came and went.
",0,0
1331,"Stayed here for 3 nights for a Bridgestone/Firestone convention. No complaints. Room was great with a beautiful view. Staff was very accommodating. Had drinks and appetizers in main bar. Fantastic! Great location. Yes it's a huge hotel as it's used for conventions but that didn't stop it from being a great place. 
",0,0
1332,"I was thoroughly underwhelmed by my stay at the Affinia Hotel in Chicago. From the moment we checked in, it felt like they were phoning it in - the staff seemed disinterested and the lobby had a tired, worn look to it. The room itself wasn't bad, but it wasn't exactly what I'd expected for the price point either - the 'luxurious' bedding just looked like a generic suite from a furniture catalog. The real problem was the noise level - we could hear every creak and groan of the hotel's outdated infrastructure through the walls. And don't even get me started on the 'amenities' - the fitness center had all the charm of a glorified YMCAs and the 'free' breakfast buffet was just a sad selection of stale pastries and lukewarm coffee. For a hotel that prides itself on being 'boutique,' I'd say Affinia fell woefully short - we won't be staying here again anytime soon.",1,1
1333,"My stay at Sofitel was genuinely lovely from start to finish. From the moment I walked in, the lobby's decor felt beautifully refreshed; it managed to feel luxurious without looking anything but contemporary. The staff deserves special mention--everyone we encountered, from the concierge to room service, were so attentive and genuinely helpful, making us feel like valued guests rather than just paying patrons. The breakfast spread was outstandingly diverse, offering everything from fresh local pastries to really quality international options, giving us a perfect start to each day. And the view! Waking up to that expansive vista of the city skyline over the bay was simply breathtaking and added so much magic to our stay. Everything worked seamlessly together--the service excellence combined with thoughtful ambiance made for a truly relaxing and memorable trip. I would absolutely recommend it.",1,1
1334,"The Palmer House Hilton hotel takes luxury to a whole new level of existence. The rooms are beautifully decorated, with class and superior quality furniture. The hotels restaurant 'lockwood' consist's of delicious French and Italian cuisine. The location is in the prime area to downtown, and shopping areas. This hotel is suited for pristine guests, and those who are not willing to settle for less. If you're looking for not just any stay, but a stay in luxury, you should give The Palmer House Hilton a try. It is one of the best of the best in Chicago, and your stay will be one to remember.
",1,1
1335,"The room was spotless upon arrival; everything felt so fresh and thoughtfully updated, nowhere near dated. The complimentary breakfast spread was surprisingly extensive with great pastries available.",1,1
1336,"I found this wonderful Hotel ! The location is awesome, just minutes away from all the shopping, Restaurants and Bars you could possibly want . I was in town for an interview, so I was really nervous . I ended up suggesting the Hotel Restaurant for my interview and they took such a good care of us, they made me feel so comfortable that I was hardly nervous at all. And the place was pack! The room was superb! Really cool design . I had a room they call an apartment, and it was fantastic! The natural light you get in this room is awesome, and I am very sensitive to dark places. They have a full bar in the room , which I was able to use to entertain my friends that night. I went to the gym for a little bit of exercise and I have to say I have never seen such a extensive facility in a hotel. All the staff made me feel like I was family. They were available to me at any time, and so friendly ! I will definitely be back for another stay. 
",0,1
1337,"Monaco in Atlantic City absolutely exceeded my expectations--both for our quick getaway and my first solo trip without feeling overwhelmed. The front desk crew was already pulling into their roles by greeting us with friendly familiarity before we even stepped inside, which put me right at ease after a long drive. The room itself is just as advertised (but nicer in person)--plenty of space to stretch out, high-quality linens that made getting up earlier *easy*, and blackout curtains perfect for my late night movie marathons. The staff goes above and beyond with little touches like an extra pillow when I mentioned the mattress was firm (which it turned out was just my preference!), and the room service menu options were actually practical, not just pricey or obvious. Even better? They remembered how I liked my coffee from breakfast for the full week I stayed.",1,1
1338,"Reservation was for a King size bed, instead I was given a double-bed room. Check-in person must had a bad hair day, because she was unfriendly. Wall St Journal or USA Today is not complimentary. Requested a room that is away from the noisy elevator, but given a room next to a service elevator which is more noisy. I didn't bother to file a formal complain because I was very tire. I travel often to Chicago for business and the first will be the last at Intercontinental.
",0,0
1339,"October 3rd, 2007 My wife and I stayed at The Sofitel toward the end of September 2007. The hotel is VERY modern. The room was immaculate, but the furiture looked as though it came from IKEA. It was chipped in many places. The light switches were difficult to find, and the HVAC made noise. However, the bed was wonderful. The bathroom was large and well maintained. Housekeeping brought us as many towels as we wanted. The restaurant was small. You can eat for less at a 24 hour restaurant around the corner called Tempo. If you want a truly great breakfast try The Peninsula Hotel. However, after dining there you might not want to return to The Sofitel. Prior to checking in we had paid for everything in full. When we checked in, we were asked to leave a credit card for incidentals. Upon returning home, we discovered that although the credit card had not been used the Sofitel had an authorization placed on it. This reduced the line of credit, and it took several days to be removed from the card. Great location! Reasonable value. If you have a Privilege Card they allow you to check out at 4pm as opposed to 12 in the afternoon.
",0,0
1340,"THE ROOM I booked a room here and was told I'd be getting a king bed. When I check in, they say they only have a queen bed room available. I protested to no avail. When I got to the room, it was really only a full size bed. So I went from from a king bed at home to a full size bed in a tiny broom closet of a room in Chicago. For the pleasure, I paid the same price as a normal king bed room. The full size bed we had was also extremely uncomfortable. I think it was lop sided because they never rotate the mattresses. We would wake up with body aches and headaches. My wife even said she lost feeling in her arms some nights. Not good. Also, the internet in the room is hard to set-up, slow to use, and inconsistent. I generally had to restart my computer at least once to get the internet to work. The internet worked one day on my iPhone and then would not log me in. It's not really worth it. ROOM SERVICE Room service was very inconsistent and nonsensical. Some mornings they would take our towels (even the ones we hung up to use again) and not replace them, other times they would replace some towels and not others. They would also come at vastly different times. HOTEL SERVICE This hotel LOVES to nickel and dime. I asked for a fridge in the room and they told me it'd be $25. No other hotel I've ever stayed in (regardless of how many stars it had) has ever charged me for a fridge in the room. Late checkout? charge. Shuttle from the airport? - nonexistent. The front deck 'gold passport' people can't even figure out how to get you points. In the end I will have to call corporate and get my points for my stay (not that i plan on staying at a Hyatt property again). By the way, apparently the hotel is still undergoing changes because my mini-bar was missing. I was thinking of using it as a fridge instead of paying $25. THE HOTEL The hotel has some cool bars and a beautiful lobby area in the east tower. The west tower has some underground amenities no one uses. The bars are extremely expensive, but the drinks are tasty. The food is edible too, but I wouldn't brag about it. The hotel is not directly on the main street (Michigan), but it's not too far from it. It's right next to the boat tours and, in some rooms, has a view of the Navy Pier. Our room faced another hotel, but we could see a sliver of the pier. The hotel is walking distance from Millennium Park. It's a bit of a walk to any of the L stations though. If you want a wonderful breakfast place, go to Wildberry on Randolph st. It'll have you waiting to eat for a long time, but it's yummy! CONCLUSION I get better rooms, better beds, better service, and better amenities at a Holiday Inn Express or a Best Western. Save the money and stay elsewhere.
",0,0
1341,"Me and my business associate had a job in Chicago and wanted to stay somewhere that had more features. We did some research online and came across the Hotel Moncaco. We decided to stay for 3 nights. When we arrived we noticed that it was in a busy part of the city with bright lights. The staff was upstiff, and didn't not offer much hospitality. Our room did have a view, but of the city lights and kept our room bright, even with the curtains closed. The beds appeared soft, but did not offer much comfort. For what we paid, we expected more.
",1,1
1342,"My wife and I just spent 3 nights at The Talbott. The room was spacious, comfortable and well-appointed. The hotel is quiet although there is some construction nearby. Linens and towels first-class. Free Wi-Fi in the room. The location is terrific, just one block to Michigan Avenue. We will stay here on future visits. 
",0,0
1343,"I stayed at the millennium Knickerbocker for 3 nights while on a business trip, as it was conveniently located a few blocks away from the office I was visiting, and just about everything else for that matter. The lobby was absolutely beautiful, and the staff was beyond courteous and extremely helpful. The rooms were elegant and spacious, and I instantly felt right at home. The large flat screen TV as a nice touch and TV options were many. I headed downstairs to the bar for a drink, and was amazed at how well kept it was, as well as how nice everybody was. As this was my first time I asked the bartender about the area around and he gave me great advice about some places to check out. All in all this was a great experience, and next time I'm in the area, I will definitely be staying here. I'd recommend the Millennium Knickerbocker to anyone traveling to Chicago.
",1,1
1344,"I disliked the Sofitel so much we changed our week stay to the Grand Hyatt after the first night. We checked into our suite and was blasted by the smell of body odor immediately. We were tired from our flight, but went downstairs to change rooms. The second suite smelled just as bad, but stayed anyway. I disliked the hotel lobby, the staff, the decorating, and especially the bed. HORRIBLE. Soft, flimsy mattress. We come to Chicago frequently. We have always stayed at the Grand Hyatt and never been disappointed. We just thought we'd try some place new. Never again. Back to the Hyatt or Four Season we go!
",0,1
1345,"The Palmer was such a letdown compared to what we paid for; our room had broken blinds that barely opened and smelled musty after just one night, while the staff seemed indifferent when we complained about the terrible breakfast at the buffet next door which left us starving despite having waited forever.",1,1
1346,"Just putting in a good word for the Hard Rock Hotel in Chicago. The reviews I read before going were mixed so we were not sure what to expect. The location was perfect. The hotel was beautiful. Our view was awesome. The room was large enough and very clean. The bed was very comfy. The staff were helpful - especially the concierge, Jared. I couldn't find anything negative to say. If you want to stay in downtown Chicago - you can't go wrong with this cool hotel. 
",0,0
1347,"Our evening arrival at The Omni found us greeted by staff who managed to balance efficiency with genuine warmth during check-in. The standard guest room exceeded expectations for cleanliness; floors were swept meticulously while bathroom fixtures sparkled without a single water spot despite being adjacent to an elevator bank. I initially worried the space might feel claustrophobic after such a long travel day, but natural light flooded in through floor-to-ceiling windows offering sweeping views of Lake Michigan and the sprawling city skyline that stretched into the horizon. The bed was comfortably supportive for deep sleep without feeling hospital-like or overly soft.",1,1
1348,"We chose to stay at the Hilton Chicago because it was in such a centralized location- everything that our family wanted to do in town was located so close! What I didn't expect was for the beds to be so comfortable. I can't remember when I got a better night's sleep. The staff was very friendly and the hotel grounds were impeccably kept. We'll be returning to the Hilton Chicago the next time we're in town!
",1,1
1349,"My stay at the Fairmont quickly turned from anticipation into pure disappointment upon checking in to a room that felt more neglected than expected for such an upscale property. The bathroom was certainly not up to par; the showerhead dripped persistently despite my best efforts, and the marble sink counter bore visible scratches that dulled under dim lighting. Worse yet, our floor proved far from quiet as neighbors above us hosted loud parties late into the night while construction hummed outside during what should have been rest hours. These disturbances made sleeping a struggle; I found myself tossing and turning until dawn because noise constantly intruded on my rest after such an expensive trip. The front desk staff behaved with alarming indifference, offering curt answers when I requested room changes due to these obvious issues rather than apologizing or resolving them promptly.",1,1
1350,"I gave the Conrad a second try at impressing me and it failed miserably. The hotel will not honor room requests. I expressed this was for a special occasion and would love a room with a view on my reservation. I got there and my 'view' was of the adjacent office building windows. I didn't pay nearly $400 a night for that. I called down and the manager was absolutely rude. 'That would've required you to pay at least $40 more..' Rude. Lots and lots of mistakes happened. Requested pillows were never sent up, the television sound was not functioning (i.e. NO sound), when telling the manager of the problems he was horribly condescending and cared very little. I've had better service at a Hampon Inn! When they screwed up our breakfast vouchers I had to physically go down and question it.. they said 'we will send them right up'.. No, that never happened. Absolutely ridiculous. The bathroom has always been nice, and the room had been renovated since I was there last year (thank the lord!)... It had a nice ambiance to it. The bed was quite nice as well. The valet guys were fantastic, probably the nicest men within that entire hotel. Also the bellman, and housekeepers were wonderfully sweet and always said 'hi' or 'hope you have a wonderful day'.. I appreciated that. Perhaps the management team needs to go back to training school to learn about customer service. Breakfast at the Conrad restaurant is to be avoided completely. The service was abysmally inept, and not to mention slow. We had two different watresses and it took upward of 15 minutes just to get our juice. They looked like they hated their jobs, and treated us with the same attitude. We were never checked on after the food came. The food is overpriced and the quality is severely lacking. I got a continental breakfast and it included a muffin (burnt), a small croissant, and a tiny cinnamon roll. 14 dollars for that. Laughable. Or if you choose, for 14 dollars you can get some toast and juice! Spare yourself and choose to eat elsewhere where you can get an actual tasty meal for your money. Overall, the managers need to learn what customer service means, and how to bend over backwards for a customer. Otherwise your business will crumble. And the Conrad has crumbled for me. I spent way too much money on terrible service. I've already sent my opinions to Hilton headquarters. I'll be looking at other hotels the next time im in Chicago.
",0,0
1351,"I was thoroughly underwhelmed with my stay at The Conrad Chicago, despite its upscale facade and prime location on Lake Michigan. Check-in was surprisingly efficient, but our room felt like a generic corporate box - no real character or charm to speak of. The 'waterfront' view we paid extra for turned out to be a series of concrete walls blocking the lake's view. Room amenities were standard fare: a comfortable bed and some decent lighting, but nothing that set it apart from other high-end hotels I've stayed in.

The fitness center was cramped and lacked variety - just rows of cardio machines and free weights scattered about. The staff was friendly enough, but our requests for extra towels and pillows went unfulfilled for hours. Breakfast was the only redeeming quality, with a vast spread of options including made-to-order omelets and fresh fruit. However, the noise from the street below was a constant presence throughout our stay.",1,1
1352,"This was a refreshing change from the ordinary. I loved the location, the service and the amenities offered by this hotel. The room was charming with a window seat and a water view. The decor was unique but cheerful. Free wireless internet services were a plus here. The staff was helpful and attentive. We loved having goldfish share our room! I would definitely stay here again.
",0,1
1353,"Move beyond the rock theme and it's an average hotel with a good location. Room was unbearably hot and the controls on the wall did nothing. Thank goodness the window opened or we'd have been cooked alive. That of course let in all the noise from Michigan Ave. This combined with our neighbors door slamming against their thrown door lock every 30 seconds made for a lively setting. Room was stuffy too. Burn marks on carpet lead me to believe nasty smokers had occupied room on many occasions. Wife happy w/ Aveda in bath. Base bar was good with great service and well made drinks tho pricey.
",0,0
1354,"My family stayed at this hotel and walking into the Lobby I expected a very good experience. Once I made my way to the counter and was Greeted (Not Really) I knew this may be a bad experience. The Customer Service Person was rude and did not wait on me for a few minutes. Once I got up to the room it looked like someone had just checked out. The High Chair that we requested still had spots of food on it. The Rest Room had water on the counter and very little toilet paper. After we got settled we went down to the dining room for supper and was disappointed in the service and the food quality for the price we paid. Luckily we only had to stay there one day. One day was almost too long.
",1,0
1355,The room at Conrad was stunning with floor-to-ceiling windows offering breathtaking city views that woke me up every morning.,1,1
1356,"My family and I have just had a two week holiday in Chicago, and we stayed for a week at the Hilton Towers. We had a fantastic time and enjoyed every minute of our stay at this incredible hotel. The sheer size of the place is breathtaking and the atmosphere is very friendly and hospitable. If you prefer discreet modern boutiquey-type hotels, maybe this wouldn't be your thing. However if you enjoy old style glamour and glitz, you will be bowled over by this hotel. The place literally sparkles thanks to the enormous chandeliers that are everywhere in the lobby. Tons of celebs have stayed here over the decades and the history of the hotel and past guests etc is fascinating. We got a very reasonable rate for our stay and could not fault anything about this very special place! 
",0,1
1357,"I recently had the pleasure of spending three nights at the Hotel Allegro Chicago to attend a corporate meeting. To say the rooms at this beautifully renovated hotel are stylish is an understatement. I stayed in one of the more moderately priced rooms yet found all the amenities of premium rooms at other hotels. My room was spacious and furnished in a retro-modern style. A fully stocked refreshment center, wet bar, and LCD HD TV were amongst the standard items. The Allegro is in the center of everything, the Chicago Loop of the financial district, the Chicago Theatre district, great shopping on Slate Street and fine dinning is available adjacent to the hotel (I suggest the 312 Lunch Club). The fitness room is well equipped and clean. The professional and friendly service was the icing on the cake during my stay at the Allegro. My next visit to the Chicago area will definitely include a stay at the Hotel Allegro Chicago. 
",1,1
1358,"The hotel is just ok. Stayed there for 5 days when visiting friends. They had a renovation going so there was no lobby, bar or anything. Just a decently furnished room for 200 usd. The renovation was not annoying but i think they ahould charge... much less untill its done. You cant beat the location! Very convenient especially if u like chicqgo nightlife!
",0,0
1359,"This was our second time staying here. We were very much looking forward to our weekend at the Amalfi (based on how well the first stay was). It turned out better than our anticipation. The beds are very comfortable. 2 headed showers with a large bathroom. The hotel is also pleasantly quiet and easy to check-in and out. Our room was near the exercise room which helped motivate us to get in an hour morning workout. Then we were able to grab some complimentary fruit, pastries, juice and coffee on our floor (breakfast is on every floor). No great view from our room, but I don't think there are great views from most any room since it is only 5 floors. We didn't need to drive, take a cab or jump on the L the whole weekend since the hotel is centrally located. We easily walked to bars, blues clubs, restaurants, the hancock tower, the loop and the waterfront all from our hotel. The highlight of the hotel was the complimentary happy hour. Free top-shelf drinks and wonderful meats, cheeses, peppers, and breads. This ran from 5:30 to 7:00, and was a great warm-up to a nice dinner. This alone saved us a bundle in money that would of been spent eating and drinking out in the evening. And an extra money-saving tip...park at the self-park lot 2 blocks west of the hotel on Kinzie. Its $24 per night during the week and only $6 per night on the weekends. I think the hotel charges $30 to $40 per night to park. 
",0,0
1360,"If you're looking for an elegant hotel in downtown Chicago, you have to stay here. The Ambassador East Hotel has very comfortable and beautiful large rooms and is like a home away from home. The perfect place for a business person, and if you have a small pet you can bring them too! I would give this place four stars and would definitely stay here again.
",1,1
1361,"The Fairmont's reputation for grandeur didn't match our experience--overpriced without charm, with slow service and impersonal staff that felt more like checklists than hosts.",1,1
1362,"My $200 Gucci sunglasses were stolen out of my bag on the 16th. I filed a report with the hotel security and am anxious to hear back from them. This was such a disappointment, as we liked the hotel and were having a great time in Chicago. Our room was really nice, with 2 bathrooms. We had 2 double beds and a comfortable hideaway bed. We had a great view of the lake and park. The hotel charged us $25 to check in early (10am).
",0,0
1363,"I checked in at the Affinia Hotel in Chicago shortly after dinner on Tuesday, I was greeted by very frendly staff from the valet service to front desk. You can tell people were happy at the hotel. I was pleasantly surprised when I got to my room. The room was very well decorated and well thought out. The furniture was in the right location and there was lots of space. Plus it was convenient with lots of power outlets The bedroom and washroom was very clean and I had a great sleep in their very comfortable bed. I was told by front desk i could choose from 6 different pillows, although i did not take advantage of this offer i thought what a great idea. Once in a while you come across hotels with great service, well thought out rooms in a perfect location (right off Magnificent Mile). When visiting Chicago again I will definitely try and stay at Affinia again 
",0,1
1364,"We stayed at the Ritz Carlton two weeks prior, and in comparison the Sofitel does not come close. With the deal the Ritz Carlton is putting on right now, stay two nights...get one free, choose the nicer option! Pros: Room Service: Quick! 15 minutes tops. Bathroom: Large bathroom with a separate shower and tub. Lobby: Very impressive, and the doormen are on top of opening the doors and hailing a cab for you. Location: Close to the train station and MI Ave. Cons: NO TOP SHEET! We asked the others at the conference, they confirmed...there is no top sheet. You just sleep with the duvet cover over you. Room: -Small, and not a fan of the modern decor. -Broken closet door, the bottom track was bent. By the last day my husband removed the closet door completely so I could get to my things. -Barely any storage: closet was teeny tiny anyways, almost no bigger than a tall locker, only the top drawers of the nightstands open. -Shower: Horrible water pressure. -The cleaning staff did not replace shampoo, soap, etc. Had to call the front desk, and they delivered within 10 mins. -The cleaning staff did not replace our duvet cover during the three nights we were there, realized this as I still noticed a stain we made the first night. I made sure not to leave the 'save the water' card out. They changed our towels, but not the bedding??? -Our room was at the end of the hall across from where the staff enter, and you could heard that door slam shut all hours of the day. -They charge for Wi-Fi! -You can change the settings on the tv...brightness, etc.
",0,0
1365,"I was sorely disappointed with the Sheraton Chicago. From the outside it looks like a great hotel, and I guess the inside was clean enough but the decor was really boring and frumpy, not what I expected when looked at the website. The front desk staff was nice enough at first, but when I asked for the wifi password they told me I had to pay extra. I mean come on, I'm paying over 200 bucks a night and wifi is EXTRA? The lady who checked us in got a little snippy about it and said it says so when you make the reservation. (Note to self, don't let your husband book a hotel without checking first about what amenities are offeredd.) So things started off on the wrong foot anyhow. I guess the positives for this hotel are the location and the lakeview (from some of the rooms) and it seems pretty safe. Other than that I was not impressed for the price - I've stayed in big city hotels for half the price that had better linens, a better restaurant, where they got your room cleaned up at a reasonable hour (we stayed two nights and we didn't get our beds made and fresh towels until almost 5). I guess the most unpleasant thing was the odd smell - not musty per se but maybe like chemicals they use to cover up a mildewy smell. In general it seems lke it's on the decline and the staff knows it, they're just kind of lackadaisical. I wouldn't stay there again.
",1,1
1366,"The Allegro in downtown Chicago is a great stay/ part of the Kimpton Group boutique hotels the Allegro offers a classy stay in a beautiful room for a moterate price/ they offer complimentary and decent wine gratis in the late afternoon and the hotel allows you access to everything the loop has to offer in this remarkable city. i would recommend parking outside of the downtown area and taking the 'EL' into the loop which leaves you about 2 minutes from the hotel/ otherwise you are looking at hefty parking fees for a car you dont need in this part of the city . the rooms are small but beautifully done with great colors,comfortable beds and in my case great views. if you go to kimpton group website and sign up for specials you will be alerted to great rates on certain days / kimpton does a great job and their properties are 'class acts' 
",0,0
1367,"My husband and I were there for a conference and had booked the room thru their website, when called to confirm had us down for only 1 night instead of 4, easily changed. First morning cold,cold shower, didn't complain,next day fine. Phone did not work, called every day to complain, and every day said it would be fixed when got back to room, never was. No dial tone, unable to call restaurant, or call for car or call for room service. Finally, on last night someone came to our room while we were there and did fix it. The hotel is beautiful, rooms great and everyone was so nice, even when I was complaining they were nice. Great gym area also, and love the restaurant. BUT, for the money I could easily find another hotel just as nice with a working phone.
",0,0
1368,"We stayed two nights. We were registered by a very unfriendly desk attendant. He was very cold. Our room was very, very small and the closet did not even hold the few clothes we packed for two days. The room was stylishly decorated but lacked the nice small touches such as an extra pillow in the closet. We were attracted to this hotel because a bar was on the ground level - however when we went to have a drink, the door to the bar was locked. We called to inquire why the sign said was open when it really wasn't and were told they were short staffed, 'sorry'. WHAT?? are you running here? You are a hotel in the country's third largest city and your amenities are open at whim? This was our first and last visit to a Kimpton hotel.
",0,0
1369,"We were checked into a room with empty beer bottles, dirty underwear in the closet and unclean bathroom. There was no manager available for an hour to take any complaints. We missed our show because of the extra time it took in moving into another room etc. Finally when I got to talk to the manager and complained about beer bottles especially when I had a child and a teenager with me she offered to send me wine and cheese to make up for the inconvenience!!! Staff was somewhat reluctant to take request of extra blankets at night. They kept telling me to look into the closet for extra blankets. I asked for two blanket , but they delivered one. I had to keep calling to get settled. I saw a comment form from the prior guest in our room on the study desk, who had taken the trouble of filling it out, but no one collected it or cared for it. ht. Noisy rooms. Can hear the doors all night. Thebreakfast items kept running out and had to make calls to get them replenished. I will not recommend this hotel to any one even at discounted rates!!
",0,0
1370,"This is a stunning hotel in an excellent location in the greatest of US cities. The entrance and lobby of the hotel indicates its class. The bedrooms are large and comfortable and the customer service is second to none. It is located on South Michigan directly across the road from Grant and Millenium Park. It also has a free shuttle to the Water Tower in the heart of the Magnificent Mile. For Blues fans, Buddy Guy's Legends Club is situated immediately behind the Hotel. Highly recommended. 
",0,0
1371,"I was really expecting a lot more from a quality chain like the Sheraton, but a recent stay at their downtown location in Chicago was somewhat of a disappointment. It started with check in; I had specifically requested a room with a single king-size bed, but was told at the front desk in no uncertain terms (OK, rather rudely!) that because of some banker's convention that was going on, I should be happy with the double-bed room that was left. It was all I could do to get a lousy drink voucher for my inconvenience! The room itself was OK, nothing special though. The cleaning staff must've just been through, because there was a faint aroma of old washrags still in the air. The internet jack wasn't working. It took more than two hours for a maintenance guy to come up to fix it, no apologies given. For the price, I really expected more in the way of customer service from Sheraton. I guess they're really no better than anyone else these days!
",1,1
1372,"I went to stay in the Millenium Hotel Chicago. Now, first, being from rural midwest I was surprised at the price in general, but kind of accepted it when I was assured by my cousin(whom I was visiting in Chicago) said it was normal. So I check in, service seems fine. I get checked in, room seems ok. A couple of hours later, a lady comes into my room, not a hotel employee, just some lady. Turns out, they cross checked the rooms. We(her and I) went down and complained. Turns out they double booked the room, not that they were full, but they were full on THAT room type, Standard, as well as the Superior Rooms. Rather than simply upgrade one of us for the mistake they asked which one of us would like to 'move up'. We argued with them for 20 minutes, they didn't budge, our only option was for one of us to fork over an extra $60 for a Corner Superior. We(the lady, her name was Sharon) decided to split the difference some, she gave me $20 and I moved. I get to the new room about 20 minutes later, nobody, but Sharon helped me move. I get there, the bed was thrown together, not made, and the bathroom wasn't clean, the garbage had a kleenex in it(I wasn't going to check if it was used). I called down, it was now 5PM. No answer, I called for 10 minutes and finally got a hold of someone. I told them about the state of my room. They said they would have someone up 'right away'. I waited 30 minutes and a lady comes in, not in uniform, but she did a hell of a job cleaning. She switched out the garbage, wiped out the whole bathroom, vaccuumed around me, and switched out the bedding, all told she was in and out in 10 minutes. She didn't say two words to me, but she did clean. I stayed the night and checked out a 7AM and will never go back. Ryan from Iowa
",1,0
1373,"This hotel is rather stupid to be frank. It's a horrible attempt to be retro-sheek but ends up looking similar to that Saturday Night live skit where things are so sheek that they are not functional. The rooms are about the size of a shoe box and there isn't much in them. I actually like the Pedestal in the bathroom but there is no sink. I had to put my make-up on using the toliet for 5-days. It also took me 10-minutes to figure out how to turn on the shower and the bathroom is more like a closet then anything. I had guests over one evening and everyone could hear everyone pee b/c the bathroom doors aren't doors at all and there is no bathroom fan! It was just over the top for me and lots of costruction nearby to keep you up at night. On a good note, the staff are really friendly and the place is really clean. That's about the only good thing I can say about this place. I would not go back.
",0,0
1374,"I would like to add a comment, maybe this will help others when choosing for a wedding destination. My daughter was married in May of 2010 and we decided to have the special event at the Sofitel Water Tower; we were amazed. She always wanted a ballroom type of wedding, and Sofitel made this happen for her. They took care of all the invitations, cake decor, and so much more. The special day for my daughter was worth everything. If you are going to be in the Chicago area, check them out; you will not regret it!
",1,1
1375,"What a wonderful experience, super great, helpful, friendly staff. Angie at the front desk made sure my husbands birthday would be great. Our room was beautiful. Angie suggested we go to Sullivans for dinner..perfect choice, make the reservation for us.(best seat in the house and a special dessert) wow...Above and beyond what any other hotel or staff has done for us before..Looking forward to staying there again & again. THANKS AGAIN 
",0,0
1376,"I was very disappointed with this hotel. The front desk clerk was rude; she was on a personal call and took 10 mins. to get off the phone. When I arrived in the room the bed wasn't made from the last guest and all the towels were dirty. I called down to the front desk and she made me come back down from the twelveth floor for a new room assignment(on the twelveth floor). Once downstairs the clerk treated me as though I had done something wrong. When I arrived in the new room I found the bathroom less than clean... There was hair all over the floor, toilet and shower. The shower curtain was mildewed and dried toothpaste spit on the mirror. My allergies started to bother me, immediately upon entering the room, so I checked the filter in the air conditioner. Which looked like it had never been cleaned.The comforter was stained and the carpet looked like it never saw a vacuum. While waiting on acceptable room I went to dinner. Which proved to be as bad as the rooms. The lettuce in my salad was brown and slimmy. The steak was rare and I asked for medium. Not to mention, it tasted like rotten meat.The veggies looked like they had been cooked a week earlier and the potato was shriveled and dry. To top the whole experience off... When I went to turn on the lamp in my final room it electrocuted and the ambulance had to come get me for a 2 day hospital stay.
",1,1
1377,"Ambassador East is an awesome hotel!!! Understand that this hotel is full of history and is a boutique hotel. My family stayed at the Ambassador for two nights in a suite. Very clean room with great space. The best part of the Ambassador is not the rooms though. The staff was extremely courteous, especially the concierge. If you stay here you have to go to the Pump Room. The restaurant is full of nostalgia, the staff is great, and the food is excellent. Great atmosphere and music. 
",0,0
1378,"Honestly, my experience was deeply underwhelming across the board. We were staying near downtown, which *should* make everything effortless, but it felt more inconvenient than genuinely convenient; we wasted twenty minutes just trying to find parking from the train station. Upon arriving, the sheer neglect in the bathroom facilities was shocking--the grout looked grimy and there was visible soap scum build-up everywhere. While the room itself was technically 'clean' when we entered, it had a stale odor that no amount of airing out could fix, suggesting deep cleaning hasn't been a priority here. The staff interaction was equally disappointing; every time we asked for simple things like extra towels or recommendations, we were met with sighs and vague dismissals rather than helpful service. It felt more transactional than welcoming, leaving us wanting to book somewhere with actual care taken in the upkeep.",1,1
1379,Fully lived up to the hype--check-in was seamless with that iconic bellhop who made my bags disappear faster than I could say 'room key.,1,1
1380,"I just had a conference there. They have bed bugs--I have all these bug bites and it itches like hell. Food wise, we had chicken BOTH times for lunch (maybe my company was saving some $) but they should at least prepare them differently. It looked like they did the same style chicken but change the underlying 'bed' upon which it is served. For dinner, we had filet mignon and crab cake. Sounds good right? Wrong! The filet mignon seems to be 1/2 the thickness of what I have seen and it was tough. I thought the filet mignon is suppose to be tenderest part of the cow???? Also, the crab cakes was a bit too salty. Finally the portions were tiny and left me lacking. In asking my co-worker, most seem to be blase about the food. However, some seem to like the burger (which they went to substitute) at the Palms, which is a restaurant inside the hotel, just off the lobby. On the positive note, the dessert for dinner was good. Otherwise, I'd recommend another hotel. In the meantime, when I got home, I make sure to bring EVERYTHING straight to the washer/dryer to disinfect (even strip down). But, damn, I'm still itchin'
",0,0
1381,"Excellent location, feels like a boutique hotel. Right next to Neiman Marcus (V.expensive dept store) and 2 mins walk to John Hancock tower. As most American ,medium to high end, hotels service was excellent from the bellhop to reception. Upgrade to a suite if you are staying longer than a couple of days as walking around the windy city can be tiring and a suite feels like a small apartment. The pub in the basement is good for a sandwich and a Beer. They will be refurbing so take adavantage of lower rates now as I feel they will be going for very high end clients after the remodelling 
",0,0
1382,"Stayed here for 5 nights while visiting Chicago for the first time. The location is great, the hotel has been recently renovated and our room was very spacious with two bathrooms. The lobby is a great place to chill and have a drink. Didn't eat in the restaurant but there are a few good ones nearby and we were beside The Art Institute, Cultural Centre & Macys. Staff were friendly. Would recommend it as a base to tour the city. 
",0,0
1383,"The Hard Rock Hotel in Chicago has it all: location, comfort, and rockability! We stayed at the Hard Rock Hotel in Chicago recently and found it to be amazing! The location was perfect as it is walking distance to the Magnificent Mile, Navy Pier, and Lake Michigan. It was just a short ride by bus or cab to the sports stadiums, Shedd Aquarium or the Museum of Science and Industry! The food, although it was pricey, was great! There is a spa on site if you need a little time to relax and recoup after all that rockin', and if you have pets, they get the ROYAL treatment, complete with gifts! I would highly recommend the Hard Rock Hotel of Chicago! 
",1,1
1384,"My husband and I stayed in the Hilton Chicago and had a very nice stay! The rooms were large and comfortable. The view of Lake Michigan from our room was gorgeous. Room service was really good and quick,eating in the room looking at that view, awesome! The pool was really nice but we didnt get a chance to use it. Great location for all of the downtown Chicago attractions such as theaters and museums. Very friendly staff and knowledgable, you cant go wrong staying here. 
",1,1
1385,"We stayed at this hotel with our two teenage daughters duing a part business, part family fun trip in July. We were very impressed with the location, within walking distance to great restraunts and shopping, inlcuding Water Tower Place (a great mall!). We were quite disappointed with the room cleanlinees and size. The bedspreads were filthy and so thin. The room decor is in dire need of an upgreade. The bathroom had no fan and it really smelled badly of mold and mildew. The shower actually had mold in the corners! This was a very tight squeese for 4 people. Especially the bathroom. The beds and pillows were quite uncomfortable. Even the elevators were tiny and could barely fit 6 people! Thank goodness there were a few elevators. Luckily we booked this room on priceline and would have never paid full price. The only upside was the great location. Also beware- its cheaper to take a taxi to the airport than the airport shuttle! Millenium promotes the airport shuttle but take a cab!
",0,0
1386,"My first trip back to Chicago in about 7 years was perfect! I chose the Knickerbocker as I had read that their rooms were recently renovated on top of being a great location to Michigan Avenue, Rush Street and downtown Chicago. I must say I was very impressed with the guestrooms! I had not stayed there prior but it definitely is a refresh from what I've seen in photo's posted on the reviews. The guestrooms are nicely decorated with a modern feel and they are good sized for a historical hotel! The beds are wonderful -- I need to get a pillow top mattress at home! I used the Internet access with no issue and I LOVED the larger screen TV's. The shower is fun with the different types of shower heads you can choose. And the bathrooms are fresh with all new granite and tile. I'm anxious to get back to Chicago and it won't be 7 years from now! I would highly recommend this hotel -- fantastic guestrooms, location and staff! I've added some digital pictures of my room as they are completely different from the one's I saw on previous reviews with the new renovation. 
",0,0
1387,"I honestly cannot recommend staying at Homewood after my recent stay because it simply did not feel worth the price we paid for a weekend getaway expecting relaxation but ended up with sheer disappointment from start to finish. The room was anything but clean, finding crumbs on the nightstand and hair in the shower curtain while dust covered every single surface despite being mid-week; this negligence is unacceptable regardless of occupancy rates or staffing schedules. Breakfast turned out to be an absolute letdown as well since they served cold yogurt that tasted like it had been sitting out for hours alongside eggs so runny they threatened to slip off your plate entirely, making the whole meal experience frustrating rather than enjoyable instead of a proper start to our day away from work stressors and daily chores.",1,1
1388,"I was thoroughly underwhelmed by my recent stay at the Swissotel. The moment I stepped into the room, I noticed the dated decor that seemed to scream ' corporate blandness'. The bathroom was a particular letdown - the showerhead was woefully inadequate, producing lukewarm water with minimal pressure, and the toilet paper holder felt like an afterthought. But it wasn't just the physical space that fell short; the real disappointment came when I tried to check out. Our entire group took over 20 minutes to resolve a simple issue with our bill, with multiple requests for assistance from unhelpful staff who seemed more interested in standing around than actually doing their jobs. And don't even get me started on the view - what was supposed to be a stunning panorama of the city looked instead like a smog-choked eyesore through the grimy windows.",1,1
1389,"Expected elegance fell flat--check-in was sluggish, my room felt dated with thin walls that let street noise bleed through, and the bathroom smelled faintly damp despite being 'luxury.' Breakfast was minimal: dry toast and an overcooked omelet with no charm or variety.",1,1
1390,"My family and I recently attended a wedding in Chicago and stayed at the Swissotel. It was much nicer than we expected. We are used to staying at mid-class hotels and this, by far, was one of the nicest places we've stayed. The beds were so comfortable and the crib the provided for my infant son was great quality - I was concerned that we would get a rickety 1970s crib! The bed sheets were so soft that I wanted to take them home! We will definitely go back to this hotel the next time we are in Chicago.
",1,1
1391,"We booked 2 rooms for 2 nights on Hotwire over Labor Day weekend. We arrived at the Hard Rock at around 10:00 a.m., and they were able to give us our rooms early. Hooray! We were on the 5th floor (Beatles theme). The rooms were very comfortable. One of our rooms was on a corner, and had lots of windows. The other was was a bit larger with fewer windows. Not a great view from our side of the hotel, but we didn't pay for a room with a view. The beds and pillows were EXTREMELY comfortable, the bathroom was full of Aveda products, and there was a bathrobe in the closet. The tv/dvd/stereo combo was nice, but we weren't in the room a lot to use it. We were warned by the front desk not to even touch the snacks/drinks as they were weighted and we'd be charged. No problems there. We did not make use of the free fitness center, because the weather was perfect. My husband was able to go for a run through Grant Park along the waterfront instead. He said it was wonderful. We did use the free internet in our rooms. It was 'wired' internet, but my stepdad said that was better for him anyway. The room was a bit dim at night, but we were able to read just fine using the bedside lamps. There was virtually no hall / elevator noise. The location of the Hard Rock is ideal. It is easy to get breakfast at the Corner Bakery, just blocks to either Grant Park, The Art Institute, State Street Shopping, or Michigan Ave. To sum up, there was absolutely NOTHING to complain about. We would be glad to stay here again any time. 
",0,0
1392,"We enjoyed the Hotel Monaco. Great location for walking and beautiful rooms. The staff was so friendly and we especially enjoyed the wine reception and getting to meet other guests. Will definitely stay there again!
",0,1
1393,"MY WIFE AND I STAYED HERE LAST WEEKEND. IT WAS OUR HONEYMOON AND IT WAS WONDERFUL. THIS HOTEL WAS SO BEAUTIFUL INSIDE AND OUT. WE WERE MORE THAN PLEASED WITH OUR ROOM AND THE RESTURANT WAS AMAZING. ALL OF THE STAFF HERE WERE VERY NICE AND POLITE. THEY HELPED US WITH ANY OF OUR NEEDS. I WISH I COULD LIVE IN THIS PLACE. ALL TOGETHER IT WAS ONE OF THE BEST WEEKENDS OF OUR LIVES. WE PLAN ON COMING BACK AGAIN. GREAT HOTEL!
",1,1
1394,"While making the obligatory trip to the Chicago area to visit family, we decided to make it fun for the teenage members of our group and reserved a couple of rooms at the Hard Rock Hotel Chicago. What a great decision! The rooms are very upscale at a reasonable price with great amenities. And, according the younger members of the family, 'very cool'! We can't wait to come back.
",1,1
1395,"This was the best choice my husband and I could have chosen to visit! The Hotel has stunning views from all around and the best part is that it is near the water! I was perfectly happy to enjoy the luxurious rooms and comfortable decor while my husband enjoyed the solace the found in the free gym. Everything was so clean and invoting. Especially The Pump Room; there was so much history in one rooom. Overall, we had a great, relaxing vacation away from the kids. I would definitely return to the Ambassador next time we're in the area!
",1,1
1396,"Honestly, for the supposed 'Conrad' experience, it felt completely underwhelming; the room was surprisingly small, and despite paying top dollar, housekeeping seemed to miss quite a few areas, making me feel like I wasted a weekend downtown.",1,1
1397,"The atmosphere at the Talbott Hotel is very welcoming when you first walk in. The employees are friendly and will greet you when you first arrive. The hotel seems to be luxurious, even from the lobby, and right away, I was very excited for my stay! I stayed in a double queen room with my friend. The room is spacious enough, and beds are very comfortable. I didn't try the room service, but they do have a fitness club close by with a spa, which is very convenient. I also love how the room has individual climate controls! Very neat! Also handy that there is an iHome in the room. I'm usually stuck using just a regular alarm clock radio at other hotels. I will most likely stay in this hotel another time. It was a wonderful experience!
",1,1
1398,"Honestly, I was so hyped for this stay at the Hotel Monaco; the pictures do it justice, but reality fell quite short of expectations. The location is undeniably gorgeous--you can't argue with that Mediterranean view--but everything else felt a bit dated and frankly underwhelming. My room was nice enough aesthetically, sure, but the A/C unit sounded like an airplane taking off in the middle of the night, which ruined sleep completely. And breakfast? It was painfully overpriced for what it was. The pastries were stale, and the coffee tasted watery. I expected a Michelin-level experience given the price point and reputation, but it felt rather lackluster across the board. We spent way too much money for this underwhelming service level. Definitely disappointed when compared to other luxury spots in Monaco; I'll think twice next time.",1,1
1399,"I've stayed at the Allegro a couple of times. Like the other Kimpton properties, it's a classic old hotel that's been beautifully updated. I found the staff to be cordial, and I really like their corporate culture. They're pet-friendly (although I wasn't travelling with the dog), I got a recycling bin in my room, Aveda products in the bath and they don't clean with toxic chemicals. The rooms aren't huge and the bathrooms aren't what you're going to get at a Hilton. What the Allegro lacks in square footage it more than makes up for in cool. OK, they may be a little pricey, but I'm willing to pay a bit more considering the higher cost of doing business responsibily. 
",0,0
1400,"Apart from the location, great, but it stops there. Upon check-in, I was informed I would have a queen bed. I asked for a king size bed, and I was told there would be a charge for going up to a king. GIVE ME A BREAK, a surcharge for going from a queen to a king. When I got up to the room, it was like a oven. I could not get the air to work and needed to call twice before getting service. Everything in the room had a charge associated to it, even down to the coffee, $1.00. Now what's up with that? I was very disappointed in the size of the bathroom. Very small. I have stayed there twice and with so many other options, I feel this will be my last.
",0,0
1401,"I recently stayed at the Swissotel Chicago with my husband and two children. While the room was comfortable, I did not think that it was the best choice of hotel for those with children. The main reason for this was the dining. While the in house restaurants had children's options, there were not any other dining options that were a bit more informal. Anyone with children knows that you don't want to take them to a sit down restaurant at certain times. This was especially true since we were traveling. We arrived at the hotel with tired children in hand and wanted to eat a quick meal and then put them to bed. However, our only real options on location were these fancy restaurants. This was certainly not the most family friendly of options for a hotel with a kid friendly package.
",1,1
1402,"I was thoroughly disappointed with my stay at the Fairmont - the bathroom's worn sink basin and faint water spot on the mirror seemed like a lazy maintenance oversight, while the room's proximity to a highway made for an unrelenting din that lasted long after bedtime.",1,1
1403,"Just got back from a 10 day visit to Chicago. For the rate of $219 per night, it was extremely good value. Reception staff were efficient, courteous and very friendly. I was given a room on the top floor (32nd floor) facing the lake and the John Hancock Tower. The rooms were large and very comfortable. Housekeeping/Turn Down Service were efficient and thorough. Bathroom amenities were very good and replaced daily. This is definitely my first choice for a Hotel in Chicago. It is also very close to all the shops, restaurants and the subway. 
",0,0
1404,"I have stayed in the Talbott a few times and had always liked it. This time was my first visit in 2 years and I was disappointed. The hallways are now looking tired and the carpets need to be replaced. I had asked for a corner room but instead was given a small and very dark room looking out onto a wall 10 feet away with multiple noisy vents immediately outside the window. The lights had to be kept on throughout the day even through the days were bright. The bathroom was tiny and would be difficult to manage with 2 people in the room. The AC unit rumbled on permanently with background white noise even when switched off. Having stayed there before I know there are better rooms but this one was the same price as the others I have been in and the risk is getting it again. Other small things contributed - the lobby brownies are no longer, there were no cup lids for the lobby coffee (so you couldn't walk out with the coffee) and I got a newspaper only on the last morning of a 5-night stay. The construction noise was not too bad but does start at 7.30am and goes on until around 8pm, including weekends.
",0,0
1405,"This hotel was gorgeous! I really enjoyed my stay here and will definitely be returning in the future. The staff was friendly, the room was clean, comfortable and very well decorated. The restaurant/ room service was also exceptional. The food was delicious and the room service was prompt. This hotel is also in a great location. It is close to everything anyone may need, such as shopping, food and attractions.
",1,1
1406,"Despite a very convenient downtown location near transit, our Fairmont experience was deeply disappointing due to overwhelming noise from street traffic and neighboring rooms that never slept.",1,1
1407,"Very luxurious and worth the money. If you are looking to relax and unwind in a great hotel then this is the one to choose. The staff was great and friendly. Dont forget the 24 hour room service which is a great treat.
",1,1
1408,"We attended a Bachorette Party in Chicago in Aug 2005. There were 10 girls total. We had 5 rooms ... and I did not hear one complaint from anyone during our entire extended weekend. Never been to Chi-town before, I booked our hotel based on reviews from TA. And we were not disappointed. The staff is wonderful, the happy hour was just fabulous. The room was nice and clean, with a great double headed shower and Aveda products was an extra bonus! Then you also get free internet in your room! The hotel was chic and hip without the pretentiousness. We still talk about what a wonderful time we had ... and we all agree that if we ever go back to Chicago we will be staying at the Amalfi again. Trust me the pics don't do it justice! 
",0,0
1409,"A very nice hotel with small but adequate rooms. The decor was lovely. My daughter and I spent 5-nights here, saw Wicked just down the street and used the public transportation to get all around town. Was a bit disappointed with the bar/restaurant which opened and closed it's kitchen at will without regard to posted hours. The room description boasted of safe's large enough to accomodate a laptop, so I brought mine. I was informed after check-in that the safes are not in every room (and not in mine). As a side note, I was surprised that nearly all the shops many restaurants closed at 6pm in that area... even the 7-11. 
",0,0
1410,"Fairmont Hotels are generally my preferred choice, but this was a true disappointment. Check-in was quite slow and problematic (glitches with their reservation system locally). Room was very small and oddly arranged. Felt quite cramped in room and was hard to work at very small desk. Hotel overall felt quite cold and isolating...lobby is not at all inviting, and it didn't feel terribly safe walking around outside. Gift shop was overpriced, even for a downtown hotel. Food was disappointing. Overall this seems greatly overpriced and does not meet usual standards of A Fairmont i've come to count on. Bill was completely messed up and required 3 separate calls after i left to straighten out.
",0,0
1411,"The Hilton Chicago, located on prime real estate in downtown Chicago, has not aged as gracefully as other hotels around the country opened during the same period of time. The hotel does maintain the appearance of luxury that has made it iconic, but that luxury is not in accord with 21st century standards. Lacking any form of fitness center, the Hilton is almost alone among the major hotels of Chicago in forcing its patrons to go elsewhere for a quick workout. Even nominal fees for wireless internet use in hotel rooms is very rare at this point, and the outrageous parking fee of $43 for guests will discourage out of towners from making the Hilton their destination. Most guest rooms are no different than any other Hilton anywhere, meaning that unless you are staying in the admittedly fantastic Executive suites, you will be paying a premium for a prosaic hotel experience.
",1,1
1412,"Three nights there on business. Hadn't realized that the place was under construction and therefore the bar and restaurant are in the basement, very bleak. Told the front desk that I hadn't realized about the construction, so I'd have to switch hotels, they said they were still going to charge me for 3 nights. So I stayed. TV didn't work. Tried to get them to fix it and they ignored me...eventually after I called again, a few hours later, a couple grumpy maintanance guys came and fixed it. Long and complicated experience at the business center (which doesn't open until 9am, BTW), where I ended up paying $45 to print 55 pages. Had to buy these cards, and then the woman behind the desk ended up printing them herself anyway, (and charging me for them). I was left with $22 on a card for use at the business center in the basement of the Swissotel in Chicago, 2000 miles from where I live. I asked for a refund on the card and -- no surprise -- she declined to help me with that. Nice room, nice view, but the hotel is sterile and the service was incredibly bad. Worst experience I've ever had at a hotel when traveling for business.
",0,0
1413,"We booked through a travel website. This hotel is currently undergoing major renovation and will be renamed in September. The public areas are still being renovated but the hallways and rooms are done. The hallway was so dimly lit, we couldn't see how to use the key card. The shock came when we entered the room. Whoever designed it obviously did not take function or a guest's comfort into consideration. The bed was a mere 15 inches off the ground - a mattress (rock hard) over a platform. The 'nigh stands' were shelves attached to the wall at around 12 inches height. The room was stark - all off-white, no color. No art work or any decoration at all. The full-length drapes completely blocked the air conditioning unit; if it were winter and the heat was on, I think this could be dangerous. There was a desk & chair but no clock/radio in the room; there was a wall mounted LCD tv with very poor channel selection. The bathroom was very small but clean. The problem with it was that the tub was almost 2 ft high and difficult to step in to. An older person could have never stayed in the room. Because of the renovation, there was no restaurant on-site. No vending or ice available on the floor either I can't see anyone ever becoming a repeat guest at this hotel. I would never stay there again.
",0,0
1414,"I have recently stayed at the Fairmont Chicago Millennium Park and the visit was most unpleasant. This hotel was loud and the staff was very rude. All the fancy lights and designs are just a distraction from the snobby people who stay there and the people who work there that seem to hate their jobs. The hotel food was old, it seemed like they were making it all at once for all the people staying there. The beds were hard and uncomfortable and it was an over all bad experience in what looked like a 'nice place to spend a vacation'
",1,1
1415,"Checking into this Hilton was an absolute delight right from the moment we pulled up to the entrance. The room exceeded our expectations for cleanliness; every corner sparkled without feeling sterile. We particularly appreciated how fresh and updated the decor felt, avoiding that tired, dated look common in older city properties while maintaining a warm, inviting atmosphere. Stepping into the bathroom, we found it meticulously maintained with modern fixtures and plush towels that were incredibly soft to touch. What truly mattered most was our rest; thanks to the soundproofed windows and supportive mattress, we woke up feeling completely refreshed despite being tired from travel. The staff went above and beyond during check-in, offering helpful local tips without ever making us feel rushed or annoyed by their enthusiasm. Breakfast options were plentiful, filling us right before heading out for a full day of exploration downtown.",1,1
1416,"First let me say, the front office people at Hotel Monaco are wonderful and the location of the hotel was just what I'd hoped. There are some other problems; the furnishings are quite rundown, and housekeeping wasn't very helpful. We booked a suite and the sofa bed, chair and coffee table in the living room area had all had some very hard use. I've attached pictures, so you can see the considerable gap in the sofa and the lack of pillows. Comfortable it was not! The chair bottom is all broken down too. I invited one of the Assistant Managers to view our furniture, and a slight adjustment was made in our rate. As to housekeeping, we had ordered an in-room coffee service (which Kimpton's web site says is there, but you have to specifically request) and at no time did housekeeping leave us coffee. We had to call the front desk every day. And, housekeeping neglected our fish and on our next to last day we found it floating dead at the top of the fish bowl. I had requested water be added to the bowl when I noticed it going down and my note was disregarded. These things may not matter to you, but if you plan to spend a week, like we did, you might want to be comfortable. The bedroom and bathroom were superior; just the living room was bad.
",0,0
1417,"While the location of The Knickerbocker is undeniably perfect--steps away from Times Square action--it certainly didn't translate into a relaxing stay for me. Despite hoping for some tranquility, the room was surprisingly loud; I could clearly hear the commotion from the street right through the glass, making sleep difficult even on a quieter morning. My disappointment deepened when considering the view, which offered more of the neighboring building's adjacent structure than any actual cityscape or greenery. Furthermore, the breakfast selection was lackluster. Overpriced for what it was; frankly, the continental spread felt stale rather than fresh, and the coffee tasted decidedly weak.",1,1
1418,"I recently stayed at the Hard Rock Hotel in Chicago, Il. From the start, the experience was bad. The room was filthy, there were no towels, and the front desk did nothing to rectify the situation. I will never stay there again. I could not have been more dissatisfied.
",1,1
1419,"This hotel was great - In a great area right downtown and close to everything. The daily happy hour had great food, wine and premium liquors. The free breakfast was even better! Actually I believe everything was included breakfast/happy hour/business center/WiFi. Our room was a king size facing the back of the building. Really clean new and comfortable. Small touches such as books and cds to enjoy made the room feel less like a hotel - Would highly recommend. 
",0,0
1420,"We will not be back to this hotel. There are several reasons for this, but it began at check-in when the staff were very rude and uptight. Our reservation was lost in the system and they seemed to think it was a strain on their time to have to find it. The room was OK, but the beds were hard and uncomfortable. The room next door had their TV turned up very loudly, and when we called to ask if we could change rooms were were told that was not an option. They didn't offer any other solutions. The food in the restaurants was extremely overpriced and not cooked to our requests. Overall, we wish that we had chosen a different hotel for our stay in Chicago.
",1,1
1421,"We absolutely loved our stay at Affinia; it truly felt worth the investment given the level of service and luxury provided throughout. From the moment we arrived, everything was immaculate, which is always reassuring in a busy city location. My bathroom, in particular, deserves a shout-out--it was spacious, modern, and stocked with high-quality toiletries that made getting ready feel like a mini spa experience rather than a routine necessity. Staying on the higher floor meant we enjoyed profound quietude throughout our entire visit, even when the neighborhood outside was bustling; it felt like an oasis. Furthermore, I have to commend the connectivity; the Wi-Fi was remarkably fast and never faltered, allowing for seamless work sessions alongside evening entertainment. Overall, the combination of sophisticated ambiance, restful sleep, and flawless functionality made this trip exceptional. We are already planning our return visit!",1,1
1422,"I live in Chicago and have frequent occasion to recommend hotels to friends and business acquaintances. We recently put up a candidate (and his family) we were recruiting for our company at the Conrad. We had had good luck with this hotel when it was a Le Meridien. It was a disappointment for all concerned as a Conrad. On the plus side, our guests were able to check in early with no problem and they generally liked their room. On the downside... They learned after the fact that all rooms with two beds have no bath tub (only a shower). Our guests moved to a room with a bath tub and found hairs in it, which they had to clean themselves. When the coffee bar had no caffeinated coffee and our guests asked for some, they were told it would be delivered immediately. When they called 30 minutes later the front desk admitted that they had 'forgotten.' While the concierge and doorman were quite helpful, our guests told us that the front desk personnel were sullen and unresponsive. Our guests were generally under whelmed by one of the 'five best hotels in Chicago.' Conrad has a long way to go to compete with the Four Seasons, Peninsula and Park Hyatt.
",0,0
1423,"I stayed at the Millennium Knickerbocker Hotel for a total of three days, and through out my stay I had a wonderful time. The room was impeccably clean, as well as the pillows and sheets. The beds were large and extremely comfortable. The staff though, in my honest opinion, is what made my stay so pleasant. From the people at the check in, to the waiters at the restaurant, I got the best customer service. The hotel was also conveniently located. It was within walking distance to the shopping center. I would definitely recommend this hotel to anyone staying at around the area in Chicago. 
",1,1
1424,"Check-in at Affinia was seamless, but it is honestly a bit pricey for what you get unless you value that specific neighborhood location highly. The room itself felt modern and spotless upon entry, though I found myself constantly checking to ensure nothing looked out of place given the cost per night. Once inside, my immediate concern was noise; unfortunately, the street below creates a low-level hum that makes it difficult for deep sleepers late at night despite the thick walls. However, this minor issue is more than offset by an exceptionally spacious and luxurious bathroom featuring deep soaking tubs with powerful jets and rainfall showers designed to feel like they belong in a high-end spa rather than a budget hotel. The most impressive feature without question was the internet connectivity; the fiber optic wifi never dropped even when I hosted video calls for work, which is rare at this price point.",1,1
1425,"We got a spanking deal at this hotel for $99 a night. It's in a good location to the Loop. Excellent transportation options abound. My gripe comes from the fact that we were obviously put in a 'crappy' room. It overlooked the back of the building and the roof of a building next to us. The toilet in the room was not bolted to the floor. Other than that, if I needed to stay in the Loop again for something and I knew I wasn't going to be put in a undesirable room, I would stay here again.
",0,0
1426,"Beautiful hotel, but doesn't have a lot to offer for the price. Sheets and pillowcases in the room had stains on them, TV remote would not function properly. Valet service truly needs improvement. We payed quite a bit for overnight parking, and it took them almost an hour to bring our car to us when we needed to leave. When we asked to find out what was taking so long, we got tossed back and forth between bell hop and front desk, with no answers.
",0,0
1427,"They rave about their beds but the beds were average. On surface room seemed clean, however, dropped my pen behind nightstand and discovered at least an inch of dust. It appeared there had been repairs to something where they had to cut away part of the wall. The repair job was covered up with a wallpaper board over the hole but the board did not even completely cover hole. Impossible to have a decent shower or bath. EXTREME water saving devices on both the shower and tub provided basically a trickle of water. I was unable to get the shampoo out of my hair as pressure was so poor. Also be prepared to be nickled and dimed to death. There was even a $10 charge if you used the coffeemaker in the room, really! For room service they tack on a delivery charge and a 20% gratuity. Since the waiter does not stay to serve you how is he earning a gratuity. I have already been charged for him to deliver the food. The parking fees were outrageous at $51 a night but to add insult they charge a hotel patron the same fees as the general public. Upon packing to leave we realized that the dvd set my son had brought was missing. I reported the theft to the hotel. Had to file a report with security who promised me they would investigate and get back to me within 2 days. It has now been over two weeks. No follow up, no apology even given. We will never stay at this hotel again. We have been to Chicago many times and this is the worst hotel we have ever stayed at.
",0,0
1428,"I was really looking forward to staying at the Hyatt, but unfortunately, my experience fell short in almost every way. The first thing that struck me as I walked in was the outdated decor - it felt like they were just going through the motions of being a modern hotel without putting any real effort into it. My room was small and the bed creaked with every move, making for a pretty miserable night's sleep. I also had to deal with a slow and unfriendly front desk staff who seemed put off by my questions about breakfast hours. The free breakfast buffet was overpriced and lacking in variety - I opted out of it altogether after one underwhelming visit. To top it all off, the gym was out of order when I went to use it. For a brand as well-established as Hyatt, you'd think they could do better than that.",1,1
1429,"My stay at Swissotel was absolutely wonderful from start to finish. Honestly, I haven't slept this soundly in years; the bedding was heavenly and remarkably quiet, allowing for deep, uninterrupted rest every single night. Upon arrival, I was immediately struck by how immaculately clean the entire room was--it felt spotless, right down to the corners of the bathroom. What truly elevated the experience, though, was the staff. Every single employee, from the concierge to room service, were genuinely attentive and incredibly gracious; their professionalism shone through in every interaction. And speaking of beautiful things, the view from our window overlooking the city skyline at sunset was nothing short of breathtaking--the perfect backdrop for winding down after a day of exploring. I left feeling completely refreshed and already looking forward to my return trip. A truly delightful stay!",1,1
1430,"This morning, I checked out and left behind one of the worst hotel experiences I've ever had: Hard Rock Hotel, Chicago. I am in disbelief that this hotel is part of the 'Preferred Hotels' group. Upon checking in, I was 'greeted' by a front desk staff that had better things to be doing and let it show. My room was poorly lit and dirty. The desk/desk chair was covered in sticky, dried soda pop (or something else?) which I had to clean myself so I could work. The 'sound system' was put to shame by my 10-year-old daughter's boombox. No one, rock star or otherwise, wants to reach more than an arm's length for toilet paper. Everything is possible. This includes hiring professional and courteous staff to answer customer calls that are directed to the 'everything is possible' line. Great marketing fails with no follow through. The in-room mini-bar policy ranks in my personal top-five most ridiculous business practices of all time. Do you charge Steven Tyler $7.81 for opening his in-room 'fridge? Looking back, I would have much preferred enjoying cocktails in my dirty room rather than the dirty, drafty, overpriced bar (with a horrendous wine list) With the exception of the fact that I was leaving, check-out was no better than checking in. I wasn't even asked about my stay! The young woman who provided me with a copy of my bill could not have been more unpleasant. I, for one, will not bring my business back to that location. Next time I'm in Chicago, I'm staying at the Hyatt. Rock on, TripStarr
",0,0
1431,"Stayed here October 31 through November 5 for a cconference. This is beautiful hotel and the location is perfect. The Art Institute and Millenium Park is a short 2 block walk from the hotel. My room was small, but beautiful. The bed was comfy and there were plenty of pillows. Alas, no coffee maker in the room...The staff was helpful and friendly. I'd stay here again! 
",0,0
1432,"My sister and I went to Chicago for a weekend and decided to stay at this hotel because I have a friend who works at Homewood Suites here in Cleveland so we got a discount. The valets were really friendly, you get in and out service when you pay for parking with the hotel. Check-in is on the 6th floor because there are restaurants beneath the hotel at street level. That also made finding the hotel tricky because I expected a groove to pull into and it turned out that I just had to pull over to the right side of the street. The lady at the front desk was friendly and informative. Our room was very clean. The fact that it is an extented stay hotel was nice when it came to bringing home leftovers from restaurants, storing and reheating food. The complimentary breakfast was great! They have real food such as eggs, bacon, french toast, cereal, bagels, juice, milk, and yogurt. The hotel is in walking distance from everything and there is a trolley that goes to Navy Pier and passes by Michigan Avenue. They also have free WiFi. Overall, I would definately stay here again and I would recommend it to others. 
",0,0
1433,"Despite expecting more from a Sofitel, my stay was marred by relentless noise--loud hallway chatter well past midnight and slamming doors waking me repeatedly, leaving me restless despite a serviceable mattress.",1,1
1434," I stayed at the Sheraton Chicago Hotel and Towers a couple nights ago. The service was excellent!! As soon as i stepped through the door they grabbed my bags, and were helping me choose the best hotel room for me! I loved there service and the room was gorgeous! I highly recommend it for anyone, and there prices aren't as bad as others. I loved the experience and I'm sure next time I'm in the area I'll visit again!
",1,1
1435,"I stayed at ICH Chicago for business in November of 2006 and loved it. As a Royal Ambassador member, they upgraded me to a beautiful junior suite with a separate living and working area and 2 bathrooms! My upgrade was in place upon arrival and a beautiful fruit basket was waiting for me on the coffee table. They even had a nice young lady escort me to my room. The suite was beautifully furnished and had an Art Deco feel to it. The only thing I regretted was that I only stayed one night. I will definitely stay here on my next visit. 
",0,0
1436,"I stayed at the Chicago Fairmont for four nights for a conference. My fiance' accompanied me. When we checked in, we were given a room with two full size beds despite the fact that our reservation was for one king size bed. So instead of relaxing on the large luxurious bed we had imagined, we were forced to either sleep in separate beds like Ward and June Cleaver or either cuddle up on a small full size like two college kids in a fraternity house! We discovered that the coffee maker wasn't working and called down to the desk to have someone look at it, and waited two and half hours. We had issues with the plumbing, including extremely slow hot water tap in the bathtub which took 45 minutes to fill. The toilet stopped working twice. We returned one afternoon from the art museum to find the maid in our room, sitting on the bed, watching the tv and talking on her cell phone. They bellman were rude, and wouldn't let my fiance unload our own car which was packed with some of his very expensive camera equipment. There were errors on our bill. Last but not least, we saw a ROACH in the drawers. Alive. The restaurant downstairs was decent, and the location is fairly good since my conference was in the Hyatt next door but for the price you can find someplace better. I will never ever stay here again under any circumstances.
",0,1
1437,"I recently had the misfortune of staying at the Swissotel Chicago hotel in Illinois, and it was one of the worse travel experiences I have ever had! First off the shuttle that was suppose to pick us up at the air port was late by over an hour! Then when the bus finally came, the driver was nice enough but it was clearly his first day on the job since he got lost going back to the hotel. Finally when we got to the hotel they didn;t seem to have our reservation for the 2nd room. (my wife and I stay in one room, our teenage girls usually stay in their own room.) So after the very rude clerk at the corner did nothing to help us we were forced to pack into one room. we would have rented another room but they had no vacancies left. They hotel did have a large occupancy rate, but that only slowed up everything else. our room service was late almost everytime we ordered, and the hotel restaurant never had a wait less then 45 mins. The quality of the room was fair enough, but it was almost impossible to get room service, we could not get fresh towels for almost 2 days! We were suppose to stay for a week, we left after 4 days and found a different hotel to stay at. I would not recommend this place to anyone! stay away!
",1,1
1438,"My husband and I were in the Fairmont Chicago recently for a conference. We stayed in a spacious suite. All amenities appeared recently updated and in excellent shape. The bed was very comfortable. Views were great. I love their products in the bathroom and used them in the pristine tub two out of three nights. The room was so quiet, it was very relaxing. We ate in the restaurant downstairs (Aria) and although pricey, it was excellent. The staff were consistently attentive and responsive. It is evident that everyone is very well-trained. I would love to stay here again. 
",0,1
1439,"After an exhausting trip with barely any rest--nearly every night punctuated by loud voices from the room above--I found the James' decor painfully stale, as if stuck in the '80s.",1,1
1440,"My husband and I stayed at this hotel the weekend of Sept. 17-18, 2011. When we were planning our vacation, we were impressed with the hotel. The exterior is very lovely and we looked forward to enjoying the view from our room. We first started to wonder if we'd made the right choice when there was no one waiting to help us with our bags. We had to carry our luggage up to our room ourselves as the hotel was in the middle of a shift change. This seems like something a supposedly 'world class' hotel should be able to avoid. The good: Our room did have a nice view and when I sat down on the bed it was like sitting on a cloud. The shower was very pleasant. The bad: The room was very small and the bed was not the King size we had requested. We felt very cramped and uncomfortable throughout our stay. We have stayed at less luxurious hotels that were much more spacious and able to provide us with the requested size bed. The restaurant options were acceptable, although the service was not as excellent as described. Perhaps we expected a miracle that would've changed our minds about the hotel. We were so disappointed by the room and the service at check-in the rest of the weekend was somewhat tainted. We usually enjoy partaking of room service, but we decided after a sub par first day we would eat out for the rest of the weekend. Next time, we will look into other hotels in the Chicago area.
",1,1
1441,"Recently stayed at the James Chicago and will NOT be returning anytime soon. The staff is unfriendly to say the least and the prices are outrageous. Also not a fan of the fact they allow pets as guests. There wasn't enough space in the gym and the lack of variety in equipment limits your options severely. Ultimately i was very unimpressed with the services as a whole and would recommend you avoid this establishment.
",1,1
1442,"This hotel must have originally been an ordinary downtown hotel in a not very nice neighborhood. The owners have painted it over and fixed up the lobby to make it an 'upscale' overpriced boutique hotel. But it's still just an ordinary hotel with a paint job. Stay here if you want to experience staying in a flophouse, but with all the sleaze removed. Definitely stay at the chain's other location, the Burnham, for a much, much nicer hotel.
",0,1
1443,"Stayed at the InterContinental for an entire week on business and for the most part a very elegant, convenient visit. Stayed in the historic tower. Very nice rooms, great view, attentive staff, convenient location just north of the Tribune Tower & the river, and nice fitness club at $16 for the entire stay. The only downside is I couldn't get over the feeling that I was being nickle & dimed: $10 a day for Wi-Fi, $6 bottles of water in the room, $26 mini-bottle of wine in the fridge, tipping multiple staff for carrying the same bags, etc. Their in-house restaurant Zest is Zagat rated though I'm not sure why. Within a 5 minute walk there are plenty of great restaurants with much better food than Zest. But, next time I need to be near the Loop I'd stay at the InterContinental again. 
",0,0
1444,"We booked this Hilton expecting our usual standards of comfort but left feeling genuinely let down by every single aspect of our stay. From the moment we arrived at a drab entrance that felt more like an industrial warehouse than a luxury hotel, things took a turn for the worse. The front desk agent seemed annoyed by my questions about checkout time and barely acknowledged us before rushing back to the phone. Our room was surprisingly quiet until you heard someone screaming in the hallway three floors above; I thought we were going crazy all night long!",1,1
1445,"Stayed for 2 nights at The James, wonderful location 2 mins walk to Michigan Avenue with all the shops. Staff here were all incredibly helpful and genuinely friendly. Nothing was too much trouble. Rooms are huge and the beds the most comfortable I have slept in. Room was very clean, had separate seating area with sofa and chairs with a 42in flat screen tv. There was a bar area with stereo, mini bar and coffee maker. There was another flat screen tv in the bedroom area. Bathroom very good with complimentary shampoo, conditioner, shower gel and body lotion. Hotel is also 'pet friendly'. There was even a large bowl of iced water and a barrel of dog biscuits at the front door of the hotel !!!. Pets even had their own options on the room sevice menu. 
",0,0
1446,"My girlfriends and I stayed 4 nights at the Talbott returning home on Saturday 9/29. We all had a wonderful time and thoroughly enjoyed the hotel. The staff from top to bottom were excellent, accommodating. The room was roomy...with our only complaint being not being able to cool the room fast enough after a day on the town. The construction next door was obstructing the sidewalk, but being on a oneway street limited that difficulty. The doorman, Andrew was an excellent source at this hotel. He arranged all our transportation at night to restaurants. We enjoyed everything about the hotel and the city. The hotel was expensive but met expectations. 
",0,0
1447,"The Sofitel is a far cry from its sleek Parisian counterpart - my recent stay felt like a soulless, corporate nightmare.",1,1
1448,Absolutely stunning stay at Hotel Amalfi! The breathtaking views from our room's private balcony were the perfect way to unwind after exploring Positano - the staff's warm welcome and excellent service only added to the experience.,1,1
1449,"I was scheduled to stay at the Hard Rock in June, but had to cancel. I had booked the hotel back in January. When I called six days before my arrival date to cancel, I was told that I would be charged for my stay because I did not cancel seven days in advance. I told the customer service rep that I had never heard of such a practice, but she said, in a very smug manner, that I was told back in January. I honestly don't remember being told of the cancellation policy, but think it is a unprofessional practice to capture some additional dollars since it is not an industry standard to require a seven day cancellation policy when you book directly with the hotel. I, for one, will never stay at a Hard Rock hotel and will make sure that my friends and business associaties know of this unfair practice.
",0,0
1450,"I was thoroughly underwhelmed with my recent stay at the Swissotel. From the moment I arrived, it felt like the entire property was just going through the motions - the lobby was clean but lacked any real character, and the check-in process was painfully slow. Our room on the 20th floor was supposed to be 'luxurious', but it felt more like a generic corporate space. The bed was uncomfortable and the air conditioning didn't seem to work at all. To make matters worse, the in-room coffee machine didn't work, which is a small detail but still a major annoyance. I also had to wait over 20 minutes for the hotel's 'complimentary' breakfast service to get my order right, and when it finally did arrive, there were only lukewarm pastries and stale bread. For a luxury hotel like the Swissotel, you'd expect better. Needless to say, I won't be staying here again anytime soon.",1,1
1451,"I stayed @ Affinia for one night on a purpose not to drive all the way from NW suburbs to Women's hospital oir my surgery. Few things I really didn't enjoy - I could hear noise from outside all night long as well as inside noise from slamming doors.No noise insulation at all! Very dusty between window frames(I understand - cars,pollution) but it looked like it wasn't cleaned for a very long time.One more thing really made me upset - broken blinds on a right side. I was unable to pull them down to enjoy my sleep time...We didn't notice the problem until very-very late.The Affinia hotel serving tourists and guests of Chicago as well as Northwestern Hospital patients and their families - which really need extra privacy and comfort ! Strange but every hotel I stayed @ was supplied with the SEALED roll of toilet paper.Affinia didn't even offer that.Looked like someone used a bathroom right after it was taking care of by a cleaning lady! Neither toilet paper nor toilet seat were sealed for us to use!!!!!!!!!!!! Hopefully,no more surgeries for me...Won't stay @ this place for leisure - even with discount!
",0,0
1452,"This hotel is the best hotel ever in my opinion, and I really enjoy everything thing about it and I also have many different reasons why I like this hotel. From the entrance to every details on the inside all the way up to the rooms, everything seems to pocess some kind of style to it and not forgetting such a modern feel it has. I completely am astonished by this building and if I had to pick one to compare with this one I really would go for this one. It's like a person would have to see it to believe. It has a lot of modern designs. Thank you and this is my review and it's real. 
",1,0
1453,"Thanks Sheraton Towers for the invite to enjoy your indoor pool while a guest at your hotel recently. I did not know that the skyline of Chicago could be so beautiful or an afternoon at the pool so enjoyable. I'll be back soon and look forward to a seeing Chicago again.
",1,1
1454,"Great location - right on the Chicago River - away from the other skyscraper hotels - our room was good size, very clean and with a nice river view - Overall, a great staff - in particular I would like to point out Christy Morgan - Chief Experience Officer and Paula Fortney - Concierge for their assistance in making this stay a memorable one - (in the interests of full disclosure, we stayed here on our AMEX - Starwood points) 
",0,0
1455,"I stayed in this hotel for a week and I was looking forward to a stay at a top class hotel. I was shocked and disapointed with my stay, Here are some of my gripes - Room had a broken phone and broken lightbulb - Breakfast service was slow and impolite - Hotel rationed shampoo (one bottle for two people sharing and did not refill a bottle that was less than half full). - We also shared a bar of soap. I was so disappointed with this hotel, I paid for a premium hotel and got a very disappointing stay.
",0,1
1456,"My husband and I stayed at the Sofitel Chicago Water Tower for three nights last month. We were celebrating our anniversary, so we decided to splurge on the Prestige Suite. According to the website, we were to be given either a city or park view, neither of which we had. Instead, our room was overlooking a dirty field with some sparse trees. The woman who checked us into our room was rude and impatient, and the man who helped with our bags was the same. When we got to the room, the beds were unkempt and the floors were in serious need of a vacuuming. The bathroom was dirty and there was dried toothpaste in the sink. My husband requested that we be given another room, preferably a clean one, but the clerk told us that there were no other rooms available. If given the chance, I would not stay at this hotel again, even if I were offered a free night.
",1,1
1457,"Honestly, the Knickerbocker was just underwhelming; far too overpriced for what I experienced--the room felt dated and breakfast was disappointingly lackluster, making for a really tough stay overall.",1,1
1458,"This location was perfect, but the constant street noise ruined any chance of a restful sleep; even with fast Wi-Fi, I felt like the entire stay was far too short to recover from such an underwhelming experience at the Sheraton.",1,1
1459,"The air-condition has a noisy fan/compressor in each room. It starts every 3 to 5 min and the noise will wake you up. At least the first night. This is an old fashion system that needs to be replaced. The postal service at the hotel is non-working. The hotel messed up our concert tickets that was correctly addressed and transported by UPS. The tickets were at the Hotel General Managers office. The reception denied that they had arrived. We had to spend most of a day travelling to the ticket agent to resolve it. The Hotel did not find any reason to apologize for the inconvenience. The concert was the reason for our travel to Chicago. Else, the Hotel had good standard, free internet in the lobby, not to good view from the rooms, and friendly staff at the restaurants and the bars. We had booked 20 room-nights all together staying at room 612, 425 and 431 from the 23rd June.
",0,0
1460,"I found this hotel in the 'Small Luxury Hotels of the World' booklet having stayed in many of these in recent years, and they were indeed above and beyond average hotels. I therefore chose it for a 4 night stay while visiting from England. The Talbott was excellently located, although i had a view of a building site, and did have an ambience and some charm, however it was a little dirty and faded around the edges and the service was appalling. I had to wait in the foyer well after check in time, having previously attempted to check in earlier, tired and in need of a rest, while a 'final check' was done to my room. The valet parking was not outside when requested, breakfast was not included in the price, all the things requested of reception did not occur, and there were very few touches which make a hotel stay special. I have stayed in hotels which are so much more elegant, where the staff and service are first rate for half the price of this hotel. I was severely disappointed and cannot recommend it at all.
",0,0
1461,"I was really excited about staying at the Amalfi after reading several reviews online. Unfortunately, it was a very disappointing experience. When we arrived, we were told that there was a mistake and the hotel was oversold. So, we had to move to another hotel. Amalfi did take care of the other hotel, cab fare, and after much negotiating...breakfast. We were traveling with 2 children and all of this was very inconvenient. Instead of getting up the next morning and going to the museum as we had planned, we had to get up, pack up our suitcases, check out of the hotel, take a cab, check back into the Amalfi, only then could we head to the museum. We were also told that our first night's stay would be refunded. Well, more than 3 weeks and 3 phone calls later...there still hasn't been a refund. I can't even get a manager to call me back. The Amalfi wasn't all bad, it is centrally located close to train and bus stops and has many restaurants within walking distance. The coctail reception had a nice selection of drinks and appetizers. However, it was in a very small room and there was no place to sit both nights we attended. One reason we picked the Amalfi was that it had 2 queen beds instead of doubles, but they seemed really small for queens. Our view from our room was of the alley. So, overall the best part of staying at the Amalfi was the night that we were sent to another hotel and had a wonderful view of the city from the 22nd floor. Very disappointing indeed!
",0,0
1462,"My significant other and I recently spent 3 nights at The James and on the last day I said, 'I wish we could stay longer'. That good! The room was immaculate and a very pleasant surprise from the moment you open the door. Everything is high tech. Plasma TV, CD/Radio, Projection alarm clock (love that so much bought one today). If you wanted room service you got it from David Burke and the mini bar and liquor selection was plentiful. They even have a four legged friend menu. The bathroom was pleasant with bathrobes/slippers and upscale products provided. The bed was the best in a hotel ever. Linens were crip, white and fresh. Maid service twice daily with turn down service. Safe in room, ice delivered, iron, hairdryer all top of the line. The filtered window shades blacked out the light and matched the modern decor. Mid-century style with funky chair/ottman, cubes and a table with nightstands gave us plenty of room and felt like comforts of home. The staff was courteous and accommodating. The library, free internet access, in room wifi were extras we didn't expect . Bar/lounge areas seems to be frequented by locals enjoying cocktails and appetizers in the lobby. Funky artwork. Location, location, location. The best place we've ever stayed not only in Chicago. Highly recommend. 
",0,0
1463,"From the moment I checked in, the staff at the Fairmont exceeded my expectations - warm and genuine smiles from everyone, including the concierge who took extra time to recommend local gems. The view from my room was stunning, a tranquil oasis of greenery and calm water that seemed to seep into the whole atmosphere of the hotel. While the decor may not be cutting-edge, I found it elegantly nostalgic, evoking memories of classic luxury. My stay felt just right - long enough to unwind, short enough to make me want to return. The hotel's attention to detail was consistently impressive, from plush towels to expertly prepared meals. Overall, my visit to the Fairmont left a lasting impression - I'd happily book again in a heartbeat.",1,1
1464,"I booked a room at the Hyatt through Priceline and was able to get a rate of $45/night! Can't go wrong with that! The rooms are nice, spacious, clean and contain all the amenties a traveler would need. I have to say that I have fallen in love with the Hyatt chain due to their customer service. I have stayed at a few of their hotels in different cities and the staff has always been extremely friendly, which you don't often see at other hotels. I used the self-check in machine, and the customer service person checked in on me to make sure everything was going smoothly. Then, when she saw that my room was not on a high level, she offered to have it changed for me so that I could have a better view. I would highly recommend this hotel! 
",0,0
1465,The Ambassador felt completely hollow upon arrival with staff ignoring our requests until they simply walked away leaving us to wait endlessly for service that never came while rooms smelled musty despite claiming premium status which made spending money here feel like a genuine waste given how poorly everything was handled during this stay overall.,1,1
1466,"Stay Away! After generations as an old-world, cozy and stately, if a bit tired oasis, the AE has been purchased by Ian Schrager and taken down so many notches it's almost not functional. Allowing for the fact that the hotel is under renovation, the entrance is not handicapped accessible, and I saw several hotel guests with canes, casts, etc (including myself, recovering from foot surgery and in a cast, with a cane) struggling with the up and down outside stairs one has to navigate just to get into and out of the hotel. With luggage, it's almost impossible. This is simply inexcusable. I've been a customer of the Ambassador East for decades--but no more. The hallways are so dark one can barely see. The rooms are stark white, which in and of itself, isn't a particular problem, but it is jarring and almost painful as one's eyes adjust from the dark hallways. The furniture--stark and scant--looks like something from an Ikea closeout. The bed is comfortable--what a relief--but only about 15 inches off of the floor, a real problem if you're at all physically challenged, or even elderly and less flexible than you were in your salad days. The problems don't end there. My room had a horribly uncomfortable wire/metal desk chair, and absolutely nowhere else to sit. No arm chair, no demi-sofa, no ottoman. With a foot in a cast, it would have been nice to be able to sit comfortably, perhaps even with my leg elevated, while in the room. No way. The bathroom has absolutely nowhere to put any of your toiletries. Not a shelf, a small table, a nook, or a medicine cabinet. If you want to put a razor, shaving cream, makeup (for women) or anything else down so that you can use them, you're sh*t out of luck. Repeated requests for a small table or some sort of chair went unmet. A borrowed umbrella from the front desk was broken and unusable, something I didn't discover until caught in an expected downpour. I was tempted to throw it out, but remembered that they would charge me for it if I didn't return it, in spite of its total lack of usefulness. Refrigerator--forget it. Shampoo? For two days in a row, the housekeeper left several bottles of lotion, and no shampoo. Room service--not available. If you want breakfast, the front desk will sell you a small, pre-wrapped, commercial grade muffin for $4.00--something you can buy in any gas station for $1.00. No added value whatsoever. The photos show a nice entrance, and a large lobby for which the AE has long been famous. Unfortunately, that lobby is closed off, under construction, and the temporary lobby is on the second floor, difficult, again, for handicapped access. Thermos-bottled coffee and water for tea were stone cold, at 8 in the morning. When confronted with these various misses, the front desk staff repeatedly shrugged their shoulders and said, 'Yeah, we know, you're not the first to tell us this stuff.' All this shows is that Schrager doesn't even care to make an effort to make his guests comfortable, and that the staff is either too indifferent or too amateur to know the difference and even make an effort to get it right. It's one thing to get a good price on a hotel room when it's under renovation. It's another thing altogether to get screwed in the bargain, particularly after booking a non-refundable pre-paid reservation. Again, avoid this hotel like the plague.
",0,0
1467,"This is an older hotel, and the age shows. Rooms are small, and a bit drab. Bathroom in my room was in urgent need of upgrade. Bed was comfortable, though, and the room was quiet, Hotel staff was polite, but not really interested in the guest. Even the concierge was disinterested. Check-in was irritatingly slow for the few number of people in line. Really, a hotel tjhat promises so much in its promotional material should deliver better. The hotel really didnt seem to be trying.
",0,0
1468,"This is about the fourth time we stayed at the Allegro. The previous times, I have nothing but good to say about the Allegro. But my reaction has soured on this place. We have stayed here the past few years on the first weekend in December as a kick off to the holiday season and our shopping. From the very start, this year was a disappointment. I had checked the deals on a number of sites before calling the Allegro. I was quoted one price (higher than what was on line), when I mentioned this, I was told I could have the lower price. At check in, the desk was nice but not friendly. We discovered that our room was not as good as in the past (punishment for asking for a lower price?) The closet had no hangers, we had no place to put our suitcase. No one mentioned the wine reception in the evening. On the second day, we discovered that even our bath mat for the shower was missing. It took two phone calls and almost two hours to get a new one. I wrote the management following our stay. I have yet to receive a reply. Needless to say we will be looking elsewhere when we go into the city the next time. I would advise others to do the same.
",0,0
1469,"I was thoroughly impressed with my recent stay at the InterContinental Chicago. The hotel's stunning views of the city skyline were truly breathtaking, especially from the expansive window seats in the executive rooms. The modern decor was sleek and sophisticated, with a warm and inviting atmosphere that made me feel like I was at home. The staff were friendly and attentive, always happy to offer assistance or recommendations for local attractions. One of the standout features was the spaciousness of the rooms - my suite had a large living area and separate bedroom, perfect for getting some work done or relaxing after a long day. The hotel's fitness center was well-equipped, with plenty of cardio machines and free weights, making it easy to stay active during my trip.",1,1
1470,"When I first booked my reservation at this hotel, honestly, I didn't know what to expect. I mean, I'm kind of a music person, but this was my first real experience with a musically 'themed' hotel. Upon staying here, however, I am convinced that I made the right choice in my stay. The dining accommodations were excellent, and I was served probably some of the best food I've ever eaten at a hotel. It was intelligently placed in downtown Chicago, and I wouldn't have to walk too far to see some street performers, or just take in the majesty of the city itself. The room I had booked had an excellent view of the skyline, and I could've easily sat for hours, just marveling at the city sprawled out before me. The whole 'Hard Rock' and musical aspect of the hotel was just the icing on the cake of my stay. If I had to stay here again, I would! 
",1,1
1471,"The hotel is staffed by very nice but many inexperienced people. Executive lounge has limited hours and no access outside of those hours. Other areas similarly lack the level of service that is expected for this type of hotel. One of the individuals at the concierge desk twice gave us bad information about public transportation and the hours at one place. While the location is good, this particular hotel is simply not a good representation of what Swissotel is supposed to be, and there are far better choices in Chicago. It would not be my choice for a return stay.
",0,0
1472,"After a one night stay at the Millennium Knickerbocker Hotel Chicago I must say that while I loved Chicago I will never go back to this hotel. The problems started in the parking lot, yup before I even got in. There was very little parking available and the area was filled with garbage, broken glass and kids hanging out looking for trouble. Upon first entrance the hotel seemed nice but all that changed as we got into the elevator to go up to the room. The elevator made all kinds of noise and the door slammed shut on my arm as I was trying to get the bags out. The hall smelled of smoke and the carpets were warn and dirty looking. When in the room we found that one of the curtains would not pull closed, the heater whistled and when I called the front desk to ask for assistance and fresh pillows I was hung up on. This was only the beginning of our terrible stay. Guests where in the hall and banging on walls all night long. The maids started running vacuums before 8 am and seemed to feel that the best way to do it was by hitting the vacuum on the wall with each pass. We could not check out soon enough! We called around and found another hotel to stay in for the remainder of our trip.
",1,1
1473,"Well, this used to be a Le Meridian Hotel, and it has changed for the worse. We kept having to remind them we booked a package, because we were being over-charged separately for everything, when it should have been included. We were supposed to have champagne in the room upon arrival, and did not. Two phone calls and three hours later, it finally showed up. We tried to have a drink in the bar, and even though we were the ONLY people there, three servers/bartenders came and went, talking to each other, not one of them acknowledging us. After ten minutes we left the hotel and went down the street for a drink. And don't bother to pay extra for 'City View'; because you may get the view we had from only the sixth floor, looking across the street directly into a plain brick wall - that is all we could see. Oh yes, the valet lost his cell phone in someone's car, and called me at home today to see if we found it. He wanted me to call him back at home. Nice of the hotel to give out our personal information to the staff, huh? For the money, stay at any other hotel in Chicago with the same price-point and it will be much much better.
",0,0
1474,"Stayed here in November 2011 on a leisure trip to Chicago. Hotel is very dated, with some rooms that just aren't good enough. Front desk staff was rude. Will not be staying here again - prefer the Swissotel and the Hyatt properties (Regency is similarly priced, and Park Hyatt is 3x more) and a list of boutique hotels in the area as well (Kimpton, etc). Pros: -The only hotel that opens onto Michigan Avenue, very close to all of the excitement -Eno Wine Bar has a great selection of cheeses -Rooms are clean Cons: -Some hotel rooms just make no sense - our first room was tiny and had a window overlooking a ledge (effectively no view), and our second room had two windows that looked out onto a brick wall (actually no view) -You have to pay for everything - internet, gym, and the pool (which was not available due to renovation...) -Entire hotel was very old, not in a classical sense but in a ghost story one -Front desk staff was rude
",0,0
1475,"This is a great hotel! The views are fabulous, the service it friendly and the location is superb. We booked a room on an upper floor and had access to the lounge where breakfast and snacks were available with picture perfect views of the Chicago River. The only negative is that the ceilings in the hall and room are low and can make you feel a little cramped. We booked our room for $89 a night for Memorial Day weekend. It was a steal! I highly recommend this hotel to anyone and will be returning! 
",0,0
1476,"After staying at the Omni Chicago Hotel, I can honestly say that I will take the time to book a room, ahead of time, on my next visit to Chicago. We were thrilled to see how beautiful the hotel was, at first because it seemed like it would be a nice place. The outside of the hotel was pristine, but our room was filthy! We requested a non-smoking room, but it had obviously been smoked in before, as you could still smell the stale smoke in the air. In fact, we were told that the entire hotel was supposed to be non-smoking, but the hallway smelled like cigarettes as well. To top it off, room service brought us the wrong item. When we checked out, we saw that they still tried to chage us for the item, even after we sent it back. I would also have to point out that Michigan Avenue is a bad spot for a hotel that claims to be so high class. Right outside of our hotel were drug dealers and prostitutes. I couldn't even go to the gas station after 8 p.m. because I was too scared to leave the hotel. The pool was closed on our first night there because of some convention that the hotel was holding, thus keeping us from using the hot tub that we were looking forward to. For the price of the room I would say this place was a definite disappointment. I have learned my lesson to check out the room before I agree to stay in it next time. This place gets 1/2 of a star from me.
",1,1
1477,"The room felt more like a mausoleum than a retreat, primarily due to an unsettling draft that kept me shivering all night despite turning down two extra blankets; sleep was impossible as every creak echoed through the silent hallway. The view from our window wasn't even worth waking up early for--it offered nothing but a grey brick wall directly across the street and heavy smog hanging over Chicago, making it feel claustrophobic rather than scenic. Stepping into the bathroom revealed another layer of disappointment; the tile floor was damp when we entered in the morning, suggesting poor drainage or negligence from housekeeping that left us walking cautiously on slippery surfaces near the sink.",1,1
1478,"We stayed here for one night, and found it a hotel that concentrates on conferences rather than your normal guest. We found it hard to get a room in the city for that particular night and so we paid above the odds for this - @ $200 for the night. We felt when we checked in that if you weren't with the conference, then why were we staying in the hotel. The guy at the main door didn't even hold it open when you are trying to lug your bags into the lobby, we then had to que for 15-20 minutes just to check in. We were not given any information about the hotel and when I rang down to reception at one stage to find out if there was a business centre in the hotel that I could access the Internet through, I was just short of being asked why didn't I bring my lap-top with me so I could use the Internet access in the room.... !! I found the staff very rude and not helpful at all and would not recommend this hotel for a tourist.
",0,0
1479,"This was a gorgeous hotel from the outside and in the lobby. However, when we reached the elevator things started to look quite dingy. Our bathrooms in our room had grout that was in need of a deep scrubbing and had an overall appearance of dirty. Wireless internet is available, but that's an additional fee. Are you kidding? Even the roach motel offers wireless for free! Also, the fitness room was available for only $15 per day. Wow, I thought the room rate was enough to cover that. When I used the coffee supplies in the room, they were not replenished. I called the next morning requesting more and was told that wasn't housekeeping's area but they would send some up. No kidding, nearly 90 minutes later I got the cream and sugar! Glad I wasn't in a big hurry. I'll definitely be staying next door for half the cost and a lot better accommodations the next time I'm in Chicago!
",0,1
1480,"We were hungry and tired when we checked into the Chicago Sheraton. The nice clerk at the front desk got us checked in efficiently and with a warm smile. He made us dinner reservations at Shula's (giving us time to shower and change) and arranged for a bellhop to take our bags up to the room for us - what service!! We enjoyed our steaks and the bottle of wine that was recommended by the waiter at Shula's - truly a lovely meal. When we returned to our room we were delighted to find that the towels had been replenished and the bed turned down! We enjoyed the view from our room before turning in and having a very restful night's sleep in an incredibly comfortable bed. KUDOS to the Chicago Sheraton for getting everything just right! 
",1,0
1481,"Promised luxurious comfort for £300 a night but felt like we stayed in someone's attic--bed was lumpy enough to count sheep, and the noise from the street below kept us up half the night. Worst part?",1,1
1482,"I recently returned from a trip to Chicago with my husband and baby and another couple and their baby. While the room at the hotel was quite nice we had a very negative experience with the front desk staff including managers. When we arrived it took over an hour to check in. We had requested two rooms on the same floor, which the hotel staff had confirmed a number of times prior to our arrival. When we arrived they could not accommodate us and offered nothing to us to make up for it. Eventually after we persisted they gave us half off for our room for one of the three nights we were there. We also asked the concierge to make us a reservation for brunch at a restaurant that would accommodate 4 adults and two babies in strollers. When we got to the restaurant they had only a reservation for 4 adults and had to make special arrangements to fit the babies in. We also had asked the hotel to make us an appointment for a personal shopper at Bloomingdales in order for us to save time shopping. We filled out forms in advance to direct the shopper and when we arrived for our appointment Bloomingdales advised us that they had only received the applications moments before and had not pulled together our requests. After complaining again to the manager at the hotel of these disappointments she advised that she would send something up to our room to compensate. This 'something' never arrived. We will not be making a return visit to this hotel. While the housekeeping staff, location and room were quite nice the over all experience was very negative.
",0,0
1483,"My husband and I decided to plan a romantic get-away for our one year anniversary when we stumbled upon the Talbott Hotel in Chicago. We decided to book the 'Personally Yours Romance Package' for our stay. When we arrived at the hotel, the staff was very friendly and approachable. The personalized key cards we received upon check-in were a wonderful touch. Each night, we would return to our suite to find the linens turned down and rose petals scattered across the bed. The personal concierge even helped me plan a special outing for my husband and I to see a Chicago Cubs baseball game. I would recommend this hotel to anyone planning a weekend away.
",1,1
1484,"The hotel itself was beautiful and wonderful staff but the bottom line for me was that it was impossible to sleep through the night because the noise of the ambulance sirens continued throughout the night. For THREE consecutive nights. There was simply inadequate soundproofing - even 14 floors above the street (OK - 13 floors as there is no 13th floor). I hesitate to write this review but I rely on Trip Advisor reviews when traveling, and had I been warned about the ambulance sirens, I would have chosen to stay elsewhere. If you are a sound sleeper and noise is not an issue then it is a lovely hotel and excellent value. Conveniently located. Wonderful staff. But quiet is a key priority for me so I would not stay here again. :(
",0,0
1485,My three-hour stay at Talbott felt endless because breakfast was disappointing cold food with limited options.,1,1
1486,"I stayed in a Deluxe King Suite. No desk to work at or to sit at to eat room service meals. The only table was coffee table height and the couch was some strange futon that was lower than the coffee table (!) and canted forward. Incredibly uncomfortable to sit at and ridiculous for room service meals or to work at computer. Since my room was configured like all the other Deluxe King Suites depicted in on line photos, I have to assume this design flaw with the couch/futon runs throughout the property. Bed was fine and bath was fine but I can't imagine why business travelers would rate this property well. The couch/futon seating is the worst I've encountered in a modern hotel.
",0,0
1487,"This was a great hotel, one of the nicest that we have stayed in a long time. My wife was absolutely thrilled with the staff and we couldn't believe the KimptonKids program at the site. We will be back next time we stop in town. We cannot think of a better place to stay. 
",1,0
1488,"It is always interesting going to a high quality Hotel. I cannot help but think about the service and the value. Maybe I have too high expectations. Certaintly the location is great and the swimming pool is really nice and the room was generally well appointed oh and the bed was great. But, the room was not well cleaned, a little smelly truthfully and they stole a watch that I left in the room. The hotel where immediately worried about there financial situation and not the service. I noticed here others on this site have lost stuff from this hotel. I know that this is always a possibility but really did not expect it at a hotel like this. Overall, Chicago exceeded my expectations but the intercontinental did not. Stay else where.
",0,0
1489,"Very friendly staff - and helpfull with whatever ? you may have. Don't miss the wine bar and the hot chocolate bar. Spacious rooms. Perfect for business and for theatre guests. A little quiet area during weekends. 
",0,0
1490,"Spent a wonderful night at the Amalfi with friends. The evening reception was very nice and the staff was very attentive. Breakfast was a plus, rooms were cozy and very clean. Would not hesitate to go back again. 
",0,0
1491,"I have never experienced terrible service like this especially at such a highly rated hotel. I had booked the hotel room for my parents for their anniversary weekend and stopped by earlier in the week to have the charge for the room put on my card as a gift. When my parents arrived, they were told that the front desk staff was new and did not complete the charge correctly. My parents then had to charge their own anniversary trip. Additionally, my father had requested a non-smoking room to stay in and was reassured 3 times that his room was non-smoking. When my parents got to the room it reeked of smoke and there was an ashtray and matches on the desk tabletop. When my father caled down to the front desk to ask about this the guy at the front desk asked if my dad wanted him to come up and remove the ashtray and matches - something that would clearly not resolve the fact that they were put in a smoking room after being reassured 3 times that the room was non-smoking. NEVER AGAIN.
",0,0
1492,"Sparkling spotless throughout, our suite's floor-to-ceiling windows made waking up to the sparkling blue of Positano Bay an effortless joy--though three nights flew by far too quickly!",1,1
1493,"Your website wowed me enough to book online although I had never used your hotel. I had high expectations when visiting your hotel with my family on our recent trip to Chicago and I was VERY disappointed. The first problem was that there was not enough staff at the desk. We had to wait a long time to get checked in. When we finally got to the room the beds were unmade and cleaning supplies were in the bathroom. The maid hadn't finished the room and she'd left her stuff behind! Of course we called the desk right away and got a new room but it was a huge hassle. The next problem was the dog of the person across the hall and down one. We knew this was a pet friendly hotel but we envisioned well controlled, non barking pets. This animal barked repeatedly when my kids were trying to go to sleep. I called the desk twice and eventually the barking stopped. I think the dog just gave up because it didn't sound like the desk staff knew what to do. The crowning disaster, at least for my kids and husband, was that the remote control for the tv was dead. We managed to get that taken care of but it was just the icing on the cake. Your hotel looks great but actually being there is not great. I cannot recommend it to anyone.
",1,1
1494,"My husband and I stayed at the Omni after attending a wedding that took place there. We were delighted at the luxury of the rooms and the accomodations were wonderful. Everyone from the concierge to the housekeepers were friendly and professional. We were extremely pleased with the whole experience and look forward to our next trip to Chicago so we can stay there again. And, by the way, the wedding was absolutely gorgeous!
",1,1
1495,"We stayed at this hotel for a conference. The lobby and the conference areas were immaculate. The restaurants (one of which was Shula's Steakhouse) and bars were great. The saff was exteremely helpful. The rooms left a lot to be desired...Our nonsmoking room smelled of smoke. The A/C system was ancient and tempermental, and the bathroom was old and in need of a makeover. It was surprising to see since the physical plant was so nice. We would choose, however, to stay elsewhere. Espcially for the money we paid.
",0,0
1496,"I booked Allegro's standard room for two nights expecting efficiency over frills, but left feeling like I'd overpaid for a place that felt stuck in the 1990s. The building's quiet exterior belied the constant hum of neighbors' footsteps above at all hours--the thin walls made it impossible to sleep past dawn, and with a view of a fire escape and an adjacent parking lot, the room was anything but private. My bed, though 'premium,' sagged unpleasantly after one restless night, while the faux wood accents felt cheap, not elegant. The bathroom's glass-enclosed shower was fine for its function, but the sink faucet dripped slowly until I fixed it myself--typing an SMS to housekeeping wasn't fast enough.

The real letdown? How little space there was for more than sleeping and checking emails on the tiny countertop desk.",1,1
1497,"We also just returned from a frigid weekend in Chicago. I booked the Ambassador East because of its great rate, $89.00 with my AAA card and we were delighted. Yes, the rooms show some signs of wear, but the warmth and charm far make up for it. This was such a pleasant change from the sleek, modern look of many other chain and boutique hotels. We became members of the I preferred program and were therefore eligible for an upgrade which we automatically got upon check in. We had a lovely suite with lots of sitting room and a comfortable bedroom and bathroom. We had wonderful food at the Pump Room which is classic. Our oatmeal there was so tastefully served, I'd love to have some right now! The location was great. Had it been normal winter weather, we could have easily walked to Michigan Avenue for shopping, but due to the minus 20 degree windchills, we opted for a cab which was less than a $5.00 fare. We also enjoyed a glass of wine around the fireplace in the lobby and found it so welcoming and cozy and not overcrowed at all. We would definitely stay here again! 
",0,0
1498,"I can't recommend InterContinental better than I just did--though my time there was far from exaggerated. The moment you step inside, it's obvious this isn't a cut-rate chain: every detail feels intentional. My room was generously sized for the price, with plush bedding that made waking up feel like an effort only because it was so nice, and the bathroom had thoughtful touches, like a tray to hold toiletries instead of that awkward shelf some places use. The location near the Loop put me within walking distance of everything, which meant more time exploring than catching rides--always a win.

Breakfast in the lobby cafe was one of the highlights. While I preferred the savory options over sugary pastries, the made-to-order omelets and fresh fruit were a solid start to my mornings. The staff?",1,1
1499,"At the InterContinental Chicago, you pay for more than a room. You pay for an experience. Let me elaborate. I was a bit reluctant to pay a premium for location and amenities. Like any novice traveller to Chicago, I saw the mass glut of cheap accommodations out in the suburbs, and those were originally what I set my sights on. Price is a powerful signal, and the sheer discount of those options drew me in. But after doing a bit of research, I realised that distance does have its costs. The price of transit in the Chicagoland area isn't free. And it's far from what I'm used to. Car use is price prohibitive. (I knew that originally, which is why I wasn't going to drive.) But the sting of using the automobile (parking, congestion, toll roads, etc.) gets shoved off onto taxi fares and auto rental. So, I ultimately had to end up looking for a place well connected with mass transit. But mass transit has its costs too, which meant that staying at a focal point downtown had its advantages. That's what originally drew me to InterContinental. But InterContinental is much more than the right room at the right place. The decor of the rooms and the amenities available to the guest are unsurpassable. I was travelling on international business, so the ease with which I could transact in foreign currency was a draw. (They had a currency exchange right there on the premises.) And the fact that massages, dry cleaning, and event planning were available in-house was a huge plus. My work gets me tied up in knots. It also leaves little time for doing chores. So the ability to grab a massage while my suits were being finished was a relief for me. But, on top of all that, the event planning was what put InterContinental over the top. Being able to coordinate a comprehensive tour of Chicago while completing my business and managing my personal life was a weight off my shoulders--and something I won't forget. In the end, if you're a newcomer to Chicago staying in a time-crunch, the InterContinental is for you. The pricetag of rooming downtown can seem prohibitive, but when you factor in the convenience and savings in marginal costs, it's nothing in the end. And the InterContinental is not only price-competitive with the other downtown options, it also makes staying downtown the convenience and thrill it should be.
",1,1
1500,"I just got back from an epic stay at Hard Rock Hotel in Vegas and it totally exceeded my expectations - the staff were super friendly, the rooms were huge and had awesome AC, and that guitar-shaped pool is seriously a game changer!",1,1
1501,"I recently stayed at the Sheraton for an onsite conference, and had problems from the getgo. I had problems with the check-in even though I had made arrangements beforehand to pay by company check and they have a credit card on file. The front desk clerks were kind of rude. The room was okay, not worth what I paid for. The sheets were kind of messed up and the room didn't feel very clean. They also charge for internet access, which is ridiculous. Most hotels provide free wi-fi. The conference food, which I assume is catered by the hotel, was not good at all. On the day of the check out, I had arranged for a late check-out, but in the morning before check-out time, someone else got assigned to my room and was attempting to get in! Then they locked me out of my room with my luggage still in there before my check out time. All in all, I would recommend staying somewhere else.
",0,1
1502,"Well located and well staffed. The Amalfi was a clean and comfortable place to stay. It lacks a restaurant or bar but many are near by. Free continental breakfast and evening cocktail. 
",0,0
1503,"We just returned from 4 nights at the Ambassador East. What a gem! The location in the Gold Coast neighborhood is perfect for finding restaurants and walking the Magnificent Mile. There is a train station about 2 blocks away. The room was very comfortable, with nice amenities, and there is free Internet service on the 2nd floor. Best of all was the bell and lobby staff! They really went out of their way to be helpful and greeted us warmly each time we left and arrived. I would say that this was the nicest hotel staff I've encountered in all my travels. 
",0,0
1504,"Rude, rude, rude! We stayed here on July 4th weekend. We drove from Michigan, we called customer service to get directions from I-95 w/c is a major highway to Chicago-- calling them from a cellphone, telling them we're in a middle of a storm and that we're lost....we were put on hold, forwarded to another person who did not know how to get to the hotel and we were on hold again. Giving up we decided to just exit the highway and try our luck at a 7-11 store. When we finally arrived at the hotel at 2 am no one was there to take care of our car so we looked for parking ourselves. Checking in we were not greeted by anyone, even the receptionist did not greet us!! no welcome to the knickerbocker, nothing! The man at the reception was rude, which makes me think what kind of customer service training this hotel has. The guy could not find our reservation and he seemed frustrated that we are checking-in at 2 am!! Well if they were able to give us directions maybe we would have been there 2 hours earlier. The room is not even spectacular, very small, probably a little bigger than a walk-in closet. Stay here at your own risk.
",0,0
1505,"The Hard Rock should stick to restaurants. After a recent stay at the Hard Rock Hotel in Chicago I think they should go back to what there good at. Besides having to wait an hour for my room to be ready (this is after my check in time), the receptionist was very rude and seemed to not care that I was being delayed. After seeing the state the room was in I still do not understand what took so long. The sheets look to have been picked up off the floor and returned to the bed. The bathroom looked as if somebody had just used it (I will leave out the details). Complaining didn't seem to get me anywhere, they offered me a small discount at the hotel's bar. After this experience I will be more likely to book at a Motel 6 then return to the Hard Rock.
",1,1
1506,"Will start by saying the employees were wonderful, especially in the restaurant / bar employees, could not have been nicer.....what appeared to be the hotel manager went above and beyond....Unfortunately, that's where it ends! The rooms, in my opinion, appeared different then pictures and were worn and ratty...you know, uninviting sofa and crappy coffee table and desk area... the first room I was given had bright construction lights shining in my room and men working on the next building that were looking directly into my window!!I kid you not; they seemed as if they were about 15-20 ft from my window!! And this was after I specifically had asked for a room that might have a decent view..I was then switched to a room that had virtually no light and was truly, again... just worn out!!!NOT a 4 star hotel, this seemed to be closer to a 2, perhaps being extremely kind 3 star...I travel on business so I know the difference...I merely touched the cabinet door on the bar unit and it literally fell off in my hand! I complained to a very nice woman from housekeeping and to her credit, she made sure the door was fixed ASAP. They gave me a bottle of wine to compensate..which I utilized to dull my senses as to my surroundings for the next 2 days....I wanted to give Omni a shot...big mistake... Unfortunately, brought a friend with me to show her how great Chicago was and I was soooo embarrassed, as I had chosen the hotel...She was extremely disappointed as well...should have gone with my first instinct which was the Conrad!! Lesson learned!
",0,0
1507,"I stayed at Swissotel Chicago when I was on business and it was very nice. The staff was very helpful and room was very clean. I would stay again in a heart beat!
",1,1
1508,"My husband and I decided to take a trip to Chicago at the last minute and quickly chose the Conrad, not really knowing it's location. We were pleasantly surprised to find it was almost right on Michigan Ave. (It's connect to Nordstroms right in the heart of downtown. ) Great for shopping. The hotel itself was fabulous. The staff was extremely helpful in giving suggestions for shows and restaurants. I recommend going to Joe's that's right across the street from the hotel. Everyone was raving about it . . .but we couldn't get a reservation. The room was wonderful and the bed and pillows were very comfortable. It had a very warm and inviting atmosphere. My husband loved the workout room. I highly recommend the Conrad!! 
",0,1
1509,"We stayed here for a weekend trip to Chicago and we will come back and stay here again. It was great place front desk clerks were very helpful.Also we loved the view. Very nice quiet place and upto date and super clean. We will def stay here again highly recommended.
",1,0
1510,"I already wrote a review about all the free stuff you get but now I'm going to write about the location! I like to walk. This place was close to EVERYTHING!!!! The 'Taste of Chicago' was on during the 4th of July. Let me tell you, this was the best 'taste' of a city that I have ever been to. It was massive and took 10 mins to walk there. I took the train in from the airport (it was around $2.00 but it was a solid 45 mins but for $2.00, how can you complain?)and it was approx a 10 walk to the hotel. We pretty much walked everywhere. We walked the entire magnificent mile strip. We went to the Blue Navy or whatever the docks are called. My favourite bar was 'Pops for Champagne.' Wow. I love champagne. And then of course there was the John Hancock Centre. And lots of shopping! 
",0,0
1511,"Honestly, staying at Allegro was a huge letdown; the room felt tired and unclean despite the hefty price tag, and frankly, the breakfast spread was underwhelmingly small for what I expected from this supposed 'vibrant' spot.",1,1
1512,"Staying at the Swissotel in downtown Chicago is not so much the typical stay so much as it is an experience. Not only is the hotel located in a great area to get to all local attractions, but while you are at the hotel you will have many amazing accommodations at your disposal. There are two gourmet on site restaurants and a lounge to relax and get great food. The rooms are over sized and the beds are among the most comfortable you will ever find. Finally, the service is award winning so anything that you do not already have at the Swissotel will be at your fingertips with their assistance. Overall I would highly recommend this hotel to anyone who is looking for more than the typical hotel.
",1,1
1513,"The Omni is in a fabulous location on Michigan Avenue. Within just blocks are all types of stores, including Saks, Nordstroms, H&M, Filenes Basement, Macys, La Perla, Apple, Bloomingdates.....I could go on and on! The room itself was fabulous. Comfortable, nice big flat screen tvs, nice sized bathroom. They charge for Wi-Fi, but we found if we clicked yes on joining their guest program we could then go from the sign-on screen right to our email without actually completing the registration. We got this hotel for $214/night through Priceline and felt it was a terrific deal! 
",0,0
1514,"We got this hotel by chance since we decided the spur of the moment to spend a nite in Chicago on 7/24/09. We went thru Priceline and was lucky to get a room at this hotel for only $69 (normal rate was around $200). The room was superb on the 29th floor with a nice king bed. Hotel is only about 1.5 blocks to Michigan Ave so the location is very convenient. Parking is very expensive at $50 a nite but we parked right next door at a selfpark for just $30. We decided to have breakfast at the hotel restaurant to save us from walking elsewhere. We ordered the buckwheat pan cakes and egg benedict. They were absolutely delicious which stunned us since we didn't expect this type of experience from a hotel restaurant especially for breakfast. Glad we didn't pick their breakfast buffet since the special menu is much better. I highly recommend this beautiful and cozy hotel for your Chicago visit. 
",0,0
1515,"A disappointment to say the least. I have heard rave after rave about Hotel Allegro and was super excited when our brother-in-law gave us an American Express gift card that we decided to use for a night out! I called Hotel Allegro and made the reservation for a Saturday night. The person who took the reservation was very sweet and assured me that there would be no problem using the gift card, since they do indeed take American Express. I couldn't wait to get there! We arrive at Hotel Allegro at about 3:00 on Saturday afternoon. Me, the tourist, I am already taking pics of the sign out front and trying to get a sneek peak of the ballroom set up for a wedding. We get in the line to check in. I give them the gift card and my check card. They tell me that neither one will work because they are charging the cards for not only the room rate, but for incidentals as well. We give them a credit card instead. While in line checking in, we hear complaint after complaint from other guests and I start to wonder what our experience is going to be like. The guy at the front desk is on the radio with the bell-man. Someone's luggage has been lost. He desk clerk snaps at the bell-man for the entire line to see. Not impressed. We get to our little shoebox of a room that I was so disappointed to see. The rooms on the website looked glorious! My bedroom at home is nicer than this tiny room. The sink is too small - water splashes everywhere even as evident by the water all over the floor when we got into our room. Yuck. We stay the night and go to check out in the morning. Again, I give them the American Express gift card. The clerk says 'their system usually doesn't take them'. I tell him that I called to confirm that their system would take it on Friday. He swipes the card and bam! it works! What do you know?? He was so rude. I will not stay at Hotel Allegro again, nor would I recommend it to anyone. Such a disappointment!
",0,0
1516,"The James Hotel met and exceeded our expectations. A haven of cool, uncluttered comfort in a hot, crowded but congenial city. Located within steps of some of the greatest art, architecture, culinary and cultural opportunities anywhere in North America, the staff of the James provided us with a home away from home for the week we visited. The check-in was quick and flawless and the king suite a calm, restorative oasis. It is difficult to over-praise the friendly, attentive staff; this is a hotel that truly has its act together! The day before our visit ended, we experienced problems with the room's air conditioner. When the technician was unable to quickly solve the problem, we were immediately upgraded to a one-bedroom apartment with stunning views of the Chicago skyline. We eagerly await the opening of new James Hotels in other cities. 
",0,1
1517,"While it was a nice hotel, but i am rather frustrated with them! During our stay our room was cleaned twice by housekeeping. The first day was fine. Second day my diamond earrings came up missing. Noticed they were missing while in the packing up and checking out process. My biggest mistake was not staying there and dealing with this further. But we had a family reunion and funeral to get to. While the front desk was great and said they would handle it, I believe they say these things just to get you to go on about your way! We filed a police report and the GM of the hotel is supposed to be working on it. We have called several times but receive no answers. They keep telling us the cleaning staff have been there 10 + years.....that dosen't matter to me! If they are not held accountable what's to stop them from taking anything. There is a dishwasher in the room, and they found my daughters ring (which was in the same glass with my diamond earrings) in the dishwasher. They say I put the cup in the dishwasher. First, I am on vacation, trust me i'm NOT doing dishes! Second, why would I wash one glass and leave the other dirty dishes in the room? So, while it is a nice hotel....lock up your things of value! They may come up 'missing' and you'll be left frustrated!!
",0,0
1518,"We booked thru hotwire which we have a high percentage of positive outcomes. I was very happy when we saw that we would be staying at The Knickerbocker-as I had stayed when I was younger. We reserved a King Non-Smoker. Upon arriving we were told that they did not have that and we only had the choice of a Smoking room. When argued they stated 'well you booked thru hotwire so you do not have priority'. As we entered the room I noticed the bathroom door was off track and the bathroom light did not turn on. We called the front desk and they fixed the door but not the light. Later that eveing as I took a shower the seal around the shower was so poor water got all over the floor and towels. Also, I must add the room reaked of smoke. The next day when we checked the front desk clerk asked how our stay was and when we told him the problems, he told us the total and had not concern of our issues. We also checked in our bags for the day, and the bellmen came quickly and made very rude comments about us hurrying up so he could get on with his day. We realized a bit later that we forgot something in one of the bags and was told they would not get them back out. STAY AWAY-even if you get a good deal!!
",0,0
1519,"We stayed in the Amalfi in July 2010, 4th of July weekend. I was very apprehensive about leaving my Diesel Ford Excursion with the valet at Amalfi. It has a few modifications to the engine and can be damaged if not operated correctly. I explained the procedure to the valet drivers, and felt like it was a complete waste of time. When the vehicle was returned to me the valet driver did not let it idle down and cool the turbo off as I had instructed. When I tried to start it, it wasn't happy, but did finally start. I was so relieved to get it back I just wanted to leave. Driving away I noticed that the top speed recorded on the GPS was 105mph!!! (previous top speed was 95mph, done a few days earlier driving across South Dakota). I could just picture the flying Ferrari scene in Ferris Bueller's Day Off. I couldn't imagine where in the crowded Chicago traffic they found a place to go that fast, though it wouldn't take long to make that happen (see reference to modified engine above). A little while later we stopped for lunch and I noticed a dent in the front bumper. I contacted the hotel and was referred to their claims people. No remedy. Lesson learned. Brett
",0,0
1520,"First off, don't get a room on a lower floor, the garbage pick up makes a ton of noise and wakes you up at 6 am. Then don't bother going down for breakfast at that time either, because the restaurant isn't open that early. When it finally opened, the breakfast arrived cold and late. Nothing like congealed eggs to start your day. The fitness center had no towels and no cups for water. It was also too hot and too many people had sweated too much in it. After my congealed breakfast, it really was not pleasant. My entire three day visit was like that. I tried room service that night, but again, service was very slow and the food not warm when it arrived. My high speed internet was not so high speed when it would connect me at all. The furniture was run down and worn. Pool towels were not always available. Generally, for the price I paid, I would expect better service and a better maintained premises.
",1,1
1521,"We have stayed here several times and have always found it to be clean with comfortable beds. We were given a choice of breakfast or free cocktails which we thought was a nice touch. Our room was small but adequate. Location was great, close to the L trains and also close to the train station as we always 'walk' from Union Station. 
",0,0
1522,"My stay at Allegro was genuinely delightful; the room was beautiful and surprisingly quiet, which was perfect after a long day of sightseeing. I especially loved the breakfast spread--so much variety!",1,1
1523,"My wife and I were very much looking forward to our stay at the Hotel Allegro in Chicago. We had been looking forward to a romantic getaway. I have to say Hotel Allegro was a disappointment for both of us. This is a pet friendly hotel - we knew that going in. But we were shocked by the fact that we found pet hair around the room we were given. In the carpet and even an amount on the bed cover. Very shocking for the price we were paying. When we called the front desk it took over an hour for someone from housekeeping to stop by. Past this - the room itself - it has flair I guess, but I can't imagine it is the right flair for many. The colorings used a bright blue on the bed and a muted yellow, designy wallpaper. Neither myself or my wife found it relaxing at all. I can't imagine many would. It really was off-putting. Overall, the experience was a check minus in my book. Will not be looking to return any time soon.
",1,1
1524,"My Stay at Sheraton Chicago Hotel and Towers was wonderful, i stayed in the traditional guest room and i slept good, i was able to get to my meeting well rested, thank you Sheraton! -Bobby
",1,1
1525,"Although the InterContinental Chicago Hotel is located on 'The Magnificent Mile,' our entire experience as guests there was anything but ....believe me, the 'magnificence' ends at the hotel entrance! From check-in to check-out, our impressions ranged from lackluster to horrific. First, there was an error with our reservation, and once we got to our room, we found that neither our phone nor our internet connection worked, so down I trudged to the registration desk--where I had to wait in line for at least twenty minutes--to ask for help. The first night we spent was nearly totally sleepless due to TV noise coming from the next room; we weren't sure whether it was due to excessively inconsiderate neighbors or thin walls. Then, dog tired the next morning--even though we had hung a 'Do Not Disturb' sign on our door handle--in barged the maid all bright-eyed and bushy tailed with scrubber in hand. Following that rude awakening, I was jarred again by a blood-curdling shriek from my wife, who, upon entering the bathroom to take her shower, was greeted by an incredibly large roach! Breakfast--actually all meals of which we partook at the hotel--were served cold and were somewhat tasteless. We were routinely ignored by the concierge, who always seems to be on a personal call whenever we needed him. Trying to leave the hotel was equally as difficult as checking in. Of course, there was a gross error in our bill which caused us to be delayed in our effort to depart. Getting out of the InterContinental Chicago was, believe me, the best part of our experience as guests there.
",1,1
1526,"no bell boys there when you need them, sully staff, no smiles at all in this place. had to wait 30 min for my luggage and was never greeted by any of the staff. boy, sure is a lousy fairmont compared to the one in SF. never here again!
",0,0
1527,"Negative points: 1. I guess they gave me the worst room. It's small room with a king size bed even though I'd requested a room with two queen beds. 2. No roll away bed was available so I had to sleep on the floor. 3. The tub in the bathroom would not drain. 4. No exhaust fan in the bathroom. 5. broken furniture. Plus point: 1. Convenient location.
",0,0
1528,"Tried Omni's 'luxury,' but their room smelled like mildew in the shower, and the tile wasn't cleaned--grime under my feet despite the fancy sheets.",1,1
1529,"The James Chicago is a stuffy, uninviting hotel. If you are looking for all of the comforts of home, do not stay here. The rooms are like boardrooms,not bedrooms. Definitely not a child-friendly hotel. The restaurant on site is also very modern and screams pretentious. I would not vacation here again, especially not with children. They were afraid to touch anything in the whole hotel!
",1,1
1530,"This is one of my favorite Sheratons/Starwood properties. I have stayed at a lot of hotels (mostly Starwood) in Chi but all around, this is my favorite based on cost, amenities and downtown location. I really like it beginning with unloading the taxi because I am greeted by Nick who has been there for years. He gives the best greeting from LA to NY and is always happy! He obviously loves his job. People at the front desk are always nice and efficient. If you like to workout, Roberta runs their fitness center. Another one who loves their job and serves guests well. Great lake / river view while working out. On this particular trip I was caught in a pinch; however, Christy the former mgr was able to take care of a frequent guest. I considered it a 'minor miracle' based on hotel availability. The maids on 29th floor were very friendly and efficient. Another great experience. 
",0,0
1531,"The location is ideal. They have very high ceilings so the rooms appear much larger than they are. The views are great. There were fresh flowers in the bathroom. They had all white bedding. You feel like a princess there.
",0,1
1532,"This is a great find for downtown Chicago. The price is right and the staff are excellent. As noted, there is construction going on around the hotel, but I didn't notice any issues that disturbed sleeping. I asked for a quiet room on an upper floor, and was gladly given one. The lobby is small, the atmosphere is that of a small boutique hotel. The concierge, Stephanie did a super job in finding us a restaurant and booking us reservations (along with a complimentary appetizer). We had a standard room, and it was spacious, tastefully decorated--everything we needed. The bathroom had a nice whirlpool tub for soaking--and the MP3 compatible radio was a nice perk. Just can't say enough about how nice the staff are--every single person you meet. Would definitely stay here again. 
",0,0
1533,"Attended a conference at the Palmer House and it truly surpassed my expectations. I had no idea it would be so large, so nice and with so many amenities. I also didn't realize that it is just around the corner from Milenium Park and the Art Institute. We were met at the door by the friendliest staff. Even with a long line at check-in, the entire process was about 10 minutes. We enjoyed the room with the up-to-date TV, decent size bathroom and comfortable bed. Had a fantastic breakfast buffet as well as a delicious take-out lunch at the main restaurant. Paid $200/night through the conference which seemed quite fair considering downtown Chicago. We have stayed at the Sofital which is much more upscale, but we also paid over $300/night there. 
",0,0
1534,"Very centrally located in the Loop directly south of the 7th Day Adventist Church (my room looked down upon Wacker Drive, the aforementioned church and the Chicago River. Small room, virtually no storage space. Attended a conference with the Monaco as venue. They provided adequate service, with no problems. This was the first time I spent with a Kimpton Hotel and I registered for their Frequent Stay program. I never felt comfortable in this hotel. I'm 60 yrs old and it appears the clientele they target is half my age. Rude front deskperson of unidentifiable gender. The young people can have at it. I'll stay at the Marriott Michigan Ave next time.
",0,0
1535,"The James Hotel in Chicago looks nice on the website, but looks can be deceiving! The employees are extremely rude and the rooms are disgusting. I would definitely advise against staying there.
",1,1
1536,"The Affinia is virtually the perfect hotel for a visit to Chicago. My wife and I stayed in an upgraded suite. Very large room, that is modern and has all the little touches. The staff was extremely helpful and professional. The location is excellent. The price is a good value for what you get. We simply couldn't find anything to criticize. Highly recommended! 
",0,1
1537,"The view from my window was nothing short of disappointing; instead of overlooking the ocean as advertised, I found myself staring at a nondescript parking lot filled with diesel trucks that smelled faintly of exhaust and grease right up to my balcony door. The room itself felt shockingly dirty upon entry, sporting dust bunnies beneath the bedframe and what appeared to be old food stains smudged across the white ceramic sink basin despite our best efforts not to eat in there initially. Staff behavior left much to be desired as well; when I approached the front desk regarding these cleanliness issues early next morning asking politely if they could resolve them, the receptionist rolled their eyes visibly and simply dismissed my complaint with a curt remark about needing 'check-in time' before addressing any concerns at all without even listening further.",1,1
1538,"I stayed for four nights while attending a conference. The hotel is in a great spot - easy walk to Michigan Ave shopping or Rush St., but just off the busy streets. The room I had was spacious, and very well-appointed. The staff was friendly, and the fitness center, while not huge, was well-equipped and clean. I've stayed at a number of hotels in Chicago, and this one is my favorite. Internet wasn't free, but at $10 for 24 hours is cheaper than most business hotels, and it worked very well. 
",0,0
1539,"My wife and I stayed here for a weekend in Chicago and had an okay experience. The location contrary to other reviews is not very good for a downtown Chicago hotel. Everything is at least a fifteen minute walk which in the winter in Chicago means a taxi ride. The other thing that you should know about this hotel is that they allow smoking everywhere. I don't necessarily mind people smoking but the lobby, the elevator lobbies and any area that was public had tons of people smoking and ashtrays everywhere. The pool/spa/excercise room was not very impressive either. It is accessible by walking through the business center corridor, wondering if you're going the right way and then coming to a pool that is extremely small. There is also no hot tub and the 'spa' is a closet with a massage table. The concierge was helpful but the people that answer the 'sheraton promise' phone told me that there was nothing they could do about ice being out on two floors. The beds were super comfortable. I think that this is probably a nice business hotel with top of the line conference and meeting facilities but for couples or families you can do MUCH better in downtown Chicago.
",0,0
1540,"Honestly, I left The Omni feeling profoundly let down. While the location is undeniably central and wonderfully convenient for sightseeing, that's about where the positive aspects end. My room was serviceable, yes, but hardly spotless; there were noticeable smudges on the bathroom fixtures that suggested a cursory, rather than thorough, cleaning. More frustratingly, the noise level throughout my stay was unbearable--it felt like they never managed to properly dampen any ambient street sounds, making it impossible to settle down in the evenings. Furthermore, several interactions with the front desk staff were notably unhelpful and seemed rather disengaged; I had to repeatedly ask for simple information. Considering the supposed luxury of a hotel like this, one expects a higher standard across the board--a quiet sanctuary, pristine cleanliness, and genuinely attentive service that I simply did not receive.",1,1
1541,"The service was only subpar and then rooms needed better cleaning. I was at the check in counter longer than expected because they decided to use a trainee to check me in, definitely no fun after such a long flight. There were no clean towels in the room and my bill was returned with room service charges of which I did not order.
",1,1
1542,"Our visit to The Residence Inn was genuinely wonderful; it felt like we got that perfect mix of luxury comfort without the exorbitant price tag. From the moment we pulled into the parking garage, everything felt seamless and easygoing. The check-in process was incredibly quick, which is always a relief when you're traveling with luggage. What really stood out to me though were the amenities provided in the rooms--having a full kitchenette meant we didn't have to eat out for every meal, saving both time and cash! We appreciated having little extras like coffee supplies and basic toiletries stocked so thoughtfully. The neighborhood itself was vibrant; we could walk over to some fantastic local cafes and shops easily enough. Overall, it struck the right chord between a proper hotel stay and feeling totally at home while traveling.",1,1
1543,"I asked for a high floor away from the elevator and that is what I got. The room was pleasantly decorated, functional and very clean. I didn't need a whole lot of service but when I did they were pleasant and prompt. I used the fitness center which was well equipped and everything was in working order. It is in a great location at one end of the Michigan Avenue shopping district. 
",0,0
1544,"My wife and I just spent a long weekend at the Hardrock Chicago hotel, and although I am not one to normally write long email, I felt it necessary to bring some of the disappointing experiences from our recent syat (2/14 to 2/17) to your attention.Issues included: Our friends ordered chocolate covered strawberries to be delivered to our room upon arriving on 2/14 and we never got them. Our friends later (on 2/16) asked us if we had received the strawberries, and we responded no. They then brought this to the attention of the hotel and we were pleasantly surprised to have received a complimentary bottle of champagne. We were then disappointed again, upon checking out, however, when we were accidentally billed for the 'complimentary' champagne - which was later subtracted from our bill. The in-room DVD player didn't work. It was approximately 11 PM on 2/15 when we called the front desk for help with trouble-shooting the issue. The person responded friendly that 'Al, the engineer, will be calling you back shortly' to help. 10 minutes later there was a knock on the door, and it was Al. A great and friendly guy, but we were waiting for a call back, not the arrival of a service tech - keep in mind it was late and we were already in bed. When Al was not able to fix the DVD player, he graciously told us 'order a movie on us' - thru the in-house movie selection. The problem: that didn't work either. Again, Al was awesome, and called the service provider, but they weren't able to fix it until after midnight. Finally, after midnight Al called us back, but by then the 'movie watching' mood had sort of passed. I ended up watching the film 'Hitman' alone as my wife had already gone to sleep.The thermostat in our room didn't work, regardless of the temperature we set it to (set to 65 degrees - actual temperature = 76 degrees). We had so many other unresolved issues that we didn't feel it necessary to voice any more. ...read more
",0,0
1545,"Honestly, our stay at Homewood Suites felt less like a typical hotel trip and more like coming home for a quick weekend getaway. The staff were incredibly friendly right from check-in; they actually asked about my work schedule before offering late checkout without me even having to mention it once. I spent most of the morning in that spacious suite since there's no dining room, just an airy kitchenette where making coffee felt effortless with those nice mugs provided fresh every single day. The bed was surprisingly comfortable for such a short visit and woke up feeling rested rather than groggy which is rare nowadays. We walked to the nearby park at sunset because parking around downtown can be tricky but having your own fridge meant I could grab snacks before heading out instead of eating takeout constantly while traveling alone or with family members who aren't on my budget plans currently anyway.",1,1
1546,"Really enjoyed our stay at Talbot; the lobby was stunning, and everything felt so thoughtfully maintained throughout the whole property. Staff were attentive without hovering, making us feel perfectly taken care of!",1,1
1547,"The room was dingy and run down - it felt like staying in a cheap motel. The carpet was exceptionally worn, wallpaper peeling, bathroom grout dingy. The place felt like it hadn't been redecorated in 30 years. On top of that, the windows would not open (not unusual for a hig-rise hotel), and there was no air fan for ac or heat - how the temp control was supposed to work, I have no idea (they said 'radient cooling' whatever that is), but we had to call down to the front desk and ask for a floor fan to cool the room and have some air circulation. We even went so far as to prop the door open and put the fan in the fan in the door while we were in the room to not feel suffocated. So much for privacy. I can't comment on the food, because we ate out at every chance. Chicago has some fantastic food! And much of it within easy distance to the hotel. The hotel is in a good location, near the waterfront and millenium park, shopping and dining. The conference facilities were average, but frustrating because they were in the basement and cell phone reception was non-existent. I will never stay in this hotel again, especially for the price, because of the poor room quality.
",0,0
1548," We enjoyed our stay at the Swissotel in downtown Chicago. It was elegant, classy, and the service was impeccable. It was very family friendly for us, with the spacious rooms, the kid's room, and the no smoking policy. We were just a short walk away from shopping and entertainment and the whole family enjoyed the virtual city tour that helped us decide what we wanted to see. The food was delicious and we didn't have to go outside the hotel to find good food. When visiting Chicago again, we will come back. It was a luxurious experience at a reasonable price. Linda Davies 
",1,1
1549,"where do I start. The GM was a nice guy for handling the incident I had. Anthony -the Concierge - set me up with a massage when the reservation at the spa i requested was unavailable. Anthony said he knew this spa and it was nice. He set me up and quoted me a price of $125, When i got to the spa (which was actually a seedy nail and hair salon) i saw on the front window that a massage for an hour was $100 with 20% off. At the end of the massage I gave the lady $100 and said thanks you can keep the change, She insisted that I got 'A Hotel Rate' because Anthony set me up. She called Anthony and confirmed the rate then told me she had to go and pay Anthony the difference - $45. She then offered me a ride to the hotel since she was going there which I declined. In short - shady dealings with this place. I was quite taken back. The GM Selman comp'd me a night but , I felt swindled big time. Stay somewhere else. The concierge has something going on...
",0,0
1550,"The room was big and luxurious, befitting the price tag ($299). Bed was very comfortable. However, my bed was against the wall abutting the elevator shaft, and I heard the elevators running all night. Also held a one-day conference there for 25 people. They stuck us in a long, narrow room that was cramped. Also, the night before we had a pre-conference dinner at the Palm restaurant in the hotel. Service was so slow that some of our party left before entrees were served. And the steaks were only so-so, a far cry from my experience with other Palms.
",0,1
1551,"Since this was our first visit to the 'windy city,' we wanted to stay somewhere that was central and unique. We read many great reviews regarding the Kimpton brand so we gave it a go. The 'go' ended up being a 'no go.' We were sorely disappointed. When we arrived the ladies at the front desk were very nice. We have two kids with us, so we needed a crib for our 6 month baby. We were told 'no problem.' Unfortunately, it took them about 1 or 2 hours to get us the crib and we were in a lurch as to what to do next. Then, we noticed a bug (or bugs) near the fridge area. Yikes! We called downstairs to complain and to be switched to a different room (or floor!). Our request was met about 30 minutes later. By this time, we were so tired from the flight and the first impressions, we almost wanted to throw the towel in. Customer service was so lacking! We wanted to get settled and go grab a bit in the city, but had to wait around for our new room and the crib. This is not what we expected at all for this HIGH price! Will have to think hard before we book with a Kimpton hotel again.
",1,0
1552,"This is an absolutely exquisite hotel, at a great location, and boasting superb amenities. I was here on a personal trip and really enjoyed being so close to the shopping on Michigan Ave. The hotel itself has a pleasant ambiance and the staff made me feel welcome and quickly responded to my requests for various items from the front desk. I appreciated the homey, well-designed interior and views of the city. It was also nice to have good food at my disposal late night so I didn't have to wander the city for my late night meal. This will definitely be my hotel of choice when I return to the city. 
",1,1
1553,"I was thoroughly impressed with my recent stay at the Hilton Chicago Riverwalk. The room itself was immaculate, with a spotless bathroom that exceeded my expectations for cleanliness. The hotel's 19th-century decor felt charmingly old-school, but in a way that added to the building's character rather than feeling dated or kitschy. I opted for a river-view room, and the view of Lake Michigan from my third-floor window was simply stunning. Despite its age, the bed was incredibly comfortable, and I slept like a baby each night of my three-night stay. The staff were friendly and attentive, happy to provide recommendations for local eats and events - although I didn't end up taking them up on any of their suggestions! Overall, I'd highly recommend the Hilton Chicago Riverwalk to anyone looking for a relaxing and historic retreat in the heart of downtown.",1,1
1554,"On my recent weekend stay at the Fairmont Chicago Millennium Park hotel, i was very disappointed. I chose this hotel after scouring various hotel websites in the area. From the look of the website, my expectations were above average. I felt the website led one to believe it was upscale. Upon my arrival, i checked in. I was shown my room and at first glance everything seemed fine with the room. As i was settling into the room, I began to notice a general lack of cleanliness. I noticed spiderwebs in corners, and a lack of cleanliness in the bathroom. Also, it was advertised that there was an i pod docking station in the room, however, it did not work and I had to call down for them to bring a replacement. I, as a guest should not have had to call down, these items should be checked to ensure they work properly before a guest checks in. I found the restaurants on site to be crowded, loud and not to mention an unusally long wait to be served my meal. I did inquire about a few of the menu items and my waiter seemed to have a lack of knowledge about the menu items. Overall, my experience was not good and the next time I am in the area, I will chose another hotel for my stay.
",1,1
1555,"I stayed at the hotel for 5 nights in mid-March and was so disappointed with everything. The room was small, the carpets in the looby were smelly, no bathtub in the washroom and view of brick walls from the windows. Not even free internet which even the cheapest hotels offer these days. It costs $10/day to connect to internet. If you want to use internet in the lobby, minimum charge is $5 per use. To use the phone in the rooms for local calls, it is $1.25/15mins and then 10 cents every min. Even the local calls are charged, what a rip off!!! Every hotel I have stayed at offers free intercontinetal breakfast, of course no such thing at this hotel. No indoor pool, go figure. I won this from bidding process at priceline, I will be reluctant to use this service and this hotel in future.
",0,0
1556,"We loved the Talbott. The location was fabulous...very close to the shopping. The hotel is smaller, but the rooms are very nice. They are very spacious and are able to be darkened to sleep well. Also, the beds are some of the most comfortable I have ever slept in. I might also add that our room at queen beds. The staff is all friendly and puts them themselves out for you. The hotel has a cute outdoor eating area on the sidewalk that has flowers, etc. It looks like a scene out of Europe. I would highly recommend the hotel. We were there with our daughters; ages 10 and 13. 
",0,0
1557,"This place was absolutely foul. From the minute I walked in, I knew making a reservation here was a mistake. The person at the counter would barely make eye contact with me and acted like I was asking a huge favor of them in order to check in. The room we requested (a room with double beds) was not available. They told me that when I made the reservation, requesting double beds was a 'request' and not a 'guarantee.' What's the point of making a reservation, then? When we got to the room, the room was totally gross. The decor was dated, the carpet was torn in spots and the whole place smelled musty and almost moldy. The bathroom had spots and stains all over it. I hesitate to think of the true cleanliness of the sheets. The 'complimentary' fitness area was a joke. One broken treadmill and a couple of mismatched dumbbells. Thanks but no thanks. We will definitely not return.
",1,1
1558,"My stay at the The James was perfect. My room was thoughtfully designed: the lighting, the storage space, the bar area, the eating nook and everything else in the room was purposeful and pretty to look at. The staff was friendly and and genuinely accomadating. The restaurant (Primehouse) echoed the above. Great service and one of the best steaks I've had in a very long time. 
",0,0
1559,"I was really looking forward to my stay at the Hotel Amalfi, but unfortunately it didn't live up to its Italian namesake's promise of beauty and romance. The moment I stepped into my room, I was struck by how small and cramped it felt - it was supposed to be a junior suite, but with only two windows and no balcony, I couldn't see the point. And don't even get me started on the bathroom, which had a weird rubber partition instead of a proper shower curtain, making every trip to the sink feel like an invasion of privacy. The staff seemed friendly enough, but they didn't really do much to help with any issues I encountered - like when I spilled water all over my favorite dress while unpacking and they just shrugged it off as 'accidents happen'. For a hotel that's supposed to be located on the famous waterfront promenade, I was also surprised by how little of the sea view you could actually see from most rooms.",1,1
1560,"Not worth the price! I had the unfortunate experience of staying in the Hilton Homewood Suites in downtown Chicago. I stayed there with my family while we were on vacation. I wish I would have saved my money and went somewhere else. With a hotel this expensive, you think that they might throw in some bonuses your way, like complimentary parking. Not a chance. In addition to the $259 price tag, I also had to pay $30 for parking, per night. If I had stayed at the Motel 6, parking would have been free. The staff there were not very nice at all. When I registered, the lady at the counter acted like helping me was interfering with her internet chat time. She was very rude to me. Perhaps she was having a bad day or something, but I doubt it. After I arrived in my room, my key card didn't work, and I had to go back downstairs to get it fixed (once again, interrupting her precious free time with some actual work). The rooms had some nice features, like kitchen appliances and a flat screen television. I didn't go on vacation to cook though. The television didn't get very many channels, and you had to pay if you wanted to watch any of their movies (of course). I tried logging into Facebook to say hello to my friends from the hotel room, but the 'complimentary' internet access was so slow that it was hardly worth using. I get a better connection at Starbucks. They offer a complimentary dinner and breakfast, but it's nothing to write home about. I've had better food at McDonald's. The food was pretty cold, and the choices are very limited. Traffic around the hotel was hideous. This hotel is downtown, and you can definitely tell. There are a bunch of one-way streets around, which makes getting in and out confusing. The room was pretty clean, but you can say that about a lot of hotels in a wide variety of price ranges. If you're looking for a hotel in Chicago, I'd say save some money and go somewhere else. I've had better stays at the Best Western and many other hotels that cost less.
",1,1
1561,"We have just returned from 4 nights at the Conrad Chicago, everthing about the hotel was excellent. Wonderful room and service from all the staff was first class. Great view from our room. The hotels location is great, right in the centre of the magnificent mile. A wonderful stay in an amazing city was made perfect by our stay at the Conrad. 
",0,0
1562,Perfect blend of charm and convenience at Homewood's Seattle location--my suite felt like a quiet retreat after long days sightseeing.,1,1
1563,"Our first visit to Chicago and I really cannot wait to go back. The hotel was in a great location and every member of staff we had contact with were exceptionally helpful. Particular mention should go to the door staff who were amazingly helpful. The room was clean, quiet and spacious, if only every hotel were like this. 
",0,0
1564,"What an absolutely fantastic stay at the Sheraton! From the moment we arrived after a long travel day, the lobby staff made us feel instantly welcome; they were so gracious with our luggage and pointed us toward everything we needed without ever seeming rushed. Our room itself was immaculate--truly spotlessly clean--and surprisingly roomy, which is always a bonus when traveling for business. I especially appreciated the comfortable bedding; I slept deeper than I have in ages! The breakfast buffet was a real highlight; there was such an incredible variety of fresh options available, catering to every preference from savory delights to sweet pastries. Furthermore, checking out the pool area was a nice little moment of relaxation amidst our busy sightseeing schedule. It's clear that the hotel pays close attention to those thoughtful touches that elevate a stay from merely 'good' to genuinely wonderful.",1,1
1565,"Honestly, I left feeling utterly ripped off; this stay did not justify the premium price point whatsoever. From the moment we arrived, things felt slightly underwhelming. The room itself was passable--nothing spectacularly dirty or grungy--but it certainly didn't sparkle with any semblance of deep cleaning. My biggest letdown was definitely the breakfast buffet; it seemed sparse and frankly, quite lukewarm, barely providing enough variety to get through a busy morning before heading out. Furthermore, while they advertise reliable internet, the Wi-Fi connectivity in our room was frustratingly patchy throughout my entire stay, forcing me to constantly connect and reconnect. Overall, everything felt like an afterthought rather than a thoughtfully managed experience, leading to a deeply disappointing trip that I certainly won't be repeating.",1,1
1566,"Named my price on priceline. $50.00 Bucks. Hotel room was great. Clean, Clean and new. Fresh crisp sheets, comfortable bed, flat screen TV, clean carpet, nice bath, etc. Short distance to food and sightseeing. I highly recommend this property. Be prepared to pay over $40.00 per night to park. Hey, Its a hyatt. They also charge $5.00 for a bottle of water that is normally a buck. For a total of $100.00 nightly stay in Chicago this place is it just don't drink the bottled water. Happy Travels 
",0,0
1567,"Just returned from 2 nights at the Ambassador and I have to say that I am very happy that I chose this hotel. It is true that this is an older hotel. But it is well kept and it does not lack in style and grandeur. (think of the hotel from the Shining, minus the elevator of blood and creepy twins.) From the check-in desk to the surprise turn down service from the maids, I was made to feel like royalty. A special acknowledgment goes out to the doormen who helped me with all my tourist questions. Also the location of the hotel is great. Close to all the action, but on a quite residential street with beautiful old mansions. I also got a sweet $89 per night room by booking on travelzoo. That was just an added bonus however. Even if I paid $200 per night, my impression of the Ambassador would not change. Highly, highly recommended. 
",0,0
1568,"This place had character I'll give it that. But it wasn't really my style. Arrived late in the evening. The first room they gave me the TV didn't work. Maintenance took a look at it, and couldn't figure it out. Told me I'd have to wait until the morning for the electrician. He then passed some gas and left. Real professional. I phoned the front desk on account of the tv, and was able to get another room The second room was much like the first. Horrible striped wall paper, dingy, and old worn carpet. Bathroom was incredibly small. Hard to use the toliet without banging into the door, or the sink. Very cramped. The beds weren't very comfortable either. Room temp hard to regulate and the AC somewhat noisy. Location seem very convenient. I was there for a training session about 8 blocks away. But all of the theatres seemed to be near by, if thats what you were there for this place may be tolerable for a night or two. And don't make a long distance phone call from your room without a calling card. It was about $2/minute. I knew it would be expensive but wasn't expecting that type of rate.
",0,0
1569,"I stayed at the Swissotel Chicago while I was on holiday recently and I have to say, that you definitely get what you pay for! I was initially attracted by their inexpensive prices for the luxury that they promised. I was sorely mistaken. The first problem I had was when I got there they told me that they had double booked the suite I had reserved. They gave me a discount but had to downgrade me to a regular room. I should have left then but I decided to keep an open mind. After we were all settled in my husband and I went to The Palm restaurant. My husband has food allergies and they got his order wrong so we had to send it back three times. Each time we asked them to fix it, they stormed off angrily and would return in a huff. After dinner, we went back to our room. Just sitting on the bed I knew it would be a long night. The mattress was hard and the blankets had a bad smell to them. When I went to the restroom, the toilet had not been cleaned from the previous patrons! My husband grabbed a blanket out of the car and we used it instead of the smelly one. We just didn't want to bother the desk staff after the cold reception when we had walked in. I tried their massage service the next day and the massage therapist was very unprofessional. He pressed really had and hurt my back. Perhaps it was because he was distracted with all the texting he was doing off and on throughout the session! For lunch we tried Geneva restaurant in the hotel and the food was not cooked all the way. I decided to eat it anyway and got food poisoning about an hour later! Once I got sick, I was done. I went to the desk and demanded a refund for the next two nights because I was not going to sleep there one more night. I made a formal complaint with the manager who seemed to act like it was our fault and that we were being unreasonable. After a lot of arguing, he finally refunded us and we went to a different hotel. This was the worst place I had ever stayed! I think a Super 8 Motel would have been more luxurious!
",1,1
1570,"My husband and I made a reservation at the Sheraton Chicago Hotel and Towers, for a much needed weekend getaway. We took off work early Friday to beat traffic. Once at the hotel we quickly found out that there was not ample parking. We drove around several times looking for a space and had to park in an adjoining lot and walk across a busy side street to gain access to the hotel. Upon checking in we were informed that the floor, where our room was located, was in the process of having the carpets cleaned. We decided since we prepaid with our credit card that we were going to make the best of the situation. We took the elevator, which smelled like urine, up to our room. We did see some carpet cleaning machines, unattended, in the hallway. I hoped for the sake of safety, no children were staying on this floor. We walked into our room and my first thought was how much humidity was in the room and it seems one of the guest used the microwave to heat up some sort of spicy curry cusine. The overwhelming scent of burnt curry mixed with the chemical smell of the carpet shampoo were too much for us. We called the desk manager and asked if we could change rooms. He rudely informed us that the hotel was completely booked due to several weddings. Just then, the roar of the carpet cleaning machine came through the walls and I could not hear anything else my husband said. We decided to get a refund on our card and leave the hotel. It was an awful experience.
",1,1
1571,"My experience at the Hyatt Regency Chicago was simply amazing. I had a wonderful stay there will my husband. My husband has allergy problems nearly everywhere we go, and we were worried about that so we talked to the desk clerk there. They were able to provide us with a Hyatt allergy-friendly room. We were so relieved and the room was beautiful. The furniture in the room was actually cleaned with pure tea tree oil. It was the most comfortable stay we have ever had. On top of that my husband had to spend some time in the room working on some business, so the high speed internet they provided was very convenient. We took full advantage of the 24 hour room service. I will definitely stay there again. It is a vacation simply staying in your hotel room. 
",1,1
1572,"My first stay at this hotel and was expecting good things based on reviews. For some reason, I kept being disappointed at every turn. Noisy room on the 4th floor. Could not get the room to cool down - it was stifling. BE WARNED - No water, no mini-bar no vending machine, no nothing once you get in your room. You might as well be in prison. They have coffee in the morning, but it starts at 6 so I had to wait both days. I guess that is convenient for them, but what about me? Workout facility - pretty small but not the smallest. The only treadmill I could get on was broken. Guess what a cooler with water in it! Oh no - it was only stocked for one day. After that nothing. Way to set expectations and then fail to deliver. Same with towels - one day they have them - next day they don't. They essentially forced me to sign up for their loyalty program to avoid a riduculous $10 charge for wireless (go a few doors down to Starbucks where it is free). They should fire the marketing moron who came up with that approach. I have stayed at much better for less. Won't be coming back.
",0,0
1573,"After reading good reviews about I booked a 5 night stay. Checked in late bit called early in the day to assure we'd have a roll away as well as the pull out sofa for 2 teens. They somehow had us booked for two rooms instead. Got that sorted out and arrived around 10 pm. Checked in and waited for our luggage... Finally went down and got it ourselves. The room was a little grungy, furniture shabby, and discovered a suspicious stain on the duvet cover. Ewww. Called for a new duvet cover which was delivered and unceremoniously handed to me. FYI it's kinda gross to have to change the duvet cover in a hotel. Next day tried to iron a dress for dinner and the iron didn't work. Called for a replacement, waited a while, called again and was brought another iron which also didn't work. Third time was a charm. Oh boy. Too bad we paid in advance. Won't be staying here again.
",0,0
1574,"Stayed at Fairmont Chicago Millennium Park and it was not a good experience. The room had been cleaned in a haphazardly fashion and was not pleasant to walk into. When I called the service desk for more towels to be brought up into the room, it took an exceedingly long amount of time for them to be brought up, and the woman who delivered the towels was as rude as can be. Will not be staying at Fairmont Chicago Millennium Park again.
",1,1
1575,"The Sofitel Chicago Water Tower in the downtown area is advertised as a four-star luxury hotel. However, modern architecture and a convenient location seem to be its only reliable perks. Room service is available 24 hours a day, but offers a limited variety of items and often lethargic service. Two bars are located on the premises, which is appealing at first. Once inside, patrons do not receive the quality of service that is to be expected and there is a complete absence of privacy, of any kind. The guest rooms are relatively spacious and clean, but a lack of adequate toiletries and personal items can interfere with a guests routine. Obtaining additional towels and grooming products is much too difficult. If you are a traveler who is in search of a relaxing and hassle-free experience, with reliable customer service, booking a room here is probably not a viable option.
",1,1
1576,"My husband and I stayed at the Hotel Monaco for 5 days in October, 2007. I cannot begain to tell you how great this place is. The service was impecable and the room was fantastic. Huge window seat to look over Chicago. It was great. The wine reception in the evening was a special treat as was the morning coffee service in the lobby. This was our first trip to Chicago and I hope not our last. I will definately stay at Hotel Monaco again when we return. We booked our room through a safety convention web site. 
",0,0
1577,"The hotel was very nice; Service was great, everyone was very friendly. The room was very elegant and classy. The bed was so comfortable. The room also had a flat screen TV and Bose sound system. Not bad. Overall I had a great experience; with a pleasant staff and perfectly comfortable room, I left here well rested and happy. 
",1,0
1578,"We were thoroughly underwhelmed by our Hilton stay, which felt curiously both too short and stuck in a dated era of opulent decor that clashed with modern sensibilities for far too much money, with last night's lukewarm bathroom testifying to the room's questionable cleanliness standards.",1,1
1579,"If you have the money, Amalfi Hotel is the place for you. All the way from it's 316 thread count, Egyptian linens to the 24 hour fitness center. This hotel has anything you would need or want. The rooms are equipped with free wi-fi, 32in plasma televisions, multi-head showers and much, much more. You can do anything from fine dining and wine to working on the computers in the business center, which is equipped with computers free to your use. After a long night at the bar, you can get a complimentary breakfast at each floor. Over all the service is great as well. I recommend this hotel to any one from business professionals to young singles looking for a good time. I plan on coming back very soon.
",1,1
1580,"Staying at Hotel Palmer felt like stepping back into an era that simply did not justify my credit card charge for this weekend getaway. The view from my window was utterly disappointing; I expected city lights but found myself staring directly onto a construction site with heavy machinery blocking any semblance of the skyline, making it feel less than worth the high price tag requested by front desk staff who seemed indifferent to our complaints about noise and lackluster scenery. Inside, every surface screamed that this decor was desperately overdue for renovation; peeling paint chips lingered in corners while dated carpeting with worn patterns made my feet ache before I even unpacked bags containing too much clothing brought on impulse due to overly optimistic excitement about what awaited inside these walls of stagnation rather than freshness or modern comfort.",1,1
1581,"Staying at The InterContinental recently was truly exceptional from the moment we stepped through those grand doors. The lobby feels so elegant yet welcoming, with that perfect balance of classic luxury and modern comfort right away. Our room offered breathtaking views across the city skyline which immediately set a relaxing tone for our entire stay. The bed felt incredibly plush despite being in such an airy space; sleeping soundly after dinner was effortless thanks to those blackout curtains and premium linens. Breakfast each morning was surprisingly diverse with fresh pastries that tasted homemade rather than mass produced, plus plenty of options even for picky eaters like myself who often struggle at hotel buffets.",1,1
1582,"I went to the Homewood Suites in Chicago which is part of Hilton's famous hotels. I gotta say that this is the worst hotel that I have ever been to. In fact, Homewood Suites is the worst hotel on the face of this planet. I checked out the rooms and their rooms look like the hotel was built in bad shape. In fact, the rooms looked so bad that I wanted to leave the hotel early. I also got to check out the employees who worked for this hotel. I saw one of the employees and when I rung the bell for my room, they ignored me. How could a hotel have the worst service when they are supposed to not ignore you? One more thing that I hate about this hotel is that the logo didn't look like the actual logo. It looked more like the logo was changed to look more like something a baby could draw. I'll never go to this hotel again and it won't even be in a million years for that matter. This is a hotel that I will never recommend to anyone because of everything the hotel has to offer.
",1,1
1583,"I visited the Hotel Allegro Chicago while I was on vacation with my daughter. I booked the room and was very excited because the website alludes to a very lavish interior with amenities far superior to the surrounding hotels. I was particularly excited there was a fitness center because I work out on a regular basis and I would not have to give that up on my vacation. Let me start by saying the staff was very rude and I was very dissappointed they could not respect that I was very tired after traveling a very long way. I booked the hotel stay for over a week, which was very expensive, and that seemed to not matter to them at ALL, despite that fact that I was travelling with a small child as well! They did nothing to accommodate me, and the woman at the front desk even refused rudely to take my calls or answer any questions about nearby restaraunts insisting that even though she worked there she 'didn't know the area' To tope it all off, the fitness center was under construction so I never got to use it. Worst hotel experience of my life, I will never go back. - Sandy D.
",1,1
1584,"Stay away from the Hyatt Regency Chicago. I recently had to spend the weekend in Chicago on business, and expected this hotel to provide an experience beyond that of some seedy dive in the bad part of town, but alas, I was left disappointed. I arrived in the afternoon, my flight having been delayed, ready to rest for a few hours before starting my evening. Unfortunately, my room was not ready. It should have been ready hours earlier, but perhaps the inclement weather that had delayed my flight had also delayed the hotel staff. In any event, I was advised to wait in the bar, creatively named BIG Bar. They seemed annoyed that I wanted only water, not seeming to understand that it was not by my own choice that I spent time in their hideously noisy establishment--I wanted only to relax in my room. I waited there for over an hour before checking back in at the front desk. Was my room ready yet? 'What room?' they replied. To my astonishment, it seemed that I no longer had a reservation! How this came to pass, I do not know, and the boy behind the desk was certainly unable to enlighten me. I explained that I was simply waiting for my room to be cleaned, or furnished, or renovated, or whatever they were doing to make it ready, but my words were nothing against those of the almighty computer, who spake 'Guest Not Found' or some nonsense and who had the final say in such matters. I requested the manager, who was unavailable, presumably because the staff had not yet managed to get him ready either. Finally, I admitted defeat and slunk out from the hotel, with fewer regrets than I would have imagined, to find a better place to spend the night--a park bench surrounded by pimps and thieves would have been more inviting at that point. As it was, I found another hotel, better priced, better staffed, and with rooms ready for my custom. So if you are looking an experience like no other, book a room at the Hyatt Regency Chicago. If you want a place to sleep, look elsewhere.
",1,1
1585,"After a solid week at Monaco's penthouse suite overlooking the bay, waking up to golden light spilling through floor-to-ceiling windows made every sleepless night of pre-trips worthwhile--rest was deep and quiet, only interrupted by the occasional hum of jet engines overhead. The bathroom's heated floors and marble counters were sheer luxury, and though the price reflected its exclusivity (a steal for this level), the personal butler made it feel like a five-star privilege rather than just another splurge.",1,1
1586,"Promised river views were blocked by taller buildings next door, making it feel like I'd pay a premium just to stare at scaffolding--and the check-in line stretched twice my arrival time.",1,1
1587,"This Hyatt was just what we needed--affordable for downtown without sacrificing comfort. The breakfast buffet had plenty to choose from, even for picky eaters like my kids, while the room was quiet enough to rest after a long day exploring.",1,1
1588,"WOW!! Where do I start? Booked this hotel through Hotels.com for less than I paid for the Travellodge Downtown. Check in was a breeze, the entire staff was friendly and helpful. Our room was huge. The king bed was very comfortable. Our room also had 2 nightstands, 2 chairs with a small table, a desk, and walk-in closet. Even with all the furniture, the room was very spacious. The room did show some signs of wear, but I think this adds to the charm and the rich history of this hotel. The hotel is located in a neighborhood, so it felt like we were staying in a condo or a home rather than a hotel. There is very little noise, however, you are only about 2 blocks from Rush and Division streets, with all the nightlife, and the Red Line at Clark and Division is only 3 blocks away. We decided to walk to Michigan Ave and the next thing we knew, we were at the Hancock building. By staying here, you are away from the noise, but not away from the action. Had breakfast at the Pump Room, which is a story in itself. We had our photo taken in booth 1. Take some time and research who has sat in this booth. It is impressive. Some 1400 photos of celebrity guests adorn the walls of the Pump Room. Didn't have a chance to have dinner here, but I will return for dinner someday. Breakfast was not anything fancy, and a bit pricy, but the history and experience was worth it in my opinion. The waitstaff was friendly as was everyone who worked at this hotel was. I can't wait to return here! 
",0,0
1589,"We live down the block from the hotel. We arranged to have new floors put in our condo while we were away. The floors were not finished when we returned so we looked for an inexpensive local hotel for one night. I think the Ambassador East was the least expensive hotel within a reasonable distance so we decided to stay there. Over the years I had had some visiting groups stay there. I had also eaten there and been to the bar but I had never stayed there myself. The lobby is elegant. The service is great and the room was large and clean although a little outdated. The location is the best residential area in the city (as far as I am concerned -- I live two blocks away) and it is very convenient to North Michigan Avenue ( a good shopping street) and reasonably convenient to the Loop ( the main business area) There are also probably 50 restaurants in all price ranges in reasonable walking distance including some of the best in the city. I paid less than $100 including tax for one night. I am not sure what their regular rates are but I think my deal was the best travel bargain around. 
",0,0
1590,"I was recently a guest at the Sheraton Chicago Hotel and Towers and was immensely dissatisfied. I arrived to find that they had 'lost' my reservation. They told me they were booked solid even though I had produced my copy of the reservation confirmation. After nearly an hour of arguing with the front desk clerk she finally asked for the hotel manager to step in. He was almost helpful. He searched the database and found that there was a 'cancellation'; however, it was not for the type of room I had reserved. I had asked for a suite as I was going to be staying in the hotel for several days. I was given a box with a bed in it. They made no apologies for losing my reservation and offered no alternate compensation. Unfortunately, I was in town for a conference and everyone in the area was completely booked. I had no choice but to accept what they had offered. I begrudgingly accepted this with the intention of contacting the corporate office and posting my review here. Do not stay in this hotel they will NOT help you with anything, even if it was their error.
",1,1
1591,"Fairmont Chicago was a great choice for my wife and I. We couldn't resist the elegant Aria Restaurant and the accommodations. The room was impeccably clean and the city view was utterly amazing. From the moment we checked in, the staff produced a positive atmosphere with genuine hospitality. My wife even suggested we should have had our wedding reception in their beautiful ball room. Overall, I would rate Fairmont Chicago a 10/10!
",1,1
