Binary_label,Category,domain,text,is_synthetic,model,length,sentiment,structure,example_mode,cell_id,rep_index,n_chars,n_words,target_chars,in_length_band,n_attempts,gen_temperature,gen_seed,timestamp
fake,affinia,Hotel,"Our spotless room at the Affinia had a gorgeous skyline view, and the fast Wi-Fi made streaming effortless. The plush bed let us sleep completely undisturbed all night.",1,custom_review-gemini,short,positive,structured,few_shot,short_positive_structured_few_shot,0,168,28,200,1,1,1.0,12,2026-09-02T07:30:06.438102+00:00
fake,allegro,Hotel,Our room had a lovely city view and the bed gave us a deeply restful sleep. The fresh morning breakfast buffet made the whole stay feel like fantastic value for the money.,1,custom_review-gemini,short,positive,structured,few_shot,short_positive_structured_few_shot,1,171,32,200,1,1,1.0,12,2026-09-02T07:30:08.987911+00:00
fake,amalfi,Hotel,"Our weekend at Hotel Amalfi felt way too short; the plush bed gave us the deepest sleep, and the sparkling city view made the whole stay feel well worth the price.",1,custom_review-gemini,short,positive,structured,few_shot,short_positive_structured_few_shot,2,163,31,200,1,1,1.0,12,2026-09-02T07:30:15.289091+00:00
fake,ambassador,Hotel,"Our spotless room and the fresh, stylish decor made the Ambassador a treat, and the delicious breakfast spread left us wishing our weekend visit hadn't felt so short.",1,custom_review-gemini,short,positive,structured,few_shot,short_positive_structured_few_shot,3,166,28,200,1,1,1.0,12,2026-09-02T07:30:19.388643+00:00
fake,fairmont,Hotel,"I slept like a rock in the plush bed, and the speedy Wi-Fi made streaming effortless. The city skyline view was stunning, and our weekend at the Fairmont felt way too short.",1,custom_review-gemini,short,positive,structured,few_shot,short_positive_structured_few_shot,5,173,32,200,1,4,1.0,12,2026-09-02T07:32:06.103756+00:00
fake,hardrock,Hotel,"The Hard Rock's central location made sightseeing effortless, and the lavish walk-in shower in our bathroom was fantastic. Our weekend stay felt far too short after enjoying the delicious cooked-to-order breakfast!",1,custom_review-gemini,short,positive,structured,few_shot,short_positive_structured_few_shot,6,214,31,200,1,4,1.0,12,2026-09-02T07:32:38.486906+00:00
fake,hyatt,Hotel,"Our stay at the Hyatt was worth every penny, offering a delightfully quiet room and warm, attentive staff. The hot breakfast buffet was delicious and set us up well for the day.",1,custom_review-gemini,short,positive,structured,few_shot,short_positive_structured_few_shot,9,177,32,200,1,4,1.0,12,2026-09-02T07:35:20.219317+00:00
fake,intercontinental,Hotel,"Our weekend felt way too short; the fresh, elegant decor and sparkling marble bathroom made every penny of the rate totally worth it.",1,custom_review-gemini,short,positive,structured,few_shot,short_positive_structured_few_shot,10,133,23,200,1,1,1.0,12,2026-09-02T07:35:23.620718+00:00
fake,james,Hotel,"The fresh decor made our stay truly relaxing, and the fast wifi easily handled work calls. We loved the skyline view and the tasty breakfast pastries.",1,custom_review-gemini,short,positive,structured,few_shot,short_positive_structured_few_shot,11,150,26,200,1,1,1.0,12,2026-09-02T07:35:26.513082+00:00
fake,knickerbocker,Hotel,"Our weekend getaway went by far too quickly. The room was blissfully quiet, the fast Wi-Fi made streaming effortless, and the morning breakfast spread was truly delicious.",1,custom_review-gemini,short,positive,structured,few_shot,short_positive_structured_few_shot,12,171,27,200,1,2,1.0,12,2026-09-02T07:35:36.635235+00:00
fake,monaco,Hotel,"Hotel Monaco's central location made sightseeing effortless, and waking up to stunning city skyline views was amazing. The attentive staff treated us like royalty, and the fresh, flavorful breakfast was the perfect start to our trip.",1,custom_review-gemini,short,positive,structured,few_shot,short_positive_structured_few_shot,13,233,36,200,1,1,1.0,12,2026-09-02T07:35:40.822340+00:00
fake,omni,Hotel,"Our suite at the Omni had a stunning skyline view, and the fresh, stylish decor made the stay feel truly upscale. The front desk team was wonderfully attentive, plus the central location made exploring effortless.",1,custom_review-gemini,short,positive,structured,few_shot,short_positive_structured_few_shot,14,213,35,200,1,3,1.0,12,2026-09-02T07:35:59.097938+00:00
fake,palmer,Hotel,"The Palmer's front desk team was wonderfully attentive, and I loved the fresh, stylish decor. Our sparkling clean bathroom had great water pressure, plus we enjoyed a stunning skyline view from the window.",1,custom_review-gemini,short,positive,structured,few_shot,short_positive_structured_few_shot,15,205,33,200,1,2,1.0,12,2026-09-02T07:36:10.367188+00:00
fake,sheraton,Hotel,"I had a wonderfully peaceful night's sleep at the Sheraton thanks to the quiet room, and the fast Wi-Fi made streaming effortless while enjoying the stunning river view.",1,custom_review-gemini,short,positive,structured,few_shot,short_positive_structured_few_shot,16,169,28,200,1,1,1.0,12,2026-09-02T07:36:13.835708+00:00
fake,sofitel,Hotel,"Our stay at Sofitel was worth every penny thanks to the prime, walkable location. The room stayed completely peaceful at night, and the sleek marble bathroom with its deep tub was fantastic.",1,custom_review-gemini,short,positive,structured,few_shot,short_positive_structured_few_shot,17,190,32,200,1,1,1.0,12,2026-09-02T07:36:16.673700+00:00
fake,swissotel,Hotel,"Swissotel felt totally worth the rate, thanks to crisp, fresh room decor and flawless fast wifi. The plush mattress gave me such a restful sleep, too.",1,custom_review-gemini,short,positive,structured,few_shot,short_positive_structured_few_shot,18,150,26,200,1,1,1.0,12,2026-09-02T07:36:19.474171+00:00
fake,affinia,Hotel,"The Affinia staff was incredibly welcoming, and our room was surprisingly peaceful despite the city bustle. Loved the fresh, updated decor and the delicious breakfast spread each morning.",1,custom_review-gemini,short,positive,structured,few_shot,short_positive_structured_few_shot,20,187,28,200,1,1,1.0,12,2026-09-02T07:37:16.957699+00:00
fake,allegro,Hotel,"Our weekend at Hotel Allegro felt far too short. The room was spotless, the bed gave us a deeply restful sleep, and the bright, updated bathroom was fantastic.",1,custom_review-gemini,short,positive,structured,few_shot,short_positive_structured_few_shot,21,159,28,200,1,2,1.0,12,2026-09-02T07:37:25.074374+00:00
fake,amalfi,Hotel,"I slept soundly thanks to how surprisingly quiet the room was, and the skyline view was stunning. The fast Wi-Fi made working effortless too.",1,custom_review-gemini,short,positive,structured,few_shot,short_positive_structured_few_shot,22,141,24,200,1,4,1.0,12,2026-09-02T07:37:46.189927+00:00
fake,ambassador,Hotel,"Our weekend felt far too short at the Ambassador. The room was wonderfully quiet with an incredible skyline view, and the marble bathroom was spotless.",1,custom_review-gemini,short,positive,structured,few_shot,short_positive_structured_few_shot,23,151,25,200,1,1,1.0,12,2026-09-02T07:37:50.351543+00:00
fake,omni,Hotel,"The Omni was wonderfully located near everything, and our spotless room offered a breathtaking skyline view; the weekend truly felt far too short!",1,custom_review-gemini,short,positive,structured,zero_shot,short_positive_structured_zero_shot,9,146,23,200,1,1,1.0,12,2026-09-02T07:44:04.929722+00:00
fake,intercontinental,Hotel,"The grand lobby at the Intercontinental really blew us away, and our bed was so comfy we actually overslept and almost missed breakfast. Super friendly concierge too, we'd totally stay again.",1,custom_review-gemini,short,positive,unstructured,few_shot,short_positive_unstructured_few_shot,0,191,31,200,1,1,1.0,12,2026-09-02T07:55:45.347695+00:00
fake,knickerbocker,Hotel,"Really loved the classic vibe at the Knickerbocker, and our bed was so comfortable after walking around the city all day. The lobby is gorgeous too.",1,custom_review-gemini,short,positive,unstructured,few_shot,short_positive_unstructured_few_shot,2,148,26,200,1,2,1.0,12,2026-09-02T07:56:39.972130+00:00
fake,monaco,Hotel,"Loved the quirky, colorful boutique vibe at Hotel Monaco, especially that cozy window seat in our room. The complimentary evening wine hour was such a fun bonus after walking all day.",1,custom_review-gemini,short,positive,unstructured,few_shot,short_positive_unstructured_few_shot,3,183,31,200,1,3,1.0,12,2026-09-02T07:57:12.159149+00:00
fake,omni,Hotel,"Honestly such a relaxing weekend at the Omni. The bed was ridiculously comfortable, and the front desk clerk sent up extra coffee pods right away when I asked.",1,custom_review-gemini,short,positive,unstructured,few_shot,short_positive_unstructured_few_shot,4,159,28,200,1,1,1.0,12,2026-09-02T07:57:36.573706+00:00
fake,palmer,Hotel,"The Palmer was stunning, especially that gorgeous historic lobby ceiling! Our king bed was super comfy, and being able to just stroll to Millennium Park made the weekend so easy.",1,custom_review-gemini,short,positive,unstructured,few_shot,short_positive_unstructured_few_shot,5,178,30,200,1,3,1.0,12,2026-09-02T07:57:51.374889+00:00
fake,sheraton,Hotel,The Sheraton made our weekend trip super easy; the river views were fantastic and the front desk gave us late checkout without any hassle.,1,custom_review-gemini,short,positive,unstructured,few_shot,short_positive_unstructured_few_shot,6,138,24,200,1,5,1.0,12,2026-09-02T07:58:18.937626+00:00
fake,swissotel,Hotel,"Loved our corner room at the Swissotel, the river views were incredible day and night. Bed was super plush and the staff downstairs sorted a late checkout for us without any hassle.",1,custom_review-gemini,short,positive,unstructured,few_shot,short_positive_unstructured_few_shot,8,181,32,200,1,1,1.0,12,2026-09-02T07:58:58.137743+00:00
fake,talbott,Hotel,Loved our weekend at the Talbott--the boutique vibe is so charming and the bed was super comfy. Great Gold Coast spot close to fantastic restaurants.,1,custom_review-gemini,short,positive,unstructured,few_shot,short_positive_unstructured_few_shot,9,149,25,200,1,1,1.0,12,2026-09-02T07:59:00.967881+00:00
fake,affinia,Hotel,"We loved our corner room at the Affinia, the bed was crazy comfortable and having a little kitchenette made grabbing quick breakfasts so easy. Super friendly doormen too.",1,custom_review-gemini,short,positive,unstructured,few_shot,short_positive_unstructured_few_shot,10,170,28,200,1,1,1.0,12,2026-09-02T07:59:05.222738+00:00
fake,allegro,Hotel,"The vintage vibe here is so fun, and our king room was surprisingly quiet at night. Free evening wine hour in the lobby was a great perk after walking the Loop all day.",1,custom_review-gemini,short,positive,unstructured,few_shot,short_positive_unstructured_few_shot,11,168,33,200,1,2,1.0,12,2026-09-02T07:59:19.018992+00:00
fake,amalfi,Hotel,"Really dug the vibe here, especially the evening wine reception and super comfy bed. Location was perfect for walking around downtown, definitely coming back.",1,custom_review-gemini,short,positive,unstructured,few_shot,short_positive_unstructured_few_shot,12,158,24,200,1,1,1.0,12,2026-09-02T07:59:22.663675+00:00
fake,ambassador,Hotel,"Really loved our weekend at Hotel Ambassador; the classic charm of the lobby won me over immediately, and our king bed was ridiculously comfortable after walking around all day.",1,custom_review-gemini,short,positive,unstructured,few_shot,short_positive_unstructured_few_shot,13,177,29,200,1,2,1.0,12,2026-09-02T07:59:30.454768+00:00
fake,conrad,Hotel,"The Conrad was top-notch, especially the super comfy bed and the rooftop bar drinks. Everything ran smoothly from arrival to checkout, definitely coming back.",1,custom_review-gemini,short,positive,unstructured,few_shot,short_positive_unstructured_few_shot,14,158,24,200,1,2,1.0,12,2026-09-02T07:59:39.701619+00:00
fake,fairmont,Hotel,"The Fairmont totally lived up to the hype, the bed was crazy comfortable and having morning coffee looking out over the park view made the whole trip for us.",1,custom_review-gemini,short,positive,unstructured,few_shot,short_positive_unstructured_few_shot,15,157,29,200,1,1,1.0,12,2026-09-02T07:59:42.270910+00:00
fake,hilton,Hotel,"Loved our weekend at the Hilton, the bed was so plush and we got a quiet top-floor room with a great downtown view. Front desk was super quick too.",1,custom_review-gemini,short,positive,unstructured,few_shot,short_positive_unstructured_few_shot,17,147,29,200,1,6,1.0,12,2026-09-02T08:00:57.052734+00:00
fake,homewood,Hotel,"Loved our suite at the Homewood, especially having the full fridge and kitchen space. The hot breakfast was surprisingly good and saved us a ton of time each morning.",1,custom_review-gemini,short,positive,unstructured,few_shot,short_positive_unstructured_few_shot,18,166,29,200,1,2,1.0,12,2026-09-02T08:01:04.928787+00:00
fake,hyatt,Hotel,The Hyatt was a total treat; the bed was crazy comfortable and waking up to that downtown skyline view made the whole trip for us.,1,custom_review-gemini,short,positive,unstructured,few_shot,short_positive_unstructured_few_shot,19,130,25,200,1,2,1.0,12,2026-09-02T08:01:14.891078+00:00
fake,intercontinental,Hotel,"Loved the classic historic vibe here, and that indoor pool is just gorgeous. Our king bed was super plush, plus the front desk was totally accommodating when we needed extra pillows late at night.",1,custom_review-gemini,short,positive,unstructured,few_shot,short_positive_unstructured_few_shot,20,196,34,200,1,1,1.0,12,2026-09-02T08:01:18.444958+00:00
fake,knickerbocker,Hotel,"Loved our weekend at the Knickerbocker! The classic lobby vibe is stunning, and our bed was so comfy after walking all day. Super close to everything too. We'd definitely return.",1,custom_review-gemini,short,positive,unstructured,few_shot,short_positive_unstructured_few_shot,22,178,30,200,1,2,1.0,12,2026-09-02T08:02:50.988566+00:00
fake,monaco,Hotel,"Really loved the quirky decor and the evening wine hour at Hotel Monaco, plus the front desk folks were super friendly and sorted an early check-in. The bed was ridiculously cozy too.",1,custom_review-gemini,short,positive,unstructured,few_shot,short_positive_unstructured_few_shot,23,183,32,200,1,2,1.0,12,2026-09-02T08:03:27.100230+00:00
fake,omni,Hotel,"Honestly loved our weekend at the Omni, the valet guys were super quick and our king bed was insanely comfortable after walking all day.",1,custom_review-gemini,short,positive,unstructured,few_shot,short_positive_unstructured_few_shot,24,136,24,200,1,1,1.0,12,2026-09-02T08:03:29.679881+00:00
fake,hardrock,Hotel,"The guitar memorabilia everywhere was so cool, plus our room had an amazing view. The pool vibe rocked and the bed was super comfy.",1,custom_review-gemini,short,positive,unstructured,zero_shot,short_positive_unstructured_zero_shot,11,131,24,200,1,1,1.0,12,2026-09-02T08:20:30.623608+00:00
fake,omni,Hotel,"Loved our weekend at the Omni! The lobby smelled amazing, our bed was super comfy, and grabbing morning lattes from the downstairs cafe was a huge plus. We will definitely be back soon.",1,custom_review-gemini,short,positive,unstructured,zero_shot,short_positive_unstructured_zero_shot,19,185,33,200,1,2,1.0,12,2026-09-02T08:37:26.485255+00:00
fake,sofitel,Hotel,"The Sofitel bed was heaven after our long flight, and the breakfast spread downstairs had amazing fresh croissants. Staff made check-in totally painless.",1,custom_review-gemini,short,positive,unstructured,zero_shot,short_positive_unstructured_zero_shot,22,153,23,200,1,4,1.0,12,2026-09-02T08:43:09.809851+00:00
fake,affinia,Hotel,"Despite the convenient central location, Affinia was a letdown with completely broken wifi and a tiny, mildewed bathroom. To make matters worse, the cold, stale breakfast buffet was barely edible.",1,custom_review-gemini,short,negative,structured,few_shot,short_negative_structured_few_shot,0,196,30,200,1,3,1.0,12,2026-09-02T08:45:52.750309+00:00
fake,amalfi,Hotel,"Between the dismissive front desk staff, the terribly dated decor, and a moldy bathroom that smelled awful, our weekend at Hotel Amalfi felt way too long.",1,custom_review-gemini,short,negative,structured,few_shot,short_negative_structured_few_shot,2,154,26,200,1,1,1.0,12,2026-09-02T08:47:16.503553+00:00
fake,ambassador,Hotel,"The rude front desk ruined our stay at Hotel Ambassador, and the dated decor felt stuck in the 1980s. Between the cold, stale breakfast buffet and a grime-covered bathroom, it was entirely disappointing.",1,custom_review-gemini,short,negative,structured,few_shot,short_negative_structured_few_shot,3,203,33,200,1,5,1.0,12,2026-09-02T08:48:32.046837+00:00
fake,conrad,Hotel,"Despite the convenient location, our weekend at the Conrad dragged on endlessly because of thin, noisy walls and a cramped, dingy bathroom.",1,custom_review-gemini,short,negative,structured,few_shot,short_negative_structured_few_shot,4,139,22,200,1,1,1.0,12,2026-09-02T08:48:36.124222+00:00
fake,fairmont,Hotel,"Our stay at the Fairmont was a letdown; the room faced an ugly alley, the street noise kept us up, the bathroom was moldy, and breakfast was completely cold.",1,custom_review-gemini,short,negative,structured,few_shot,short_negative_structured_few_shot,5,157,29,200,1,1,1.0,12,2026-09-02T08:48:39.865433+00:00
fake,hardrock,Hotel,Our dusty room at the Hard Rock had a grimy bathroom with poor water pressure. The non-stop bass made it so noisy that two nights felt way too long.,1,custom_review-gemini,short,negative,structured,few_shot,short_negative_structured_few_shot,6,148,29,200,1,3,1.0,12,2026-09-02T08:49:54.620001+00:00
fake,hilton,Hotel,"Two nights at the Hilton felt far too long thanks to the moldy bathroom and a dreary alley view. To make matters worse, the breakfast eggs were completely cold.",1,custom_review-gemini,short,negative,structured,few_shot,short_negative_structured_few_shot,7,160,29,200,1,1,1.0,12,2026-09-02T08:50:04.732208+00:00
fake,homewood,Hotel,"Though the location near the highway was convenient, our weekend felt far too long due to the rude, dismissive staff. Definitely not worth the steep price tag for such poor service.",1,custom_review-gemini,short,negative,structured,few_shot,short_negative_structured_few_shot,8,181,31,200,1,1,1.0,12,2026-09-02T08:50:07.620395+00:00
fake,hyatt,Hotel,"Paying a premium rate at the Hyatt for a dismal brick-wall view and broken wifi was infuriating. To make matters worse, street noise kept us awake all night. Total rip-off.",1,custom_review-gemini,short,negative,structured,few_shot,short_negative_structured_few_shot,9,172,30,200,1,2,1.0,12,2026-09-02T08:50:18.268154+00:00
fake,knickerbocker,Hotel,"Despite the handy central location, our stay at the Knickerbocker was ruined by dusty, dated decor, a grime-streaked bathroom, and a cold, stale breakfast.",1,custom_review-gemini,short,negative,structured,few_shot,short_negative_structured_few_shot,12,155,24,200,1,1,1.0,12,2026-09-02T08:55:04.744577+00:00
fake,palmer,Hotel,"Our dusty room at the Palmer faced a depressing brick wall, and constant street noise kept us awake. To make matters worse, the Wi-Fi dropped every few minutes. Disappointing stay.",1,custom_review-gemini,short,negative,structured,few_shot,short_negative_structured_few_shot,15,180,30,200,1,5,1.0,12,2026-09-02T08:58:30.340369+00:00
fake,sheraton,Hotel,"Our stay at the Sheraton felt far too long, especially considering the terrible wifi and a dull view of a brick wall. It definitely was not worth the steep price tag.",1,custom_review-gemini,short,negative,structured,few_shot,short_negative_structured_few_shot,16,166,31,200,1,2,1.0,12,2026-09-02T08:58:39.789692+00:00
fake,sofitel,Hotel,"Though Sofitel boasts an extremely convenient location, our dusty room and the dismissive front desk made two nights feel far too long.",1,custom_review-gemini,short,negative,structured,few_shot,short_negative_structured_few_shot,17,135,22,200,1,2,1.0,12,2026-09-02T08:58:46.178820+00:00
fake,swissotel,Hotel,Our dusty room at Swissotel had a bleak alley view and an uncomfortable bed that ruined our sleep. Definitely not worth the steep rate.,1,custom_review-gemini,short,negative,structured,few_shot,short_negative_structured_few_shot,18,135,24,200,1,1,1.0,12,2026-09-02T08:58:56.142995+00:00
fake,talbott,Hotel,"Our stay at the Talbott was grossly overpriced; the bedroom felt grimy, the Wi-Fi dropped constantly, and the meager breakfast was totally uninspired.",1,custom_review-gemini,short,negative,structured,few_shot,short_negative_structured_few_shot,19,150,23,200,1,2,1.0,12,2026-09-02T08:59:11.390759+00:00
fake,affinia,Hotel,"The central location is handy, but the dingy, dated decor and dusty room made this place feel totally overpriced. I was very disappointed.",1,custom_review-gemini,short,negative,structured,few_shot,short_negative_structured_few_shot,20,138,23,200,1,1,1.0,12,2026-09-02T08:59:19.440550+00:00
fake,allegro,Hotel,Our weekend at Hotel Allegro dragged on forever thanks to broken Wi-Fi and a depressing brick-wall view. It definitely wasn't worth the steep rate.,1,custom_review-gemini,short,negative,structured,few_shot,short_negative_structured_few_shot,21,147,24,200,1,1,1.0,12,2026-09-02T08:59:23.065896+00:00
fake,amalfi,Hotel,"The dated decor looked tired, and our dusty room was barely clean. Between the noisy, uncomfortable bed ruining our sleep and the cold, stale breakfast, Hotel Amalfi was a total disappointment.",1,custom_review-gemini,short,negative,structured,few_shot,short_negative_structured_few_shot,22,193,31,200,1,1,1.0,12,2026-09-02T08:59:25.638533+00:00
fake,ambassador,Hotel,"Between the broken Wi-Fi, the drab alley view, and a lumpy mattress that ruined my sleep, this two-night stay dragged on forever. Hotel Ambassador was truly a letdown.",1,custom_review-gemini,short,negative,structured,few_shot,short_negative_structured_few_shot,23,167,28,200,1,5,1.0,12,2026-09-02T09:00:14.911993+00:00
fake,knickerbocker,Hotel,"Barely slept on the rock-hard bed; the tired, dated decor matched the gloomy alley view, and the cramped bathroom smelled faintly of mildew. Disappointing stay.",1,custom_review-gemini,short,negative,structured,zero_shot,short_negative_structured_zero_shot,7,160,25,200,1,2,1.0,12,2026-09-02T09:07:45.183848+00:00
fake,omni,Hotel,"I barely slept at the Omni due to loud street noise and a grim, moldy bathroom. To make matters worse, the breakfast was completely cold and stale.",1,custom_review-gemini,short,negative,structured,zero_shot,short_negative_structured_zero_shot,9,147,27,200,1,3,1.0,12,2026-09-02T09:08:44.807927+00:00
fake,james,Hotel,"Honestly pretty bummed with our stay at the James. The room smelled like stale smoke, the AC unit rattled all night, and the front desk staff seemed completely uninterested in helping us.",1,custom_review-gemini,short,negative,unstructured,few_shot,short_negative_unstructured_few_shot,1,187,32,200,1,1,1.0,12,2026-09-02T09:21:17.594734+00:00
fake,monaco,Hotel,"Honestly so disappointed with Hotel Monaco. The AC in our room barely worked all night, and the front desk staff seemed completely indifferent when we mentioned it the next morning. Won't be back.",1,custom_review-gemini,short,negative,unstructured,few_shot,short_negative_unstructured_few_shot,3,196,33,200,1,1,1.0,12,2026-09-02T09:22:41.081234+00:00
fake,omni,Hotel,"Our stay at the Omni was really disappointing, mostly because the AC was completely broken and the front desk just seemed annoyed whenever we asked for help. Definitely not worth the high price tag.",1,custom_review-gemini,short,negative,unstructured,few_shot,short_negative_unstructured_few_shot,4,198,34,200,1,1,1.0,12,2026-09-02T09:22:44.767836+00:00
fake,palmer,Hotel,"Our stay at the Palmer was a letdown, mostly because the room felt ancient and the bathroom smelled like mold. The line for the elevators took forever every morning, too.",1,custom_review-gemini,short,negative,unstructured,few_shot,short_negative_unstructured_few_shot,5,170,30,200,1,2,1.0,12,2026-09-02T09:23:31.995397+00:00
fake,sheraton,Hotel,"Our room at the Sheraton smelled heavily of stale smoke, and the air conditioning barely cooled the place down at night. For the steep price, the worn-out carpets and rude front desk were a huge letdown.",1,custom_review-gemini,short,negative,unstructured,few_shot,short_negative_unstructured_few_shot,6,203,36,200,1,1,1.0,12,2026-09-02T09:23:35.987550+00:00
fake,sofitel,Hotel,"For the price, the Sofitel was a total letdown. Our room smelled musty, room service took forever, and the front desk staff seemed completely indifferent to our complaints.",1,custom_review-gemini,short,negative,unstructured,few_shot,short_negative_unstructured_few_shot,7,172,28,200,1,2,1.0,12,2026-09-02T09:23:49.796415+00:00
fake,swissotel,Hotel,"Honestly, Swissotel was a massive letdown for the price; the elevators took forever to arrive and our bathroom had peeling wallpaper and lukewarm water. I expected way better.",1,custom_review-gemini,short,negative,unstructured,few_shot,short_negative_unstructured_few_shot,8,175,28,200,1,1,1.0,12,2026-09-02T09:24:04.292903+00:00
fake,talbott,Hotel,"Really let down by the Talbott. Our room smelled musty, the street noise kept us awake all night, and the front desk clerk was downright rude. Definitely not worth the high price.",1,custom_review-gemini,short,negative,unstructured,few_shot,short_negative_unstructured_few_shot,9,179,32,200,1,3,1.0,12,2026-09-02T09:24:19.341344+00:00
fake,affinia,Hotel,"Our stay at Affinia was pretty disappointing, honestly. The AC unit in our room kept rattling all night, and the front desk staff seemed completely uninterested when we asked for clean towels.",1,custom_review-gemini,short,negative,unstructured,few_shot,short_negative_unstructured_few_shot,10,192,32,200,1,2,1.0,12,2026-09-02T09:24:32.529562+00:00
fake,allegro,Hotel,"Our room at the Allegro was tiny and shockingly loud all night, plus the AC barely cooled anything down. Definitely not worth the high price tag.",1,custom_review-gemini,short,negative,unstructured,few_shot,short_negative_unstructured_few_shot,11,145,26,200,1,2,1.0,12,2026-09-02T09:24:50.949842+00:00
fake,amalfi,Hotel,"Our room at Hotel Amalfi was so noisy from street traffic and the AC unit rattled all night, plus the shower drain backed up immediately. Extremely disappointed for the price we paid.",1,custom_review-gemini,short,negative,unstructured,few_shot,short_negative_unstructured_few_shot,12,183,32,200,1,1,1.0,12,2026-09-02T09:24:55.114767+00:00
fake,conrad,Hotel,"Honestly, the Conrad was a total letdown. Our AC barely worked, room service took over an hour to bring cold food, and the front desk just seemed annoyed whenever we asked for help.",1,custom_review-gemini,short,negative,unstructured,few_shot,short_negative_unstructured_few_shot,14,181,33,200,1,1,1.0,12,2026-09-02T09:25:44.771318+00:00
fake,fairmont,Hotel,"Honestly expected way more from the Fairmont for this price. Our room smelled musty, the bathroom plumbing was noisy all night, and the front desk staff seemed completely uninterested in helping us.",1,custom_review-gemini,short,negative,unstructured,few_shot,short_negative_unstructured_few_shot,15,198,32,200,1,2,1.0,12,2026-09-02T09:25:58.259660+00:00
fake,hardrock,Hotel,"Expected a cool vibe at the Hard Rock, but the music was painfully loud at 2 AM and our bathroom had gross mildew in the shower. Definitely not worth the crazy price.",1,custom_review-gemini,short,negative,unstructured,few_shot,short_negative_unstructured_few_shot,16,166,32,200,1,2,1.0,12,2026-09-02T09:26:36.804470+00:00
fake,hilton,Hotel,"Really let down by our stay at the Hilton. The AC unit was rattling all night, our shower barely had any warm water, and the front desk staff seemed completely uninterested in helping us.",1,custom_review-gemini,short,negative,unstructured,few_shot,short_negative_unstructured_few_shot,17,187,34,200,1,1,1.0,12,2026-09-02T09:26:41.583338+00:00
fake,homewood,Hotel,"Our suite at the Homewood smelled heavily of stale smoke, and the kitchen sink leaked all over the floor. The front desk seemed completely indifferent when we brought it up.",1,custom_review-gemini,short,negative,unstructured,few_shot,short_negative_unstructured_few_shot,18,173,30,200,1,1,1.0,12,2026-09-02T09:26:44.982272+00:00
fake,hyatt,Hotel,"Really let down by the Hyatt this trip. Our AC unit rattled loudly all night, and the front desk didn't seem to care at all when we complained about the lack of sleep.",1,custom_review-gemini,short,negative,unstructured,few_shot,short_negative_unstructured_few_shot,19,167,33,200,1,1,1.0,12,2026-09-02T09:26:48.528610+00:00
fake,intercontinental,Hotel,"Expected a lot more from the InterContinental. The room felt tired, the AC was rattling loudly all night, and the front desk staff seemed completely indifferent to our complaints.",1,custom_review-gemini,short,negative,unstructured,few_shot,short_negative_unstructured_few_shot,20,179,29,200,1,2,1.0,12,2026-09-02T09:26:56.868900+00:00
fake,james,Hotel,"The AC unit in our room rattled all night keeping us awake, and the front desk staff seemed completely uninterested when we asked for help. Definitely expected better.",1,custom_review-gemini,short,negative,unstructured,few_shot,short_negative_unstructured_few_shot,21,167,28,200,1,2,1.0,12,2026-09-02T09:27:13.341179+00:00
fake,knickerbocker,Hotel,The Knickerbocker was a huge letdown; the air conditioning rattled all night and the bathroom smelled like old mildew. Definitely not worth the high price tag.,1,custom_review-gemini,short,negative,unstructured,few_shot,short_negative_unstructured_few_shot,22,159,26,200,1,2,1.0,12,2026-09-02T09:27:29.370430+00:00
fake,monaco,Hotel,"The funky decor at Hotel Monaco couldn't hide how tired the room was, and the A/C unit rattled so loudly all night that neither of us got any real sleep.",1,custom_review-gemini,short,negative,unstructured,few_shot,short_negative_unstructured_few_shot,23,153,30,200,1,1,1.0,12,2026-09-02T09:27:32.456370+00:00
fake,omni,Hotel,"The Omni was a huge letdown this trip, the AC unit in our room sounded like a jet engine all night and front desk barely cared when we mentioned it. For what they charge, definitely not worth it.",1,custom_review-gemini,short,negative,unstructured,few_shot,short_negative_unstructured_few_shot,24,195,38,200,1,1,1.0,12,2026-09-02T09:27:46.740094+00:00
fake,affinia,Hotel,"The AC in our room at Affinia barely worked and made a loud rattling noise all night. Front desk didn't seem to care when we complained either, totally ruined our stay.",1,custom_review-gemini,short,negative,unstructured,zero_shot,short_negative_unstructured_zero_shot,5,168,31,200,1,4,1.0,12,2026-09-02T09:35:58.272522+00:00
fake,conrad,Hotel,"Not what we expected from a Conrad hotel. The front desk staff seemed completely uninterested, and our room smelled damp with a noisy AC unit keeping us awake all night.",1,custom_review-gemini,short,negative,unstructured,zero_shot,short_negative_unstructured_zero_shot,9,169,30,200,1,5,1.0,12,2026-09-02T09:41:30.853820+00:00
fake,hardrock,Hotel,"Way too loud around the pool all day and the room smelled like damp carpet. The front desk was totally unhelpful about switching us, huge letdown.",1,custom_review-gemini,short,negative,unstructured,zero_shot,short_negative_unstructured_zero_shot,11,146,26,200,1,1,1.0,12,2026-09-02T09:44:53.963018+00:00
fake,hilton,Hotel,"Expected way better for the price from a Hilton. Our AC rattled all night, the shower barely drained, and front desk honestly didn't care.",1,custom_review-gemini,short,negative,unstructured,zero_shot,short_negative_unstructured_zero_shot,12,138,24,200,1,4,1.0,12,2026-09-02T09:45:20.705914+00:00
fake,knickerbocker,Hotel,Massive letdown for the price; the street noise in our room was nonstop all night and the front desk staff couldn't have cared less when we asked to switch.,1,custom_review-gemini,short,negative,unstructured,zero_shot,short_negative_unstructured_zero_shot,17,156,29,200,1,5,1.0,12,2026-09-02T09:55:10.227529+00:00
fake,affinia,Hotel,"We spent a weekend at the Affinia and honestly, our two-night stay felt far too short. Right from check-in, the atmosphere was welcoming and relaxed. What surprised me most was how peaceful our room was; despite being in a bustling neighborhood, the hallway and street noise were practically non-existent. The bed was incredibly comfortable with great pillows, so I slept soundly straight through both nights without waking up once. Another huge plus was the reliable Wi-Fi, which made it effortless to stream a movie in the evening and look up nearby dinner spots without any annoying lag. It was a thoroughly enjoyable trip, and we're already hoping to return for a longer visit next time around.",1,custom_review-gemini,long,positive,structured,few_shot,long_positive_structured_few_shot,0,698,116,700,1,2,1.0,12,2026-09-02T10:04:33.740872+00:00
fake,allegro,Hotel,"We had a wonderful weekend stay at the Hotel Allegro. The boutique Art Deco styling gives the place a vibrant, fresh personality rather than feeling like a tired, dated relic. Our room was spotless upon arrival, with gleaming bathroom fixtures and crisp linens that immediately put us at ease. I am usually a very light sleeper when traveling, but the plush king mattress paired with heavy blackout drapes meant I slept completely soundly through the night without hearing any hallway noise. The complimentary wifi was surprisingly fast and reliable, letting me stream shows and take a quick Zoom call without a single glitch. It was a comfortable, hassle-free visit and we will definitely return next time we are in town.",1,custom_review-gemini,long,positive,structured,few_shot,long_positive_structured_few_shot,1,722,120,700,1,1,1.0,12,2026-09-02T10:04:37.611183+00:00
fake,amalfi,Hotel,"We had a wonderful weekend at Hotel Amalfi and would happily return. Our room was spotless upon arrival, with gleaming bathroom tiles and crisp, fresh bedding that made unwinding after a long day of sightseeing a real treat. Despite the hotel's central setting, the room was remarkably quiet at night, allowing us to get a completely uninterrupted night's sleep. In the morning, the continental breakfast spread exceeded our expectations; the fresh pastries, rich coffee, and variety of fresh fruit gave us the perfect start each day. The complimentary wifi was strong and worked seamlessly whenever we needed to stream shows or map out our afternoon itinerary. A genuinely comfortable, well-run boutique hotel.",1,custom_review-gemini,long,positive,structured,few_shot,long_positive_structured_few_shot,2,711,112,700,1,1,1.0,12,2026-09-02T10:04:42.060545+00:00
fake,ambassador,Hotel,"We booked a weekend at the Hotel Ambassador and were thoroughly impressed with our stay. Our room was spotless upon arrival, with freshly vacuumed carpets and not a speck of dust on the side tables. I loved the interior design--it strikes a great balance between classic charm and fresh, contemporary updates, avoiding that tired, dated look so many historic spots suffer from. The bathroom felt bright and pristine, featuring great water pressure in the walk-in shower and plenty of counter space for our toiletries. Best of all, we both slept soundly through the night thanks to the plush mattress, crisp bedding, and remarkably quiet hallways. It made for a truly relaxing getaway, and we would happily return.",1,custom_review-gemini,long,positive,structured,few_shot,long_positive_structured_few_shot,3,713,117,700,1,1,1.0,12,2026-09-02T10:04:59.042461+00:00
fake,conrad,Hotel,"We spent three nights at the Conrad and were thoroughly impressed with the standard of hospitality. From the doormen to the front desk team, the staff was genuinely attentive and remembered small details about our plans each day. Our room on the 14th floor was remarkably quiet, completely insulated from outside traffic and hallway noise, which made for fantastic sleep. The morning breakfast spread offered a wonderful mix of made-to-order omelets, flaky pastries, and fresh juices, all served in a bright, relaxed dining area. I also needed to work remotely for an afternoon, and the high-speed wifi worked flawlessly with zero lag during video calls. It was an effortless, comfortable stay that was worth every penny.",1,custom_review-gemini,long,positive,structured,few_shot,long_positive_structured_few_shot,4,721,116,700,1,1,1.0,12,2026-09-02T10:05:04.059990+00:00
fake,fairmont,Hotel,"We had a wonderful weekend at the Fairmont, and my only real complaint is that our stay felt far too short. From the moment we unpacked, the room felt like a peaceful retreat. The soundproofing is impressive; we barely heard a peep from the hallway or the street below, making it remarkably quiet throughout the night. Thanks to the plush mattress and blackout curtains, I slept like a rock and woke up completely refreshed both mornings. The in-room wifi worked seamlessly on multiple devices, allowing me to stream a movie without any buffering issues. Everything about the property exceeded our expectations, and we are already planning to book a longer visit next time around.",1,custom_review-gemini,long,positive,structured,few_shot,long_positive_structured_few_shot,5,680,114,700,1,1,1.0,12,2026-09-02T10:05:10.243695+00:00
fake,hardrock,Hotel,"We had an incredible weekend at the Hard Rock. The vibrant music memorabilia everywhere sets such a fun tone right away. Check-in was a breeze thanks to the front desk team, who were remarkably welcoming and offered great local tips. We were slightly concerned about the noise given the energetic lobby vibe, but our room on the 8th floor was surprisingly quiet and peaceful all night. Breakfast the next morning was delicious--the buffet had a great mix of made-to-order omelets, fresh pastries, and strong coffee. It is definitely on the pricier side, but considering the prime location, top-notch service, and unique atmosphere, it felt entirely worth every penny. We will certainly be back for another stay soon.",1,custom_review-gemini,long,positive,structured,few_shot,long_positive_structured_few_shot,6,716,117,700,1,1,1.0,12,2026-09-02T10:05:16.773579+00:00
fake,hilton,Hotel,"We had a thoroughly enjoyable weekend at the Hilton. Our corner room on the fourteenth floor overlooked the sparkling downtown skyline, and catching the sunrise over the city with morning coffee was a definite highlight. The interior decor felt fresh and newly updated, leaning into clean, contemporary styling without losing that cozy, welcoming vibe. I especially appreciated the bathroom, which was sparkling clean, brightly lit, and featured a fantastic walk-in rainfall shower with great water pressure. Throughout our visit, the staff members were unfailingly warm and attentive; the front desk team greeted us warmly every time we walked by and quickly sorted out an extra set of towels. It made for a seamless, relaxing trip.",1,custom_review-gemini,long,positive,structured,few_shot,long_positive_structured_few_shot,7,733,115,700,1,1,1.0,12,2026-09-02T10:05:22.425647+00:00
fake,homewood,Hotel,"We booked Homewood for a three-night weekend trip and came away thoroughly impressed by the overall value. The nightly rate felt completely reasonable given the quality, especially with the extra space. Our suite was spotless upon arrival--carpets looked freshly vacuumed, the kitchen counters were immaculate, and there wasn't a speck of dust on the headboard. The bathroom was equally tidy, featuring bright vanity lighting, plenty of fluffy towels, and a shower with great water pressure that never ran lukewarm. Most importantly, I slept like a rock every single night. The king mattress provided the right balance of support, the bedding felt crisp, and the hallway noise was practically non-existent. We'd happily return on our next visit.",1,custom_review-gemini,long,positive,structured,few_shot,long_positive_structured_few_shot,8,745,116,700,1,1,1.0,12,2026-09-02T10:05:30.013618+00:00
fake,hyatt,Hotel,"We booked a weekend stay at the Hyatt and walked away completely satisfied. The aesthetic throughout the property struck a nice balance--contemporary, crisp, and fresh rather than that tired, corporate look you sometimes run into. Our king bed was remarkably comfortable, and the blackout curtains paired with great soundproofing meant I actually slept through the entire night without waking up once. The bathroom was spotless and surprisingly large, equipped with a fantastic walk-in rainfall shower that had strong water pressure. Rates in the city can get steep, but considering the high level of comfort and overall quality of the facilities, it felt well worth the price. We'd happily rebook.",1,custom_review-gemini,long,positive,structured,few_shot,long_positive_structured_few_shot,9,698,109,700,1,1,1.0,12,2026-09-02T10:05:34.103175+00:00
fake,intercontinental,Hotel,"We checked into the Hotel Intercontinental for a quick weekend getaway, and honestly, two nights felt far too short. Our room on the 24th floor was spotless--the bathroom tiles gleamed and the bedding was completely pristine. What really blew us away was the sweeping panoramic view of the bustling city streets and historic architecture below; watching the sunset from the armchair was a highlight. I had to finish up some remote work on Friday afternoon, and the in-room wifi held up perfectly without any annoying lag or dropped video calls. The bed was plush and the whole place had a relaxing, upscale vibe. We are already talking about returning next spring for a much longer visit.",1,custom_review-gemini,long,positive,structured,few_shot,long_positive_structured_few_shot,10,688,116,700,1,1,1.0,12,2026-09-02T10:05:40.650671+00:00
fake,james,Hotel,"We spent a long weekend at The James and were thoroughly impressed from start to finish. The location is ideal--tucked just far enough off the main drag to avoid the noisy street traffic, yet an easy walk to incredible restaurants and shopping. Our room was spotless upon arrival, with crisp bedding and dust-free surfaces that immediately put us at ease. I particularly loved the bathroom; the walk-in glass shower had fantastic water pressure, fluffy towels, and great lighting around the vanity mirror. What truly elevated our visit was the staff. The front desk team greeted us warmly by name whenever we passed through the lobby, and the concierge gave us a brilliant local brunch recommendation. We will definitely be back on our next trip.",1,custom_review-gemini,long,positive,structured,few_shot,long_positive_structured_few_shot,11,746,124,700,1,1,1.0,12,2026-09-02T10:05:46.670610+00:00
fake,knickerbocker,Hotel,"We had a wonderful weekend at The Knickerbocker. Right from arrival, the front desk team greeted us warmly, handling our bags quickly and offering great local tips without any rush. Our room on the eleventh floor was spotlessly clean, with crisp bedding and a sparkling bathroom that showed real attention to detail. Despite being in such a bustling part of the city, the room was impressively quiet--thick windows kept the street traffic down to a faint hum, so we slept uninterrupted. Waking up to an expansive view of the surrounding architecture and morning skyline was a real treat. It was a comfortable, polished stay, and we will happily return.",1,custom_review-gemini,long,positive,structured,few_shot,long_positive_structured_few_shot,12,652,109,700,1,1,1.0,12,2026-09-02T10:05:51.461836+00:00
fake,monaco,Hotel,"We spent three nights at Hotel Monaco for an anniversary getaway, and it exceeded our expectations. The boutique vibe is charming, but what really sold us was how exceptionally peaceful our room was--we barely heard a whisper from the hallway or the street below. Getting around town couldn't have been easier since we were within an easy stroll of fantastic dining and shopping spots. Inside, the bathroom felt upscale, featuring a large walk-in shower, plush towels, and great water pressure. My partner had to take a few Zoom calls for work, and the complimentary Wi-Fi held up seamlessly without a single drop. It offered the ideal mix of comfort, style, and everyday functionality. We would gladly book another stay here.",1,custom_review-gemini,long,positive,structured,few_shot,long_positive_structured_few_shot,13,726,120,700,1,1,1.0,12,2026-09-02T10:05:57.384813+00:00
fake,omni,Hotel,"We stayed at the Omni for a long weekend and were thoroughly impressed. Being up on the 18th floor offered sweeping views of the city skyline, which looked incredible lit up after dark. Despite being right in the center of the action, the room remained peaceful; effective soundproofing blocked out all the street traffic and hallway commotion. That quiet atmosphere paired with a plush king mattress meant I slept soundly every night without waking once. The bathroom was equally nice, featuring a large marble vanity, excellent water pressure in the walk-in shower, and plenty of thick, fluffy towels. It made for a relaxing, upscale retreat after exploring all day. We would gladly book here again on our next trip.",1,custom_review-gemini,long,positive,structured,few_shot,long_positive_structured_few_shot,14,718,119,700,1,1,1.0,12,2026-09-02T10:06:04.840932+00:00
fake,palmer,Hotel,"I had a really wonderful stay at Hotel Palmer this past weekend. Walking in, I was pleased to find that the interior decor feels completely fresh and thoughtfully updated, avoiding the dated vibe you often run into at older spots. The front desk team was warm, accommodating, and made check-in entirely painless. Our room was surprisingly peaceful; despite being near the center of things, the soundproofing blocked out almost all street noise, letting us sleep undisturbed. In the morning, the breakfast spread exceeded expectations with hot eggs, fresh fruit, flaky pastries, and great coffee that set us up nicely for a full day out. It was a thoroughly pleasant visit, and I will definitely book here again on my next trip.",1,custom_review-gemini,long,positive,structured,few_shot,long_positive_structured_few_shot,15,727,121,700,1,1,1.0,12,2026-09-02T10:06:10.127229+00:00
fake,sheraton,Hotel,"We spent a wonderful weekend at the Sheraton and honestly wished we had booked a couple more nights because our stay felt entirely too short. Right from the valet to the front desk, the staff treated us with genuine warmth and quickly sorted out extra towels when we asked. Our room on the upper floor had an incredible, unobstructed view of the river that looked stunning once the city lights came on at dusk. Considering the prime location and the quality of the service, the rate felt well worth the price. Everything was impeccably clean and comfortable, making it a completely stress-free getaway. We're already planning our return trip.",1,custom_review-gemini,long,positive,structured,few_shot,long_positive_structured_few_shot,16,642,109,700,1,3,1.0,12,2026-09-02T10:06:54.600039+00:00
fake,sofitel,Hotel,"Our weekend at the Sofitel was simply wonderful, though two nights felt far too short to truly take advantage of everything. From the moment we pulled up, the staff treated us with genuine warmth and impeccable professionalism, handling our bags quickly and offering great local tips. We were fortunate to get a room on a high floor, and the sweeping city view from the large windows was breathtaking, especially at night when the skyline lit up. Morning dining was another highlight. The breakfast spread featured fantastic made-to-order omelets, fresh fruit, and the flakiest, buttery French pastries that paired perfectly with strong espresso. We left completely refreshed and will definitely book a longer stay next time.",1,custom_review-gemini,long,positive,structured,few_shot,long_positive_structured_few_shot,17,725,115,700,1,1,1.0,12,2026-09-02T10:06:59.525620+00:00
fake,swissotel,Hotel,"We booked three nights at the Swissotel for an anniversary getaway, and honestly, our time there flew by way too fast. Right from the valet to the front desk, the staff treated us with genuine warmth and promptly sorted out extra towels whenever requested. Our corner room was spotless, but the bathroom was the true standout for me--it featured a massive walk-in rain shower, plush robes, and brilliant lighting over a wide marble vanity. Everything felt polished and tranquil after long days of walking around the city. While it certainly leans toward the premium end of our travel budget, the exceptional comfort and attentive service made every penny feel well spent. We are already looking forward to a longer return visit next year.",1,custom_review-gemini,long,positive,structured,few_shot,long_positive_structured_few_shot,18,738,123,700,1,1,1.0,12,2026-09-02T10:07:03.641893+00:00
fake,talbott,Hotel,"We booked a weekend getaway at The Talbott and were thoroughly impressed from the moment we arrived. The front desk team greeted us warmly and even accommodated an early check-in without any fuss, offering fantastic local dinner spots nearby. Our room was spotless, with crisp bedding and a gleaming bathroom that looked freshly updated. Despite being right in the heart of the Gold Coast--just a quick stroll from Michigan Avenue shopping and fantastic restaurants--the room remained remarkably quiet throughout the night. We slept soundly without any hallway or street noise disturbing us. It strikes the perfect balance between vibrant city convenience and a restful, boutique retreat. We will definitely return on our next trip to the city.",1,custom_review-gemini,long,positive,structured,few_shot,long_positive_structured_few_shot,19,744,117,700,1,1,1.0,12,2026-09-02T10:07:07.420908+00:00
fake,affinia,Hotel,"We stayed at the Affinia for a long weekend and came away really impressed. Our room was on a higher floor, offering a fantastic skyline view that was especially stunning at sunset. Despite being in such a central location, the room was remarkably quiet at night--we barely heard any street traffic or hallway noise, making it easy to sleep soundly. The bathroom felt bright and spotless, equipped with great water pressure and plush towels. The decor had a very fresh, contemporary vibe rather than the tired look you sometimes get in historic city hotels. Overall, the stylish atmosphere and comfortable space made our trip hassle-free and relaxing. I would gladly book here again on our next visit.",1,custom_review-gemini,long,positive,structured,few_shot,long_positive_structured_few_shot,20,701,117,700,1,1,1.0,12,2026-09-02T10:07:32.811774+00:00
fake,allegro,Hotel,"We had such a fun weekend at Hotel Allegro. The boutique Art Deco style throughout the property felt remarkably fresh and playful rather than old-fashioned, giving the whole place a stylish, vibrant personality. Our room looked out toward the bustling theater district; watching the neon marquees light up at dusk was a fantastic view to unwind to each evening. The complimentary Wi-Fi worked without a hitch, easily handling both video calls and evening movie streaming. Honestly, our two-night stay felt far too short to fully enjoy everything the area and hotel had to offer. We are already talking about booking a longer trip back here next spring.",1,custom_review-gemini,long,positive,structured,few_shot,long_positive_structured_few_shot,21,652,107,700,1,3,1.0,12,2026-09-02T10:07:55.540000+00:00
fake,amalfi,Hotel,"We had a wonderful weekend at Hotel Amalfi. The location in River North is unbeatable; we could easily stroll to incredible restaurants and the riverfront within minutes. Inside, the decor felt surprisingly fresh and stylish, with warm boutique lighting and clean, contemporary accents that gave the place a distinct personality. More than anything, I was impressed by how well we slept. The mattress was incredibly comfortable, the linens were crisp, and the room remained blissfully quiet throughout the night despite the busy city surroundings. Our two-night visit honestly felt far too short to fully enjoy everything the property has to offer. We are already talking about coming back for a longer stay next time we are in town.",1,custom_review-gemini,long,positive,structured,few_shot,long_positive_structured_few_shot,22,733,118,700,1,1,1.0,12,2026-09-02T10:08:01.179944+00:00
fake,ambassador,Hotel,"I had a thoroughly pleasant three-night stay at Hotel Ambassador. The interior styling leans heavily into a fresh, contemporary aesthetic that feels bright and well-curated rather than tired or stuffy. I was especially impressed by how quiet the room was at night; the plush mattress and heavy blackout curtains made it easy to get some of the best sleep I've had while traveling in months. Every morning began downstairs with a delicious breakfast spread, featuring hot eggs made to order, flaky pastries, and great espresso. The complimentary wifi was fast and dependable throughout the building, easily handling a few unexpected video calls for work without buffering. I would happily rebook for my next trip.",1,custom_review-gemini,long,positive,structured,few_shot,long_positive_structured_few_shot,23,712,114,700,1,1,1.0,12,2026-09-02T10:08:14.263558+00:00
fake,conrad,Hotel,"Our three-night stay at the Conrad was wonderful from start to finish. Walking into the bedroom, everything felt completely fresh and stylish, with contemporary furnishings that avoided that tired, generic chain look entirely. Housekeeping did a phenomenal job, leaving the entire space spotless and thoroughly dusted every single day. The bathroom was easily a highlight, featuring a massive walk-in rain shower, brilliant lighting around the double vanity, and plush towels that made getting ready genuinely enjoyable. In the mornings, the breakfast spread impressed us with made-to-order omelets, fresh pastries, and strong espresso, all served by attentive staff. It is a fantastic luxury option, and we would happily book another stay here.",1,custom_review-gemini,long,positive,structured,few_shot,long_positive_structured_few_shot,24,745,111,700,1,1,1.0,12,2026-09-02T10:08:18.851058+00:00
fake,fairmont,Hotel,We had a genuinely lovely weekend at the Fairmont. The location could not have been more convenient,1,custom_review-gemini,long,positive,structured,zero_shot,long_positive_structured_zero_shot,0,99,17,700,0,2,1.0,12,2026-09-02T10:08:52.508367+00:00
fake,hardrock,Hotel,"Our stay at the Hard Rock blew us away. The entire property has this sleek, modern aesthetic with incredible music memorabilia woven into the walls--it definitely felt fresh and vibrant rather than tired or dated. Check-in was a breeze, and the staff treated us like absolute rockstars all weekend; everyone from the valet to the bartenders was genuinely upbeat and helpful. Our room overlooked the sparkling pool area and the coast, making for a truly stunning morning view with our coffee. Speaking of mornings, the breakfast buffet was top-tier. They had an impressive spread featuring everything from custom omelets to fresh tropical fruit and warm pastries. We'll certainly be returning soon.",1,custom_review-gemini,long,positive,structured,zero_shot,long_positive_structured_zero_shot,1,697,111,700,1,3,1.0,12,2026-09-02T10:09:27.797161+00:00
fake,hilton,Hotel,"We had a genuinely wonderful stay at the Hilton this past weekend. Right from check-in, the front desk team set a welcoming tone, always greeting us with warm smiles and offering great local dinner recommendations. Our room was immaculate--the housekeeping staff clearly takes pride in their work, as everything from the pristine bathroom tiles to the spotless linens was fresh. What really stood out was the bed; it was extraordinarily comfortable with plush pillows, allowing us to sleep deeply without any outside corridor noise. To top it all off, waking up to a sweeping, sunlit view of the city skyline through the large floor-to-ceiling windows made our mornings extra special. We will definitely be returning next year.",1,custom_review-gemini,long,positive,structured,zero_shot,long_positive_structured_zero_shot,2,727,117,700,1,1,1.0,12,2026-09-02T10:09:35.642381+00:00
fake,homewood,Hotel,We booked a long weekend at the Homewood and were thoroughly impressed with the entire stay. Its,1,custom_review-gemini,long,positive,structured,zero_shot,long_positive_structured_zero_shot,3,96,17,700,0,2,1.0,12,2026-09-02T10:10:12.945945+00:00
fake,hyatt,Hotel,We booked a weekend stay at the Hyatt and walked away genuinely impressed. Considering the,1,custom_review-gemini,long,positive,structured,zero_shot,long_positive_structured_zero_shot,4,90,15,700,0,2,1.0,12,2026-09-02T10:10:31.061957+00:00
fake,intercontinental,Hotel,"We stayed at the InterContinental for a long weekend and left genuinely impressed. The room was thoroughly clean, from the crisp bed linens to the dust-free surfaces and fresh-smelling carpet. I especially loved the bathroom setup--it felt like a private spa with its massive soaking tub, powerful rainfall shower, and premium toiletries. Thanks to the heavy blackout curtains and exceptional soundproofing, we slept like rocks every single night; the king mattress offered just the right balance of plush comfort and support. While it certainly leans toward the luxury end of the spectrum, the attentive service, pristine environment, and overall comfort made it feel well worth the price. We will definitely book here again.",1,custom_review-gemini,long,positive,structured,zero_shot,long_positive_structured_zero_shot,5,726,113,700,1,1,1.0,12,2026-09-02T10:10:38.593482+00:00
fake,james,Hotel,We spent three nights at Hotel James and came away really impressed with the overall quality. Our room,1,custom_review-gemini,long,positive,structured,zero_shot,long_positive_structured_zero_shot,6,102,18,700,0,2,1.0,12,2026-09-02T10:10:53.240572+00:00
fake,knickerbocker,Hotel,We stayed at The Knickerbocker for a long weekend and were genuinely impressed,1,custom_review-gemini,long,positive,structured,zero_shot,long_positive_structured_zero_shot,7,78,13,700,0,2,1.0,12,2026-09-02T10:11:30.294869+00:00
fake,monaco,Hotel,We had a fantastic weekend getaway at Hotel Monaco. The location couldn',1,custom_review-gemini,long,positive,structured,zero_shot,long_positive_structured_zero_shot,8,72,12,700,0,3,1.0,12,2026-09-02T10:12:05.046768+00:00
fake,omni,Hotel,"Characters:* Count characters.
        'Our weekend getaway at the Omni exceeded expectations from the moment",1,custom_review-gemini,long,positive,structured,zero_shot,long_positive_structured_zero_shot,9,109,14,700,0,3,1.0,12,2026-09-02T10:12:42.939726+00:00
fake,palmer,Hotel,"We booked three nights at Hotel Palmer for an anniversary getaway, and honestly, the stay felt far",1,custom_review-gemini,long,positive,structured,zero_shot,long_positive_structured_zero_shot,10,98,17,700,0,2,1.0,12,2026-09-02T10:14:34.043631+00:00
fake,sheraton,Hotel,We booked a weekend getaway at the Sheraton and came away thoroughly impressed. The location,1,custom_review-gemini,long,positive,structured,zero_shot,long_positive_structured_zero_shot,11,92,15,700,0,2,1.0,12,2026-09-02T10:16:39.947965+00:00
fake,sofitel,Hotel,"We spent three nights at the Sofitel and honestly, our stay felt far too short--we were genuinely sad to pack our bags this morning. The location couldn't be better for exploring, as we easily walked to nearby high-end shopping and great bistros without ever needing to call a cab. Our room was spotless from corner to corner, featuring crisp linens and a gleaming marble bathroom that made unwinding after a long day of sightseeing absolute bliss. Waking up to their breakfast spread was another highlight; the flaky almond croissants, fresh honeycomb, and made-to-order omelets set a very high bar for hotel dining. Highly recommended for a seamless, relaxing city break.",1,custom_review-gemini,long,positive,structured,zero_shot,long_positive_structured_zero_shot,12,673,110,700,1,2,1.0,12,2026-09-02T10:16:48.897191+00:00
fake,swissotel,Hotel,Our weekend at the Swissotel was practically seamless from check-in to departure. The moment we,1,custom_review-gemini,long,positive,structured,zero_shot,long_positive_structured_zero_shot,13,95,15,700,0,2,1.0,12,2026-09-02T10:17:06.600929+00:00
fake,talbott,Hotel,"We had a wonderful weekend getaway at the Talbott and walked away feeling it was entirely worth the price. The Gold Coast location is hard to beat, but the hotel itself was the real highlight. I was especially impressed by the interior decor--everything felt fresh, polished, and thoughtfully curated rather than tired or dated. Our king room was spotless, and the Wi-Fi worked flawlessly the whole time, easily handling a couple of quick video calls I had to take for work. In the morning, breakfast downstairs was fantastic; the eggs were cooked to perfection, the pastries were flaky, and the coffee was genuinely great. It strikes the perfect balance of boutique charm and top-tier comfort. We'll definitely be returning on our next Chicago trip.",1,custom_review-gemini,long,positive,structured,zero_shot,long_positive_structured_zero_shot,14,750,124,700,1,2,1.0,12,2026-09-02T10:20:30.357213+00:00
fake,affinia,Hotel,"We had a really pleasant stay at the Affinia and would happily book here again. I was initially worried about city noise, but our room stayed remarkably quiet and the bed was plush enough that I slept completely undisturbed all night. The bathroom was spotless, stocked with nice toiletries, and featured a fantastic rainfall showerhead with strong water pressure. In the morning, we tried the breakfast buffet downstairs; the fresh pastries, fruit, and made-to-order eggs were much better than standard hotel fare. Given the prime location and the extra space in the room, it felt well worth the price we paid. A great, comfortable choice.",1,custom_review-gemini,long,positive,structured,zero_shot,long_positive_structured_zero_shot,15,640,105,700,1,1,1.0,12,2026-09-02T10:20:36.068366+00:00
fake,allegro,Hotel,"We had a wonderful weekend stay at Hotel Allegro and would happily return. Right from check-in, the front desk team greeted us warmly and offered great local dining tips throughout our trip; their genuine hospitality really stood out. Our room on the eighth floor was spotless, from the polished bathroom tiles to the crisp linens. We also loved our corner window, which gave us an incredible, sweeping view of the bustling city streets and historic architecture below. Despite being right in the middle of downtown, the room was remarkably quiet. Thanks to the plush mattress and heavy blackout drapes, we slept like logs both nights. Overall, a fantastic boutique experience with top-tier service.",1,custom_review-gemini,long,positive,structured,zero_shot,long_positive_structured_zero_shot,16,699,113,700,1,2,1.0,12,2026-09-02T10:23:34.229545+00:00
fake,amalfi,Hotel,"Our three nights at Hotel Amalfi went by far too quickly; we were genuinely sad to pack our bags this morning. The location strikes a great balance, remaining surprisingly peaceful despite being close to the center. Thick drapes and solid double-glazed windows kept street sounds to an absolute minimum, meaning it was blissfully quiet every evening. Thanks to that tranquility and a supportive mattress, we both slept like rocks throughout the visit. I also had to take a couple of urgent work video calls, and the complimentary Wi-Fi worked flawlessly without dropping once. Warm hospitality, spotless rooms, and true comfort make this an easy recommendation. We're already planning a longer return trip.",1,custom_review-gemini,long,positive,structured,zero_shot,long_positive_structured_zero_shot,17,706,112,700,1,1,1.0,12,2026-09-02T10:23:41.402685+00:00
fake,ambassador,Hotel,We had a thoroughly pleasant three-night stay at the Ambassador last weekend. From the moment we,1,custom_review-gemini,long,positive,structured,zero_shot,long_positive_structured_zero_shot,18,96,16,700,0,3,1.0,12,2026-09-02T10:25:37.660178+00:00
fake,conrad,Hotel,We booked a weekend getaway at the Conrad and walked away thoroughly impressed.,1,custom_review-gemini,long,positive,structured,zero_shot,long_positive_structured_zero_shot,19,79,13,700,0,3,1.0,12,2026-09-02T10:25:58.827504+00:00
fake,fairmont,Hotel,We had a wonderful weekend getaway at the Fairmont. Our room on the fifteenth floor overlooked,1,custom_review-gemini,long,positive,structured,zero_shot,long_positive_structured_zero_shot,20,94,16,700,0,2,1.0,12,2026-09-02T10:26:30.583799+00:00
fake,hardrock,Hotel,"We had a blast during our weekend at the Hard Rock. Given the resort vibe and prime location, the stay felt completely worth the price. The music-themed atmosphere is energetic, but I was pleasantly surprised by how quiet and peaceful our room was once the heavy door shut--no hallway racket or bass bleeding through the walls. The plush mattress and blackout curtains worked wonders, and I slept like a log both nights. Breakfast the next morning was another highlight; the buffet had an impressive spread with a fantastic made-to-order omelet station, fresh tropical fruit, and surprisingly great coffee. It struck the ideal balance between high energy and genuine comfort. We will definitely be back for another stay soon.",1,custom_review-gemini,long,positive,structured,zero_shot,long_positive_structured_zero_shot,21,725,118,700,1,1,1.0,12,2026-09-02T10:26:37.474274+00:00
fake,hilton,Hotel,We had a wonderful weekend stay at the Hilton. The location couldn't be better--,1,custom_review-gemini,long,positive,structured,zero_shot,long_positive_structured_zero_shot,22,80,14,700,0,2,1.0,12,2026-09-02T10:28:57.410275+00:00
fake,homewood,Hotel,"the decor--the contemporary lighting and sleek furniture gave the whole space a modern,",1,custom_review-gemini,long,positive,structured,zero_shot,long_positive_structured_zero_shot,23,87,13,700,0,3,1.0,12,2026-09-02T10:29:26.368896+00:00
fake,hyatt,Hotel,"We booked a high-floor corner room at the Hyatt for a short anniversary trip, and",1,custom_review-gemini,long,positive,structured,zero_shot,long_positive_structured_zero_shot,24,81,15,700,0,2,1.0,12,2026-09-02T10:29:55.334103+00:00
fake,intercontinental,Hotel,"Had a lovely weekend stay at the InterContinental. The historic lobby sets the tone right away with all that ornate detailing, yet everything feels well-maintained. Check-in was painless and the front desk clerk happily arranged a slightly late checkout for our Sunday morning. Our room in the historic tower had a ton of character, high ceilings, and a ridiculously comfortable king bed with great pillows. We spent an hour at the indoor pool, which is gorgeous with its vintage tilework--definitely don't skip it if you stay here. Location made walking to dinner and morning coffee ridiculously easy. Only slight minus was a bit of a wait for the elevators during peak morning hours, but otherwise a seamless, relaxing trip. Would book again.",1,custom_review-gemini,long,positive,unstructured,few_shot,long_positive_unstructured_few_shot,0,744,122,700,1,1,1.0,12,2026-09-02T10:29:59.405451+00:00
fake,james,Hotel,"Just got back from a three-night getaway at The James and honestly had a fantastic time. The vibe in the lobby is really cool without feeling overly pretentious, and the front desk staff was super warm right off the bat. Our room was surprisingly quiet considering how close you are to all the action on Rush Street. The bed was ridiculously comfortable--seriously had some of the best sleep I've had in months. Loved the huge shower and the little details, like having a proper coffee setup in the morning instead of the cheap powdered stuff. The elevator wait was slightly slow during the Saturday afternoon rush, but that was really my only minor gripe. Everything else was top notch and we'll definitely be coming back next time we're in town.",1,custom_review-gemini,long,positive,unstructured,few_shot,long_positive_unstructured_few_shot,1,747,130,700,1,1,1.0,12,2026-09-02T10:30:07.692054+00:00
fake,knickerbocker,Hotel,"We booked a weekend stay at the Knickerbocker on a whim and were genuinely impressed. Right off the bat, the classic architecture and lobby vibe set a great tone. Check-in was painless, and the front desk clerk even managed to get us into our room an hour early, which was a lifesaver after our flight. The room itself had high ceilings, an incredibly comfortable mattress, and decent soundproofing--we barely heard street noise despite the busy area. Housekeeping did a great job keeping everything spotless each morning. The location made walking everywhere super convenient, especially for grabbing dinner and coffee nearby. A solid, hassle-free stay with plenty of charm. Would happily book here again next time we visit.",1,custom_review-gemini,long,positive,unstructured,few_shot,long_positive_unstructured_few_shot,2,725,117,700,1,1,1.0,12,2026-09-02T10:30:14.007333+00:00
fake,monaco,Hotel,"We had a fantastic weekend at Hotel Monaco. Right from the moment we walked in, the front desk team made us feel welcome, even handing us a glass of wine since we arrived right during the evening happy hour in the lobby. The decor has so much personality--definitely not your typical boring corporate hotel. Our room had a plush window seat overlooking the street that I ended up reading in every morning with my coffee. The bed was super comfortable with great pillows, and the bathroom was spotless with really nice toiletries. Location was ideal for walking to nearby restaurants and catching the train. A really fun, cozy stay, we'd definitely come back.",1,custom_review-gemini,long,positive,unstructured,few_shot,long_positive_unstructured_few_shot,3,658,113,700,1,1,1.0,12,2026-09-02T10:30:17.771523+00:00
fake,omni,Hotel,"Had a really lovely weekend at the Omni. Valet was super quick when we pulled up, which set a nice tone right off the bat after a five-hour drive. The lobby smelled amazing and the front desk clerk happily accommodated our request for a higher floor. Our room was spotless and surprisingly quiet given how busy the area was outside; I barely heard a peep from the hallway either. The bed was like sleeping on a cloud, and I appreciate that the blackout curtains actually overlapped properly so the morning sun didn't wake us at dawn. We grabbed breakfast downstairs on Sunday morning--the omelet station was fantastic and the coffee was surprisingly strong. Small perks make a difference, definitely staying here next time.",1,custom_review-gemini,long,positive,unstructured,few_shot,long_positive_unstructured_few_shot,4,723,123,700,1,1,1.0,12,2026-09-02T10:30:21.471312+00:00
fake,palmer,Hotel,"Honestly loved our weekend at the Palmer House. Walking into that lobby for the first time took my breath away--the ceiling murals and historic chandeliers give it such an old-school glamour vibe. Our room on the 14th floor wasn't massive, but the beds were super plush and we both slept soundly without hearing street noise from Monroe. The bathroom was spotless, though the shower pressure was just average. The location is unbeatable; we literally walked everywhere, from the Art Institute to Millennium Park, in under five minutes. Grabbing a cocktail at the lobby bar was pricey but totally worth it for the people-watching alone. Would definitely rebook next time we visit.",1,custom_review-gemini,long,positive,unstructured,few_shot,long_positive_unstructured_few_shot,5,679,111,700,1,1,1.0,12,2026-09-02T10:30:30.312648+00:00
fake,sheraton,Hotel,"Stayed at the Sheraton for three nights during a weekend trip, and it totally exceeded what I was expecting. Check-in was painless even though the lobby was busy, and the front desk clerk happily gave us an upper floor when we asked. The bed was crazy comfortable--honestly some of the best hotel sleep I've had in ages--and the room stayed surprisingly quiet despite being close to the elevators. Water pressure in the shower was great, which is always a big deal for me. We grabbed breakfast downstairs on Saturday; the buffet was fresh and restocked quickly, though the coffee took a minute to arrive. Location made getting around super easy. Overall, just a really solid, reliable stay with friendly staff. Would definitely book here again.",1,custom_review-gemini,long,positive,unstructured,few_shot,long_positive_unstructured_few_shot,6,744,125,700,1,1,1.0,12,2026-09-02T10:30:34.052782+00:00
fake,sofitel,Hotel,"Had a wonderful weekend getaway at the Sofitel. The French-inspired touches really set this place apart from standard high-end chains. Our room was spotless, whisper-quiet, and that signature bed is genuinely the most comfortable hotel mattress I have ever slept on. Woke up totally refreshed both mornings. The bathroom had fantastic water pressure and lovely Lanvin toiletries that smelled incredible. We grabbed drinks at the bar downstairs on Friday night; the cocktails were top notch, though a bit on the pricier side, which is to be expected. Front desk staff greeted us warmly every time we walked through the lobby. Location made it super easy to walk to great restaurants and shops nearby. Would gladly book here again for our next trip.",1,custom_review-gemini,long,positive,unstructured,few_shot,long_positive_unstructured_few_shot,7,747,122,700,1,1,1.0,12,2026-09-02T10:30:38.828540+00:00
fake,swissotel,Hotel,"We booked a corner room at the Swissotel for a long weekend getaway and were completely blown away by the views. Waking up to the sunrise over Lake Michigan and the river right from our bed was incredible. The triangular shape of the building gives the rooms a really unique, expansive layout. Bed was super plush, and the bathroom had a fantastic soaking tub that my wife loved after a full day of walking around the city. The front desk team was very welcoming, even managed to get us checked in an hour early without any hassle. Location is ideal--quiet enough at night to sleep soundly, but an easy stroll over to the Riverwalk and Millennium Park. The lobby bar was a bit crowded in the evenings, but drinks were great. We'd definitely return.",1,custom_review-gemini,long,positive,unstructured,few_shot,long_positive_unstructured_few_shot,8,748,134,700,1,1,1.0,12,2026-09-02T10:30:42.497140+00:00
fake,talbott,Hotel,"We booked a weekend trip to Chicago on short notice and ended up picking the Talbott mostly because we wanted to be close to the Gold Coast shops. Honestly, it turned out to be such a great choice. The boutique vibe hits you right when you walk in--very warm, intimate, and quiet compared to the massive chain hotels nearby. Our king room was spotless with high ceilings and an extremely comfortable bed that made it hard to get up in the mornings. The water pressure in the shower was surprisingly strong too, which I always appreciate. Front desk team was super friendly and gave us a fantastic dinner suggestion just around the corner on Rush Street. It's tucked away enough to avoid the crazy street noise, yet you can walk everywhere. Will definitely return.",1,custom_review-gemini,long,positive,unstructured,few_shot,long_positive_unstructured_few_shot,9,763,134,700,1,1,1.0,12,2026-09-02T10:30:48.571769+00:00
fake,affinia,Hotel,"Stayed at the Affinia for four nights during a trip to the city, and it ended up being an excellent base for us. The location made catching the subway super easy, which saved us a ton of cab fare. What really impressed me was the sheer size of the room--especially having a little kitchenette area with a mini-fridge and microwave, which came in handy for late-night leftovers. The bed was surprisingly plush, and despite being on a lower floor near the street, the ambient noise was barely noticeable once the curtains were drawn. Front desk staff were totally chill and let us stash our heavy luggage for several hours after checkout so we could grab one last lunch. Solid value, would happily rebook next time I'm around.",1,custom_review-gemini,long,positive,unstructured,few_shot,long_positive_unstructured_few_shot,10,724,127,700,1,1,1.0,12,2026-09-02T10:31:19.908256+00:00
fake,allegro,Hotel,"We picked the Allegro for a long weekend to catch a show in the Loop, and the vibe immediately won us over. It has this fantastic Art Deco flair in the lobby that feels classic without being stuffy. The front desk team was warm and had our keys ready right away. Our king room on the 10th floor was quiet, super clean, and the mattress was surprisingly plush--slept like a rock both nights. We loved having morning coffee downstairs before heading out, and being able to just stroll a couple of blocks to the theater and the river was a massive plus. The bathroom was a bit compact, but the shower pressure made up for it. Would happily book another stay next time we visit.",1,custom_review-gemini,long,positive,unstructured,few_shot,long_positive_unstructured_few_shot,11,674,125,700,1,1,1.0,12,2026-09-02T10:31:22.951251+00:00
fake,amalfi,Hotel,"We booked Hotel Amalfi for a long weekend trip and were genuinely impressed. The River North location can't be beat--we walked to practically every dinner spot and caught a show without needing an Uber once. The room had a warm, boutique feel with dimmable lighting and a surprisingly comfortable mattress that made sleeping in way too easy. I also really appreciated the evening cocktail hour on the floor lounge; it was a relaxing way to unwind with a glass of wine before heading out for the night. Front desk folks were super friendly whenever we passed by, always offering bottles of water. The bathroom could use slightly brighter vanity lights, but that's honestly my only minor critique. Really solid stay overall, would return.",1,custom_review-gemini,long,positive,unstructured,few_shot,long_positive_unstructured_few_shot,12,736,123,700,1,1,1.0,12,2026-09-02T10:31:26.827094+00:00
fake,ambassador,Hotel,"We had such a lovely long weekend at the Hotel Ambassador. It's tucked away in a quieter neighborhood, which was a huge relief after spending the afternoon walking through crowded tourist spots. The vintage aesthetic throughout the building gives it so much character without feeling dated. Our room was spotless, the bed was insanely comfortable, and we had plenty of hot water with great water pressure in the morning. Front desk folks were super friendly and gave us a killer tip for a local bakery just two blocks away. The only small thing was waiting a bit for the elevator during morning rush hour, but honestly everything else was so smooth that we didn't really care. Will definitely be booking here next time we visit.",1,custom_review-gemini,long,positive,unstructured,few_shot,long_positive_unstructured_few_shot,13,728,125,700,1,1,1.0,12,2026-09-02T10:31:30.228091+00:00
fake,conrad,Hotel,We booked a weekend getaway at the Conrad and it really exceeded our expectations. The check-,1,custom_review-gemini,long,positive,unstructured,few_shot,long_positive_unstructured_few_shot,14,93,16,700,0,2,1.0,12,2026-09-02T10:32:13.341191+00:00
fake,fairmont,Hotel,"We stayed at the Fairmont for a long weekend and honestly had a fantastic time. The lobby makes an incredible first impression, but what really won us over was the hospitality. Check-in was breezy, and the front desk clerk happily upgraded us to a higher floor with a stunning park view when we mentioned it was our anniversary. The room itself felt plush and well-maintained; the bed was heaven to sleep on and the bathroom had amazing water pressure, which is rare in older high-rises. We grabbed cocktails downstairs at the lounge on our second night and the bartenders were super friendly and made great drinks. Valet was a bit pricey, but that's pretty standard for the area. Would happily book another stay here next time we're in town.",1,custom_review-gemini,long,positive,unstructured,few_shot,long_positive_unstructured_few_shot,15,742,129,700,1,1,1.0,12,2026-09-02T10:32:44.316166+00:00
fake,hardrock,Hotel,"We just got back from a three-night stay at the Hard Rock and honestly had a blast. The whole music memorabilia vibe is super fun without feeling overly tacky. Check-in was painless, and our room on the 14th floor had a killer view of the city skyline. The bed was surprisingly plush, and whatever soundproofing they have going on works wonders because we never heard our neighbors or hallway chatter. Pool area got pretty lively in the afternoons, but the bartenders kept the drinks flowing quickly so you weren't waiting forever. Loved grabbing a quick breakfast and coffee downstairs in the morning too. It's energetic, the staff treats you well, and you just can't beat the central location. Will definitely return next trip!",1,custom_review-gemini,long,positive,unstructured,few_shot,long_positive_unstructured_few_shot,16,729,123,700,1,1,1.0,12,2026-09-02T10:32:49.389093+00:00
fake,hilton,Hotel,"Stayed at the Hilton for three nights over the weekend and honestly had a really solid trip. The front desk team was super warm when we arrived late Friday, and they actually managed to get us into a high-floor corner room with a great city view. The bed was incredibly comfortable--slept like a rock every night, which rarely happens for me when traveling. The bathroom was spotless, water pressure in the shower was great, and housekeeping kept everything refreshed without being intrusive. We grabbed breakfast down at the lobby restaurant two mornings in a row; the omelet station and fresh coffee were definitely highlights. Valet parking was slightly pricey, but the staff was prompt retrieving our car. Would happily stay here again.",1,custom_review-gemini,long,positive,unstructured,few_shot,long_positive_unstructured_few_shot,17,740,122,700,1,1,1.0,12,2026-09-02T10:33:12.276801+00:00
fake,homewood,Hotel,"We booked a suite at Homewood for a long four-day weekend with the kids, and it worked out brilliantly. Having a full fridge and an actual stovetop made feeding everyone breakfast so much easier, plus it saved us quite a bit of money on eating out. Our room was spotless, the beds were very comfy, and the AC was quiet enough that it didn't keep waking me up. The complimentary hot breakfast downstairs had a solid spread--waffles, eggs, decent coffee--and the staff constantly wiped down tables and replenished trays with a smile. Parking was straightforward and safe, and the location was close to everything we wanted to do. It felt more like a cozy mini-apartment than a generic hotel room. We'll definitely choose this place again.",1,custom_review-gemini,long,positive,unstructured,few_shot,long_positive_unstructured_few_shot,18,736,126,700,1,1,1.0,12,2026-09-02T10:33:31.805644+00:00
fake,hyatt,Hotel,"Stayed at the Hyatt for four nights during a conference and honestly had zero complaints. Check-in was a breeze even though there was a small line, and the front desk clerk actually took a minute to point out where the best coffee shop nearby was. The room on the 14th floor had a fantastic city view and was surprisingly quiet given the downtown traffic outside. The bed was super comfortable--firm pillows, crisp sheets, and I slept like a rock. The bathroom had great water pressure which isn't always a given in high-rises. Grabbed a quick bite at the lobby lounge one evening; the flatbread and craft beer were really good, just slightly overpriced. Overall, a smooth, reliable stay and I'd book again.",1,custom_review-gemini,long,positive,unstructured,few_shot,long_positive_unstructured_few_shot,19,707,122,700,1,1,1.0,12,2026-09-02T10:33:38.155842+00:00
fake,intercontinental,Hotel,"Booked a weekend stay at the InterContinental to celebrate an anniversary, and it honestly exceeded our expectations. The historic architecture gives the lobby such a grand, classic vibe, yet everything felt well-maintained and comfortable. Our room in the historic tower was surprisingly quiet despite being right in the heart of downtown, and the bed made it hard to wake up early. The real highlight for us was the indoor pool--the 1920s design and intricate tilework are incredible in person, so definitely don't forget your swimsuit. Valet was a bit pricey, but the front desk was super welcoming and gave us a complimentary late checkout without any hassle. We would happily book here again.",1,custom_review-gemini,long,positive,unstructured,few_shot,long_positive_unstructured_few_shot,20,697,113,700,1,1,1.0,12,2026-09-02T10:34:05.750050+00:00
fake,james,Hotel,We booked a weekend getaway at The James and honestly were so impressed by the whole experience,1,custom_review-gemini,long,positive,unstructured,few_shot,long_positive_unstructured_few_shot,21,95,17,700,0,2,1.0,12,2026-09-02T10:34:21.974430+00:00
fake,knickerbocker,Hotel,"Had a lovely weekend stay at the Knickerbocker with my partner. The location right off Michigan Avenue made walking to the lakefront and shopping incredibly easy. You can definitely feel the classic history of the building, but our room was very comfortable with a surprisingly plush mattress and plenty of hot water in the shower. The lobby has a great vintage vibe that feels special the second you walk in. Front desk staff were super welcoming and held our bags before check-in without any fuss so we could grab lunch. It can get a tiny bit noisy from the city street traffic below, but nothing a pair of earplugs didn't fix. Overall, a charming, reliable place to crash in a prime spot. We would gladly book here again on our next trip to town.",1,custom_review-gemini,long,positive,unstructured,few_shot,long_positive_unstructured_few_shot,22,749,134,700,1,1,1.0,12,2026-09-02T10:34:26.998506+00:00
fake,monaco,Hotel,"We had a fantastic weekend at Hotel Monaco. The quirky boutique vibe caught my attention immediately--lots of bold colors and personality without feeling over the top. The staff at the front desk greeted us warmly and even remembered our names later that evening. Our room was surprisingly quiet considering the central location, and that window seat was my absolute favorite spot to sit with morning coffee and watch the city wake up. The bed was plush and super comfortable, making it hard to get up some mornings. We also made good use of the evening wine reception in the lobby, which was a nice touch to unwind before dinner. It's walking distance to so many great spots. Would happily book another stay here next time we're in town.",1,custom_review-gemini,long,positive,unstructured,few_shot,long_positive_unstructured_few_shot,23,738,128,700,1,1,1.0,12,2026-09-02T10:35:22.066367+00:00
fake,omni,Hotel,"We booked a weekend at the Omni for an anniversary trip, and honestly, it exceeded our expectations. The front desk staff greeted us warmly and even sent up a couple of complimentary dessert pastries once they heard we were celebrating. Our room was spotless and surprisingly quiet despite the bustling area outside, plus the bed was ridiculously comfortable. We had breakfast downstairs at the restaurant both mornings--the omelet station is definitely worth waking up for, and the coffee was actually hot and fresh. Valet was quick retrieving our car when we went out exploring, though a bit pricey, which is standard for the area anyway. It was just a really smooth, relaxing stay without any hiccups. We'll definitely return next year.",1,custom_review-gemini,long,positive,unstructured,few_shot,long_positive_unstructured_few_shot,24,739,121,700,1,1,1.0,12,2026-09-02T10:35:27.443240+00:00
fake,palmer,Hotel,"We booked the Palmer on a whim for a long weekend and honestly loved it. The lobby has this great moody lighting and smelled fantastic the second we walked in. Check-in was breezy, and the front desk guy gave us a great tip on a late-night taco spot around the corner. Our room on the fifth floor was surprisingly quiet given how central the location is. The mattress was firm in a good way, and the water pressure in the shower was top-tier, though they could probably use a few more hooks for towels in the bathroom. We grabbed oat milk lattes from the downstairs cafe every morning before heading out to explore. Not completely spotless--there was some dust behind the nightstand--but overall super comfortable, stylish, and reasonably priced. Would definitely stay again.",1,custom_review-gemini,long,positive,unstructured,zero_shot,long_positive_unstructured_zero_shot,0,775,133,700,1,2,1.0,12,2026-09-02T10:35:39.178086+00:00
fake,sheraton,Hotel,Stayed at the Sheraton for a long weekend getaway and came away genuinely impressed,1,custom_review-gemini,long,positive,unstructured,zero_shot,long_positive_unstructured_zero_shot,1,83,14,700,0,2,1.0,12,2026-09-02T10:36:19.608238+00:00
fake,sofitel,Hotel,We stayed at the Sofitel for a long weekend to celebrate our anniversary and honestly,1,custom_review-gemini,long,positive,unstructured,zero_shot,long_positive_unstructured_zero_shot,2,85,15,700,0,2,1.0,12,2026-09-02T10:36:38.572430+00:00
fake,swissotel,Hotel,floor had stunning city views and was completely whisper-quiet at night. The bed,1,custom_review-gemini,long,positive,unstructured,zero_shot,long_positive_unstructured_zero_shot,3,80,13,700,0,2,1.0,12,2026-09-02T10:37:25.678971+00:00
fake,talbott,Hotel,We booked the Talbott for a quick weekend getaway to Chicago and honestly couldn't have,1,custom_review-gemini,long,positive,unstructured,zero_shot,long_positive_unstructured_zero_shot,4,87,15,700,0,2,1.0,12,2026-09-02T10:37:47.065561+00:00
fake,affinia,Hotel,We stayed at the Affinia for a long weekend and honestly it exceeded our expectations. Finding,1,custom_review-gemini,long,positive,unstructured,zero_shot,long_positive_unstructured_zero_shot,5,94,16,700,0,2,1.0,12,2026-09-02T10:38:15.712232+00:00
fake,allegro,Hotel,We booked a long weekend at Hotel Allegro for an anniversary trip and,1,custom_review-gemini,long,positive,unstructured,zero_shot,long_positive_unstructured_zero_shot,6,69,13,700,0,2,1.0,12,2026-09-02T10:39:50.058360+00:00
fake,amalfi,Hotel,room was spotless with high vaulted ceilings and a small balcony looking out toward,1,custom_review-gemini,long,positive,unstructured,zero_shot,long_positive_unstructured_zero_shot,7,83,14,700,0,2,1.0,12,2026-09-02T10:40:10.564934+00:00
fake,ambassador,Hotel,"fresh pastries, really good espresso, and attentive staff clearing plates constantly. Super easy walk to",1,custom_review-gemini,long,positive,unstructured,zero_shot,long_positive_unstructured_zero_shot,8,104,15,700,0,2,1.0,12,2026-09-02T10:40:35.607230+00:00
fake,conrad,Hotel,"signature scent that sets the tone right away. Check-in was painless, and they even sent",1,custom_review-gemini,long,positive,unstructured,zero_shot,long_positive_unstructured_zero_shot,9,88,15,700,0,2,1.0,12,2026-09-02T10:40:52.997002+00:00
fake,fairmont,Hotel,Had such a wonderful weekend staying at the Fairmont for our anniversary. From the second we walked in,1,custom_review-gemini,long,positive,unstructured,zero_shot,long_positive_unstructured_zero_shot,10,102,18,700,0,2,1.0,12,2026-09-02T10:41:06.892145+00:00
fake,hardrock,Hotel,We booked a weekend getaway here mostly for the lively pool vibe and it totally delivered. The music,1,custom_review-gemini,long,positive,unstructured,zero_shot,long_positive_unstructured_zero_shot,11,100,18,700,0,2,1.0,12,2026-09-02T10:41:25.902894+00:00
fake,hilton,Hotel,fantastic. We grabbed breakfast downstairs on Sunday morning--the made-to-order ome,1,custom_review-gemini,long,positive,unstructured,zero_shot,long_positive_unstructured_zero_shot,12,83,10,700,0,2,1.0,12,2026-09-02T10:41:57.733487+00:00
fake,homewood,Hotel,"Stayed four nights at Homewood for a work conference and was genuinely impressed. The suite was huge, very clean, and having a full fridge and microwave made a massive difference since I hate eating out for every single meal. Bed was super comfortable, though the pillows were a little soft for my taste. The hot breakfast exceeded my expectations--fresh scrambled eggs, waffles, and decent coffee, not just pre-packaged muffins. Shoutout to the front desk staff who quickly brought up extra towels when housekeeping missed us on day two. Easy parking, quiet halls, and great water pressure in the shower. Will definitely book here again next time I'm in town.",1,custom_review-gemini,long,positive,unstructured,zero_shot,long_positive_unstructured_zero_shot,13,660,109,700,1,1,1.0,12,2026-09-02T10:43:12.124916+00:00
fake,hyatt,Hotel,We stayed at the Hyatt for three nights over the weekend and honestly had a great time. Check,1,custom_review-gemini,long,positive,unstructured,zero_shot,long_positive_unstructured_zero_shot,14,93,18,700,0,2,1.0,12,2026-09-02T10:43:48.124421+00:00
fake,intercontinental,Hotel,the on-site restaurant both mornings; the buffet spread was huge (definitely get an ome,1,custom_review-gemini,long,positive,unstructured,zero_shot,long_positive_unstructured_zero_shot,15,87,14,700,0,2,1.0,12,2026-09-02T10:44:39.641885+00:00
fake,james,Hotel,We spent four nights at The James for a quick anniversary getaway and honestly didn't,1,custom_review-gemini,long,positive,unstructured,zero_shot,long_positive_unstructured_zero_shot,16,85,15,700,0,2,1.0,12,2026-09-02T10:46:29.069076+00:00
fake,knickerbocker,Hotel,We were a bit hesitant about staying right on 42nd and Broadway because,1,custom_review-gemini,long,positive,unstructured,zero_shot,long_positive_unstructured_zero_shot,17,71,13,700,0,2,1.0,12,2026-09-02T10:46:57.758036+00:00
fake,monaco,Hotel,We booked a weekend getaway at Hotel Monaco on a whim and honestly loved the quirky vibe of,1,custom_review-gemini,long,positive,unstructured,zero_shot,long_positive_unstructured_zero_shot,18,91,18,700,0,2,1.0,12,2026-09-02T10:47:27.817935+00:00
fake,omni,Hotel,We booked a king room at the Omni for a quick anniversary weekend,1,custom_review-gemini,long,positive,unstructured,zero_shot,long_positive_unstructured_zero_shot,19,65,13,700,0,2,1.0,12,2026-09-02T10:47:48.212700+00:00
fake,palmer,Hotel,"Really enjoyed our weekend at The Palmer. The building itself has so much character, and the lobby smelled amazing the second we walked in. Check-in was breezy--the front desk clerk even gave us a couple of great dinner recommendations nearby. Our room was on the fifth floor, super quiet, with a massive bed that was surprisingly hard to get out of in the morning. Bathroom was spotless and had great water pressure, though the lighting around the vanity was just a little dim for doing makeup. We grabbed morning lattes and pastries from the downstairs cafe both days, totally worth it. It's in a very walkable spot too, close to shops and transit. Would happily stay here again next time we're in town.",1,custom_review-gemini,long,positive,unstructured,zero_shot,long_positive_unstructured_zero_shot,20,705,123,700,1,1,1.0,12,2026-09-02T10:48:00.151836+00:00
fake,sheraton,Hotel,Stayed at the Sheraton for three nights on a quick business trip and was genuinely impressed. Check,1,custom_review-gemini,long,positive,unstructured,zero_shot,long_positive_unstructured_zero_shot,21,99,17,700,0,2,1.0,12,2026-09-02T10:48:32.964358+00:00
fake,sofitel,Hotel,excellent water pressure and lovely Balmain products that smelled amazing. Breakfast the next morning was another,1,custom_review-gemini,long,positive,unstructured,zero_shot,long_positive_unstructured_zero_shot,22,113,16,700,0,2,1.0,12,2026-09-02T10:48:50.037973+00:00
fake,swissotel,Hotel,"Had such a relaxing weekend at Swissotel. Right from check-in, the front desk team was incredibly welcoming and managed to get us into our room a bit early, which was a huge relief after a long morning of traveling. The room itself was spotless, quiet, and had those amazingly plush pillows that make it impossible to get out of bed. We also spent some time at the spa and pool area on the second floor--super clean, tranquil, and not overcrowded at all. Breakfast the next morning was another highlight; the omelet station chef was fast and friendly, and the fresh pastries were dangerous. Location made it effortless to walk around the city center too. Will definitely stay here again next time I'm in town.",1,custom_review-gemini,long,positive,unstructured,zero_shot,long_positive_unstructured_zero_shot,23,709,124,700,1,1,1.0,12,2026-09-02T10:49:11.543834+00:00
fake,talbott,Hotel,Really enjoyed our three-night stay at The Talbott. The location is honestly unbeatable--t,1,custom_review-gemini,long,positive,unstructured,zero_shot,long_positive_unstructured_zero_shot,24,90,13,700,0,2,1.0,12,2026-09-02T10:49:36.045306+00:00
fake,affinia,Hotel,"Our stay at Hotel Affinia was deeply underwhelming and certainly not worth the price tag. We were placed in a low-floor room where the view was just a grim interior airshaft covered in grime and humming HVAC units. Sleep was nearly impossible because of the constant street noise and paper-thin walls that let in every conversation from the hallway. Things did not improve in the morning; the breakfast buffet was a mess, serving lukewarm, rubbery eggs and stale pastries that looked like they had been sitting out for days. To make matters worse, the Wi-Fi was painfully slow and kept dropping out entirely whenever I tried to load basic web pages for work. Between the racket, terrible amenities, and subpar food, we left feeling exhausted and frustrated. I will not be returning.",1,custom_review-gemini,long,negative,structured,few_shot,long_negative_structured_few_shot,0,782,132,700,1,1,1.0,12,2026-09-02T10:49:49.505471+00:00
fake,allegro,Hotel,"I had high hopes for Hotel Allegro given the historic charm, but our weekend stay was a major letdown. The room itself felt dusty and neglected; I found stray hairs on the nightstand and crumbs near the baseboards. The bathroom was uncomfortably cramped, featuring peeling paint around the ceiling and terrible water pressure that made taking a quick shower frustrating. When we pulled back the heavy curtains hoping to see the city skyline, the view was just a bleak interior brick wall covered in HVAC pipes. To top it off, the front desk staff treated every basic question like a massive inconvenience, barely looking up from their screens when we asked for extra towels. The stylish lobby doesn't make up for the poor service and lack of upkeep. We won't be returning.",1,custom_review-gemini,long,negative,structured,few_shot,long_negative_structured_few_shot,1,772,132,700,1,1,1.0,12,2026-09-02T10:49:53.973786+00:00
fake,amalfi,Hotel,"We had high hopes for the Hotel Amalfi, but our three-night visit felt far too long by the end of the first evening. The bedroom cleanliness was unacceptable; we found thick dust on the bedside tables, stray hairs on the duvet, and the carpet clearly had not been vacuumed recently. Things only got worse in the bathroom, where the shower had black mildew creeping along the tile grout and the water pressure was practically non-existent. Whenever we brought these issues up to the front desk, the staff acted dismissive and thoroughly annoyed rather than trying to assist us. It was an extremely disappointing stay, and we certainly will not be returning.",1,custom_review-gemini,long,negative,structured,few_shot,long_negative_structured_few_shot,2,656,111,700,1,1,1.0,12,2026-09-02T10:50:07.120010+00:00
fake,ambassador,Hotel,"We booked three nights at the Hotel Ambassador hoping for a charming weekend getaway, but it was thoroughly disappointing. The property simply wasn't worth the hefty price tag. Walking into the room, we were immediately struck by how tired and dated the decor felt--think worn carpet edges, faded upholstery, and scuffed dark wood furniture that desperately needs an overhaul. To make matters worse, our 'city view' amounted to an ugly gravel rooftop covered in noisy industrial air conditioning units. The mattress was so uncomfortably stiff that our long weekend felt far too long by the end of the second night; we actually considered packing up early and driving home. I definitely cannot recommend this place.",1,custom_review-gemini,long,negative,structured,few_shot,long_negative_structured_few_shot,3,714,115,700,1,1,1.0,12,2026-09-02T10:50:17.431087+00:00
fake,conrad,Hotel,"I expected much better from the Conrad given the brand's reputation, but this trip was a total letdown. Check-in was cold and dismissive; the front desk staff seemed thoroughly annoyed whenever we asked basic questions. Our room looked okay at first glance, but the cleanliness was lacking--dust coated the nightstands and there was stray hair on the desk chair. The bathroom was even worse, featuring a slow-draining tub, weak water pressure, and visible mildew along the shower grout. To top it off, the walls are paper-thin. We were kept awake half the night by loud conversations in the hallway and traffic noise echoing up from below. For the premium price, the lack of upkeep and poor service are simply unacceptable. I won't be returning.",1,custom_review-gemini,long,negative,structured,few_shot,long_negative_structured_few_shot,4,745,124,700,1,1,1.0,12,2026-09-02T10:50:21.898076+00:00
fake,fairmont,Hotel,"I expected far more from the Fairmont given the premium rates they charge, but our weekend was a massive letdown. We paid extra for a high-floor room hoping for a scenic skyline view, only to stare directly into a drab concrete parking structure and rooftop HVAC units. To make matters worse, those same mechanical units droned loudly all night, ruining any chance of sleep. The front desk staff seemed thoroughly indifferent when we brought this up; the receptionist barely looked up from her computer and offered a dismissive shrug instead of trying to move us. Nothing about this stay felt worth the steep price tag. Between the noisy room, miserable outlook, and chilly service, we will not be returning.",1,custom_review-gemini,long,negative,structured,few_shot,long_negative_structured_few_shot,5,708,119,700,1,1,1.0,12,2026-09-02T10:50:28.862582+00:00
fake,hardrock,Hotel,"Our stay at the Hard Rock was a massive letdown from start to finish. Check-in felt like an inconvenience to the front desk staff, who barely made eye contact and offered zero information about the property. When we finally got up to the room, the view was nothing more than an ugly, humming rooftop ventilation unit surrounded by gravel. The bathroom was in desperate need of maintenance--the shower drained at a snail's pace, leaving an inch of standing dirty water around our feet, and the lighting was harsh and flickering. To top it off, getting any decent rest was practically impossible. The mattress was lumpy and rock-hard, and street noise bled right through the thin windows all night long. For the high price tag, this was a thoroughly frustrating experience.",1,custom_review-gemini,long,negative,structured,few_shot,long_negative_structured_few_shot,6,771,130,700,1,1,1.0,12,2026-09-02T10:50:33.327204+00:00
fake,hilton,Hotel,"I expected so much more from a brand like Hilton, but this trip was a massive letdown",1,custom_review-gemini,long,negative,structured,few_shot,long_negative_structured_few_shot,7,85,17,700,0,2,1.0,12,2026-09-02T10:50:55.102969+00:00
fake,homewood,Hotel,"I was thoroughly let down by my recent stay at the Homewood. For what they charge per night, it simply did not feel worth the price at all. The entire place was shockingly loud; the walls seem paper-thin, so I was constantly disturbed by doors slamming in the hallway and heavy footsteps from the floor above. Because of all the noise and an uncomfortably lumpy mattress, I barely slept a wink the whole weekend. To make matters worse, the wifi was virtually useless. The signal kept dropping every ten minutes, making it impossible to stream a movie or answer basic work emails. I expected a reliable, restful visit, but left feeling exhausted and frustrated. I won't be returning.",1,custom_review-gemini,long,negative,structured,few_shot,long_negative_structured_few_shot,8,682,118,700,1,1,1.0,12,2026-09-02T10:51:01.756969+00:00
fake,hyatt,Hotel,"Our weekend at the Hyatt fell completely flat. We were placed on a lower floor directly above the loading dock, leaving us staring at a brick wall and a row of overflowing dumpsters instead of any decent skyline. The ambient noise was relentless--trash trucks at 5 AM, loud plumbing in the adjacent walls, and constant thumping from the hallway kept us awake. I barely slept three hours either night on what felt like a sagging, worn-out mattress. Because of the sheer lack of rest and frustrating environment, two nights felt far too long, and we found ourselves wishing we had just checked out early on Sunday morning. For the steep price tag, the complete lack of peace and comfort was totally unacceptable. We won't return.",1,custom_review-gemini,long,negative,structured,few_shot,long_negative_structured_few_shot,9,727,125,700,1,1,1.0,12,2026-09-02T10:51:05.949360+00:00
fake,intercontinental,Hotel,"I had high expectations for the InterContinental, but our weekend here was deeply underwhelming. The entire property feels stuck in the 1990s; the heavy floral drapes and worn wood furniture were desperately dated rather than historic. Cleanliness was also a major letdown, as we spotted thick layers of dust behind the nightstands and strange carpet stains near the closet. The bathroom was the worst part--cramped, poorly lit, with cracked grout lining the tub and water pressure that barely managed a trickle. By the second morning, the environment felt so gloomy that our three-night booking felt far too long, and we genuinely couldn't wait to check out. For the luxury price tag, the subpar quality and lack of upkeep simply aren't justified.",1,custom_review-gemini,long,negative,structured,few_shot,long_negative_structured_few_shot,10,748,121,700,1,1,1.0,12,2026-09-02T10:51:26.335401+00:00
fake,james,Hotel,"We were really let down by our stay at The James. The only positive aspect was the convenient location, which made walking to nearby restaurants and shops easy, but everything else fell short. When we checked in, the front desk staff treated us like an inconvenience, barely making eye contact and offering zero help with our bags. The room itself was poorly maintained and visibly dirty; thick dust coated the headboard, and the carpet clearly had not been vacuumed properly. The bathroom was the worst part, featuring a slow-draining shower that pooled dirty water around our feet and grime along the tile grout. For the price they charge, the complete lack of basic cleanliness and hospitable service was unacceptable. We won't return.",1,custom_review-gemini,long,negative,structured,few_shot,long_negative_structured_few_shot,11,738,122,700,1,1,1.0,12,2026-09-02T10:51:56.925520+00:00
fake,knickerbocker,Hotel,"We had high hopes for our stay at the Knickerbocker, but it turned into a massive letdown. Sleeping here was nearly impossible; between the paper-thin walls carrying noise from the corridor and a sagging, lumpy mattress, I tossed and turned all night. When I looked out the window in the morning, the 'city view' we paid extra for was literally just a grim brick airshaft covered in pigeons. The bathroom felt equally neglected, featuring weak water pressure, stained grout around the tub, and a vanity counter so tiny you could barely rest a toothbrush on it. To make matters worse, the breakfast was dreadful. Everything at the buffet was lukewarm, the scrambled eggs were rubbery and flavorless, and the staff seemed completely indifferent to empty platters. We definitely won't be returning.",1,custom_review-gemini,long,negative,structured,few_shot,long_negative_structured_few_shot,12,795,131,700,1,1,1.0,12,2026-09-02T10:52:05.443522+00:00
fake,monaco,Hotel,"I had high hopes for Hotel Monaco, but our two-night stay ended up feeling far too long. The paper-thin walls made it impossible to get any rest; we heard sirens outside, loud hallway chatter, and our neighbor's television blaring all night. In the morning, the breakfast was a major letdown with lukewarm coffee, stale pastries, and rubbery eggs that felt like an afterthought. Given the premium rates and additional hidden fees tacked onto the final bill, this place was simply not worth the price. Between the endless racket and the mediocre food, it was an incredibly disappointing trip, and I won't be returning.",1,custom_review-gemini,long,negative,structured,few_shot,long_negative_structured_few_shot,13,617,103,700,1,1,1.0,12,2026-09-02T10:52:09.787994+00:00
fake,omni,Hotel,"We booked the Omni expecting a high-end weekend, but the whole visit fell completely flat. The bathroom was noticeably outdated, featuring chipped tiles around the baseboard, low water pressure, and a shower drain that backed up within minutes. Opening our curtains revealed a grim view directly into a concrete alley lined with noisy exhaust vents. Trying to catch up on remote work was an exercise in frustration because the in-room wifi constantly disconnected and was far too slow to load basic pages. By Sunday morning, what was supposed to be a relaxing three-night trip felt entirely too long, and we found ourselves eager to pack our bags and head home early. This property simply does not match its reputation or price tag.",1,custom_review-gemini,long,negative,structured,few_shot,long_negative_structured_few_shot,14,732,122,700,1,1,1.0,12,2026-09-02T10:52:14.613934+00:00
fake,palmer,Hotel,"I had high hopes for the Palmer given its central spot, and while the location made walking to nearby sights very easy, everything else fell flat. The room itself was poorly cleaned; I found thick dust along the baseboards and suspicious dark stains on the carpet. The bathroom was by far the worst part of the stay. It felt cramped, the water pressure was practically nonexistent, and there was visible mildew clinging to the shower grout. For what they charge per night, the lack of basic maintenance and hygiene is unacceptable. It simply did not feel worth the steep price tag, and I won't be returning.",1,custom_review-gemini,long,negative,structured,few_shot,long_negative_structured_few_shot,15,607,106,700,1,1,1.0,12,2026-09-02T10:52:20.162613+00:00
fake,sheraton,Hotel,"I had high hopes for our weekend at the Sheraton, but it turned into a thoroughly frustrating visit. The front desk staff acted like basic inquiries were a massive inconvenience, offering zero warmth or basic courtesy upon arrival. In the room, the wifi was practically non-existent; it constantly dropped out, making it impossible to stream anything or finish a few urgent work emails. Considering the steep nightly rates and ridiculous parking fees, this place did not feel worth the price at all. By the second morning, our three-night stay already felt far too long, and we honestly couldn't wait to check out and head home. You are essentially paying for a well-known brand name while receiving sub-par service and outdated amenities. I won't be returning.",1,custom_review-gemini,long,negative,structured,few_shot,long_negative_structured_few_shot,16,761,125,700,1,1,1.0,12,2026-09-02T10:52:26.451451+00:00
fake,sofitel,Hotel,"I had high expectations for our weekend at the Sofitel, but it turned out to be a massive letdown. The decor felt terribly dated--scuffed wooden furniture and faded drapes straight out of the late nineties. Worse, the room simply wasn't clean; we found hair on the bathroom floor and thick dust along the baseboards. I barely slept at all because the soundproofing was practically nonexistent. Between the constant rumble of street traffic and the muffled conversations coming through the adjoining wall, it was far too noisy to get any real rest. The mattress itself also sagged awkwardly in the center. For the steep price they charge per night, the lack of upkeep and poor comfort is totally unacceptable. I won't be returning.",1,custom_review-gemini,long,negative,structured,few_shot,long_negative_structured_few_shot,17,730,122,700,1,1,1.0,12,2026-09-02T10:52:34.348595+00:00
fake,swissotel,Hotel,"I expected far more from the Swissotel given the rates they charge. Our room desperately needs a refresh; the faded carpet, scuffed wood furniture, and worn-out armchair felt stuck in the late nineties. To make matters worse, the space was surprisingly noisy. The street traffic hummed constantly through the poorly insulated windows, and we could clearly hear doors slamming down the corridor late into the night. We paid extra hoping for a scenic corner panorama, but our view just looked directly into a drab concrete parking garage and adjacent office blinds. The bathroom was equally uninspiring, cramped with peeling caulking around the tub and terribly weak water pressure that made taking a shower frustrating. A thoroughly disappointing stay.",1,custom_review-gemini,long,negative,structured,few_shot,long_negative_structured_few_shot,18,751,118,700,1,1,1.0,12,2026-09-02T10:52:40.830624+00:00
fake,talbott,Hotel,"We had high hopes for The Talbott, but our three-night stay turned into an endurance test that felt far too long. Sleep was nearly impossible thanks to thin walls, a rattling AC unit, and a mattress that felt completely worn out. To make matters worse, the front desk staff seemed completely indifferent to our concerns. When we mentioned the noise issue, we were met with a dismissive shrug rather than any actual help or basic hospitality. Given the steep rates and extra fees tacked on, this place felt like an absolute rip-off. It simply does not deliver the upscale boutique experience it advertises, and we will definitely not be returning.",1,custom_review-gemini,long,negative,structured,few_shot,long_negative_structured_few_shot,19,646,110,700,1,2,1.0,12,2026-09-02T10:53:02.873021+00:00
fake,affinia,Hotel,"I had high hopes for Hotel Affinia given its incredibly convenient location near major transit hubs, but the rest of the stay was thoroughly disappointing. The property feels stuck in the past; the decor is tired, with faded upholstery and scratched furniture that desperately need a refresh. Our bathroom was especially unappealing, featuring chipped tile grout, weak water pressure, and a slow-draining tub that filled up during quick showers. To make matters worse, the front desk staff seemed completely indifferent to guests. When I mentioned the plumbing issue, I was met with an eye roll and an empty promise of maintenance that never arrived. It simply isn't worth the price.",1,custom_review-gemini,long,negative,structured,few_shot,long_negative_structured_few_shot,20,683,110,700,1,1,1.0,12,2026-09-02T10:53:06.992618+00:00
fake,allegro,Hotel,"I had high expectations for Hotel Allegro, but our weekend stay was a complete letdown. The lobby has some vintage charm, but once you reach the guest floors, the decor feels terribly dated, tired, and in desperate need of a refresh. Sleeping here was nearly impossible; the walls are paper-thin, the mattress sagged in the middle, and street noise echoed all night. When I mentioned the noise to the front desk, the staff behaved with total indifference, barely looking up from their screens to offer a weak apology. To make matters worse, breakfast the next morning was awful--rubbery scrambled eggs, lukewarm coffee, and stale pastries that certainly weren't worth the price tag. I definitely won't be returning.",1,custom_review-gemini,long,negative,structured,few_shot,long_negative_structured_few_shot,21,715,117,700,1,2,1.0,12,2026-09-02T10:53:27.150843+00:00
fake,amalfi,Hotel,"I had high hopes for Hotel Amalfi, but our weekend stay was thoroughly underwhelming. The only real upside was the convenient location near great restaurants and transit, but everything else fell short. The interior decor felt tired and dated, like it hadn't seen a proper refresh since the early 2000s; the heavy drapery and worn carpets made the space seem dreary. To make matters worse, our room looked directly out onto an ugly brick air shaft with buzzing AC units, offering zero natural light and a depressing view. What ruined it completely was the staff. The front desk clerks acted dismissive and annoyed whenever we asked basic questions, offering no warmth or hospitality. For the steep price, you can do so much better in the area.",1,custom_review-gemini,long,negative,structured,few_shot,long_negative_structured_few_shot,22,743,126,700,1,2,1.0,12,2026-09-02T10:53:51.370429+00:00
fake,ambassador,Hotel,"We had high hopes for Hotel Ambassador, but our stay ended up being deeply frustrating. The property is desperately crying out for a renovation; the decor felt horribly dated, complete with faded carpeting and scuffed furniture from decades ago. When we pulled back the heavy drapes, our 'city view' amounted to nothing more than a bleak, noisy ventilation shaft in an inner courtyard. The bathroom was equally dismal, featuring peeling wallpaper around the mirror, terrible water pressure, and slow drainage that filled the tub while showering. To make matters worse, the front desk staff behaved with total indifference whenever we brought up these issues, offering cold dismissals instead of actual help. We won't be returning.",1,custom_review-gemini,long,negative,structured,few_shot,long_negative_structured_few_shot,23,730,115,700,1,1,1.0,12,2026-09-02T10:53:57.048710+00:00
fake,conrad,Hotel,"I expected much better from the Conrad brand, but this stay was a letdown from start to finish. The street noise on the ninth floor was relentless throughout the night, made worse by paper-thin walls that let me hear every conversation in the adjacent room. In the bathroom, the shower took ten minutes just to produce lukewarm water, and the slow drain left me standing in a pool of suds. Trying to get work done was an exercise in frustration because the in-room wifi constantly disconnected every few minutes. To top it off, breakfast was thoroughly underwhelming; the eggs were cold, the fruit tasted stale, and the coffee was undrinkable. For the luxury price tag, the quality simply isn't there, and I will not be returning.",1,custom_review-gemini,long,negative,structured,few_shot,long_negative_structured_few_shot,24,730,126,700,1,1,1.0,12,2026-09-02T10:54:02.149192+00:00
fake,fairmont,Hotel,"We booked the Fairmont expecting a five-star getaway, but the entire weekend was a major",1,custom_review-gemini,long,negative,structured,zero_shot,long_negative_structured_zero_shot,0,88,15,700,0,2,1.0,12,2026-09-02T10:54:30.709760+00:00
fake,hardrock,Hotel,"We checked into the Hard Rock hoping for a fun getaway, but it ended up being a total headache. The front desk staff seemed completely uninterested in helping us, barely looking up from their screens when we had questions about our reservation. Our room looked okay initially, but the bathroom was a letdown--the shower pressure was abysmal, and the drain emitted a faint, stale odor that lingered the whole weekend. Things got worse once night fell. The bass from the downstairs venue vibrated straight through our floor until nearly 3 AM, and the thin walls let in every hallway conversation. We barely slept a wink thanks to the constant noise and the surprisingly hard mattress. Definitely not returning.",1,custom_review-gemini,long,negative,structured,zero_shot,long_negative_structured_zero_shot,1,708,118,700,1,1,1.0,12,2026-09-02T10:54:35.943995+00:00
fake,hilton,Hotel,"We booked the Hilton expecting the polished standard the brand usually promotes, but this stay was a massive",1,custom_review-gemini,long,negative,structured,zero_shot,long_negative_structured_zero_shot,2,108,18,700,0,3,1.0,12,2026-09-02T10:55:30.062145+00:00
fake,homewood,Hotel,"We booked a weekend stay at Homewood hoping for a restful break, but it turned",1,custom_review-gemini,long,negative,structured,zero_shot,long_negative_structured_zero_shot,3,78,15,700,0,3,1.0,12,2026-09-02T10:56:00.048398+00:00
fake,hyatt,Hotel,"glance, but closer inspection revealed thick dust on the nightstands and some suspicious hairs clinging to",1,custom_review-gemini,long,negative,structured,zero_shot,long_negative_structured_zero_shot,4,106,16,700,0,2,1.0,12,2026-09-02T10:56:16.654047+00:00
fake,intercontinental,Hotel,"We booked three nights at the InterContinental expecting luxury, but by the second morning, the stay already felt far too long. For the exorbitant nightly rate, it simply wasn't worth the money. Our room faced a noisy street, and the mattress felt lumpy and uneven; between the persistent traffic rumble and the stiff pillows, neither of us slept well at all. To make matters worse, breakfast in the main dining room was a major letdown. The buffet was chaotic, hot dishes like the eggs and sausages were lukewarm at best, and the pastries tasted stale. We expected five-star hospitality and comfort, but left feeling exhausted, annoyed, and totally ripped off. I won't be returning.",1,custom_review-gemini,long,negative,structured,zero_shot,long_negative_structured_zero_shot,5,683,114,700,1,1,1.0,12,2026-09-02T10:56:36.427364+00:00
fake,james,Hotel,"I had high hopes for The James, but our weekend here was deeply disappointing. Walking into the room, the tired, faded aesthetic immediately stood out; the decor felt aggressively dated rather than charmingly vintage, with worn carpet and scuffed veneer. The bathroom was in even worse shape, featuring chipped subway tiles, a persistently sluggish sink drain, and weak water pressure that made showering a chore. To make matters worse, the front desk staff behaved with total apathy, barely looking up from their screens when we asked for fresh towels. By Sunday morning, a trip that was supposed to be a quick getaway felt far too long, and we honestly couldn't wait to check out and head home.",1,custom_review-gemini,long,negative,structured,zero_shot,long_negative_structured_zero_shot,6,696,117,700,1,1,1.0,12,2026-09-02T10:56:48.233401+00:00
fake,knickerbocker,Hotel,:* 'the front desk agent barely made eye contact and treated basic questions,1,custom_review-gemini,long,negative,structured,zero_shot,long_negative_structured_zero_shot,7,76,13,700,0,3,1.0,12,2026-09-02T10:57:19.588857+00:00
fake,monaco,Hotel,"We booked Hotel Monaco expecting a stylish boutique stay, but left deeply annoyed. The location",1,custom_review-gemini,long,negative,structured,zero_shot,long_negative_structured_zero_shot,8,95,15,700,0,2,1.0,12,2026-09-02T10:57:40.454255+00:00
fake,omni,Hotel,"I had high expectations for our weekend getaway at the Omni, but the reality fell completely flat.",1,custom_review-gemini,long,negative,structured,zero_shot,long_negative_structured_zero_shot,9,98,17,700,0,2,1.0,12,2026-09-02T10:58:09.746903+00:00
fake,palmer,Hotel,"I booked the Hotel Palmer mainly for its great location near the transit hub, which was indeed very convenient for getting around, but that is where the positives end. The room was surprisingly dirty when I checked in; there was visible dust on the headboard and hair left behind in the shower drain. To make matters worse, the thin walls offered zero noise insulation. I was kept awake until 2 AM by street traffic and loud plumbing from the adjacent bathroom. When I politely brought these issues up with the front desk the next morning, the staff behaved with complete indifference and didn't even offer an apology. Truly a disappointing stay, and I won't be returning.",1,custom_review-gemini,long,negative,structured,zero_shot,long_negative_structured_zero_shot,10,672,116,700,1,1,1.0,12,2026-09-02T10:58:13.956555+00:00
fake,sheraton,Hotel,"We usually trust the Sheraton brand for business trips, but this stay was a major letdown.",1,custom_review-gemini,long,negative,structured,zero_shot,long_negative_structured_zero_shot,11,90,16,700,0,2,1.0,12,2026-09-02T10:59:04.312610+00:00
fake,sofitel,Hotel,"huge letdown. That constant mechanical drone leaked right through the glass, making sleep nearly impossible",1,custom_review-gemini,long,negative,structured,zero_shot,long_negative_structured_zero_shot,12,107,15,700,0,2,1.0,12,2026-09-02T10:59:44.343978+00:00
fake,swissotel,Hotel,"I had high expectations for Swissotel, but our weekend stay fell completely flat.",1,custom_review-gemini,long,negative,structured,zero_shot,long_negative_structured_zero_shot,13,81,13,700,0,2,1.0,12,2026-09-02T11:00:10.268314+00:00
fake,talbott,Hotel,"We had high expectations for our stay at The Talbott, but the entire weekend was a",1,custom_review-gemini,long,negative,structured,zero_shot,long_negative_structured_zero_shot,14,82,16,700,0,2,1.0,12,2026-09-02T11:00:34.857716+00:00
fake,affinia,Hotel,"Our stay at Hotel Affinia fell well short of expectations. The front desk staff seemed completely indifferent to arriving guests, offering barely a nod and zero helpful information. When we got to our room, the bathroom was in dire need of attention--there was lingering grime around the tub, low water pressure, and the ventilation fan sounded like a lawnmower. To make matters worse, our window faced an interior brick alleyway that blocked any daylight, giving us a depressing view of HVAC units and trash bins. The noise levels made sleeping nearly impossible, as thin walls let in every elevator ding and conversation from the hallway, compounded by constant street sirens. We definitely won't be returning.",1,custom_review-gemini,long,negative,structured,zero_shot,long_negative_structured_zero_shot,15,712,115,700,1,2,1.0,12,2026-09-02T11:01:03.469919+00:00
fake,allegro,Hotel,"We booked Hotel Allegro expecting a restful weekend, but it turned into a massive headache",1,custom_review-gemini,long,negative,structured,zero_shot,long_negative_structured_zero_shot,16,90,15,700,0,3,1.0,12,2026-09-02T11:01:39.065693+00:00
fake,amalfi,Hotel,"cramped, leaky shower, weak lukewarm pressure), Location (inconvenient, grueling steep",1,custom_review-gemini,long,negative,structured,zero_shot,long_negative_structured_zero_shot,17,86,10,700,0,2,1.0,12,2026-09-02T11:02:13.188482+00:00
fake,ambassador,Hotel,"We booked three nights at the Hotel Ambassador expecting a relaxing weekend, but the stay felt painfully long",1,custom_review-gemini,long,negative,structured,zero_shot,long_negative_structured_zero_shot,18,109,18,700,0,2,1.0,12,2026-09-02T11:02:37.662930+00:00
fake,conrad,Hotel,"Breakfast: 'hot buffet items were congealed and lukewarm, and the coffee tasted burnt",1,custom_review-gemini,long,negative,structured,zero_shot,long_negative_structured_zero_shot,19,85,13,700,0,2,1.0,12,2026-09-02T11:03:05.126203+00:00
fake,fairmont,Hotel,"We booked a weekend stay at the Fairmont hoping for luxury, but it fell completely flat. The entire room felt tired and dated, dominated by scuffed heavy oak furniture and worn carpeting that desperately needs replacing. The bathroom was equally disappointing: low water pressure in the shower, chipped tiles around the baseboard, and barely any counter space for toiletries. To make matters worse, the front desk staff behaved with total indifference when we asked for extra towels, acting like basic requests were a massive inconvenience. Paying over four hundred dollars a night for faded grandeur and cold hospitality is ridiculous. It simply wasn't worth the exorbitant price tag, and we won't be returning.",1,custom_review-gemini,long,negative,structured,zero_shot,long_negative_structured_zero_shot,20,712,113,700,1,2,1.0,12,2026-09-02T11:03:49.938536+00:00
fake,hardrock,Hotel,"We checked into the Hard Rock hoping for an energetic, upscale weekend, but it turned into a",1,custom_review-gemini,long,negative,structured,zero_shot,long_negative_structured_zero_shot,21,92,17,700,0,3,1.0,12,2026-09-02T11:04:24.833550+00:00
fake,hilton,Hotel,While this Hilton boasts an undeniably convenient location right next to the convention center,1,custom_review-gemini,long,negative,structured,zero_shot,long_negative_structured_zero_shot,22,94,14,700,0,2,1.0,12,2026-09-02T11:04:52.912179+00:00
fake,homewood,Hotel,"I had high hopes for our stay at Homewood, but the reality was thoroughly underwhelming. The interior decor felt tired and desperately dated, from the faded floral armchair to the scuffed faux-wood laminate. Getting any quality rest was impossible; the mattress was paper-thin and lumpy, plus the air unit rattled like a freight train every time it kicked on. When morning came, I wandered down hoping the hot breakfast might redeem things, but it was pathetic. The scrambled eggs were rubbery, and the coffee tasted burnt and watered down simultaneously. To top it off, the front desk staff seemed thoroughly annoyed whenever asked a basic question, offering zero warmth or basic hospitality. We left exhausted and won't be returning.",1,custom_review-gemini,long,negative,structured,zero_shot,long_negative_structured_zero_shot,23,735,119,700,1,1,1.0,12,2026-09-02T11:04:57.790344+00:00
fake,hyatt,Hotel,"We expected far more from a Hyatt, especially given the steep nightly rate that definitely did not",1,custom_review-gemini,long,negative,structured,zero_shot,long_negative_structured_zero_shot,24,98,17,700,0,2,1.0,12,2026-09-02T11:05:21.576008+00:00
fake,intercontinental,Hotel,"We booked the Intercontinental hoping for a special weekend getaway, but it really fell short of our expectations. Check-in took nearly 40 minutes because only two desks were staffed on a busy Friday afternoon, and the lobby was total chaos. When we finally reached our room, it felt tired and poorly maintained. There was noticeable peeling wallpaper in the bathroom, dark stains along the carpet edges, and the AC unit made a constant rattling noise that kept us up all night. Housekeeping completely skipped our room the second day despite us leaving the tag off. When I mentioned these issues at checkout, the front desk clerk barely acknowledged me and just handed over the bill with ridiculous hidden resort fees. Definitely not worth the high price tag.",1,custom_review-gemini,long,negative,unstructured,few_shot,long_negative_unstructured_few_shot,0,760,127,700,1,1,1.0,12,2026-09-02T11:05:27.321801+00:00
fake,james,Hotel,"I had high hopes for The James given the price point, but our weekend stay was a complete letdown. Check-in took forever because there was only one person working the front desk on a busy Friday afternoon. When we finally got up to the room, the aesthetic felt tired rather than upscale--scuffed furniture, dim lighting, and noticeable stains on the area rug. The worst part was the street noise; the windows did nothing to block out traffic and sirens, so getting a decent night's sleep was impossible. We also had issues with the shower taking ten minutes to warm up and lukewarm water pressure at best. For what they charge per night plus the hidden facility fees, the lackluster service and worn-out rooms just aren't worth it. Look elsewhere downtown.",1,custom_review-gemini,long,negative,unstructured,few_shot,long_negative_unstructured_few_shot,1,756,130,700,1,1,1.0,12,2026-09-02T11:05:45.569516+00:00
fake,knickerbocker,Hotel,"We booked the Knickerbocker hoping for a classic, upscale weekend, but it fell completely flat. The lobby looks grand, but everything went downhill the second we got to our floor. The hallways smelled musty and the room itself desperately needs a renovation. Our bathroom had chipped tile around the tub, peeling wallpaper, and the water pressure was practically non-existent. To make matters worse, the AC unit rattled so loudly all night that neither of us could sleep, yet the room stayed uncomfortably warm. When I mentioned the noise and the slow drainage to the front desk the next morning, the clerk barely looked up and just gave a half-hearted apology without offering any real solution. For the high nightly rates they charge, this place is severely lacking. Save your money and book elsewhere.",1,custom_review-gemini,long,negative,unstructured,few_shot,long_negative_unstructured_few_shot,2,804,133,700,1,1,1.0,12,2026-09-02T11:06:09.443195+00:00
fake,monaco,Hotel,"We booked Hotel Monaco expecting a chic boutique getaway, but it was a massive letdown. Right from the start, check-in felt chaotic and unwelcoming--the front desk agent acted like answering basic questions about parking was a huge chore. Our room looked tired and smelled faintly of old cleaning chemicals and stale carpet. The bold decor might have been trendy ten years ago, but now the furniture is just visibly scuffed and worn around the edges. The walls are paper thin; we were kept awake half the night by sirens outside and a loud TV in the adjacent room. The AC unit also had an annoying rattle that kicked on every twenty minutes. For the rates they charge, you expect decent sleep and polished service, but we got neither. Won't be returning.",1,custom_review-gemini,long,negative,unstructured,few_shot,long_negative_unstructured_few_shot,3,754,131,700,1,1,1.0,12,2026-09-02T11:06:16.674211+00:00
fake,omni,Hotel,"I had high hopes for our weekend getaway at the Omni, but it was a massive letdown from the start. We waited almost forty minutes past the 4 PM check-in time just for our keys, and the front desk clerk barely offered an apology. Once we finally got upstairs, the room smelled intensely musty, like old carpet that never dried properly. The air conditioner was rattling the entire night so loudly that neither of us could sleep, and the bathroom door wouldn't latch shut unless you really yanked it. For the ridiculous nightly rate plus all the hidden resort fees they tack onto your bill at checkout, the service and room maintenance are totally unacceptable. I expected upscale comfort and got a motel-tier experience. We won't be returning.",1,custom_review-gemini,long,negative,unstructured,few_shot,long_negative_unstructured_few_shot,4,742,128,700,1,1,1.0,12,2026-09-02T11:06:25.551418+00:00
fake,palmer,Hotel,"I had high hopes for the Palmer given its historic reputation, but our stay was an absolute letdown. The grand lobby is gorgeous, yet the illusion fades the second you reach the guest floors. Our room was tiny, dimly lit, and smelled strongly of stale dust and mildew. The mattress felt ancient and sagged terribly in the middle, giving me a backache by morning. To make matters worse, the walls are paper-thin; we were kept awake until 2 AM by our neighbors' loud TV, and the rattling AC unit sounded like a freight train every time it kicked on. The plumbing was equally frustrating, with barely any water pressure and a shower drain that clogged immediately. Definitely not worth the outrageous nightly rates and hidden fees. We won't return.",1,custom_review-gemini,long,negative,unstructured,few_shot,long_negative_unstructured_few_shot,5,745,129,700,1,1,1.0,12,2026-09-02T11:06:31.204882+00:00
fake,sheraton,Hotel,"We booked the Sheraton hoping for a dependable, relaxing weekend away, but it fell short in almost every area. The check-in line took over thirty minutes with only two agents working the desk on a busy Friday evening. Once we finally got to our room on the 8th floor, the space smelled heavily of mildew. The bathroom was clearly neglected, featuring someone else's leftover hair in the shower drain and peeling wallpaper by the mirror. Even worse, the air conditioning unit rattled loudly all night, making it impossible to get any decent sleep. We called down to the front desk in the morning to ask about moving rooms, but the staff seemed completely indifferent and just told us they were fully booked. Very disappointing quality for this brand.",1,custom_review-gemini,long,negative,unstructured,few_shot,long_negative_unstructured_few_shot,6,749,128,700,1,1,1.0,12,2026-09-02T11:08:27.118842+00:00
fake,sofitel,Hotel,"We usually love the Sofitel brand, but this stay fell completely flat. The lobby looks impressive, but once you get up to the room, the wear and tear is obvious. Our carpet had noticeable dark stains near the window and the air conditioner rattled loudly all night, making it impossible to get decent sleep. We called down around 11 PM to ask for an extra blanket, and nobody ever showed up. Check-in took forever even though there were only two people ahead of us in line, and the front desk staff seemed completely uninterested in being helpful or welcoming. Breakfast the next morning was mediocre at best, with lukewarm coffee and stale pastries that definitely didn't justify the price tag. Way overpriced for such poor service. We won't be coming back.",1,custom_review-gemini,long,negative,unstructured,few_shot,long_negative_unstructured_few_shot,7,758,131,700,1,1,1.0,12,2026-09-02T11:08:32.242373+00:00
fake,swissotel,Hotel,"I had high hopes for our weekend at the Swissotel, but it ended up being a massive letdown. Check-in was an absolute mess--only two front desk agents working during the Friday rush, so we stood in line for nearly forty minutes. Once we finally got up to our floor, the room felt shockingly tired. The carpet had noticeable stains near the window, the bathroom fan rattled constantly like a jet engine, and the AC barely kept the space cool. Housekeeping completely skipped our room on Saturday, meaning we had to call down twice just to get clean towels and extra coffee pods, which took another hour to arrive. For the steep price tag and extra resort fees they tack on, the service here is totally lacking. We definitely won't be returning.",1,custom_review-gemini,long,negative,unstructured,few_shot,long_negative_unstructured_few_shot,8,742,131,700,1,1,1.0,12,2026-09-02T11:08:39.742236+00:00
fake,talbott,Hotel,"I booked a weekend getaway at The Talbott expecting a charming boutique experience, but it fell completely flat. Check-in was an absolute slog with only one person working the front desk while a massive line formed in the lobby. Once we finally got up to the room, it felt cramped, tired, and overdue for a thorough deep clean. The HVAC unit rattled loudly all through the night, which meant barely any sleep, and you could hear doors slamming down the hallway constantly. The bathroom had painfully low water pressure, and housekeeping skipped replenishing our basic towels. When I brought up the noise to the staff the next morning, I just got a generic shrug. It is simply overpriced for the lackluster service and subpar sleep quality you end up getting.",1,custom_review-gemini,long,negative,unstructured,few_shot,long_negative_unstructured_few_shot,9,758,130,700,1,1,1.0,12,2026-09-02T11:08:45.269705+00:00
fake,affinia,Hotel,"I had high hopes for Hotel Affinia based on a few recommendations, but our weekend stay was pretty rough. Check-in took forever because only one person was working the front desk, and she seemed annoyed to even answer basic questions about parking. When we finally got up to the 9th floor, our room smelled strongly of stale cigarette smoke and damp carpet. The AC unit was rattling so loudly throughout the night that neither of us could sleep properly, and the mattress felt completely worn out in the center. We also noticed the bathroom sink took ages to drain, and housekeeping missed replacing the towels on our second day. For the price per night plus the hidden facility fees, it just wasn't worth the headache. We won't be returning.",1,custom_review-gemini,long,negative,unstructured,few_shot,long_negative_unstructured_few_shot,10,742,129,700,1,1,1.0,12,2026-09-02T11:09:07.486273+00:00
fake,allegro,Hotel,"I had high hopes for Hotel Allegro based on the vintage photos online, but our stay was a massive letdown. The lobby looks cool, but the illusion ends the second you step into the dark hallways. Our room felt tiny, stale, and desperately needed basic maintenance. The bathroom door stuck so badly you had to yank it, the AC unit rattled loudly every twenty minutes keeping us awake, and the water pressure in the shower was practically non-existent. On top of that, street noise and subway rumblings bled right through the thin windows all night. When I mentioned the broken bathroom latch to the front desk the next morning, the staff barely looked up from the computer and gave a flat, indifferent apology. For what they charge per night plus the hidden facility fees, I expected far better quality and service. Next time I'm in the Loop, I'll book elsewhere.",1,custom_review-gemini,long,negative,unstructured,few_shot,long_negative_unstructured_few_shot,11,861,150,700,1,1,1.0,12,2026-09-02T11:09:14.348992+00:00
fake,amalfi,Hotel,"I had high hopes for the Amalfi, but our weekend was pretty frustrating from start to finish. Check-in took forever because only one person was working the front desk on a busy Friday afternoon, and she seemed totally overwhelmed. When we finally got up to the room, the first thing I noticed was a stale, musty smell coming from the AC unit. The carpets looked like they hadn't been vacuumed properly, and there was someone else's hair in the shower drain, which was completely gross. The street noise outside kept waking us up, and the walls are paper-thin--I could hear the TV from next door until 2 AM. For the price they charge per night, the level of cleanliness and customer service was just unacceptable. I wouldn't book here again.",1,custom_review-gemini,long,negative,unstructured,few_shot,long_negative_unstructured_few_shot,12,740,130,700,1,1,1.0,12,2026-09-02T11:12:21.369164+00:00
fake,ambassador,Hotel,"Booked three nights at the Hotel Ambassador expecting a classic, upscale stay, but it really fell short of the price tag. The lobby looks decent, but once you get up to the room, the age really shows in a bad way. The carpet felt gritty, the AC unit rattled loudly every time it kicked on, and there was a strange musty smell that never quite aired out. To make matters worse, the walls are paper-thin; we heard the elevator dinging all night and our neighbors talking at 2 AM. Front desk staff seemed totally overwhelmed and disinterested when we asked for extra towels, which took over two hours to arrive. Honestly felt like a budget motel dressed up in historic branding. Very disappointing, won't be returning.",1,custom_review-gemini,long,negative,unstructured,few_shot,long_negative_unstructured_few_shot,13,715,126,700,1,1,1.0,12,2026-09-02T11:12:30.081589+00:00
fake,conrad,Hotel,"I usually expect top-tier service from Conrad properties, but our stay here was a massive letdown. Check-in was chaotic and took nearly 25 minutes because only one desk agent was working during peak afternoon arrivals. When we finally got up to the 14th floor, the room hadn't been properly prepped--there was a half-empty water bottle left on the nightstand, and the shower floor had stray hairs in the drain. To make matters worse, the AC unit kept making a loud clicking sound every twenty minutes, which completely ruined our sleep. Room service breakfast arrived lukewarm at best, and calling the front desk to complain felt like talking to a brick wall. Totally overpriced for the lack of attention to basic hospitality.",1,custom_review-gemini,long,negative,unstructured,few_shot,long_negative_unstructured_few_shot,14,726,121,700,1,1,1.0,12,2026-09-02T11:12:42.184712+00:00
fake,fairmont,Hotel,"We booked a weekend at the Fairmont expecting luxury, but it honestly felt like a run-down motel charging five-star prices. Check-in was chaotic, with only one receptionist handling a massive line on a Friday afternoon. When we finally got up to the room on the 14th floor, it smelled distinctly musty, and the bathroom tiles had visible grime around the base of the tub. Even worse, the air conditioning unit sounded like a jet engine cycling on and off every twenty minutes, making it impossible to get any decent sleep. We called down to the front desk hoping for an extra blanket or a room change, but nobody answered the phone either time. You expect top-tier hospitality for what they charge, but the whole stay was a massive letdown. Will not return.",1,custom_review-gemini,long,negative,unstructured,few_shot,long_negative_unstructured_few_shot,15,757,132,700,1,1,1.0,12,2026-09-02T11:12:46.778635+00:00
fake,hardrock,Hotel,"We were really excited for our weekend at the Hard Rock, but it ended up being a total letdown. Check-in was chaos--the lobby was packed, bass was shaking the floor at 3 PM, and the front desk staff seemed completely overwhelmed and frankly rude when we asked about parking options. When we finally got upstairs, our room smelled heavily of stale cigarette smoke masked with cheap air freshener. The bathroom tile had visible grime in the corners, and the mini-fridge didn't even keep our water cold. Good luck getting any sleep, either; the hallway noise went on until 4 in the morning and the walls are paper-thin. You pay a massive premium here for the brand name, but the actual service and cleanliness feel like a budget motel off the highway. Save your money and look elsewhere.",1,custom_review-gemini,long,negative,unstructured,few_shot,long_negative_unstructured_few_shot,16,784,137,700,1,1,1.0,12,2026-09-02T11:12:54.784735+00:00
fake,hilton,Hotel,"I usually trust the Hilton brand, but this stay was a huge letdown from start to finish. Check-in dragged on forever because only two desks were open with a massive line of tired travelers. When we finally reached our room on the 8th floor, the carpet felt noticeably damp and there was a persistent musty odor coming from the AC unit. To make matters worse, the bathroom hadn't been cleaned properly--there was stray hair in the shower drain and only one set of towels provided. The bed was stiff, and street noise kept us up half the night because the windows offered zero soundproofing. For the hefty price tag, paying extra for slow Wi-Fi felt like an insult. The front desk staff seemed completely indifferent when we mentioned these issues. I definitely won't be returning.",1,custom_review-gemini,long,negative,unstructured,few_shot,long_negative_unstructured_few_shot,17,779,135,700,1,1,1.0,12,2026-09-02T11:13:00.436585+00:00
fake,homewood,Hotel,"We booked a suite at the Homewood for a four-night family trip and honestly regretted it by morning two. The place desperately needs a renovation. The carpets in the hallways were stained and smelled musty, and our room wasn't much better. The kitchenette had sticky cabinet handles, mismatched cutlery, and a fridge that made a loud humming sound all night. We called the front desk about getting extra towels since housekeeping never showed up on our second day, but nobody ever brought them up. The complimentary breakfast was another letdown--watery scrambled eggs, cold waffle batter, and bare coffee carafes by 8:30 AM. For the price per night, you expect basic cleanliness and decent service, but this location completely missed the mark.",1,custom_review-gemini,long,negative,unstructured,few_shot,long_negative_unstructured_few_shot,18,745,121,700,1,1,1.0,12,2026-09-02T11:13:04.751860+00:00
fake,hyatt,Hotel,"I usually trust the Hyatt brand, but this stay was a huge letdown from start to finish. Check-in took nearly 40 minutes because only two desks were staffed on a busy Friday night. Once we finally got to our room on the 8th floor, it smelled strongly of mildew and stale smoke. The bathroom had hair left in the drain, and the sink leaked onto the floor every time the faucet ran. To make matters worse, the AC unit sounded like a lawnmower, so we barely slept all weekend. When I mentioned the noise and plumbing issues to the front desk the next morning, the clerk just shrugged and said maintenance was off until Monday. Definitely not worth the high nightly rate or the parking fees. We won't be coming back.",1,custom_review-gemini,long,negative,unstructured,few_shot,long_negative_unstructured_few_shot,19,711,131,700,1,1,1.0,12,2026-09-02T11:13:11.547149+00:00
fake,intercontinental,Hotel,"We booked the Intercontinental hoping for a special weekend getaway, but it completely fell short of the brand's reputation. The lobby is grand, but the actual guest rooms feel tired and desperately need renovation. Our carpet had noticeable stains, the wallpaper was peeling by the bathroom door, and the AC unit rattled so loudly all night that neither of us could sleep. To make matters worse, check-in took nearly forty minutes because only two desks were staffed during the afternoon rush. We also called down for extra towels around 6 PM and they simply never showed up. When you pay these rates plus the ridiculous extra destination fee, you expect basic comfort and attentiveness. We definitely won't be returning.",1,custom_review-gemini,long,negative,unstructured,few_shot,long_negative_unstructured_few_shot,20,722,119,700,1,1,1.0,12,2026-09-02T11:13:17.024080+00:00
fake,james,Hotel,"We booked The James expecting a stylish boutique vibe for our anniversary weekend, but the",1,custom_review-gemini,long,negative,unstructured,few_shot,long_negative_unstructured_few_shot,21,90,15,700,0,2,1.0,12,2026-09-02T11:13:39.365033+00:00
fake,knickerbocker,Hotel,"I expected a lot more given the historic reputation and the hefty price tag, but the Knickerbocker was a huge letdown. The lobby looks grand, sure, but the moment you get to the rooms, the illusion fades fast. Our room felt dated and neglected rather than charming. The mattress was terribly lumpy, and the AC unit sounded like a jet engine rattling all night long. To make matters worse, the bathroom had weak water pressure and peeling paint near the baseboards. We also had to wait over twenty minutes just to get extra towels because nobody was answering the front desk phone. For what they charge per night, the lack of basic upkeep and indifferent customer service is just unacceptable. Next time I'll look elsewhere.",1,custom_review-gemini,long,negative,unstructured,few_shot,long_negative_unstructured_few_shot,22,723,125,700,1,1,1.0,12,2026-09-02T11:13:45.066860+00:00
fake,monaco,Hotel,"I had high hopes for Hotel Monaco based on past Kimpton stays, but this trip was a huge letdown. Checking in took forever because only one person was working the front desk on a busy Friday evening. When we finally got up to the room, the funky boutique charm just felt tired and neglected. The carpet had several visible dark stains near the window, and the bathroom door stuck so badly you had to throw your shoulder into it to close it properly. To make matters worse, the street noise from below was relentless all night, and the AC unit kept making a rattling clicking sound every time it kicked on. For over $300 a night, I expected a comfortable night of sleep and basic maintenance, but we left feeling exhausted. Skip this place and look elsewhere.",1,custom_review-gemini,long,negative,unstructured,few_shot,long_negative_unstructured_few_shot,23,757,137,700,1,2,1.0,12,2026-09-02T11:13:56.350072+00:00
fake,omni,Hotel,"I had high hopes for our weekend getaway at the Omni, but it turned into a massive headache. The check-in line took nearly 40 minutes with only two desks open, and the clerk barely acknowledged us. When we finally got to our floor, the hallway smelled distinctly of stale cigarette smoke and damp carpet. Our room was pretty rundown--the wallpaper by the bathroom was peeling, and the shower had awful water pressure with barely any hot water in the morning. To top it off, the AC unit rattled so loudly all night that neither of us got any decent sleep. For the steep price tag and the high-end reputation, the whole place feels neglected. We definitely won't be returning.",1,custom_review-gemini,long,negative,unstructured,few_shot,long_negative_unstructured_few_shot,24,674,119,700,1,1,1.0,12,2026-09-02T11:14:02.709063+00:00
fake,palmer,Hotel,"We booked two nights at Hotel Palmer expecting classic elegance, but honestly, it",1,custom_review-gemini,long,negative,unstructured,zero_shot,long_negative_unstructured_zero_shot,0,81,13,700,0,2,1.0,12,2026-09-02T11:14:21.798550+00:00
fake,sheraton,Hotel,"chipped nightstands, and an air conditioning unit that rattled violently every time it kicked on",1,custom_review-gemini,long,negative,unstructured,zero_shot,long_negative_unstructured_zero_shot,1,96,15,700,0,2,1.0,12,2026-09-02T11:14:39.735848+00:00
fake,sofitel,Hotel,We booked the Sofitel expecting proper 5-star luxury for our,1,custom_review-gemini,long,negative,unstructured,zero_shot,long_negative_unstructured_zero_shot,2,60,10,700,0,2,1.0,12,2026-09-02T11:15:14.530495+00:00
fake,swissotel,Hotel,"Expected far better from Swissotel given the brand reputation and the price we paid. Check-in took nearly forty minutes because only two desks were manned, and the receptionist seemed completely indifferent. When we finally got up to the 14th floor, the room was stifling hot. The thermostat was broken, just clicking uselessly, and maintenance took three hours to send someone up with a noisy portable fan that kept us awake all night. The bathroom had visible mildew along the shower caulking and water pressure was a joke. Breakfast the next morning was chaotic, with dirty tables everywhere and lukewarm coffee. The whole place felt tired and severely understaffed. Definitely not coming back.",1,custom_review-gemini,long,negative,unstructured,zero_shot,long_negative_unstructured_zero_shot,3,697,112,700,1,2,1.0,12,2026-09-02T11:15:35.321440+00:00
fake,talbott,Hotel,"Honestly pretty bummed with our stay at the Talbott. We picked it for an anniversary weekend thinking it would be a stylish, upscale boutique vibe, but it just felt neglected. Check-in was cold and chaotic, and we ended up waiting past 4 PM because the room wasn't ready yet. Once we got upstairs, the AC unit had this awful, rattling hum that kept us awake half the night, and the street noise was surprisingly loud for the 8th floor. The bathroom looked modern in photos, but the shower pressure was a weak trickle and the drain backed up within two minutes. For the price tag and the high neighborhood expectations, the service was totally indifferent. We definitely won't be returning next time we're in Chicago.",1,custom_review-gemini,long,negative,unstructured,zero_shot,long_negative_unstructured_zero_shot,4,716,125,700,1,1,1.0,12,2026-09-02T11:15:42.839479+00:00
fake,affinia,Hotel,"noticed was how tired everything looked. The carpet had several visible stains, bathroom grout needed",1,custom_review-gemini,long,negative,unstructured,zero_shot,long_negative_unstructured_zero_shot,5,101,15,700,0,2,1.0,12,2026-09-02T11:16:10.805255+00:00
fake,allegro,Hotel,"We booked the Allegro expecting a stylish boutique stay, but honestly, it was such",1,custom_review-gemini,long,negative,unstructured,zero_shot,long_negative_unstructured_zero_shot,6,82,14,700,0,2,1.0,12,2026-09-02T11:16:35.026668+00:00
fake,amalfi,Hotel,"We booked Hotel Amalfi hoping for a relaxing stay, but it turned out to be",1,custom_review-gemini,long,negative,unstructured,zero_shot,long_negative_unstructured_zero_shot,7,74,15,700,0,2,1.0,12,2026-09-02T11:16:59.725953+00:00
fake,ambassador,Hotel,"We booked the Ambassador thinking the name promised a bit of old-school elegance, but honestly,",1,custom_review-gemini,long,negative,unstructured,zero_shot,long_negative_unstructured_zero_shot,8,95,15,700,0,2,1.0,12,2026-09-02T11:17:33.249025+00:00
fake,conrad,Hotel,"wait, and nobody bothered to clear the tray from the hallway until the following morning.",1,custom_review-gemini,long,negative,unstructured,zero_shot,long_negative_unstructured_zero_shot,9,89,15,700,0,2,1.0,12,2026-09-02T11:17:50.281409+00:00
fake,fairmont,Hotel,"I usually expect so much better from the Fairmont brand, but this stay was a huge letdown. Check-in took nearly forty minutes because only two desks were staffed on a busy Friday evening. When we finally got up to the room, the bathroom had definitely not been cleaned properly--there was hair still in the shower drain and the mirror was completely smeared. We called down for extra towels and nobody ever brought them up. The AC unit also made this loud, rattling noise all night that kept waking us up, and ordering room service for breakfast the next morning took over an hour just for lukewarm eggs and soggy toast. For the premium price they charge here, the lack of attention to detail and slow service just isn't acceptable. Next time I'm staying somewhere else.",1,custom_review-gemini,long,negative,unstructured,zero_shot,long_negative_unstructured_zero_shot,10,770,135,700,1,1,1.0,12,2026-09-02T11:17:55.747806+00:00
fake,hardrock,Hotel,"Honestly, the Hard Rock branding feels like an excuse to charge luxury prices for what amounts",1,custom_review-gemini,long,negative,unstructured,zero_shot,long_negative_unstructured_zero_shot,11,94,16,700,0,2,1.0,12,2026-09-02T11:18:13.358065+00:00
fake,hilton,Hotel,"Usually trust the Hilton brand, but this stay was really disappointing from start to finish. Check-in was chaos--only two agents working with a line out the door, and our keys kept demagnetizing every time we came back to the room. The room itself felt rundown and definitely wasn't cleaned properly; there was thick dust on the nightstands and the shower drain was backing up immediately. To make things worse, the AC unit had this awful, loud rattling noise that kept waking us up all night. When I mentioned the plumbing to the front desk the next morning, they just handed me a ticket number and nobody ever showed up to fix it. Definitely not worth the high nightly rate or the extra parking fees. Won't be returning to this location.",1,custom_review-gemini,long,negative,unstructured,zero_shot,long_negative_unstructured_zero_shot,12,739,130,700,1,2,1.0,12,2026-09-02T11:18:36.140112+00:00
fake,homewood,Hotel,"We usually like Homewood Suites for family trips, but this location was a massive",1,custom_review-gemini,long,negative,unstructured,zero_shot,long_negative_unstructured_zero_shot,13,81,14,700,0,2,1.0,12,2026-09-02T11:19:08.552011+00:00
fake,hyatt,Hotel,"th floor, the disappointment continued. The carpet had several sticky, mysterious stains,",1,custom_review-gemini,long,negative,unstructured,zero_shot,long_negative_unstructured_zero_shot,14,89,12,700,0,2,1.0,12,2026-09-02T11:19:31.329131+00:00
fake,intercontinental,Hotel,bathroom door wouldn't latch shut properly. Room service arrived lukewarm after,1,custom_review-gemini,long,negative,unstructured,zero_shot,long_negative_unstructured_zero_shot,15,79,11,700,0,3,1.0,12,2026-09-02T11:20:04.942789+00:00
fake,james,Hotel,We had pretty high expectations for The James given the price point and photos online,1,custom_review-gemini,long,negative,unstructured,zero_shot,long_negative_unstructured_zero_shot,16,85,15,700,0,2,1.0,12,2026-09-02T11:20:22.459751+00:00
fake,knickerbocker,Hotel,"We booked The Knickerbocker for our anniversary hoping for classic New York luxury, but",1,custom_review-gemini,long,negative,unstructured,zero_shot,long_negative_unstructured_zero_shot,17,87,14,700,0,4,1.0,12,2026-09-02T11:21:16.246019+00:00
fake,monaco,Hotel,"I usually love boutique spots, so I had high expectations for Hotel Monaco, but this stay",1,custom_review-gemini,long,negative,unstructured,zero_shot,long_negative_unstructured_zero_shot,18,89,16,700,0,2,1.0,12,2026-09-02T11:21:33.240207+00:00
fake,omni,Hotel,"We booked the Omni expecting a high-end weekend getaway, but it honestly felt like a",1,custom_review-gemini,long,negative,unstructured,zero_shot,long_negative_unstructured_zero_shot,19,84,15,700,0,2,1.0,12,2026-09-02T11:22:06.036456+00:00
fake,palmer,Hotel,"We booked a weekend getaway at Hotel Palmer hoping for a relaxing stay, but it was anything",1,custom_review-gemini,long,negative,unstructured,zero_shot,long_negative_unstructured_zero_shot,20,91,17,700,0,2,1.0,12,2026-09-02T11:22:26.790278+00:00
fake,sheraton,Hotel,Honestly expected a lot better from the Sheraton brand. We arrived tired around 8 PM,1,custom_review-gemini,long,negative,unstructured,zero_shot,long_negative_unstructured_zero_shot,21,84,15,700,0,2,1.0,12,2026-09-02T11:22:47.078733+00:00
fake,sofitel,Hotel,"We booked the Sofitel expecting a touch of French luxury for our anniversary, but",1,custom_review-gemini,long,negative,unstructured,zero_shot,long_negative_unstructured_zero_shot,22,81,14,700,0,4,1.0,12,2026-09-02T11:23:47.069207+00:00
fake,swissotel,Hotel,"Booked Swissotel expecting reliable luxury, but our weekend was just one annoyance after another. Check-in took forty minutes because the front desk only had two agents handling a massive line, and neither seemed bothered by the wait. The room looked okay at first glance, but the AC had a persistent, high-pitched rattle that kept us up half the night, and housekeeping skipped replenishing the coffee pods and towels on day two. When we called down, nobody answered the service line. Breakfast was another letdown--lukewarm eggs, burnt pastries, and dirty tables everywhere while staff casually chatted in the corner. Definitely not worth the steep room rate. We won't be returning.",1,custom_review-gemini,long,negative,unstructured,zero_shot,long_negative_unstructured_zero_shot,23,684,109,700,1,1,1.0,12,2026-09-02T11:23:53.882305+00:00
fake,talbott,Hotel,"I really wanted to love The Talbott because the location near the Gold Coast is fantastic, but our weekend stay was a letdown. Check-in felt cold and rushed, like we were inconveniencing the front desk. Once upstairs, the room itself looked tired. The carpet had a weird musty odor, and the bathroom door didn't even shut properly unless you really forced it. The worst part was the street noise and the thin walls; we could clearly hear the elevator chiming and our neighbors talking all night long, so we barely slept. For the price they charge per night, you expect a boutique luxury vibe, but it felt more like an overpriced, neglected chain hotel. Definitely won't be returning on our next trip to Chicago.",1,custom_review-gemini,long,negative,unstructured,zero_shot,long_negative_unstructured_zero_shot,24,711,124,700,1,2,1.0,12,2026-09-02T11:24:10.143253+00:00
