Binary_label,Category,domain,text,is_synthetic,model,length,sentiment,structure,example_mode,cell_id,rep_index,n_chars,n_words,target_chars,in_length_band,n_attempts,gen_temperature,gen_seed,timestamp
fake,affinia,Hotel,"At Affinia, our room was spotless and quiet, with a pleasant city view. Wi-Fi stayed reliable for work, and the comfortable bed gave us an excellent night's sleep.",1,custom_review-luna-gpt,short,positive,structured,few_shot,short_positive_structured_few_shot,0,163,28,200,1,1,1.0,12,2026-09-01T16:17:56.616763+00:00
fake,allegro,Hotel,"Our room overlooked the river and old rooftops, and the blackout curtains made for an excellent night's sleep. Breakfast was fresh and varied, making Hotel Allegro feel well worth the price.",1,custom_review-luna-gpt,short,positive,structured,few_shot,short_positive_structured_few_shot,1,190,31,200,1,1,1.0,12,2026-09-01T16:17:59.871903+00:00
fake,amalfi,Hotel,"Our weekend at Hotel Amalfi felt too short; I slept deeply in the quiet room, woke to a lovely city view, and found the attentive service well worth the price.",1,custom_review-luna-gpt,short,positive,structured,few_shot,short_positive_structured_few_shot,2,159,30,200,1,1,1.0,12,2026-09-01T16:18:02.865822+00:00
fake,ambassador,Hotel,"Breakfast had plenty of fresh options, and the updated decor gave the hotel a welcoming feel. Our room was spotless and comfortable; we only wished we could have stayed another night.",1,custom_review-luna-gpt,short,positive,structured,few_shot,short_positive_structured_few_shot,3,183,31,200,1,1,1.0,12,2026-09-01T16:18:15.452255+00:00
fake,conrad,Hotel,"Conrad felt worth the splurge: the fresh, polished decor made the room inviting, Wi-Fi was reliable for work, and the central location put restaurants and transit within an easy walk.",1,custom_review-luna-gpt,short,positive,structured,few_shot,short_positive_structured_few_shot,4,183,30,200,1,1,1.0,12,2026-09-01T16:18:18.881846+00:00
fake,fairmont,Hotel,"I slept deeply in the quiet room, and the Wi-Fi stayed reliable for work. The city skyline view was lovely at dusk; my only complaint is that the weekend at Fairmont went by too quickly.",1,custom_review-luna-gpt,short,positive,structured,few_shot,short_positive_structured_few_shot,5,186,35,200,1,1,1.0,12,2026-09-01T16:18:21.878141+00:00
fake,hardrock,Hotel,"Hard Rock's central location made exploring easy, and the breakfast had plenty of fresh options. The sleek bathroom was spotless with a great shower; honestly, our weekend ended too soon.",1,custom_review-luna-gpt,short,positive,structured,few_shot,short_positive_structured_few_shot,6,187,30,200,1,1,1.0,12,2026-09-01T16:18:24.967495+00:00
fake,hilton,Hotel,"Hilton's central location made getting around easy, and the reliable Wi-Fi was great for work. The bathroom was spotless with a roomy shower, while breakfast offered fresh fruit and hot options.",1,custom_review-luna-gpt,short,positive,structured,few_shot,short_positive_structured_few_shot,7,194,31,200,1,1,1.0,12,2026-09-01T16:18:28.293374+00:00
fake,homewood,Hotel,"Our room was spotless, and the bathroom had a roomy shower with great water pressure. Breakfast was fresh and filling, while the friendly staff made check-in and every question easy.",1,custom_review-luna-gpt,short,positive,structured,few_shot,short_positive_structured_few_shot,8,182,30,200,1,1,1.0,12,2026-09-01T16:18:31.263155+00:00
fake,hyatt,Hotel,"The Hyatt felt worth the rate for its comfortable room and calm nights. Breakfast had plenty of fresh options, and every staff member was friendly, attentive, and quick to help.",1,custom_review-luna-gpt,short,positive,structured,few_shot,short_positive_structured_few_shot,9,177,30,200,1,1,1.0,12,2026-09-01T16:18:33.907867+00:00
fake,intercontinental,Hotel,"The fresh, understated decor and spotless marble bathroom made the InterContinental feel polished; it was pricey, but worthwhile for the service and comfort. I only wish our weekend had lasted longer.",1,custom_review-luna-gpt,short,positive,structured,few_shot,short_positive_structured_few_shot,10,200,31,200,1,1,1.0,12,2026-09-01T16:18:37.019237+00:00
fake,james,Hotel,"The fresh, understated decor suited the room perfectly, and the skyline view was a bonus. Breakfast had good coffee and pastries, while the Wi-Fi stayed fast enough for work.",1,custom_review-luna-gpt,short,positive,structured,few_shot,short_positive_structured_few_shot,11,174,29,200,1,1,1.0,12,2026-09-01T16:18:39.659705+00:00
fake,knickerbocker,Hotel,"Our weekend at the Knickerbocker went by too quickly. Despite the central location, the room was remarkably quiet, Wi-Fi stayed reliable, and breakfast had fresh pastries, eggs, and good coffee.",1,custom_review-luna-gpt,short,positive,structured,few_shot,short_positive_structured_few_shot,12,194,30,200,1,1,1.0,12,2026-09-01T16:18:47.517743+00:00
fake,monaco,Hotel,"Hotel Monaco's central location made exploring easy, and our room overlooked a lovely city skyline. Breakfast was fresh and varied, while the staff were consistently warm, attentive, and helpful.",1,custom_review-luna-gpt,short,positive,structured,few_shot,short_positive_structured_few_shot,13,195,29,200,1,1,1.0,12,2026-09-01T16:18:50.461491+00:00
fake,omni,Hotel,"Our room overlooked the city skyline, and the fresh, understated decor felt inviting. Everyone at the Omni was warm and efficient, and the central location made walking to restaurants and shops easy.",1,custom_review-luna-gpt,short,positive,structured,few_shot,short_positive_structured_few_shot,14,199,32,200,1,1,1.0,12,2026-09-01T16:18:52.915220+00:00
fake,palmer,Hotel,"Staff were warm and efficient, the updated decor felt fresh without being flashy, and our room overlooked the park. The bathroom was spotless, with a roomy shower and great water pressure.",1,custom_review-luna-gpt,short,positive,structured,few_shot,short_positive_structured_few_shot,15,188,31,200,1,1,1.0,12,2026-09-01T16:18:56.108405+00:00
fake,sheraton,Hotel,"Slept soundly in a comfortable bed, with barely any hallway noise. The Wi-Fi was reliable for work, and the sunrise view over the river from my room was a lovely bonus.",1,custom_review-luna-gpt,short,positive,structured,few_shot,short_positive_structured_few_shot,16,168,31,200,1,1,1.0,12,2026-09-01T16:18:59.210590+00:00
fake,sofitel,Hotel,"Sofitel's marble bathroom and deep tub felt genuinely upscale, and the room stayed impressively quiet at night. The central location made sightseeing easy, so the higher rate felt justified.",1,custom_review-luna-gpt,short,positive,structured,few_shot,short_positive_structured_few_shot,17,190,29,200,1,1,1.0,12,2026-09-01T16:19:02.213180+00:00
fake,swissotel,Hotel,"Swissotel's fresh, understated decor made the room feel calm, the Wi-Fi was reliable for work, and I slept deeply in the quiet bed. It felt well worth the rate.",1,custom_review-luna-gpt,short,positive,structured,few_shot,short_positive_structured_few_shot,18,160,29,200,1,1,1.0,12,2026-09-01T16:19:05.049907+00:00
fake,talbott,Hotel,"The Talbott's room was spotless, the Wi-Fi stayed reliable for work, and the Gold Coast location made walking to restaurants easy. For the comfort and convenience, it felt worth the price.",1,custom_review-luna-gpt,short,positive,structured,few_shot,short_positive_structured_few_shot,19,188,31,200,1,1,1.0,12,2026-09-01T16:19:07.664511+00:00
fake,affinia,Hotel,"Staff were warm and efficient, the decor felt fresh rather than tired, and breakfast had plenty of choice. Despite the central location, our room stayed pleasantly quiet at night.",1,custom_review-luna-gpt,short,positive,structured,few_shot,short_positive_structured_few_shot,20,179,29,200,1,1,1.0,12,2026-09-01T16:19:10.544551+00:00
fake,allegro,Hotel,"My weekend at Hotel Allegro went by far too quickly. The room was spotless, I slept deeply in the quiet bed, and the bright bathroom had a generous shower and plenty of counter space.",1,custom_review-luna-gpt,short,positive,structured,few_shot,short_positive_structured_few_shot,21,183,34,200,1,1,1.0,12,2026-09-01T16:19:13.413934+00:00
fake,amalfi,Hotel,"Hotel Amalfi was pleasantly quiet at night, and I slept soundly in the comfortable bed. WiFi was reliable, and the room's city view over the rooftops made mornings especially nice.",1,custom_review-luna-gpt,short,positive,structured,few_shot,short_positive_structured_few_shot,22,180,30,200,1,1,1.0,12,2026-09-01T16:19:16.676578+00:00
fake,ambassador,Hotel,"Our corner room stayed remarkably quiet, with a lovely skyline view at sunset. The clean, well-lit bathroom had a generous shower, and our weekend ended far too soon.",1,custom_review-luna-gpt,short,positive,structured,few_shot,short_positive_structured_few_shot,23,166,28,200,1,1,1.0,12,2026-09-01T16:19:19.497530+00:00
fake,conrad,Hotel,"My weekend at the Conrad went by far too quickly. I slept deeply in the quiet, plush bed, and the fresh decor and roomy marble bathroom made the stay feel especially polished.",1,custom_review-luna-gpt,short,positive,structured,few_shot,short_positive_structured_few_shot,24,175,32,200,1,1,1.0,12,2026-09-01T16:19:29.484353+00:00
fake,fairmont,Hotel,"I slept soundly in the plush bed, woke to a lovely skyline view, and appreciated the spotless, spacious bathroom. The Fairmont felt well worth the price for the comfort and service.",1,custom_review-luna-gpt,short,positive,structured,zero_shot,short_positive_structured_zero_shot,0,181,31,200,1,1,1.0,12,2026-09-01T16:19:32.243117+00:00
fake,hardrock,Hotel,"Hard Rock delivered a fun, comfortable stay; the fresh breakfast buffet had plenty of options, Wi-Fi worked flawlessly, and the price felt fair. Our weekend was over far too soon.",1,custom_review-luna-gpt,short,positive,structured,zero_shot,short_positive_structured_zero_shot,1,179,30,200,1,1,1.0,12,2026-09-01T16:19:37.218128+00:00
fake,hilton,Hotel,"The room was spotless and quiet, so I slept wonderfully in the comfortable bed. Fresh, modern decor made it inviting, and the bathroom was roomy with a great shower.",1,custom_review-luna-gpt,short,positive,structured,zero_shot,short_positive_structured_zero_shot,2,165,29,200,1,1,1.0,12,2026-09-01T16:19:39.851530+00:00
fake,homewood,Hotel,"Homewood's fresh decor and convenient location near shops made our visit easy. The spotless bathroom had great water pressure, and although the stay was brief, we felt well rested.",1,custom_review-luna-gpt,short,positive,structured,zero_shot,short_positive_structured_zero_shot,3,180,29,200,1,1,1.0,12,2026-09-01T16:19:43.105220+00:00
fake,hyatt,Hotel,"Hyatt's central location made getting around effortless, and our weekend felt far too short. The staff were warmly attentive, while the room was spotless and comfortably maintained throughout.",1,custom_review-luna-gpt,short,positive,structured,zero_shot,short_positive_structured_zero_shot,4,192,28,200,1,1,1.0,12,2026-09-01T16:19:48.153539+00:00
fake,intercontinental,Hotel,"The room was spotless, and the modern bathroom had a great shower and plenty of space. Our stay felt far too short, but the attentive service made the price well worth it.",1,custom_review-luna-gpt,short,positive,structured,zero_shot,short_positive_structured_zero_shot,5,171,32,200,1,1,1.0,12,2026-09-01T16:19:51.151106+00:00
fake,james,Hotel,"Breakfast was fresh with good coffee and pastries, the staff were warm and attentive, and our room's river view was lovely. For the location and comfort, it felt well worth the price.",1,custom_review-luna-gpt,short,positive,structured,zero_shot,short_positive_structured_zero_shot,6,183,32,200,1,1,1.0,12,2026-09-01T16:19:54.292724+00:00
fake,knickerbocker,Hotel,"Hotel Knickerbocker's central location made exploring easy, and the staff were warmly attentive. Our bathroom was spotless and spacious, while the room stayed surprisingly quiet despite the busy area.",1,custom_review-luna-gpt,short,positive,structured,zero_shot,short_positive_structured_zero_shot,7,200,29,200,1,1,1.0,12,2026-09-01T16:19:57.594642+00:00
fake,monaco,Hotel,"Hotel Monaco's spotless bathroom had great water pressure, the room stayed pleasantly quiet, Wi-Fi was reliable, and the cozy bed gave me one of my best hotel sleeps.",1,custom_review-luna-gpt,short,positive,structured,zero_shot,short_positive_structured_zero_shot,8,166,28,200,1,1,1.0,12,2026-09-01T16:20:00.955903+00:00
fake,omni,Hotel,"The room was spotless and comfortable, with a lovely skyline view. Omni's central location made exploring easy, though our relaxing weekend getaway felt far too short.",1,custom_review-luna-gpt,short,positive,structured,zero_shot,short_positive_structured_zero_shot,9,167,26,200,1,1,1.0,12,2026-09-01T16:20:03.346755+00:00
fake,palmer,Hotel,"Fresh, tasteful decor and a lovely view over the city made our room feel special. The central location was incredibly convenient, though our weekend stay felt far too short.",1,custom_review-luna-gpt,short,positive,structured,zero_shot,short_positive_structured_zero_shot,10,173,29,200,1,1,1.0,12,2026-09-01T16:20:06.052281+00:00
fake,sheraton,Hotel,"The bathroom was spotless with strong water pressure, breakfast had plenty of fresh options, and the staff were genuinely helpful. For the comfort and service, Sheraton felt worth the price.",1,custom_review-luna-gpt,short,positive,structured,zero_shot,short_positive_structured_zero_shot,11,190,30,200,1,1,1.0,12,2026-09-01T16:20:09.182149+00:00
fake,sofitel,Hotel,"Sofitel was wonderfully quiet at night, with a lovely city view from our room. The marble bathroom felt luxurious, and the comfort and service made the rate feel well worth it.",1,custom_review-luna-gpt,short,positive,structured,zero_shot,short_positive_structured_zero_shot,12,176,31,200,1,1,1.0,12,2026-09-01T16:20:11.649419+00:00
fake,swissotel,Hotel,"Swissotel was a great value: the Wi‐Fi worked flawlessly, staff were warm and efficient, and our room's sweeping city-and-river view made the stay feel special.",1,custom_review-luna-gpt,short,positive,structured,zero_shot,short_positive_structured_zero_shot,13,160,25,200,1,1,1.0,12,2026-09-01T16:20:14.194714+00:00
fake,talbott,Hotel,"Our weekend at Hotel Talbott felt too short; the central location made everything walkable, breakfast was fresh and generous, and the quiet room's bed gave us an excellent night's sleep.",1,custom_review-luna-gpt,short,positive,structured,zero_shot,short_positive_structured_zero_shot,14,186,30,200,1,1,1.0,12,2026-09-01T16:27:17.105224+00:00
fake,affinia,Hotel,"Our room overlooked the city skyline, and the central location made sightseeing easy. The decor felt fresh, and the quiet bed and blackout curtains helped me sleep wonderfully.",1,custom_review-luna-gpt,short,positive,structured,zero_shot,short_positive_structured_zero_shot,15,176,28,200,1,1,1.0,12,2026-09-01T16:27:21.212908+00:00
fake,allegro,Hotel,"Hotel Allegro felt like a great value: the Wi‐Fi was reliable, the room stayed pleasantly quiet at night, and our weekend passed far too quickly.",1,custom_review-luna-gpt,short,positive,structured,zero_shot,short_positive_structured_zero_shot,16,145,25,200,1,1,1.0,12,2026-09-01T16:27:23.662667+00:00
fake,amalfi,Hotel,"Our room was spotless, with a lovely view over the city rooftops. The bathroom felt modern and well stocked, and the Wi‐Fi worked reliably throughout our stay.",1,custom_review-luna-gpt,short,positive,structured,zero_shot,short_positive_structured_zero_shot,17,159,27,200,1,1,1.0,12,2026-09-01T16:27:26.064786+00:00
fake,ambassador,Hotel,"Lovely harbor view from our room, and the fresh, modern decor made it feel welcoming. Breakfast had plenty of hot and cold choices, and the stay was well worth the price.",1,custom_review-luna-gpt,short,positive,structured,zero_shot,short_positive_structured_zero_shot,18,170,31,200,1,1,1.0,12,2026-09-01T16:27:28.812621+00:00
fake,conrad,Hotel,"Our stay at Conrad felt far too short; the room was spotless, staff were warmly attentive, and the sleek bathroom had a great rain shower and plush towels.",1,custom_review-luna-gpt,short,positive,structured,zero_shot,short_positive_structured_zero_shot,19,155,28,200,1,1,1.0,12,2026-09-01T16:27:31.921134+00:00
fake,fairmont,Hotel,"The room was spotless, and the marble bathroom felt spacious with great water pressure. I slept wonderfully in the quiet bed, while every staff member was warm, attentive, and professional.",1,custom_review-luna-gpt,short,positive,structured,zero_shot,short_positive_structured_zero_shot,20,189,30,200,1,1,1.0,12,2026-09-01T16:27:35.139184+00:00
fake,hardrock,Hotel,"Hard Rock felt worth the price: our spotless room had a lively, fresh design and a great city view that made mornings especially enjoyable.",1,custom_review-luna-gpt,short,positive,structured,zero_shot,short_positive_structured_zero_shot,21,139,24,200,1,1,1.0,12,2026-09-01T16:27:38.244364+00:00
fake,hilton,Hotel,"The fresh, modern decor and skyline view made our stay feel special. Staff were warm and efficient, and despite the premium rate, the experience felt worth every dollar.",1,custom_review-luna-gpt,short,positive,structured,zero_shot,short_positive_structured_zero_shot,22,169,28,200,1,1,1.0,12,2026-09-01T16:27:42.352757+00:00
fake,homewood,Hotel,"Homewood felt worth the price for the spacious room and friendly service. The bathroom was spotless with good water pressure, Wi‐Fi worked reliably, and breakfast had plenty of fresh, filling options.",1,custom_review-luna-gpt,short,positive,structured,zero_shot,short_positive_structured_zero_shot,23,200,31,200,1,1,1.0,12,2026-09-01T16:27:51.961306+00:00
fake,hyatt,Hotel,"Hyatt delivered a pleasant stay: breakfast had fresh pastries and hot options, Wi‐Fi was reliable, staff were warmly attentive, and the room stayed impressively quiet at night.",1,custom_review-luna-gpt,short,positive,structured,zero_shot,short_positive_structured_zero_shot,24,176,27,200,1,1,1.0,12,2026-09-01T16:27:54.695634+00:00
fake,intercontinental,Hotel,"InterContinental was a great choice for our weekend--quiet room, comfortable bed, and genuinely warm service. The concierge pointed us to an excellent nearby breakfast spot, too.",1,custom_review-luna-gpt,short,positive,unstructured,few_shot,short_positive_unstructured_few_shot,0,178,26,200,1,1,1.0,12,2026-09-01T16:27:58.093278+00:00
fake,james,Hotel,"The James felt polished without being stuffy; our room was quiet, the bed was excellent, and the front desk pointed us to a great late-night spot nearby.",1,custom_review-luna-gpt,short,positive,unstructured,few_shot,short_positive_unstructured_few_shot,1,153,27,200,1,1,1.0,12,2026-09-01T16:28:01.308720+00:00
fake,knickerbocker,Hotel,"Loved the old-school charm and surprisingly quiet room despite being right by Times Square. Staff were warm, the bed was excellent, and the rooftop view made our weekend feel special.",1,custom_review-luna-gpt,short,positive,unstructured,few_shot,short_positive_unstructured_few_shot,2,183,30,200,1,1,1.0,12,2026-09-01T16:28:06.309087+00:00
fake,monaco,Hotel,"Hotel Monaco was a fun surprise--our room was spotless, the bed was wonderfully comfortable, and the front desk gave us great dinner tips. The central location made walking around easy.",1,custom_review-luna-gpt,short,positive,unstructured,few_shot,short_positive_unstructured_few_shot,3,185,30,200,1,1,1.0,12,2026-09-01T16:28:09.727581+00:00
fake,omni,Hotel,"Great Michigan Avenue location, and our suite was quiet, roomy, and spotless. The front desk got us checked in quickly and even pointed us toward a terrific late-night pizza spot.",1,custom_review-luna-gpt,short,positive,unstructured,few_shot,short_positive_unstructured_few_shot,4,179,30,200,1,1,1.0,12,2026-09-01T16:28:12.325716+00:00
fake,palmer,Hotel,"Hotel Palmer was a pleasant surprise--quiet room, comfortable bed, and staff who happily pointed us toward a great nearby breakfast spot. The lobby felt welcoming, and everything was spotless.",1,custom_review-luna-gpt,short,positive,unstructured,few_shot,short_positive_unstructured_few_shot,5,192,29,200,1,1,1.0,12,2026-09-01T16:28:15.226995+00:00
fake,sheraton,Hotel,"Stayed at the Sheraton for a quick weekend and was pleasantly surprised by the quiet room, comfy bed, and genuinely friendly front desk. Breakfast was a nice bonus too.",1,custom_review-luna-gpt,short,positive,unstructured,few_shot,short_positive_unstructured_few_shot,6,168,29,200,1,1,1.0,12,2026-09-01T16:28:18.316421+00:00
fake,sofitel,Hotel,"Loved the quiet room and plush bedding at Sofitel; breakfast had plenty of fresh options, and the concierge quickly found us a lovely nearby restaurant.",1,custom_review-luna-gpt,short,positive,unstructured,few_shot,short_positive_unstructured_few_shot,7,152,25,200,1,1,1.0,12,2026-09-01T16:28:21.102504+00:00
fake,swissotel,Hotel,"Swissotel was a great base for our weekend--the room was quiet and spotless, breakfast had plenty of choices, and the front desk helped us find a late-night restaurant nearby.",1,custom_review-luna-gpt,short,positive,unstructured,few_shot,short_positive_unstructured_few_shot,8,175,29,200,1,1,1.0,12,2026-09-01T16:28:29.336751+00:00
fake,talbott,Hotel,"The Talbott felt wonderfully welcoming, with a quiet, comfortable room and staff who remembered our plans and offered great dinner suggestions. The Gold Coast location made walking everywhere easy.",1,custom_review-luna-gpt,short,positive,unstructured,few_shot,short_positive_unstructured_few_shot,9,197,29,200,1,1,1.0,12,2026-09-01T16:28:33.580693+00:00
fake,affinia,Hotel,"Affinia was a great find--quiet room, genuinely friendly front desk, and an easy walk to restaurants and the subway. The bed was especially comfortable after a long day out.",1,custom_review-luna-gpt,short,positive,unstructured,few_shot,short_positive_unstructured_few_shot,10,173,29,200,1,1,1.0,12,2026-09-01T16:28:35.912639+00:00
fake,allegro,Hotel,"Hotel Allegro was a fun downtown base--our room was quiet, the bed was genuinely comfortable, and the front desk pointed us to a great late-night pizza spot. Would happily return.",1,custom_review-luna-gpt,short,positive,unstructured,few_shot,short_positive_unstructured_few_shot,11,179,30,200,1,1,1.0,12,2026-09-01T16:28:46.325558+00:00
fake,amalfi,Hotel,"Hotel Amalfi was a lovely surprise--quiet room, comfortable bed, and genuinely friendly staff who helped us find dinner nearby. The location made walking around the city incredibly easy.",1,custom_review-luna-gpt,short,positive,unstructured,few_shot,short_positive_unstructured_few_shot,12,186,28,200,1,1,1.0,12,2026-09-01T16:28:49.206854+00:00
fake,ambassador,Hotel,"Great location for walking downtown, and the front desk handled our late arrival without any fuss. Room was quiet, clean, and surprisingly roomy; breakfast staff were especially kind.",1,custom_review-luna-gpt,short,positive,unstructured,few_shot,short_positive_unstructured_few_shot,13,183,28,200,1,1,1.0,12,2026-09-01T16:28:51.948070+00:00
fake,conrad,Hotel,"Conrad was a great base for our weekend--quiet room, comfortable bed, and staff who remembered our dinner reservation question later that evening. The lobby bar was lively without being overwhelming.",1,custom_review-luna-gpt,short,positive,unstructured,few_shot,short_positive_unstructured_few_shot,14,199,30,200,1,1,1.0,12,2026-09-01T16:28:55.573091+00:00
fake,fairmont,Hotel,"Fairmont made our weekend easy: quick check-in, a quiet room with a great bed, and staff who actually remembered our breakfast order. The lobby bar was a nice bonus.",1,custom_review-luna-gpt,short,positive,unstructured,few_shot,short_positive_unstructured_few_shot,15,165,29,200,1,1,1.0,12,2026-09-01T16:28:58.609056+00:00
fake,hardrock,Hotel,"Hard Rock was a fun surprise--our room was spotless, the beds were seriously comfortable, and the pool staff kept the vibe relaxed. Great location too; we walked everywhere.",1,custom_review-luna-gpt,short,positive,unstructured,few_shot,short_positive_unstructured_few_shot,16,173,28,200,1,1,1.0,12,2026-09-01T16:29:05.594098+00:00
fake,hilton,Hotel,"Stayed two nights at the Hilton for a conference and was pleasantly impressed--quiet room, comfortable bed, fast elevators, and the front desk handled a late checkout without any fuss.",1,custom_review-luna-gpt,short,positive,unstructured,few_shot,short_positive_unstructured_few_shot,17,184,29,200,1,1,1.0,12,2026-09-01T16:29:09.185899+00:00
fake,homewood,Hotel,"Homewood was a great fit for our family--quiet room, comfortable beds, and the little kitchen made mornings easy. Breakfast stayed stocked, and the front desk was genuinely helpful.",1,custom_review-luna-gpt,short,positive,unstructured,few_shot,short_positive_unstructured_few_shot,18,181,28,200,1,1,1.0,12,2026-09-01T16:29:18.788859+00:00
fake,hyatt,Hotel,"Hyatt made a busy overnight easy: quick check-in, a quiet room with a great bed, and friendly staff who pointed me toward a solid late-night dinner nearby.",1,custom_review-luna-gpt,short,positive,unstructured,few_shot,short_positive_unstructured_few_shot,19,155,27,200,1,1,1.0,12,2026-09-01T16:29:21.765014+00:00
fake,intercontinental,Hotel,"Stayed two nights at the InterContinental and was impressed by how smoothly everything ran; the room was quiet, breakfast had plenty of options, and the concierge gave us excellent dinner advice.",1,custom_review-luna-gpt,short,positive,unstructured,few_shot,short_positive_unstructured_few_shot,20,195,31,200,1,1,1.0,12,2026-09-01T16:29:25.141847+00:00
fake,james,Hotel,"The James was a great downtown base: quiet room, genuinely friendly front desk, and an easy walk to restaurants and the river. The bed was especially comfortable.",1,custom_review-luna-gpt,short,positive,unstructured,few_shot,short_positive_unstructured_few_shot,21,162,27,200,1,1,1.0,12,2026-09-01T16:29:28.127576+00:00
fake,knickerbocker,Hotel,"Loved the old-school glamour at the Knickerbocker, especially the rooftop views after dinner. Our room was quiet, spotless, and surprisingly roomy, and the front desk made everything easy.",1,custom_review-luna-gpt,short,positive,unstructured,few_shot,short_positive_unstructured_few_shot,22,188,28,200,1,1,1.0,12,2026-09-01T16:29:30.752355+00:00
fake,monaco,Hotel,"Hotel Monaco had a great downtown location, and the staff made us feel welcome right away. Our room was quiet, comfortable, and nicely decorated; I'd happily stay here again.",1,custom_review-luna-gpt,short,positive,unstructured,few_shot,short_positive_unstructured_few_shot,23,174,29,200,1,1,1.0,12,2026-09-01T16:29:33.959422+00:00
fake,omni,Hotel,"Loved the Omni's roomy suite and easy walk to shops and restaurants. Everyone at the front desk was cheerful, and the bed was so comfortable after a long day downtown.",1,custom_review-luna-gpt,short,positive,unstructured,few_shot,short_positive_unstructured_few_shot,24,167,30,200,1,1,1.0,12,2026-09-01T16:29:36.857928+00:00
fake,palmer,Hotel,"Hotel Palmer was spotless and surprisingly quiet, with friendly staff who made check-in easy. The location was perfect for walking to dinner, and the bed was wonderfully comfortable.",1,custom_review-luna-gpt,short,positive,unstructured,zero_shot,short_positive_unstructured_zero_shot,0,182,28,200,1,1,1.0,12,2026-09-01T16:29:39.718695+00:00
fake,sheraton,Hotel,"The Sheraton felt polished and welcoming, with a comfortable room, great city views, and staff who handled a late check-in smoothly. Breakfast was fresh and well worth adding.",1,custom_review-luna-gpt,short,positive,unstructured,zero_shot,short_positive_unstructured_zero_shot,1,175,28,200,1,1,1.0,12,2026-09-01T16:29:43.207200+00:00
fake,sofitel,Hotel,"Sofitel made our weekend feel special: the room was quiet and beautifully styled, staff were warm without hovering, and breakfast had plenty of fresh options.",1,custom_review-luna-gpt,short,positive,unstructured,zero_shot,short_positive_unstructured_zero_shot,2,158,25,200,1,1,1.0,12,2026-09-01T16:29:45.587699+00:00
fake,swissotel,Hotel,"Swissotel made our weekend easy: the room was spotless, the skyline view was lovely, and breakfast had plenty of choice. Staff were warm without being overbearing.",1,custom_review-luna-gpt,short,positive,unstructured,zero_shot,short_positive_unstructured_zero_shot,3,163,26,200,1,1,1.0,12,2026-09-01T16:29:48.289147+00:00
fake,talbott,Hotel,"Loved the Talbott's cozy, classic feel and genuinely helpful staff. Our room was quiet, the bed was great, and the Gold Coast location made walking to dinner easy.",1,custom_review-luna-gpt,short,positive,unstructured,zero_shot,short_positive_unstructured_zero_shot,4,163,28,200,1,1,1.0,12,2026-09-01T16:29:51.229210+00:00
fake,affinia,Hotel,"Affinia felt welcoming from check-in onward, with a spacious, spotless room and surprisingly quiet nights. The staff gave great neighborhood tips, and the location made getting around easy.",1,custom_review-luna-gpt,short,positive,unstructured,zero_shot,short_positive_unstructured_zero_shot,5,189,28,200,1,1,1.0,12,2026-09-01T16:29:54.306457+00:00
fake,allegro,Hotel,"Hotel Allegro was a lovely surprise--quiet room, comfortable bed, and genuinely helpful staff. The location made it easy to walk to restaurants, and breakfast was a nice start to the day.",1,custom_review-luna-gpt,short,positive,unstructured,zero_shot,short_positive_unstructured_zero_shot,6,187,31,200,1,1,1.0,12,2026-09-01T16:29:57.260876+00:00
fake,amalfi,Hotel,"Hotel Amalfi was charming and spotless, with a wonderfully central location. The staff gave great dinner tips, and our room was quiet despite being near all the action.",1,custom_review-luna-gpt,short,positive,unstructured,zero_shot,short_positive_unstructured_zero_shot,7,168,28,200,1,1,1.0,12,2026-09-01T16:30:00.301733+00:00
fake,ambassador,Hotel,"Lovely stay at Hotel Ambassador--our room was spotless, breakfast had plenty of choice, and the front desk team were genuinely helpful with local restaurant tips.",1,custom_review-luna-gpt,short,positive,unstructured,zero_shot,short_positive_unstructured_zero_shot,8,162,25,200,1,1,1.0,12,2026-09-01T16:30:03.749843+00:00
fake,conrad,Hotel,"Conrad made our weekend feel special--beautiful room, genuinely warm staff, and a fantastic breakfast. The central location was perfect for walking to dinner and sightseeing.",1,custom_review-luna-gpt,short,positive,unstructured,zero_shot,short_positive_unstructured_zero_shot,9,174,25,200,1,1,1.0,12,2026-09-01T16:30:06.572333+00:00
fake,fairmont,Hotel,"Fairmont made our weekend feel special--beautiful lobby, genuinely warm staff, and a quiet room with a great bed. Breakfast was pricey, but the service and location were worth it.",1,custom_review-luna-gpt,short,positive,unstructured,zero_shot,short_positive_unstructured_zero_shot,10,179,29,200,1,1,1.0,12,2026-09-01T16:30:09.287927+00:00
fake,hardrock,Hotel,"Loved the lively vibe at Hard Rock, and our room was clean, comfortable, and surprisingly quiet at night. Staff were welcoming, and the pool area made the stay feel like a real getaway.",1,custom_review-luna-gpt,short,positive,unstructured,zero_shot,short_positive_unstructured_zero_shot,11,185,33,200,1,1,1.0,12,2026-09-01T16:30:12.267418+00:00
fake,hilton,Hotel,"The Hilton was spotless and welcoming, with a comfy bed and surprisingly quiet room. Breakfast had plenty of options, and the staff made check-in feel effortless.",1,custom_review-luna-gpt,short,positive,unstructured,zero_shot,short_positive_unstructured_zero_shot,12,162,26,200,1,1,1.0,12,2026-09-01T16:30:15.546753+00:00
fake,homewood,Hotel,"Homewood was a great pick for our weekend--room was spacious, breakfast had plenty of options, and the staff handled our late check-in with a smile.",1,custom_review-luna-gpt,short,positive,unstructured,zero_shot,short_positive_unstructured_zero_shot,13,148,25,200,1,1,1.0,12,2026-09-01T16:30:19.341097+00:00
fake,hyatt,Hotel,"Hyatt made our weekend easy: spotless room, friendly front desk, and a surprisingly quiet floor despite the busy lobby. Breakfast was fresh, and checkout took less than a minute.",1,custom_review-luna-gpt,short,positive,unstructured,zero_shot,short_positive_unstructured_zero_shot,14,178,29,200,1,1,1.0,12,2026-09-01T16:30:22.284087+00:00
fake,intercontinental,Hotel,"The InterContinental made our weekend feel special--spotless room, incredibly comfortable bed, and staff who remembered our breakfast coffee order. The location was perfect for walking everywhere.",1,custom_review-luna-gpt,short,positive,unstructured,zero_shot,short_positive_unstructured_zero_shot,15,196,26,200,1,1,1.0,12,2026-09-01T16:30:24.980463+00:00
fake,james,Hotel,"Loved the stylish rooms and friendly front desk team at the hotel james. The location made exploring easy, and the rooftop drinks were a perfect way to end the day.",1,custom_review-luna-gpt,short,positive,unstructured,zero_shot,short_positive_unstructured_zero_shot,16,164,30,200,1,1,1.0,12,2026-09-01T16:30:28.052308+00:00
fake,knickerbocker,Hotel,"Loved the historic charm and surprisingly quiet room; staff made check-in effortless, and the rooftop views over Times Square were worth lingering over after dinner.",1,custom_review-luna-gpt,short,positive,unstructured,zero_shot,short_positive_unstructured_zero_shot,17,165,25,200,1,1,1.0,12,2026-09-01T16:30:31.170301+00:00
fake,monaco,Hotel,"Loved the playful decor and welcoming staff at Hotel Monaco. Our room was spotless, the bed incredibly comfortable, and the downtown location made exploring restaurants and shops easy.",1,custom_review-luna-gpt,short,positive,unstructured,zero_shot,short_positive_unstructured_zero_shot,18,184,28,200,1,1,1.0,12,2026-09-01T16:30:34.903557+00:00
fake,omni,Hotel,"Loved the welcoming staff and spotless room at Omni; the bed was wonderfully comfortable, and the downtown location made dinner and sightseeing easy. Would happily stay again.",1,custom_review-luna-gpt,short,positive,unstructured,zero_shot,short_positive_unstructured_zero_shot,19,175,27,200,1,1,1.0,12,2026-09-01T16:30:39.546659+00:00
fake,palmer,Hotel,"Hotel Palmer was a lovely surprise--quiet rooms, comfortable beds, and genuinely friendly staff. The location made walking to dinner easy, and breakfast was fresh and well stocked.",1,custom_review-luna-gpt,short,positive,unstructured,zero_shot,short_positive_unstructured_zero_shot,20,180,27,200,1,1,1.0,12,2026-09-01T16:30:44.415716+00:00
fake,sheraton,Hotel,"Sheraton made our weekend easy: the room was spotless, beds were wonderfully comfortable, and the front desk team handled a late check-in with genuine warmth.",1,custom_review-luna-gpt,short,positive,unstructured,zero_shot,short_positive_unstructured_zero_shot,21,158,25,200,1,1,1.0,12,2026-09-01T16:30:47.908214+00:00
fake,sofitel,Hotel,"Sofitel made our weekend feel special--beautiful room, attentive staff, and a breakfast worth lingering over. The location was perfect for walking around, too.",1,custom_review-luna-gpt,short,positive,unstructured,zero_shot,short_positive_unstructured_zero_shot,22,159,23,200,1,1,1.0,12,2026-09-01T16:30:50.947120+00:00
fake,swissotel,Hotel,"Swissotel made our weekend feel effortless--lovely river view, spotless room, and genuinely warm staff. Breakfast was fresh and varied, though the lobby got busy in the evening.",1,custom_review-luna-gpt,short,positive,unstructured,zero_shot,short_positive_unstructured_zero_shot,23,177,27,200,1,1,1.0,12,2026-09-01T16:30:54.290458+00:00
fake,talbott,Hotel,"The Talbott felt wonderfully welcoming, with a spotless room, plush bed, and helpful staff who made check-in easy. Loved being able to walk to nearby shops and restaurants.",1,custom_review-luna-gpt,short,positive,unstructured,zero_shot,short_positive_unstructured_zero_shot,24,172,28,200,1,1,1.0,12,2026-09-01T16:30:57.322158+00:00
fake,affinia,Hotel,"Affinia's location was convenient for getting around, but the Wi-Fi kept dropping, the cramped bathroom felt worn, and the breakfast was bland and overpriced.",1,custom_review-luna-gpt,short,negative,structured,few_shot,short_negative_structured_few_shot,0,158,24,200,1,1,1.0,12,2026-09-01T16:31:00.476361+00:00
fake,allegro,Hotel,"Hotel Allegro felt overpriced: the room had dusty surfaces and stained carpet, the bathroom was cramped with weak water pressure, and our view was just a brick wall.",1,custom_review-luna-gpt,short,negative,structured,few_shot,short_negative_structured_few_shot,1,165,28,200,1,1,1.0,12,2026-09-01T16:31:03.629875+00:00
fake,amalfi,Hotel,"Hotel Amalfi felt tired, with dated decor and a cramped bathroom with weak water pressure. Staff were curt when we asked for help, and even our brief stay felt longer than it should have.",1,custom_review-luna-gpt,short,negative,structured,few_shot,short_negative_structured_few_shot,2,187,34,200,1,1,1.0,12,2026-09-01T16:31:13.867339+00:00
fake,ambassador,Hotel,"Staff seemed indifferent, the decor felt stuck in another decade, breakfast was bland and lukewarm, and the cramped bathroom had poor water pressure and peeling grout.",1,custom_review-luna-gpt,short,negative,structured,few_shot,short_negative_structured_few_shot,3,167,26,200,1,1,1.0,12,2026-09-01T16:31:30.760648+00:00
fake,conrad,Hotel,"Conrad's central location was handy, but the cramped bathroom felt dated and street noise kept me awake. My two-night stay somehow dragged on, with little comfort to offset the disappointment.",1,custom_review-luna-gpt,short,negative,structured,few_shot,short_negative_structured_few_shot,4,192,30,200,1,1,1.0,12,2026-09-01T16:31:33.918470+00:00
fake,fairmont,Hotel,"Breakfast was lukewarm and sparse, hallway noise kept us awake, the cramped bathroom felt dated, and our 'city view' was mostly a parking garage.",1,custom_review-luna-gpt,short,negative,structured,few_shot,short_negative_structured_few_shot,5,145,24,200,1,1,1.0,12,2026-09-01T16:31:37.938511+00:00
fake,hardrock,Hotel,"Hard Rock felt worn and loud: the room had dusty surfaces, the bathroom was cramped with weak water pressure, and two nights dragged on thanks to hallway noise.",1,custom_review-luna-gpt,short,negative,structured,few_shot,short_negative_structured_few_shot,6,160,28,200,1,1,1.0,12,2026-09-01T16:31:41.123929+00:00
fake,hilton,Hotel,"My one-night Hilton stay felt oddly drawn out; the cramped bathroom had worn grout, the view was a parking garage, and breakfast was lukewarm with little selection.",1,custom_review-luna-gpt,short,negative,structured,few_shot,short_negative_structured_few_shot,7,164,27,200,1,1,1.0,12,2026-09-01T16:31:45.838586+00:00
fake,homewood,Hotel,"Homewood's location was convenient for getting around, but our two-night stay felt dragged out by indifferent staff and repeated issues. For the price, it was far from worth it.",1,custom_review-luna-gpt,short,negative,structured,few_shot,short_negative_structured_few_shot,8,177,29,200,1,1,1.0,12,2026-09-01T16:31:48.576192+00:00
fake,hyatt,Hotel,"At Hyatt, hallway noise kept me up, and my room faced a dull parking lot. The Wi-Fi repeatedly dropped, making the steep nightly rate feel especially hard to justify.",1,custom_review-luna-gpt,short,negative,structured,few_shot,short_negative_structured_few_shot,9,166,29,200,1,1,1.0,12,2026-09-01T16:31:51.231235+00:00
fake,intercontinental,Hotel,"The room was clean enough, but the tired decor and dull parking-lot view felt uninspired. The cramped bathroom had worn grout and weak water pressure, making the stay disappointing.",1,custom_review-luna-gpt,short,negative,structured,few_shot,short_negative_structured_few_shot,10,181,29,200,1,1,1.0,12,2026-09-01T16:31:54.136924+00:00
fake,james,Hotel,"The bathroom was cramped and poorly cleaned, and street noise kept me awake most of the night. Staff seemed indifferent when I complained, making the steep rate feel especially unjustified.",1,custom_review-luna-gpt,short,negative,structured,few_shot,short_negative_structured_few_shot,11,189,30,200,1,1,1.0,12,2026-09-01T16:31:57.188290+00:00
fake,knickerbocker,Hotel,"The location was handy for Times Square, but the decor felt tired, the room had dusty surfaces, and the overpriced breakfast was lukewarm and forgettable.",1,custom_review-luna-gpt,short,negative,structured,few_shot,short_negative_structured_few_shot,12,154,25,200,1,1,1.0,12,2026-09-01T16:39:02.833670+00:00
fake,monaco,Hotel,"Hotel Monaco was not worth the steep rate: street noise and thin walls kept me awake, and the dismissive front desk staff offered little help when I complained.",1,custom_review-luna-gpt,short,negative,structured,few_shot,short_negative_structured_few_shot,13,160,28,200,1,1,1.0,12,2026-09-01T16:39:05.684449+00:00
fake,omni,Hotel,"Our room overlooked a noisy parking garage, the carpet and bathroom felt grimy, and the Wi-Fi kept dropping. For the steep Omni rate, this stay was a real letdown.",1,custom_review-luna-gpt,short,negative,structured,few_shot,short_negative_structured_few_shot,14,163,29,200,1,1,1.0,12,2026-09-01T16:39:08.800448+00:00
fake,palmer,Hotel,"Hotel Palmer was a letdown: the Wi-Fi kept dropping, the room overlooked a grim alley, and hallway noise lasted late into the night. The bathroom floor and sheets also felt poorly cleaned.",1,custom_review-luna-gpt,short,negative,structured,few_shot,short_negative_structured_few_shot,15,188,32,200,1,1,1.0,12,2026-09-01T16:39:11.603939+00:00
fake,sheraton,Hotel,"For Sheraton rates, the stay felt poor value: Wi‐Fi barely connected, the room faced a parking lot, and my two-night visit somehow dragged on far too long.",1,custom_review-luna-gpt,short,negative,structured,few_shot,short_negative_structured_few_shot,16,155,27,200,1,1,1.0,12,2026-09-01T16:39:14.427392+00:00
fake,sofitel,Hotel,"Sofitel's central location was convenient, but our brief stay felt longer thanks to a dusty room and curt staff who seemed irritated by every request.",1,custom_review-luna-gpt,short,negative,structured,few_shot,short_negative_structured_few_shot,17,150,25,200,1,1,1.0,12,2026-09-01T16:39:17.793320+00:00
fake,swissotel,Hotel,"My window faced a drab parking structure, and traffic noise kept me awake most of the night. The room had dusty surfaces and stained carpet, making the steep rate feel unjustified.",1,custom_review-luna-gpt,short,negative,structured,few_shot,short_negative_structured_few_shot,18,180,31,200,1,1,1.0,12,2026-09-01T16:39:20.639230+00:00
fake,talbott,Hotel,"The room had dusty surfaces and a stained carpet, Wi-Fi kept dropping, and the sparse, lukewarm breakfast was forgettable. For the price, Hotel Talbott was a real disappointment.",1,custom_review-luna-gpt,short,negative,structured,few_shot,short_negative_structured_few_shot,19,178,28,200,1,1,1.0,12,2026-09-01T16:39:23.380519+00:00
fake,affinia,Hotel,"Affinia's location was handy for getting around, but the tired decor and dusty, poorly cleaned room made the steep rate feel like a real disappointment.",1,custom_review-luna-gpt,short,negative,structured,few_shot,short_negative_structured_few_shot,20,152,25,200,1,1,1.0,12,2026-09-01T16:39:26.759304+00:00
fake,allegro,Hotel,"Our window faced a dull brick wall, and the weekend somehow dragged on. For the price, Hotel Allegro felt underwhelming, especially with Wi-Fi that barely connected.",1,custom_review-luna-gpt,short,negative,structured,few_shot,short_negative_structured_few_shot,21,165,26,200,1,1,1.0,12,2026-09-01T16:39:29.506477+00:00
fake,amalfi,Hotel,"Breakfast was sparse and lukewarm, and street noise kept me awake most of the night. The dated decor felt tired, while the room's dusty surfaces and stained carpet made it worse.",1,custom_review-luna-gpt,short,negative,structured,few_shot,short_negative_structured_few_shot,22,178,31,200,1,1,1.0,12,2026-09-01T16:39:32.194343+00:00
fake,ambassador,Hotel,"I barely slept due to hallway noise, and our two-night stay dragged on. The view was a drab parking lot, while the Wi-Fi repeatedly dropped out.",1,custom_review-luna-gpt,short,negative,structured,few_shot,short_negative_structured_few_shot,23,144,26,200,1,1,1.0,12,2026-09-01T16:39:35.453021+00:00
fake,conrad,Hotel,"For Conrad prices, the dusty room and stained bathroom were unacceptable. Breakfast was lukewarm and sparse, making the whole stay feel like poor value rather than a luxury experience.",1,custom_review-luna-gpt,short,negative,structured,few_shot,short_negative_structured_few_shot,24,184,29,200,1,1,1.0,12,2026-09-01T16:39:38.468640+00:00
fake,fairmont,Hotel,"Fairmont's central location was convenient, but the room felt poorly cleaned, the bathroom was cramped and dated, and hallway noise kept me awake most of the night.",1,custom_review-luna-gpt,short,negative,structured,zero_shot,short_negative_structured_zero_shot,0,164,27,200,1,1,1.0,12,2026-09-01T16:39:42.317600+00:00
fake,hardrock,Hotel,"Hardrock's location near the Strip was convenient, but the Wi-Fi barely connected. Our room had dusty surfaces, and the cramped bathroom smelled damp with a weak shower--far below expectations.",1,custom_review-luna-gpt,short,negative,structured,zero_shot,short_negative_structured_zero_shot,1,193,29,200,1,1,1.0,12,2026-09-01T16:39:47.444538+00:00
fake,hilton,Hotel,"Our two-night stay at Hilton felt too long in a dated, poorly cleaned room with dusty surfaces and stained carpet. Definitely not worth the high rate.",1,custom_review-luna-gpt,short,negative,structured,zero_shot,short_negative_structured_zero_shot,2,150,26,200,1,1,1.0,12,2026-09-01T16:39:50.013648+00:00
fake,homewood,Hotel,"My room had stained carpets and a musty smell, while hallway noise kept me awake most of the night. Breakfast was lukewarm and sparse, making the stay even more disappointing.",1,custom_review-luna-gpt,short,negative,structured,zero_shot,short_negative_structured_zero_shot,3,175,30,200,1,1,1.0,12,2026-09-01T16:39:53.097329+00:00
fake,hyatt,Hotel,"The view was mostly a parking garage, and hallway noise kept me awake until late. Staff seemed indifferent when I mentioned it, making the stay feel disappointing.",1,custom_review-luna-gpt,short,negative,structured,zero_shot,short_negative_structured_zero_shot,4,163,27,200,1,1,1.0,12,2026-09-01T16:39:55.455526+00:00
fake,intercontinental,Hotel,"Overpriced for the experience: the bathroom was cramped and dated, hallway noise kept me awake, and while the central location was convenient, it didn't make up for the poor value.",1,custom_review-luna-gpt,short,negative,structured,zero_shot,short_negative_structured_zero_shot,5,180,30,200,1,1,1.0,12,2026-09-01T16:39:58.061169+00:00
fake,james,Hotel,"Breakfast was lukewarm and sparse, street noise kept us awake, and the dated decor felt tired. Our room overlooked a bleak parking lot, making the stay even less appealing.",1,custom_review-luna-gpt,short,negative,structured,zero_shot,short_negative_structured_zero_shot,6,172,29,200,1,1,1.0,12,2026-09-01T16:40:02.271792+00:00
fake,knickerbocker,Hotel,"I barely slept through hallway noise; the decor felt dated, the view was a brick wall, and the cramped bathroom had weak water pressure.",1,custom_review-luna-gpt,short,negative,structured,zero_shot,short_negative_structured_zero_shot,7,136,24,200,1,1,1.0,12,2026-09-01T16:40:13.917577+00:00
fake,monaco,Hotel,"Our weekend at Hotel Monaco felt far too long: the Wi‐Fi kept dropping, the cramped bathroom smelled damp, and breakfast was stale pastries with lukewarm coffee.",1,custom_review-luna-gpt,short,negative,structured,zero_shot,short_negative_structured_zero_shot,8,161,26,200,1,1,1.0,12,2026-09-01T16:40:17.113588+00:00
fake,omni,Hotel,"The bathroom felt dated and grimy, hallway noise kept waking me, and the lumpy bed offered little rest. Breakfast was cold, sparse, and not worth the price.",1,custom_review-luna-gpt,short,negative,structured,zero_shot,short_negative_structured_zero_shot,9,156,27,200,1,1,1.0,12,2026-09-01T16:40:19.970430+00:00
fake,palmer,Hotel,"Hotel Palmer's dated decor and dusty room made the stay feel longer than it was. Street noise carried well past midnight, so getting any decent sleep was difficult.",1,custom_review-luna-gpt,short,negative,structured,zero_shot,short_negative_structured_zero_shot,10,164,28,200,1,1,1.0,12,2026-09-01T16:40:23.050149+00:00
fake,sheraton,Hotel,"Despite the convenient location, traffic noise kept me awake, the Wi‐Fi barely worked, and our two-night stay felt far too long for such an underwhelming Sheraton experience.",1,custom_review-luna-gpt,short,negative,structured,zero_shot,short_negative_structured_zero_shot,11,174,27,200,1,1,1.0,12,2026-09-01T16:40:25.558363+00:00
fake,sofitel,Hotel,"Despite the convenient location, the Sofitel was disappointing: traffic noise kept me awake most of the night, and the indifferent staff barely acknowledged our concerns.",1,custom_review-luna-gpt,short,negative,structured,zero_shot,short_negative_structured_zero_shot,12,170,25,200,1,1,1.0,12,2026-09-01T16:40:30.675212+00:00
fake,swissotel,Hotel,"The view was mostly parking lots, and the dated decor made the room feel tired. Our two-night stay dragged on thanks to constant hallway noise and thin walls.",1,custom_review-luna-gpt,short,negative,structured,zero_shot,short_negative_structured_zero_shot,13,158,28,200,1,1,1.0,12,2026-09-01T16:40:34.386835+00:00
fake,talbott,Hotel,"Street noise and a rattling vent kept me awake most of the night, and our view was just a brick wall. Staff seemed indifferent when we mentioned it.",1,custom_review-luna-gpt,short,negative,structured,zero_shot,short_negative_structured_zero_shot,14,148,28,200,1,1,1.0,12,2026-09-01T16:40:39.415484+00:00
fake,affinia,Hotel,"Overpriced for a tired, poorly cleaned room with dusty surfaces; the cramped bathroom had weak water pressure, and staff seemed indifferent when we raised concerns.",1,custom_review-luna-gpt,short,negative,structured,zero_shot,short_negative_structured_zero_shot,15,164,25,200,1,1,1.0,12,2026-09-01T16:40:43.431001+00:00
fake,allegro,Hotel,"Hotel Allegro was convenient for the station, but our view was a grim alley, the room had dusty surfaces, and the cramped bathroom smelled damp with weak water pressure.",1,custom_review-luna-gpt,short,negative,structured,zero_shot,short_negative_structured_zero_shot,16,169,29,200,1,1,1.0,12,2026-09-01T16:40:49.182733+00:00
fake,amalfi,Hotel,"Hotel Amalfi's location made sightseeing easy, but the stay felt far too long: the cramped bathroom had weak water pressure, and the worn, dated decor made the room feel gloomy.",1,custom_review-luna-gpt,short,negative,structured,zero_shot,short_negative_structured_zero_shot,17,177,30,200,1,1,1.0,12,2026-09-01T16:40:54.037705+00:00
fake,ambassador,Hotel,"Street noise kept me awake most of the night, and the Wi‐Fi dropped constantly. The room looked neglected, with dusty surfaces and hair in the bathroom.",1,custom_review-luna-gpt,short,negative,structured,zero_shot,short_negative_structured_zero_shot,18,152,26,200,1,1,1.0,12,2026-09-01T16:40:56.673970+00:00
fake,conrad,Hotel,"Conrad felt overpriced: the decor was dated, the room had dusty surfaces and a stained carpet, and traffic noise plus a lumpy bed made sleep nearly impossible.",1,custom_review-luna-gpt,short,negative,structured,zero_shot,short_negative_structured_zero_shot,19,159,27,200,1,1,1.0,12,2026-09-01T16:41:00.621614+00:00
fake,fairmont,Hotel,"Despite the convenient downtown location, our view was a dull parking garage, traffic noise lasted all night, and staff seemed dismissive when we asked for help.",1,custom_review-luna-gpt,short,negative,structured,zero_shot,short_negative_structured_zero_shot,20,161,26,200,1,1,1.0,12,2026-09-01T16:41:07.332060+00:00
fake,hardrock,Hotel,"The decor felt tired rather than rock-and-roll fresh, and hallway noise kept us up. Even for one night, the stay dragged, while staff seemed indifferent to our complaints.",1,custom_review-luna-gpt,short,negative,structured,zero_shot,short_negative_structured_zero_shot,21,171,28,200,1,1,1.0,12,2026-09-01T16:41:10.039802+00:00
fake,hilton,Hotel,"WiFi barely worked in my room, and staff seemed indifferent when I asked for help. The dated decor and tired furnishings made this Hilton feel far too expensive for what we received.",1,custom_review-luna-gpt,short,negative,structured,zero_shot,short_negative_structured_zero_shot,22,182,32,200,1,1,1.0,12,2026-09-01T16:41:12.629256+00:00
fake,homewood,Hotel,"At Homewood, street noise and a lumpy bed ruined sleep, the cramped bathroom had weak water pressure, WiFi kept dropping, and even one night felt far too long.",1,custom_review-luna-gpt,short,negative,structured,zero_shot,short_negative_structured_zero_shot,23,159,28,200,1,1,1.0,12,2026-09-01T16:41:15.405877+00:00
fake,hyatt,Hotel,"Hyatt's decor felt dated, hallway noise carried late into the night, and despite only staying one evening, it felt longer because I barely slept.",1,custom_review-luna-gpt,short,negative,structured,zero_shot,short_negative_structured_zero_shot,24,145,24,200,1,1,1.0,12,2026-09-01T16:41:18.120424+00:00
fake,intercontinental,Hotel,"For the price, the InterContinental felt tired: my room smelled musty, the shower barely drained, and front desk took ages to answer a simple request.",1,custom_review-luna-gpt,short,negative,unstructured,few_shot,short_negative_unstructured_few_shot,0,150,25,200,1,1,1.0,12,2026-09-01T16:41:21.337805+00:00
fake,james,Hotel,"The room looked tired, the hallway noise carried straight through the door, and our shower barely stayed warm. For the price, The James felt more frustrating than stylish.",1,custom_review-luna-gpt,short,negative,unstructured,few_shot,short_negative_unstructured_few_shot,1,171,28,200,1,1,1.0,12,2026-09-01T16:41:24.205612+00:00
fake,knickerbocker,Hotel,"Beautiful lobby, but our room felt worn and oddly cramped for the price. The elevator wait was ridiculous, and housekeeping never came despite two calls to the front desk.",1,custom_review-luna-gpt,short,negative,unstructured,few_shot,short_negative_unstructured_few_shot,2,171,29,200,1,1,1.0,12,2026-09-01T16:41:27.671040+00:00
fake,monaco,Hotel,"Hotel Monaco looked charming online, but our room was noisy, the shower barely stayed warm, and check-in took forever. For the price, it felt neglected and not very welcoming.",1,custom_review-luna-gpt,short,negative,unstructured,few_shot,short_negative_unstructured_few_shot,3,175,29,200,1,1,1.0,12,2026-09-01T16:41:30.684932+00:00
fake,omni,Hotel,"The room felt worn and noisy, with a rattling air conditioner that kept me awake. For the price, I expected cleaner hallways and a much more responsive front desk.",1,custom_review-luna-gpt,short,negative,unstructured,few_shot,short_negative_unstructured_few_shot,4,163,29,200,1,1,1.0,12,2026-09-01T16:41:33.654596+00:00
fake,palmer,Hotel,"Hotel Palmer looked tired, the room smelled faintly of smoke, and the AC rattled all night. Staff were polite but slow to respond, so the stay felt overpriced and frustrating.",1,custom_review-luna-gpt,short,negative,unstructured,few_shot,short_negative_unstructured_few_shot,5,175,30,200,1,1,1.0,12,2026-09-01T16:41:37.277629+00:00
fake,sheraton,Hotel,"The Sheraton felt tired and overpriced: our room smelled musty, the AC rattled all night, and requests for extra towels went unanswered until checkout.",1,custom_review-luna-gpt,short,negative,unstructured,few_shot,short_negative_unstructured_few_shot,6,151,24,200,1,1,1.0,12,2026-09-01T16:41:44.906000+00:00
fake,sofitel,Hotel,"Sofitel looked polished online, but our room smelled damp, the air conditioning rattled all night, and reception barely acknowledged the complaint. Not worth the price.",1,custom_review-luna-gpt,short,negative,unstructured,few_shot,short_negative_unstructured_few_shot,7,168,25,200,1,1,1.0,12,2026-09-01T16:41:47.833971+00:00
fake,swissotel,Hotel,"Swissotel looked polished, but my room was noisy all night, the air conditioning barely worked, and breakfast felt overpriced for the limited, lukewarm selection.",1,custom_review-luna-gpt,short,negative,unstructured,few_shot,short_negative_unstructured_few_shot,8,162,24,200,1,1,1.0,12,2026-09-01T16:41:50.701824+00:00
fake,talbott,Hotel,"The Talbott looked charming online, but our room was worn and noisy, with a weak shower and slow front desk service. For the price, it felt more dated than boutique.",1,custom_review-luna-gpt,short,negative,unstructured,few_shot,short_negative_unstructured_few_shot,9,165,30,200,1,1,1.0,12,2026-09-01T16:41:53.418997+00:00
fake,affinia,Hotel,"Affinia looked tired, and our room smelled musty despite being 'upgraded.' The elevator was painfully slow, the Wi-Fi kept dropping, and the front desk barely acknowledged our complaints.",1,custom_review-luna-gpt,short,negative,unstructured,few_shot,short_negative_unstructured_few_shot,10,187,28,200,1,1,1.0,12,2026-09-01T16:41:56.508992+00:00
fake,allegro,Hotel,"Hotel Allegro looked stylish online, but our room was cramped, the air conditioning rattled all night, and the front desk never followed up on our complaint.",1,custom_review-luna-gpt,short,negative,unstructured,few_shot,short_negative_unstructured_few_shot,11,157,26,200,1,1,1.0,12,2026-09-01T16:41:58.895795+00:00
fake,amalfi,Hotel,"Hotel Amalfi looked tired, the room smelled damp, and the air conditioner rattled all night. Staff were polite but couldn't resolve the noise, making the stay frustrating for the price.",1,custom_review-luna-gpt,short,negative,unstructured,few_shot,short_negative_unstructured_few_shot,12,185,30,200,1,1,1.0,12,2026-09-01T16:42:01.933515+00:00
fake,ambassador,Hotel,"Booked for the location, but the room felt worn and noisy, the shower barely had pressure, and staff seemed indifferent when we mentioned the broken AC.",1,custom_review-luna-gpt,short,negative,unstructured,few_shot,short_negative_unstructured_few_shot,13,152,26,200,1,1,1.0,12,2026-09-01T16:42:04.598585+00:00
fake,conrad,Hotel,"For the price, Conrad was a letdown: our room overlooked a noisy service area, the AC rattled all night, and requests for extra towels took nearly an hour.",1,custom_review-luna-gpt,short,negative,unstructured,few_shot,short_negative_unstructured_few_shot,14,155,28,200,1,1,1.0,12,2026-09-01T16:42:07.591966+00:00
fake,fairmont,Hotel,"For the price, Fairmont was a letdown: our room smelled stale, the air conditioner rattled all night, and requests for extra towels took hours to arrive.",1,custom_review-luna-gpt,short,negative,unstructured,few_shot,short_negative_unstructured_few_shot,15,153,26,200,1,1,1.0,12,2026-09-01T16:42:10.196625+00:00
fake,hardrock,Hotel,"Hard Rock looked lively online, but our room was noisy all night, the AC barely cooled, and check-in took forever. For the price, it felt worn down and frustrating.",1,custom_review-luna-gpt,short,negative,unstructured,few_shot,short_negative_unstructured_few_shot,16,164,29,200,1,1,1.0,12,2026-09-01T16:42:12.808748+00:00
fake,hilton,Hotel,"Expected more from a Hilton: the room smelled stale, the AC rattled all night, and front desk staff barely acknowledged us when we mentioned it.",1,custom_review-luna-gpt,short,negative,unstructured,few_shot,short_negative_unstructured_few_shot,17,144,25,200,1,1,1.0,12,2026-09-01T16:42:23.388289+00:00
fake,homewood,Hotel,"Homewood looked tired, the hallway smelled stale, and our room's air conditioner rattled all night. Breakfast was picked over by 8, and the front desk barely acknowledged the complaint.",1,custom_review-luna-gpt,short,negative,unstructured,few_shot,short_negative_unstructured_few_shot,18,185,29,200,1,1,1.0,12,2026-09-01T16:42:26.203345+00:00
fake,hyatt,Hotel,"Hyatt looked polished online, but our room smelled stale, the AC rattled all night, and the front desk never followed up after we reported it. Not worth the rate.",1,custom_review-luna-gpt,short,negative,unstructured,few_shot,short_negative_unstructured_few_shot,19,162,29,200,1,1,1.0,12,2026-09-01T16:42:29.129074+00:00
fake,intercontinental,Hotel,"For InterContinental prices, I expected better: the room smelled stale, the AC rattled all night, and the front desk brushed off my complaint.",1,custom_review-luna-gpt,short,negative,unstructured,few_shot,short_negative_unstructured_few_shot,20,142,23,200,1,1,1.0,12,2026-09-01T16:42:31.566915+00:00
fake,james,Hotel,"The room looked worn and the shower barely warmed up. For the price, I expected better service too; calls to the front desk went unanswered twice.",1,custom_review-luna-gpt,short,negative,unstructured,few_shot,short_negative_unstructured_few_shot,21,146,26,200,1,1,1.0,12,2026-09-01T16:42:34.396596+00:00
fake,knickerbocker,Hotel,"For the price, the room felt tired and cramped, with street noise well past midnight. Staff were polite but slow to respond, and the bathroom wasn't as clean as it should have been.",1,custom_review-luna-gpt,short,negative,unstructured,few_shot,short_negative_unstructured_few_shot,22,181,33,200,1,1,1.0,12,2026-09-01T16:42:37.251845+00:00
fake,monaco,Hotel,"Hotel Monaco looked charming online, but our room was worn and noisy, the air conditioner barely worked, and the front desk seemed indifferent when we mentioned it.",1,custom_review-luna-gpt,short,negative,unstructured,few_shot,short_negative_unstructured_few_shot,23,164,27,200,1,1,1.0,12,2026-09-01T16:42:42.035131+00:00
fake,omni,Hotel,"Our room overlooked noisy construction, the AC rattled all night, and the front desk brushed off our concerns. For the price, the worn furniture and slow elevators were a real letdown.",1,custom_review-luna-gpt,short,negative,unstructured,few_shot,short_negative_unstructured_few_shot,24,184,31,200,1,1,1.0,12,2026-09-01T16:42:44.752341+00:00
fake,palmer,Hotel,"Hotel Palmer looked promising online, but the room was noisy, the AC barely worked, and the front desk seemed uninterested when we mentioned it.",1,custom_review-luna-gpt,short,negative,unstructured,zero_shot,short_negative_unstructured_zero_shot,0,144,24,200,1,1,1.0,12,2026-09-01T16:42:47.190956+00:00
fake,sheraton,Hotel,"Disappointing stay at the Sheraton: the room felt worn, the AC rattled all night, and staff seemed uninterested when I mentioned it at checkout.",1,custom_review-luna-gpt,short,negative,unstructured,zero_shot,short_negative_unstructured_zero_shot,1,144,24,200,1,1,1.0,12,2026-09-01T16:42:50.146210+00:00
fake,sofitel,Hotel,"Sofitel looked elegant, but the room smelled damp, the air conditioning barely worked, and staff took ages to respond. For the price, it felt surprisingly neglected.",1,custom_review-luna-gpt,short,negative,unstructured,zero_shot,short_negative_unstructured_zero_shot,2,165,26,200,1,1,1.0,12,2026-09-01T16:42:52.990479+00:00
fake,swissotel,Hotel,"Swissotel looked polished, but our room was noisy all night and the air conditioning barely worked. Staff apologized, yet no real solution came, making the stay feel overpriced.",1,custom_review-luna-gpt,short,negative,unstructured,zero_shot,short_negative_unstructured_zero_shot,3,177,28,200,1,1,1.0,12,2026-09-01T16:42:55.490495+00:00
fake,talbott,Hotel,"Great location, but the room felt worn and noisy, and the front desk was slow to help with a broken thermostat. For the price, I expected a much smoother stay.",1,custom_review-luna-gpt,short,negative,unstructured,zero_shot,short_negative_unstructured_zero_shot,4,159,30,200,1,1,1.0,12,2026-09-01T16:42:58.142901+00:00
fake,affinia,Hotel,"Affinia looked dated, the room smelled musty, and the air conditioner rattled all night. Staff were polite, but the overpriced stay was far from relaxing.",1,custom_review-luna-gpt,short,negative,unstructured,zero_shot,short_negative_unstructured_zero_shot,5,154,25,200,1,1,1.0,12,2026-09-01T16:43:01.236018+00:00
fake,allegro,Hotel,"Hotel Allegro looked tired, the room was noisy all night, and the front desk seemed indifferent when I mentioned the broken air conditioning. Not worth the price.",1,custom_review-luna-gpt,short,negative,unstructured,zero_shot,short_negative_unstructured_zero_shot,6,162,27,200,1,1,1.0,12,2026-09-01T16:43:03.668538+00:00
fake,amalfi,Hotel,"Hotel Amalfi looked promising, but the room was cramped, the air conditioning barely worked, and breakfast felt stale. Staff seemed indifferent when we mentioned the noise.",1,custom_review-luna-gpt,short,negative,unstructured,zero_shot,short_negative_unstructured_zero_shot,7,172,26,200,1,1,1.0,12,2026-09-01T16:43:06.848487+00:00
fake,ambassador,Hotel,"Despite the friendly lobby staff, the room smelled damp, the AC rattled all night, and housekeeping skipped our towels. Definitely not the relaxing stay we expected.",1,custom_review-luna-gpt,short,negative,unstructured,zero_shot,short_negative_unstructured_zero_shot,8,165,26,200,1,1,1.0,12,2026-09-01T16:43:09.604539+00:00
fake,conrad,Hotel,"Conrad looked polished, but check-in was slow, the room felt dated for the price, and late-night hallway noise made sleep difficult. Definitely not the relaxing stay I expected.",1,custom_review-luna-gpt,short,negative,unstructured,zero_shot,short_negative_unstructured_zero_shot,9,177,28,200,1,1,1.0,12,2026-09-01T16:43:11.991320+00:00
fake,fairmont,Hotel,"The room looked dated, and despite the Fairmont name, service felt slow and indifferent. Breakfast was overpriced, and the noise from the hallway made sleep difficult.",1,custom_review-luna-gpt,short,negative,unstructured,zero_shot,short_negative_unstructured_zero_shot,10,167,26,200,1,1,1.0,12,2026-09-01T16:43:14.601996+00:00
fake,hardrock,Hotel,"Hardrock looked great online, but our room was noisy, the AC barely worked, and service at check-in felt rushed. For the price, I expected much better.",1,custom_review-luna-gpt,short,negative,unstructured,zero_shot,short_negative_unstructured_zero_shot,11,151,26,200,1,1,1.0,12,2026-09-01T16:43:17.136311+00:00
fake,hilton,Hotel,"For a Hilton, this was disappointing: the room smelled stale, the AC rattled all night, and check-in took forever despite barely anyone being in line.",1,custom_review-luna-gpt,short,negative,unstructured,zero_shot,short_negative_unstructured_zero_shot,12,150,25,200,1,1,1.0,12,2026-09-01T16:43:20.058365+00:00
fake,homewood,Hotel,"Homewood looked worn down, with a noisy AC unit and a room that wasn't properly cleaned. Breakfast was sparse and the front desk seemed uninterested when I mentioned the issues.",1,custom_review-luna-gpt,short,negative,unstructured,zero_shot,short_negative_unstructured_zero_shot,13,177,30,200,1,1,1.0,12,2026-09-01T16:43:22.295120+00:00
fake,hyatt,Hotel,"Expected much better from Hyatt: the room smelled musty, the AC rattled all night, and staff seemed indifferent when I mentioned it at checkout.",1,custom_review-luna-gpt,short,negative,unstructured,zero_shot,short_negative_unstructured_zero_shot,14,144,24,200,1,1,1.0,12,2026-09-01T16:43:31.406966+00:00
fake,intercontinental,Hotel,"Expected much more from InterContinental: the room smelled musty, check-in took forever, and the air conditioning barely worked all night.",1,custom_review-luna-gpt,short,negative,unstructured,zero_shot,short_negative_unstructured_zero_shot,15,138,20,200,1,1,1.0,12,2026-09-01T16:43:34.162334+00:00
fake,james,Hotel,"The James looked polished online, but our room smelled damp and the AC rattled all night. Front desk promised help twice, yet nobody came; definitely not worth the price.",1,custom_review-luna-gpt,short,negative,unstructured,zero_shot,short_negative_unstructured_zero_shot,16,170,29,200,1,1,1.0,12,2026-09-01T16:43:39.798779+00:00
fake,knickerbocker,Hotel,"Great location, but the room felt worn and oddly cramped for the price. We also waited forever for towels, and the front desk seemed uninterested.",1,custom_review-luna-gpt,short,negative,unstructured,zero_shot,short_negative_unstructured_zero_shot,17,146,25,200,1,1,1.0,12,2026-09-01T16:43:42.459723+00:00
fake,monaco,Hotel,"Hotel Monaco looked stylish, but the room was noisy all night and housekeeping missed basic cleaning. For the price, the worn furniture and slow front desk service were disappointing.",1,custom_review-luna-gpt,short,negative,unstructured,zero_shot,short_negative_unstructured_zero_shot,18,183,29,200,1,1,1.0,12,2026-09-01T16:43:45.191923+00:00
fake,omni,Hotel,"The Omni looked dated, and our room smelled musty despite the high rate. Slow check-in, thin walls, and an unhelpful response to the noisy neighbors made the stay disappointing.",1,custom_review-luna-gpt,short,negative,unstructured,zero_shot,short_negative_unstructured_zero_shot,19,177,29,200,1,1,1.0,12,2026-09-01T16:43:47.894217+00:00
fake,palmer,Hotel,"Hotel Palmer looked promising, but the room smelled stale, the walls were thin, and the front desk barely acknowledged us. Not worth the price for such an uncomfortable stay.",1,custom_review-luna-gpt,short,negative,unstructured,zero_shot,short_negative_unstructured_zero_shot,20,174,29,200,1,1,1.0,12,2026-09-01T16:43:50.415079+00:00
fake,sheraton,Hotel,"The Sheraton looked tired, check-in took forever, and the room smelled musty. For the price, I expected cleaner bathrooms and staff who seemed more interested in helping.",1,custom_review-luna-gpt,short,negative,unstructured,zero_shot,short_negative_unstructured_zero_shot,21,170,27,200,1,1,1.0,12,2026-09-01T16:43:55.777966+00:00
fake,sofitel,Hotel,"The room looked tired, the AC barely worked, and check-in took forever despite a nearly empty lobby. For the price, Sofitel felt far less polished than expected.",1,custom_review-luna-gpt,short,negative,unstructured,zero_shot,short_negative_unstructured_zero_shot,22,161,27,200,1,1,1.0,12,2026-09-01T16:43:58.758793+00:00
fake,swissotel,Hotel,"Swissotel looked polished, but check-in took forever, the room smelled stale, and the air conditioning barely worked. For the price, it felt far below expectations.",1,custom_review-luna-gpt,short,negative,unstructured,zero_shot,short_negative_unstructured_zero_shot,23,164,25,200,1,1,1.0,12,2026-09-01T16:44:01.401546+00:00
fake,talbott,Hotel,"The Talbott looked charming online, but our room was worn and noisy, and the front desk seemed indifferent when we mentioned the broken thermostat.",1,custom_review-luna-gpt,short,negative,unstructured,zero_shot,short_negative_unstructured_zero_shot,24,147,24,200,1,1,1.0,12,2026-09-01T16:44:03.967313+00:00
fake,affinia,Hotel,"I spent two nights at Affinia and honestly wished the visit had been longer. The room was comfortable and thoughtfully laid out, with enough space to unpack and a small desk that was useful for catching up on email. Despite being close to busy streets, it was surprisingly quiet at night; I heard only faint city noise from time to time. The bed and pillows were excellent, and I slept through both nights without waking up, which is unusual for me in a hotel. WiFi connected quickly and stayed reliable for video calls and streaming. The front desk staff were friendly without being overly formal, and check-in was easy. It felt like a calm, convenient base for exploring the city.",1,custom_review-luna-gpt,long,positive,structured,few_shot,long_positive_structured_few_shot,0,682,120,700,1,1,1.0,12,2026-09-01T16:44:09.300192+00:00
fake,allegro,Hotel,"Hotel Allegro was a great base for a long weekend downtown. The lobby has a fun, contemporary feel without trying too hard, and the room carried that through with colorful accents and updated furnishings rather than the tired decor I sometimes expect in older city hotels. Everything was spotless when I arrived, including the bathroom and the desk area, which I appreciated since I had some work to finish. The Wi-Fi connected immediately and stayed reliable enough for video calls and streaming in the evening. Best of all, I slept remarkably well: the bed was comfortable, the curtains blocked the morning light, and I heard very little hallway noise. Staff at the front desk were warm and efficient. I'd happily stay here again.",1,custom_review-luna-gpt,long,positive,structured,few_shot,long_positive_structured_few_shot,1,732,123,700,1,1,1.0,12,2026-09-01T16:44:15.780865+00:00
fake,amalfi,Hotel,"Hotel Amalfi was a pleasant surprise and made our weekend in the city feel easy from the moment we arrived. The staff were warm and efficient, and our room was spotless, with crisp linens, a clean bathroom, and no signs of wear that bothered us. We faced the street but were impressed by how quiet it was at night; we barely heard traffic and slept very well. The Wi-Fi worked reliably for both checking emails and streaming a movie, which was useful after a long day out. Breakfast was simple but fresh, with good coffee, pastries, fruit, and enough savory options to start the day. The location was especially convenient for walking to restaurants and attractions. I would happily stay here again.",1,custom_review-luna-gpt,long,positive,structured,few_shot,long_positive_structured_few_shot,2,699,122,700,1,1,1.0,12,2026-09-01T16:44:21.882896+00:00
fake,ambassador,Hotel,"I had a very pleasant stay at the Ambassador and would happily return. My room was spotless when I arrived, including the desk, windows, and the areas that often get overlooked around the bed. The bathroom was compact but thoughtfully arranged, with strong water pressure, plenty of fresh towels, and a shower that warmed up quickly. The hotel has character without feeling worn out; the decor mixes classic details with newer furnishings, so it felt welcoming rather than dated. Despite being in a busy area, the room was quiet at night. The mattress was comfortable, the pillows had just the right amount of support, and I slept through the night both evenings. Staff were friendly and efficient, which made the whole visit easy.",1,custom_review-luna-gpt,long,positive,structured,few_shot,long_positive_structured_few_shot,3,731,123,700,1,1,1.0,12,2026-09-01T16:44:26.995420+00:00
fake,conrad,Hotel,"I had a very comfortable two-night stay at the Conrad. The front desk team was warm and efficient, and they took time to point me toward a nearby coffee shop when I arrived early for a meeting. My room was spotless, with a great bed and enough desk space to work without feeling boxed in. Despite being in a busy area, it was remarkably quiet at night; I never heard hallway traffic or neighboring rooms. Wi-Fi connected immediately and stayed reliable for video calls and streaming. Breakfast was a pleasant surprise, with fresh fruit, eggs made to order, good pastries, and attentive servers who kept coffee topped up. I would happily return.",1,custom_review-luna-gpt,long,positive,structured,few_shot,long_positive_structured_few_shot,4,644,112,700,1,1,1.0,12,2026-09-01T16:44:31.541778+00:00
fake,fairmont,Hotel,"I had a wonderful two-night stay at the Fairmont for a quick city break. The lobby felt elegant without being stuffy, and the front desk team had us checked in quickly despite a busy afternoon. Our room was bright, exceptionally clean, and had a comfortable chair by the window that became my favorite spot for morning coffee. Wi-Fi connected immediately and was reliable enough for a video call and streaming in the evening. I slept extremely well on the plush bed; even though we were near the elevators, the room stayed remarkably quiet overnight. Breakfast was fresh and service was attentive without hovering. My only complaint is that the trip felt far too short--I would happily return and give myself another day to enjoy the hotel.",1,custom_review-luna-gpt,long,positive,structured,few_shot,long_positive_structured_few_shot,5,740,126,700,1,1,1.0,12,2026-09-01T16:44:37.222314+00:00
fake,hardrock,Hotel,"We had a great weekend at the Hard Rock. The room was spotless, comfortable, and had a fun music-inspired style without feeling overdone. Staff at the front desk were genuinely welcoming and quickly helped us arrange a late checkout. Breakfast was better than expected: plenty of hot choices, fresh fruit, pastries, and good coffee, with servers who kept things moving even during the busy morning rush. Our room faced the street, so there was a little city noise early in the evening, but once the windows were closed it was quiet enough to sleep well. It is not the cheapest option, but the central location, attentive service, and overall atmosphere made it feel worth the price.",1,custom_review-luna-gpt,long,positive,structured,few_shot,long_positive_structured_few_shot,6,682,116,700,1,1,1.0,12,2026-09-01T16:44:42.057376+00:00
fake,hilton,Hotel,"I had a very pleasant two-night stay at the Hilton. My room was on a higher floor, and the wide windows looked out over the city skyline; at night the lights made it worth lingering with a coffee before bed. The room itself was comfortable and quiet, with decor that felt fresh rather than overly trendy--warm wood accents, clean carpeting, and a useful desk. The bathroom was spotless, with good water pressure, plenty of counter space, and a large mirror that made getting ready easy. Everyone I encountered, from the front desk to housekeeping, was genuinely welcoming and quick to help with directions and a late checkout request. It felt reliably well run, and I would happily stay here again.",1,custom_review-luna-gpt,long,positive,structured,few_shot,long_positive_structured_few_shot,7,698,120,700,1,1,1.0,12,2026-09-01T16:44:47.486068+00:00
fake,homewood,Hotel,"Homewood was a very solid choice for a short family trip. The suite was spotless when we arrived, including the kitchenette counters, fridge, and carpeting, which can be hit-or-miss in extended-stay hotels. Our bathroom was bright and well maintained, with good water pressure, plenty of towels, and a roomy shower that stayed hot even in the morning. I also appreciated having a separate living area to relax in after dinner. The bed was comfortable, and despite being near the elevator, we slept surprisingly well; the room was quiet and the blackout curtains helped. Breakfast was convenient and kept us from having to rush out looking for food. It was not the cheapest option nearby, but the space, cleanliness, and included amenities made it feel worth the price.",1,custom_review-luna-gpt,long,positive,structured,few_shot,long_positive_structured_few_shot,8,768,127,700,1,1,1.0,12,2026-09-01T16:44:52.555962+00:00
fake,hyatt,Hotel,"I had a very comfortable two-night stay at the Hyatt while in town for meetings. The lobby and guest room both felt current without trying too hard--warm lighting, clean furniture, and no tired patterned carpets or dated artwork. My room was quiet despite facing a busy street, and the bed, pillows, and blackout shades helped me sleep through the night better than I usually do in hotels. The bathroom was spotless, with a roomy walk-in shower, strong water pressure, plenty of counter space, and good lighting around the mirror. Staff were pleasant and quick when I needed an extra towel. It was not the cheapest option nearby, but the location, reliable service, and overall comfort made the rate feel fair. I would happily stay here again.",1,custom_review-luna-gpt,long,positive,structured,few_shot,long_positive_structured_few_shot,9,743,126,700,1,1,1.0,12,2026-09-01T16:44:57.458704+00:00
fake,intercontinental,Hotel,"I had a very enjoyable two-night stay at the InterContinental. My room was spotless when I arrived, including the bathroom, desk, and even the windows, which made settling in easy. The bed was comfortable, and housekeeping kept everything equally tidy after the first night. I was on a higher floor with a broad view over the city lights and rooftops; it was especially nice with coffee in the morning. Wi-Fi connected quickly and stayed reliable enough for video calls and streaming without any frustrating dropouts. The lobby staff were pleasant and efficient, even when I came back late. Honestly, the visit felt too short--I would have happily stayed another couple of nights to enjoy the room and location a bit more.",1,custom_review-luna-gpt,long,positive,structured,few_shot,long_positive_structured_few_shot,10,722,121,700,1,1,1.0,12,2026-09-01T16:45:02.994498+00:00
fake,james,Hotel,"I had a very comfortable two-night stay at the James. The room was spotless when I arrived, including the desk, bedding, and even the corners that often get overlooked. It felt polished without being overly formal. The bathroom was a particular highlight: roomy, well lit, and equipped with a large walk-in shower, thick towels, and quality toiletries. Everyone at the front desk was friendly and efficient, and the concierge gave us useful dinner suggestions without pushing the obvious tourist spots. The location made the trip especially easy; we could walk to Michigan Avenue, several restaurants, and the river in minutes, while cabs were always nearby. Noise was minimal despite being downtown. I'd happily stay here again for either business or a weekend in Chicago.",1,custom_review-luna-gpt,long,positive,structured,few_shot,long_positive_structured_few_shot,11,773,124,700,1,1,1.0,12,2026-09-01T16:45:08.125906+00:00
fake,knickerbocker,Hotel,"We had a very comfortable weekend at The Knickerbocker. Our room was spotless when we arrived, including the bathroom and the often-overlooked corners around the desk and windows. We were high enough to have a terrific view of Times Square and the surrounding towers, especially after dark, yet the room itself was surprisingly quiet. With the curtains closed, we barely noticed the crowds and traffic below and slept well both nights. Everyone we encountered was pleasant and capable, from the quick check-in team to the concierge who helped us choose a nearby dinner reservation. The location is undeniably busy, but the hotel feels like a calm retreat once you step inside. I would gladly stay here again for a New York visit.",1,custom_review-luna-gpt,long,positive,structured,few_shot,long_positive_structured_few_shot,12,729,122,700,1,1,1.0,12,2026-09-01T16:45:12.960002+00:00
fake,monaco,Hotel,"Hotel Monaco was a great base for a long weekend downtown. The location made it easy to walk to restaurants, shops, and the river, and we only needed a cab once. Our room felt comfortable rather than oversized, with thoughtful touches and a very good bed. The bathroom was especially nice: clean tile, strong water pressure, plenty of counter space, and enough towels for two without having to ask. Wi-Fi connected quickly and stayed reliable while I handled a few work calls and streamed in the evening. Despite being close to busy streets, the room was surprisingly quiet after 10 p.m.; we heard only faint hallway noise once. Front desk staff were warm and efficient. I'd happily return.",1,custom_review-luna-gpt,long,positive,structured,few_shot,long_positive_structured_few_shot,13,690,118,700,1,1,1.0,12,2026-09-01T16:45:18.841820+00:00
fake,omni,Hotel,"I had a very pleasant two-night stay at the Omni during a quick Chicago visit. My room faced Michigan Avenue, and the city view was especially nice at dusk when the buildings and traffic lights came on. Despite being so close to the activity outside, the room stayed surprisingly quiet; I only noticed street noise when I opened the curtains and listened for it. The bed was comfortable with crisp sheets and supportive pillows, and I slept through both nights without waking up. The bathroom was roomy, spotless, and had a strong shower with plenty of hot water, plus enough counter space for my toiletries. Staff at the desk were friendly and efficient, and the location made walking to restaurants and shops very easy.",1,custom_review-luna-gpt,long,positive,structured,few_shot,long_positive_structured_few_shot,14,721,124,700,1,1,1.0,12,2026-09-01T16:45:23.100144+00:00
fake,palmer,Hotel,"Hotel Palmer was a very pleasant surprise for a weekend stay. The lobby and rooms have a classic style, but it felt thoughtfully maintained rather than dated; the warm lighting, clean upholstery, and small local artwork gave it some character. Everyone we encountered, from the front desk to the breakfast attendant, was genuinely friendly and quick to help with directions and a late checkout request. Breakfast was simple but fresh, with good coffee, eggs, pastries, fruit, and enough seating even during the busy morning period. Our room faced the courtyard, so it was impressively quiet at night, with only occasional hallway noise in the morning. The bed was comfortable, the bathroom spotless, and the overall atmosphere relaxed. I would happily stay here again.",1,custom_review-luna-gpt,long,positive,structured,few_shot,long_positive_structured_few_shot,15,768,123,700,1,1,1.0,12,2026-09-01T16:45:27.692750+00:00
fake,sheraton,Hotel,"I had a very pleasant two-night stay at the Sheraton for a quick work trip. The front desk team was warm and efficient, and they even held my bag after checkout without making it feel like an inconvenience. My room was quiet, well kept, and had a comfortable bed that made the early meetings easier. From the upper floor, the view stretched over the city skyline and was especially nice around sunset. The restaurant staff were attentive without hovering, and breakfast arrived quickly. It is not the cheapest option in the area, but the dependable service, clean facilities, and convenient location made it feel worth the price. If anything, the stay was too short--I would have happily stayed through the weekend.",1,custom_review-luna-gpt,long,positive,structured,few_shot,long_positive_structured_few_shot,16,715,121,700,1,1,1.0,12,2026-09-01T16:45:32.366702+00:00
fake,sofitel,Hotel,"My weekend at the Sofitel went by far too quickly. From the moment I arrived, the team was warm without being overly formal, and the concierge patiently helped us sort out dinner reservations when our original plan fell through. Our room was quiet, beautifully maintained, and had a wonderful view over the city lights; I found myself lingering by the window with coffee each morning. Breakfast was a highlight, with fresh pastries, fruit, made-to-order eggs, and attentive servers who kept everything moving despite a busy dining room. The bed was exceptionally comfortable, and housekeeping was discreet and thorough. It felt like a proper escape while still being close to everything we wanted to see. I would happily return.",1,custom_review-luna-gpt,long,positive,structured,few_shot,long_positive_structured_few_shot,17,728,118,700,1,1,1.0,12,2026-09-01T16:45:37.876208+00:00
fake,swissotel,Hotel,"I stayed at the Swissotel for a quick weekend break and was sorry to leave so soon. From the moment I arrived, the front desk team were warm, efficient, and genuinely helpful with restaurant suggestions and directions. My room was quiet despite the central location, with a comfortable bed and a great view over the city. The bathroom was particularly impressive: bright, spotless, and well laid out, with a roomy shower, good water pressure, and enough counter space for two people's toiletries. Breakfast was fresh and varied, and the staff kept everything running smoothly without hovering. It is not the cheapest option in the area, but the service, comfort, and location made it feel well worth the price.",1,custom_review-luna-gpt,long,positive,structured,few_shot,long_positive_structured_few_shot,18,710,118,700,1,1,1.0,12,2026-09-01T16:45:42.958378+00:00
fake,talbott,Hotel,"We had a very pleasant weekend at the Talbott. The front desk team was genuinely welcoming and had us checked in quickly, even offering a few neighborhood restaurant suggestions that turned out to be excellent. Our room felt spotless, from the fresh linens to the well-kept bathroom, and housekeeping was attentive without being intrusive. For such a central location, it was impressively quiet at night; we barely heard hallway traffic and slept well both nights. Being just a short walk from Michigan Avenue, Oak Street, and plenty of cafes made it easy to explore without constantly calling a car. The hotel has a warm, classic feel rather than a generic chain atmosphere. We would happily stay here again on our next Chicago trip.",1,custom_review-luna-gpt,long,positive,structured,few_shot,long_positive_structured_few_shot,19,734,123,700,1,1,1.0,12,2026-09-01T16:45:48.255760+00:00
fake,affinia,Hotel,"I had a very pleasant three-night stay at Affinia and would happily return. My room faced the avenue, with a surprisingly open view of the city rooftops and a nice glimpse of the river between buildings. Traffic was noticeable during the afternoon, but once the windows were shut the room was quiet enough for uninterrupted sleep. The decor is not ultra-modern, but it felt warm and well maintained rather than dated, with comfortable furniture and thoughtful lighting. The bathroom was especially roomy for the area, with a deep tub, strong shower pressure, and plenty of counter space for two people's toiletries. Front desk staff were friendly without being overly formal, and the location made it easy to walk to restaurants and transit.",1,custom_review-luna-gpt,long,positive,structured,few_shot,long_positive_structured_few_shot,20,741,122,700,1,1,1.0,12,2026-09-01T16:45:54.092697+00:00
fake,allegro,Hotel,"I spent two nights at Hotel Allegro for a quick Chicago getaway and left wishing I had booked one more. Our room looked out over the surrounding downtown buildings, and at night the lit windows and traffic below made the view surprisingly enjoyable. The decor has personality--bold colors, patterned details, and a slightly theatrical lobby--but it felt fresh and well cared for rather than dated. The room was comfortable, quiet enough for sleeping, and the bed was excellent. Wi-Fi worked reliably for checking maps, streaming a show, and answering a few work emails without any frustrating dropouts. Staff at the front desk were warm and efficient, too. It was a short stay, but a very satisfying one.",1,custom_review-luna-gpt,long,positive,structured,few_shot,long_positive_structured_few_shot,21,704,117,700,1,1,1.0,12,2026-09-01T16:45:59.849089+00:00
fake,amalfi,Hotel,"Hotel Amalfi was a great base for a long weekend in the city. The location made everything easy: we walked to restaurants, shops, and the river, and taxis were always quick to find when we went farther afield. Our room was quiet despite being so central, and I slept remarkably well on the comfortable bed with the blackout curtains drawn. The decor has a slightly classic, older feel rather than a trendy boutique look, but it was well maintained and gave the room some character. Staff at the desk were warm and efficient, especially when we asked for dinner suggestions. We only stayed two nights, which felt far too short; I would happily return and allow more time to enjoy the neighborhood.",1,custom_review-luna-gpt,long,positive,structured,few_shot,long_positive_structured_few_shot,22,696,122,700,1,1,1.0,12,2026-09-01T16:46:05.676156+00:00
fake,ambassador,Hotel,"I had a very pleasant three-night stay at Hotel Ambassador. The lobby and room decor lean a little classic rather than ultra-modern, but everything felt well cared for, clean, and comfortable, not tired or neglected. My room faced a quieter side street, and with the blackout curtains drawn I slept exceptionally well; the bed and pillows were better than expected. Breakfast was simple but satisfying, with fresh fruit, pastries, eggs, and good coffee, and the staff kept refilling items even near the end of service. Wi-Fi worked reliably in both my room and the lounge, which made catching up on emails easy. Everyone at the front desk was friendly without being overly formal. I would gladly return for the location, restful rooms, and consistently helpful service.",1,custom_review-luna-gpt,long,positive,structured,few_shot,long_positive_structured_few_shot,23,769,126,700,1,1,1.0,12,2026-09-01T16:46:11.130420+00:00
fake,conrad,Hotel,"I had a very comfortable two-night stay at the Conrad and would happily return. The room was spotless when I arrived, including the desk, windows, and the corners that often get overlooked. Decor felt current without trying too hard: warm neutral colors, good lighting, and modern furniture that was actually practical for working. The bathroom was especially nice, with a large walk-in shower, strong water pressure, fluffy towels, and plenty of counter space for toiletries. Breakfast was better than the usual hotel buffet, with fresh fruit, eggs made to order, pastries, and attentive coffee refills. Staff at the restaurant were warm even during the busy morning rush. A polished, relaxing hotel overall.",1,custom_review-luna-gpt,long,positive,structured,few_shot,long_positive_structured_few_shot,24,709,112,700,1,1,1.0,12,2026-09-01T16:46:15.600902+00:00
fake,fairmont,Hotel,"The Fairmont was an excellent base for our weekend in the city. Its location made everything easy: we walked to restaurants, shops, and the waterfront, and taxis were always available right outside when we went farther afield. The lobby and room decor felt classic rather than dated, with polished wood, comfortable seating, and a few modern touches that kept it from feeling stuffy. From our upper-floor room, we had a beautiful view of the skyline at sunset, which was a real highlight. Wi-Fi worked reliably throughout our stay, including during a video call and while streaming in the evening. Staff were warm and efficient, and the room was quiet, clean, and very comfortable.",1,custom_review-luna-gpt,long,positive,structured,zero_shot,long_positive_structured_zero_shot,0,681,113,700,1,1,1.0,12,2026-09-01T16:46:20.711553+00:00
fake,hardrock,Hotel,"Hard Rock exceeded our expectations for a fun, comfortable stay. The lobby and room decor felt fresh rather than overdone, with stylish music-themed details and everything looking well maintained. Our room faced the city, and the evening skyline view from the window was a real highlight. Staff members were upbeat, quick to help with directions, and remembered our names when we returned later in the day. Breakfast had a good mix of hot options, fruit, pastries, and made-to-order eggs; the coffee was better than typical hotel coffee too. It was busy, but tables were cleared quickly and service stayed friendly. We would happily stay again.",1,custom_review-luna-gpt,long,positive,structured,zero_shot,long_positive_structured_zero_shot,1,644,105,700,1,1,1.0,12,2026-09-01T16:46:26.011717+00:00
fake,hilton,Hotel,"I had a very pleasant stay at the Hilton and would happily return. My room was spotless when I arrived, from the crisp linens to the sparkling bathroom and well-kept desk area. The bed was exceptionally comfortable, and the blackout curtains kept the room quiet and dark enough for me to sleep through the night, which is rare when I travel. Staff at both check-in and breakfast were warm, efficient, and genuinely helpful with directions and a late checkout request. I also loved the view from my window: the city skyline looked especially nice at sunset, with lights beginning to come on below. Overall, it felt polished, relaxing, and worth the price.",1,custom_review-luna-gpt,long,positive,structured,zero_shot,long_positive_structured_zero_shot,2,654,112,700,1,1,1.0,12,2026-09-01T16:46:30.337772+00:00
fake,homewood,Hotel,"I had a very pleasant stay at Homewood and would gladly return. My suite was surprisingly quiet, even in the evening, and I barely heard hallway traffic or neighboring rooms. The window overlooked a small park and the downtown skyline beyond it, which was especially nice with morning coffee. The location made getting around easy; restaurants, a grocery store, and several shops were within a short walk, and downtown was only a quick drive away. Everyone on the staff was warm and helpful, from the efficient check-in to the front desk team offering directions and local recommendations. The room was clean, spacious, and comfortable, making the trip feel relaxed from start to finish.",1,custom_review-luna-gpt,long,positive,structured,zero_shot,long_positive_structured_zero_shot,3,687,113,700,1,1,1.0,12,2026-09-01T16:46:35.066307+00:00
fake,hyatt,Hotel,"I had a very pleasant stay at the Hyatt and felt the rate was fair for the level of comfort and service. My room was clean, bright, and had a comfortable bed that made it easy to relax after a long day. The bathroom was especially nice: modern fixtures, strong water pressure, plenty of towels, and a spacious shower with good lighting around the mirror. Wi-Fi connected quickly and stayed reliable for both video calls and streaming. Despite being near the elevator, the room was surprisingly quiet at night, with little hallway or street noise. Staff at check-in were warm and efficient, and the lobby felt polished without being overly formal. I would gladly stay here again.",1,custom_review-luna-gpt,long,positive,structured,zero_shot,long_positive_structured_zero_shot,4,678,117,700,1,1,1.0,12,2026-09-01T16:46:39.538955+00:00
fake,intercontinental,Hotel,"My stay at the InterContinental was very enjoyable from check-in to departure. The room was spotless, with crisp linens, dust-free surfaces, and housekeeping that kept everything looking fresh each day. It felt well worth the price, especially given the attentive service and the quiet, polished atmosphere. The bathroom was spacious and modern, with excellent water pressure, fluffy towels, and a separate shower that made getting ready easy. I slept exceptionally well on the comfortable bed; the blackout curtains and effective soundproofing meant I barely noticed the city outside. Small touches like complimentary water and a well-stocked coffee station made the stay feel more thoughtful.",1,custom_review-luna-gpt,long,positive,structured,zero_shot,long_positive_structured_zero_shot,5,694,104,700,1,1,1.0,12,2026-09-01T16:46:44.120446+00:00
fake,james,Hotel,"I had a very pleasant stay at the hotel james. My room was spotless when I arrived, with crisp linens, clean floors, and no dust on the furniture. The Wi-Fi worked reliably throughout my visit, including in the room, which made catching up on emails easy. The bathroom was modern and well maintained, with good water pressure in the shower, plenty of hot water, and fresh towels replaced daily. Despite being close to busy streets, the room was impressively quiet at night; I barely heard any outside traffic or neighboring guests. Staff were welcoming and efficient at check-in, and the overall atmosphere felt relaxed and comfortable. I would happily stay here again.",1,custom_review-luna-gpt,long,positive,structured,zero_shot,long_positive_structured_zero_shot,6,669,112,700,1,1,1.0,12,2026-09-01T16:46:49.715972+00:00
fake,knickerbocker,Hotel,"The Knickerbocker was an excellent base for a few days in New York. Being right by Times Square made it incredibly convenient for Broadway shows, the subway, and walking to Bryant Park and Fifth Avenue, yet the hotel itself felt surprisingly removed from the crowds. Our room was quiet at night, with little street noise even on a busy weekend. The decor is polished and fresh, mixing modern touches with a classic luxury feel rather than seeming dated. Wi-Fi worked reliably throughout our stay, including when I needed to join a video call from the room. Staff were warm and efficient, and the rooftop was a memorable bonus. I'd happily stay here again.",1,custom_review-luna-gpt,long,positive,structured,zero_shot,long_positive_structured_zero_shot,7,655,113,700,1,1,1.0,12,2026-09-01T16:46:54.267867+00:00
fake,monaco,Hotel,"Hotel Monaco was a great base for a weekend in the city. The location made it easy to walk to restaurants, shops, and several attractions, and we rarely needed a taxi. Our room was comfortable, quiet at night, and nicely maintained, with a bed that made it hard to get up in the morning. WiFi worked reliably for checking emails and streaming without interruptions. The front desk team was genuinely welcoming and quick to help with directions and dinner suggestions. It is not the cheapest option nearby, but the convenient location, polished atmosphere, and attentive service made it feel worth the price.",1,custom_review-luna-gpt,long,positive,structured,zero_shot,long_positive_structured_zero_shot,8,607,102,700,1,1,1.0,12,2026-09-01T16:46:59.081571+00:00
fake,omni,Hotel,"Omni made our weekend feel easy from the moment we checked in. The front desk team was warm, efficient, and happy to suggest a nearby restaurant without sounding rehearsed. Our room was spotless and surprisingly quiet, with a broad view of the skyline and the park below; sunset from the window was a real highlight. The decor has a classic, slightly traditional feel, but it looked well maintained rather than dated, and the bed was exceptionally comfortable. We also appreciated the prompt response when we asked for extra towels. Between the comfortable room, friendly service, and convenient location, the stay went by far too quickly. We would gladly return.",1,custom_review-luna-gpt,long,positive,structured,zero_shot,long_positive_structured_zero_shot,9,663,109,700,1,1,1.0,12,2026-09-01T16:47:04.998200+00:00
fake,palmer,Hotel,"Hotel Palmer was a pleasant surprise from check-in to departure. The staff were genuinely welcoming, quick to answer questions, and even gave us a helpful recommendation for dinner nearby. Our room was quiet, comfortable, and well maintained, with a bathroom that felt especially fresh: good water pressure in the shower, plenty of clean towels, bright lighting, and enough counter space for toiletries. The bed was comfortable, and the location made it easy to walk around the area. We only stayed two nights, which honestly felt too short because we settled in so easily. Considering the service, cleanliness, and convenience, the rate felt fair and definitely worth the price.",1,custom_review-luna-gpt,long,positive,structured,zero_shot,long_positive_structured_zero_shot,10,679,108,700,1,1,1.0,12,2026-09-01T16:47:09.350645+00:00
fake,sheraton,Hotel,"I had a very comfortable stay at the Sheraton and would happily return. My room was spotless, with a supportive bed and good blackout curtains, so I slept through the night without waking up. Despite being close to the elevators, it was surprisingly quiet; I only heard a little hallway traffic in the morning. Breakfast offered plenty of choice, including fresh fruit, pastries, eggs, and decent coffee, and the staff kept everything well stocked. The location was especially convenient for getting around, with shops, restaurants, and public transport within an easy walk. Check-in was friendly and efficient, and the overall atmosphere felt polished but welcoming.",1,custom_review-luna-gpt,long,positive,structured,zero_shot,long_positive_structured_zero_shot,11,667,105,700,1,1,1.0,12,2026-09-01T16:47:14.094943+00:00
fake,sofitel,Hotel,"Our stay at Sofitel felt far too short; we would happily have added another night. The room was spotless on arrival, with crisp linens, a beautifully maintained bathroom, and housekeeping that refreshed everything unobtrusively each day. Breakfast was a real highlight, offering fresh pastries, fruit, hot dishes, and excellent coffee, with staff keeping the buffet tidy and well stocked even during the busy morning period. The location was especially convenient, close enough to walk to major sights, restaurants, and public transport without needing taxis. Service throughout was warm and polished, making the hotel feel both luxurious and genuinely welcoming.",1,custom_review-luna-gpt,long,positive,structured,zero_shot,long_positive_structured_zero_shot,12,663,99,700,1,1,1.0,12,2026-09-01T16:47:18.774126+00:00
fake,swissotel,Hotel,"My stay at Swissotel was brief, but it felt like exactly the right amount of time to unwind. The room was spotless on arrival, with fresh linens, a perfectly clean bathroom, and no dust or overlooked corners. I especially appreciated the quiet atmosphere; the bed was very comfortable and the blackout curtains helped me sleep deeply through the night. Breakfast was a real highlight, with a generous selection of fresh fruit, pastries, hot dishes, eggs, and good coffee. Staff kept the buffet tidy and were attentive without being intrusive. I would happily return for a longer visit next time.",1,custom_review-luna-gpt,long,positive,structured,zero_shot,long_positive_structured_zero_shot,13,595,99,700,1,1,1.0,12,2026-09-01T16:47:22.401025+00:00
fake,talbott,Hotel,"Hotel Talbott was a great choice for a weekend in Chicago. The location made it easy to walk to Michigan Avenue, restaurants, and the lake, yet the room was surprisingly quiet at night. Our king room was comfortable and spotlessly clean, with decor that felt classic and well cared for rather than dated--warm colors, nice furnishings, and a modern bathroom. Breakfast in the restaurant was fresh and filling, especially the eggs and pastries, though it was a little pricey. The Wi‐Fi worked reliably in both the room and lobby, which mattered since I had to check in with work. Overall, the stay felt worth the price for the service, comfort, and excellent location.",1,custom_review-luna-gpt,long,positive,structured,zero_shot,long_positive_structured_zero_shot,14,667,113,700,1,1,1.0,12,2026-09-01T16:47:26.901216+00:00
fake,affinia,Hotel,"Affinia was a comfortable base for a long weekend in the city. My room was quiet despite facing a busy street, and the bed was genuinely excellent--firm enough for support, with soft linens that made it easy to sleep through the night. The bathroom was spotless and more spacious than expected, with good water pressure, plenty of towels, and useful counter space for toiletries. Breakfast was simple but fresh: eggs, fruit, pastries, coffee, and a few hot options, all replenished quickly by attentive staff. The location and friendly service added a lot to the stay. It is not the cheapest hotel nearby, but the comfort, cleanliness, and restful sleep made it feel worth the price.",1,custom_review-luna-gpt,long,positive,structured,zero_shot,long_positive_structured_zero_shot,15,683,115,700,1,1,1.0,12,2026-09-01T16:47:31.659269+00:00
fake,allegro,Hotel,"Hotel Allegro made for a very pleasant stay. My room looked out over the river and the surrounding city buildings, especially pretty in the evening when the lights came on. Everything was spotless on arrival, from the bathroom tiles to the fresh linens, and housekeeping kept it that way during my visit. The bed was genuinely comfortable, with good pillows and little noise from the hallway, so I slept deeply each night. Staff members were friendly without being overbearing; the front desk gave useful restaurant suggestions and quickly helped when I needed an extra towel. I would happily stay here again.",1,custom_review-luna-gpt,long,positive,structured,zero_shot,long_positive_structured_zero_shot,16,609,101,700,1,1,1.0,12,2026-09-01T16:47:36.396546+00:00
fake,amalfi,Hotel,"Hotel Amalfi made our weekend in Rome feel wonderfully easy. Our room was spotless and comfortable, with a supportive bed and blackout curtains that helped us sleep deeply every night. Despite being close to Termini, the room was surprisingly quiet; we only noticed faint hallway sounds in the morning. The staff were warm, efficient, and happy to suggest nearby trattorias. Wi‐Fi worked reliably for maps, messages, and a short video call, which was a relief. Breakfast was simple but fresh, with good coffee and pastries. We stayed three nights, and honestly it felt too short--we would gladly return for a longer visit.",1,custom_review-luna-gpt,long,positive,structured,zero_shot,long_positive_structured_zero_shot,17,622,102,700,1,1,1.0,12,2026-09-01T16:47:41.063223+00:00
fake,ambassador,Hotel,"Our stay at Hotel Ambassador was genuinely worth the price, especially given the central location and the comfort of the room. We had a higher-floor room with a lovely view over the city rooftops and distant hills, which was especially nice with morning coffee. The staff were warm, professional, and quick to help with restaurant suggestions and a taxi arrangement. Check-in was smooth, and housekeeping kept everything spotless. The Wi-Fi worked reliably throughout our stay, including in the room, so I could handle a short work call without interruption. Breakfast was fresh and varied, although the dining area became a little busy at peak time. Overall, a very pleasant and well-managed hotel.",1,custom_review-luna-gpt,long,positive,structured,zero_shot,long_positive_structured_zero_shot,18,699,112,700,1,1,1.0,12,2026-09-01T16:47:45.148978+00:00
fake,conrad,Hotel,"Conrad delivered a polished, relaxing stay from check-in to departure. My room felt fresh and thoughtfully designed, with modern lighting, comfortable furnishings, and none of the dated, overly formal decor I sometimes expect from large luxury hotels. The bed was excellent--supportive mattress, crisp linens, and blackout curtains that helped me sleep deeply both nights. Despite being in a busy area, the room was impressively quiet; I barely heard hallway traffic or street noise. Wi-Fi connected quickly and stayed reliable enough for video calls and streaming without interruptions. Staff were warm and efficient, and the breakfast had plenty of quality options. I would gladly stay here again.",1,custom_review-luna-gpt,long,positive,structured,zero_shot,long_positive_structured_zero_shot,19,699,106,700,1,1,1.0,12,2026-09-01T16:47:49.312410+00:00
fake,fairmont,Hotel,"Our stay at the Fairmont was excellent from check-in to departure. Our room overlooked the river and skyline, and the evening lights made it especially relaxing to sit by the window with a drink. The bed was wonderfully comfortable, with good pillows and effective blackout curtains, so we slept deeply despite being in the city. Breakfast offered plenty of choice, including fresh fruit, pastries, eggs made to order, and strong coffee; the staff kept everything replenished without being intrusive. The location was also ideal--close enough to walk to shops, restaurants, and major attractions, while still feeling calm once back at the hotel. Service throughout was warm and polished.",1,custom_review-luna-gpt,long,positive,structured,zero_shot,long_positive_structured_zero_shot,20,687,108,700,1,1,1.0,12,2026-09-01T16:47:55.539205+00:00
fake,hardrock,Hotel,"Hard Rock was a great choice for our weekend stay and felt worth the price, especially given the central location, stylish rooms, and friendly service. Our room was spotless, with a comfortable bed and blackout curtains that made it easy to sleep deeply. Although the lobby and pool area had a lively atmosphere, we barely heard any noise once our door was closed. Breakfast had a good mix of fresh fruit, pastries, eggs, bacon, and made-to-order coffee; it was busy but staff kept everything replenished. The music-themed details were fun without being overdone, and check-in was quick. I would happily stay here again.",1,custom_review-luna-gpt,long,positive,structured,zero_shot,long_positive_structured_zero_shot,21,620,103,700,1,1,1.0,12,2026-09-01T16:48:00.202902+00:00
fake,hilton,Hotel,"I had a very pleasant stay at the Hilton and would happily return. My room was on a higher floor, with a lovely view over the city lights and nearby rooftops, especially nice at sunset. Despite being close to busy streets, the room was surprisingly quiet at night; I barely heard any traffic or hallway noise. Breakfast offered plenty of choice, including fresh fruit, pastries, eggs, hot dishes, and good coffee, with staff keeping everything well stocked. The location was one of the best parts--restaurants, shops, and public transport were all within an easy walk, so getting around was effortless. The room was clean, comfortable, and well maintained, and the team at reception were welcoming and efficient.",1,custom_review-luna-gpt,long,positive,structured,zero_shot,long_positive_structured_zero_shot,22,712,117,700,1,1,1.0,12,2026-09-01T16:48:05.393171+00:00
fake,homewood,Hotel,"I had a very pleasant stay at Homewood. My room was spotless when I arrived, including the bathroom and kitchenette, and housekeeping kept everything tidy throughout the visit. The staff were consistently warm and helpful, from the quick check-in to answering a question about nearby restaurants. The decor isn't ultra-modern, but it felt clean, comfortable, and thoughtfully maintained rather than dated. I especially appreciated the roomy layout and the quiet nights, which made it easy to relax after a busy day. Breakfast was convenient and had enough variety to get me started each morning. Considering the space, service, and overall cleanliness, I felt the price was fair and definitely worth it.",1,custom_review-luna-gpt,long,positive,structured,zero_shot,long_positive_structured_zero_shot,23,703,111,700,1,1,1.0,12,2026-09-01T16:48:10.364806+00:00
fake,hyatt,Hotel,"Our stay at the Hyatt felt well worth the price, especially considering the spacious room, comfortable bed, and reliable service throughout the weekend. The decor was fresh and modern without being overly trendy; the lobby had warm lighting and tasteful local artwork that made it feel welcoming. We had a higher-floor room overlooking the river and downtown skyline, and the evening view was a highlight. Every staff member we encountered was polite, attentive, and genuinely helpful, from the quick check-in to the concierge's restaurant suggestions. Breakfast was a little pricey, but it was convenient and nicely prepared. I would gladly stay here again for a city visit.",1,custom_review-luna-gpt,long,positive,structured,zero_shot,long_positive_structured_zero_shot,24,675,107,700,1,1,1.0,12,2026-09-01T16:48:15.468658+00:00
fake,intercontinental,Hotel,"I stayed at the InterContinental for a long weekend and came away genuinely impressed. The lobby is busy but elegant, and the front desk team made check-in easy even though we arrived earlier than expected. Our room was quiet, very clean, and had a comfortable bed with excellent blackout curtains--always a plus in the city. I also appreciated the little things, like plenty of outlets near the desk and fresh water replaced each day. The location made it simple to walk to restaurants, shopping, and a few museums without relying on taxis. Breakfast was a bit pricey, but the service was attentive and the coffee was good. The concierge gave us a useful dinner recommendation that ended up being the highlight of our trip. I would happily stay here again.",1,custom_review-luna-gpt,long,positive,unstructured,few_shot,long_positive_unstructured_few_shot,0,757,130,700,1,1,1.0,12,2026-09-01T16:48:21.154834+00:00
fake,james,Hotel,"I stayed at the James for a quick Chicago weekend and was pleasantly surprised by how relaxed it felt despite being right in the middle of everything. Check-in was friendly and efficient, and the front desk gave us a couple of solid dinner suggestions that were actually nearby. Our room was quiet, nicely designed, and had a very comfortable bed; the blackout curtains were especially appreciated after a late night out. The bathroom was spotless with a great shower and plenty of counter space, which is not always a given in city hotels. We walked to Michigan Avenue, the river, and several restaurants without needing a cab. The lobby can get busy in the evening, but it never felt chaotic. I'd happily stay here again.",1,custom_review-luna-gpt,long,positive,unstructured,few_shot,long_positive_unstructured_few_shot,1,723,125,700,1,1,1.0,12,2026-09-01T16:48:25.998465+00:00
fake,knickerbocker,Hotel,"We stayed at The Knickerbocker for a long weekend and were genuinely impressed. The location is hard to beat--close enough to walk to Times Square, Broadway, and the subway, but the room itself was surprisingly quiet once the door was closed. Our king room was comfortable, spotless, and had a great city view, with a very good bed and plenty of space for luggage. Everyone we encountered, from the front desk to the doormen, was warm and efficient without being overly formal. The rooftop bar was a highlight; it is busy, but the views made an evening drink worthwhile. Breakfast downstairs was also better than expected, especially the coffee. It is definitely a lively Midtown hotel, but it felt polished and relaxing after a full day out.",1,custom_review-luna-gpt,long,positive,unstructured,few_shot,long_positive_unstructured_few_shot,2,742,127,700,1,1,1.0,12,2026-09-01T16:48:31.879247+00:00
fake,monaco,Hotel,"Hotel Monaco was a great base for a long weekend downtown. The lobby has a fun, slightly quirky style without feeling overdone, and the front desk team was genuinely warm when we arrived early and needed somewhere to leave our bags. Our room was quiet, very clean, and had surprisingly comfortable pillows; I slept better than I usually do in hotels. We also appreciated the little touches, like the evening wine hour and coffee available in the morning. The location made it easy to walk to restaurants, museums, and the river, so we barely used a cab. The bathroom was a bit compact, but the water pressure was excellent and everything worked well. I'd happily stay here again.",1,custom_review-luna-gpt,long,positive,unstructured,few_shot,long_positive_unstructured_few_shot,3,679,118,700,1,1,1.0,12,2026-09-01T16:48:36.869785+00:00
fake,omni,Hotel,"We stayed at the Omni for a long weekend and were pleasantly surprised by how easy everything felt. The front desk had us checked in quickly, even with a busy lobby, and pointed us toward a great breakfast spot a few blocks away. Our room was quiet, very clean, and larger than expected, with a comfortable sitting area where we could unwind after walking around the city all day. The bed was excellent and the blackout curtains actually kept the morning light out. Housekeeping was attentive without being intrusive. The location made it simple to get to shops, restaurants, and transit on foot. The lobby can get lively in the evening, but it never affected our room. Would happily return.",1,custom_review-luna-gpt,long,positive,unstructured,few_shot,long_positive_unstructured_few_shot,4,691,120,700,1,1,1.0,12,2026-09-01T16:48:41.806058+00:00
fake,palmer,Hotel,"Hotel Palmer was a very pleasant surprise for our weekend stay. The lobby has a relaxed, slightly old-fashioned character, but everything felt well cared for and clean. Our room was quiet despite facing the street, with a comfortable bed, good blackout curtains, and enough outlets near the desk and bedside tables, which I always appreciate. The bathroom was compact but spotless, and the shower had excellent water pressure. Check-in was friendly and efficient; the front desk person even pointed us toward a nearby breakfast spot that became our favorite. Location made getting around easy, with shops and restaurants within a short walk. The only small drawback was that the elevator took a little while during the morning rush. Otherwise, it was an easy, comfortable stay, and I'd happily book Hotel Palmer again.",1,custom_review-luna-gpt,long,positive,unstructured,few_shot,long_positive_unstructured_few_shot,5,818,132,700,1,1,1.0,12,2026-09-01T16:48:48.248014+00:00
fake,sheraton,Hotel,"I had a very comfortable stay at the Sheraton and would happily return. The lobby was busy when I arrived, but the front desk team kept things moving and even pointed me toward a quieter elevator bank. My room was clean, well laid out, and had a surprisingly comfortable bed; I slept better than I usually do in hotels. The workspace was useful for catching up on emails, and the shower had great water pressure. Breakfast downstairs was fresh and had enough variety for a couple of mornings without getting boring. I also appreciated that housekeeping was attentive without knocking at inconvenient times. The location made it easy to get around, whether I was heading to meetings or looking for dinner nearby. It is a polished, dependable hotel with genuinely friendly service.",1,custom_review-luna-gpt,long,positive,unstructured,few_shot,long_positive_unstructured_few_shot,6,779,132,700,1,1,1.0,12,2026-09-01T16:48:55.684083+00:00
fake,sofitel,Hotel,"We had a lovely two-night stay at the Sofitel and it felt like a real treat without being stuffy. The lobby was busy when we arrived, but check-in was warm and efficient, and the receptionist made sure we had a quiet room away from the elevators. Our room was spotless, with an extremely comfortable bed, blackout curtains, and a surprisingly good view over the city. I also appreciated the little things: proper coffee, plenty of outlets by the desk, and robes that were actually soft. Breakfast was excellent, especially the pastries and fresh fruit, though it gets crowded after 9. The concierge pointed us toward a nearby bistro we never would have found ourselves. Service was consistently friendly. I'd happily return.",1,custom_review-luna-gpt,long,positive,unstructured,few_shot,long_positive_unstructured_few_shot,7,724,121,700,1,1,1.0,12,2026-09-01T16:49:00.871628+00:00
fake,swissotel,Hotel,"I had a very pleasant stay at Swissotel and would happily return. The lobby was busy when I arrived, but check-in was handled efficiently and the front desk staff were warm without being overly formal. My room was on a higher floor with a great city view, and it was quiet enough to sleep well despite the central location. Everything felt clean and well maintained, especially the bathroom, which had good water pressure and plenty of counter space. The bed was comfortable, and I appreciated having a proper desk since I needed to catch up on work. Breakfast had a nice range of fresh options, though it got crowded around 9. The location made it easy to walk to restaurants and attractions. Overall, a polished, comfortable hotel with genuinely helpful service.",1,custom_review-luna-gpt,long,positive,unstructured,few_shot,long_positive_unstructured_few_shot,8,764,131,700,1,1,1.0,12,2026-09-01T16:49:09.825528+00:00
fake,talbott,Hotel,"I had a lovely stay at the Talbott during a quick weekend in Chicago. The location is hard to beat--quiet enough at night but only a short walk from Michigan Avenue, restaurants, and the lake. My room felt more like a comfortable apartment than a typical city hotel room, with plenty of space to unpack and a very good bed. Everyone at the front desk was warm and efficient, especially when I asked for a late checkout and a nearby breakfast recommendation. The building has an older, classic feel, but it was clean and well maintained rather than dated. I also appreciated that the elevators were quick and the room was surprisingly quiet despite the central location. I would happily stay here again.",1,custom_review-luna-gpt,long,positive,unstructured,few_shot,long_positive_unstructured_few_shot,9,702,123,700,1,1,1.0,12,2026-09-01T16:49:14.752949+00:00
fake,affinia,Hotel,"I stayed at Affinia for a long weekend and came away pleasantly surprised by how comfortable it felt for a city hotel. My room was quiet, especially at night, with a good-sized sitting area, a useful desk, and a kitchenette that made morning coffee and snacks much easier. The bed was excellent and the housekeeping staff kept everything spotless without being intrusive. Front desk staff were friendly when I arrived early and held my bags until the room was ready, then pointed me toward a couple of nearby restaurants that turned out to be great choices. The location made getting around simple, whether I was walking to meetings or hopping in a cab. The decor is a little dated in spots, but it was warm, clean, and well maintained. I'd happily stay again.",1,custom_review-luna-gpt,long,positive,unstructured,few_shot,long_positive_unstructured_few_shot,10,760,133,700,1,1,1.0,12,2026-09-01T16:49:19.776252+00:00
fake,allegro,Hotel,"Hotel Allegro was a great base for a long weekend downtown. The lobby has a fun, theatrical feel without being overdone, and the front desk team was genuinely friendly when we arrived late after a delayed flight. Our room was compact but thoughtfully arranged, with a very comfortable bed, good blackout curtains, and enough outlets near the desk to get some work done. I also appreciated that it was quiet at night despite being so close to the theaters and restaurants. We walked to the river, the Loop, and several shows with no trouble. The only minor issue was that the bathroom counter space was limited, but everything was spotless and well maintained. I'd happily stay here again for the location and welcoming service.",1,custom_review-luna-gpt,long,positive,unstructured,few_shot,long_positive_unstructured_few_shot,11,727,124,700,1,1,1.0,12,2026-09-01T16:49:24.647734+00:00
fake,amalfi,Hotel,"Hotel Amalfi was a lovely base for our weekend in Rome. The building has plenty of character, but the room felt fresh, spotless, and surprisingly quiet once the windows were closed. We had a small balcony overlooking the street, which was perfect for a coffee before heading out each morning. Breakfast was simple but well stocked, with good pastries, fruit, eggs, and staff who kept everything moving without hovering. The front desk team was especially kind when our train arrived late; they checked us in quickly and marked a few nearby trattorias on a map. The location made it easy to walk to the Colosseum and Monti, while the metro was close enough for longer trips. Our only minor note is that the elevator is tiny, but that is part of staying in an older central building. We would happily return.",1,custom_review-luna-gpt,long,positive,unstructured,few_shot,long_positive_unstructured_few_shot,12,806,141,700,1,1,1.0,12,2026-09-01T16:49:30.041529+00:00
fake,ambassador,Hotel,"I stayed at the Ambassador for a long weekend and came away pleasantly surprised by how easy everything felt. The front desk team was friendly without being overly formal, and they had us checked in quickly even though we arrived earlier than expected. Our room was quiet, very clean, and had enough space to spread out rather than living out of a suitcase. I especially appreciated the comfortable bed and the strong water pressure in the shower after a full day walking around town. Breakfast was simple but fresh, with good coffee and plenty of options before heading out. The location made it easy to get to restaurants and nearby attractions on foot. A couple of areas show the building's age, but it was well maintained and added some character. I would happily stay here again.",1,custom_review-luna-gpt,long,positive,unstructured,few_shot,long_positive_unstructured_few_shot,13,784,136,700,1,1,1.0,12,2026-09-01T16:49:35.321958+00:00
fake,conrad,Hotel,"I had a very pleasant stay at the Conrad and would happily return. The lobby felt polished without being stuffy, and the front desk team made check-in easy even though I arrived later than planned. My room was quiet, beautifully kept, and had a comfortable bed that made it difficult to get up for an early meeting. I also appreciated the small details: plenty of outlets by the desk, good water pressure, and blackout curtains that actually worked. Breakfast was fresh and the staff remembered my coffee order on the second morning, which was a nice touch. The location made it simple to walk to restaurants and nearby attractions. It is definitely a higher-end hotel, but the service and overall comfort made the price feel justified.",1,custom_review-luna-gpt,long,positive,unstructured,few_shot,long_positive_unstructured_few_shot,14,736,126,700,1,1,1.0,12,2026-09-01T16:49:41.524905+00:00
fake,fairmont,Hotel,"We had a lovely weekend at the Fairmont and were impressed from the moment the doorman helped with our bags in the rain. Our room was quiet, beautifully maintained, and had a comfortable bed that made it difficult to get moving in the morning. I especially appreciated the blackout curtains and the good water pressure--small things, but they matter after a long day out. The lobby felt polished without being stuffy, and the concierge gave us a few genuinely useful restaurant suggestions rather than the usual tourist list. Breakfast was a little pricey, though the service was prompt and the coffee excellent. The location also made it easy to walk almost everywhere we wanted to go. We would happily return.",1,custom_review-luna-gpt,long,positive,unstructured,few_shot,long_positive_unstructured_few_shot,15,711,120,700,1,1,1.0,12,2026-09-01T16:49:46.774511+00:00
fake,hardrock,Hotel,"We had a really fun weekend at Hard Rock. The lobby has the music-and-memorabilia vibe you expect, but it never felt overdone, and the front desk team got us checked in quickly despite a busy Friday evening. Our room was spotless, comfortable, and surprisingly quiet once the door was closed. The bed was excellent, and I appreciated having enough outlets and counter space to actually unpack a little. We grabbed drinks at the bar one night and the bartender was friendly without rushing us. Location was also convenient for walking to restaurants and nearby attractions. The pool area got crowded in the afternoon, so go earlier if you want a lounger, but that was the only small downside. I'd happily stay here again.",1,custom_review-luna-gpt,long,positive,unstructured,few_shot,long_positive_unstructured_few_shot,16,720,123,700,1,1,1.0,12,2026-09-01T16:49:51.560174+00:00
fake,hilton,Hotel,"I had a very comfortable three-night stay at the Hilton while in town for work. The lobby was busy in the evenings, but check-in was handled quickly and the front desk team was genuinely pleasant, even when I arrived later than planned. My room was quiet, clean, and had a good-sized desk where I could actually get some work done. The bed was excellent and the blackout curtains made it easy to sleep in after a long day. Breakfast had more variety than I expected, with fresh fruit, eggs, pastries, and decent coffee. I also appreciated having a gym that was clean and not overcrowded early in the morning. The location made getting around simple. I would happily stay here again.",1,custom_review-luna-gpt,long,positive,unstructured,few_shot,long_positive_unstructured_few_shot,17,682,121,700,1,1,1.0,12,2026-09-01T16:49:56.665805+00:00
fake,homewood,Hotel,"We stayed at Homewood for a long weekend and it worked out better than expected. Our suite was clean, quiet, and genuinely useful with the small kitchen, full-size fridge, and enough counter space to make breakfast before heading out. The bed was comfortable, and the separate sitting area gave us room to relax without feeling like we were living out of suitcases. Staff at the front desk were friendly every time we came through and quickly brought up extra towels when we asked. Breakfast was simple but fresh, with hot items, fruit, coffee, and plenty of seating. Parking was easy, and the location made it convenient to get around. A little hallway noise one morning, but nothing that spoiled the stay. We would happily return.",1,custom_review-luna-gpt,long,positive,unstructured,few_shot,long_positive_unstructured_few_shot,18,732,125,700,1,1,1.0,12,2026-09-01T16:50:02.247796+00:00
fake,hyatt,Hotel,"I stayed at the Hyatt for a quick weekend in town and came away pleasantly impressed. The lobby was busy when I arrived, but the front desk handled the line efficiently and even pointed me toward a nearby coffee shop while my room was being finalized. My room was on a higher floor, quiet at night, with a comfortable bed, useful desk, and plenty of outlets for charging everything. The bathroom was spotless and the water pressure was better than expected. Breakfast downstairs was not cheap, but the buffet had enough fresh options to make it convenient. I also appreciated that the elevators were quick, which sounds minor until you are rushing out for a meeting. Staff throughout the hotel were friendly without being overly formal. I would happily book here again.",1,custom_review-luna-gpt,long,positive,unstructured,few_shot,long_positive_unstructured_few_shot,19,769,132,700,1,1,1.0,12,2026-09-01T16:50:08.457706+00:00
fake,intercontinental,Hotel,"We stayed at the InterContinental for a long weekend and came away genuinely impressed. The lobby was busy when we arrived, but the front desk handled check-in smoothly and even pointed us toward a quieter elevator bank. Our room felt polished without being stuffy, with a very comfortable bed, good blackout curtains, and enough desk space for me to catch up on work. Housekeeping was consistent and never intrusive. Breakfast was the one splurge we made, and it was worth it for the fresh pastries and attentive service. The location also made it easy to walk to restaurants and nearby sights. Prices are definitely on the higher side, but the level of comfort and care made the stay feel worthwhile.",1,custom_review-luna-gpt,long,positive,unstructured,few_shot,long_positive_unstructured_few_shot,20,702,120,700,1,1,1.0,12,2026-09-01T16:50:15.078291+00:00
fake,james,Hotel,"Stayed at the James for a long weekend and came away really impressed. The location made it easy to walk to restaurants, shops, and the lake, but the room was quiet once we were upstairs. Our king room felt thoughtfully laid out, with a comfortable chair by the window, a useful desk, and plenty of outlets for phones and laptops. The bed was excellent--firm enough for me, with soft sheets and great pillows. I also appreciated the rainfall shower and the quality toiletries, which felt like a small upgrade over most city hotels. Everyone at the front desk was warm without being overly formal, and they helped us find a late-night dinner spot nearby. The lobby has a polished, relaxed feel. I'd gladly stay here again.",1,custom_review-luna-gpt,long,positive,unstructured,few_shot,long_positive_unstructured_few_shot,21,721,126,700,1,1,1.0,12,2026-09-01T16:50:20.167351+00:00
fake,knickerbocker,Hotel,"Stayed at The Knickerbocker for a long weekend and it was a great base for the city. The location just off Times Square is obviously busy, but once we were inside the hotel it felt surprisingly calm and polished. Our room was comfortable, very clean, and quiet enough to get real sleep, which I did not expect in this part of Manhattan. The staff at the desk were warm without being overly formal and helped us arrange a late checkout when our train was delayed. We also had drinks at the rooftop bar one evening; the views and atmosphere were worth it, even if prices were typical for the area. Elevators were a little slow during the morning rush, but that was the only small annoyance. I'd gladly stay here again.",1,custom_review-luna-gpt,long,positive,unstructured,few_shot,long_positive_unstructured_few_shot,22,716,131,700,1,1,1.0,12,2026-09-01T16:50:25.486850+00:00
fake,monaco,Hotel,"Hotel Monaco was a great choice for a weekend downtown. The lobby has a fun, slightly quirky style without feeling overdone, and the front desk team was genuinely warm when we arrived early with our bags. Our room was quiet, very clean, and had a comfortable bed with plenty of pillows; I also appreciated the large windows and the little sitting area by the desk. We walked to restaurants, shops, and the theater in just a few minutes, which made it easy to come back and rest between plans. Coffee in the morning was a nice touch. The elevator was a little slow during the busy evening rush, but that was the only minor inconvenience. I'd happily stay here again.",1,custom_review-luna-gpt,long,positive,unstructured,few_shot,long_positive_unstructured_few_shot,23,665,120,700,1,1,1.0,12,2026-09-01T16:50:31.566901+00:00
fake,omni,Hotel,"Stayed at the Omni Chicago for a long weekend and was pleasantly surprised by how comfortable the suite felt after busy days downtown. Our room had a separate sitting area, plenty of outlets, and windows overlooking Michigan Avenue, so it was easy to relax before heading back out. The bed was excellent, and housekeeping kept everything spotless without ever being intrusive. Front desk staff were friendly and efficient, even when we arrived earlier than expected, and the concierge pointed us toward a couple of nearby restaurants we genuinely enjoyed. The location is hard to beat for shopping, walking to the lake, and catching a cab when the weather turned. The lobby can get lively in the evening, but our room stayed quiet. I'd happily book here again.",1,custom_review-luna-gpt,long,positive,unstructured,few_shot,long_positive_unstructured_few_shot,24,760,127,700,1,1,1.0,12,2026-09-01T16:50:36.930958+00:00
fake,palmer,Hotel,"Hotel Palmer was a really pleasant surprise. The lobby has a warm, slightly vintage feel, and the front desk team made check-in quick even though we arrived later than planned. Our room was spotless, with a comfortable bed, good blackout curtains, and enough space to unpack without living out of a suitcase. I also appreciated the strong Wi-Fi and quiet air conditioning--small things that make a stay much easier. Breakfast was fresh and well stocked, especially the coffee and pastries. The location worked well for walking to nearby restaurants, and parking was simpler than expected. It is not an ultra-luxury place, but everything felt cared for and welcoming. I would happily stay here again.",1,custom_review-luna-gpt,long,positive,unstructured,zero_shot,long_positive_unstructured_zero_shot,0,699,114,700,1,1,1.0,12,2026-09-01T16:50:42.267117+00:00
fake,sheraton,Hotel,"I had a genuinely relaxing stay at the Sheraton. Check-in was quick, and the front desk team was warm and helpful when I asked about nearby restaurants. My room was spotless, with a very comfortable bed, strong water pressure in the shower, and enough workspace to catch up on emails without feeling cramped. I also appreciated how quiet the floor was at night despite the hotel being busy. Breakfast had plenty of choices, including fresh fruit, pastries, and made-to-order eggs. The lobby bar was a nice spot for a late drink after a long day. The location made getting around easy, too. A few furnishings showed minor wear, but nothing that affected the experience. I would happily stay here again.",1,custom_review-luna-gpt,long,positive,unstructured,zero_shot,long_positive_unstructured_zero_shot,1,701,120,700,1,1,1.0,12,2026-09-01T16:50:47.198928+00:00
fake,sofitel,Hotel,"I had a genuinely lovely stay at Sofitel. From the moment I arrived, the staff were warm without being overly formal, and check-in was quick even though the lobby was busy. My room felt polished and comfortable, with a very good bed, crisp linens, and a quiet view that made it easy to unwind after a long day. The bathroom was especially nice, with quality toiletries and strong water pressure. Breakfast had plenty of choice, including fresh pastries, fruit, and made-to-order eggs. I also appreciated how attentive the concierge was when recommending nearby restaurants. The hotel feels elegant but still relaxed, and every interaction left a good impression. I would happily return.",1,custom_review-luna-gpt,long,positive,unstructured,zero_shot,long_positive_unstructured_zero_shot,2,686,112,700,1,1,1.0,12,2026-09-01T16:50:55.065291+00:00
fake,swissotel,Hotel,"I had a really pleasant stay at Swissotel and would happily return. Check-in was quick, and the receptionist took the time to explain the breakfast hours and nearby transport options. My room was spotless, quiet at night, and had a comfortable bed with crisp linens. I especially appreciated the city view and the little touches like quality toiletries and plenty of charging points by the desk. Breakfast was busy but well organized, with fresh fruit, eggs, pastries, and good coffee. The gym was also better equipped than I expected for a hotel. A couple of elevators were slow during the morning rush, but that was a minor issue. Overall, the staff were warm, the facilities felt well maintained, and the location made getting around very easy.",1,custom_review-luna-gpt,long,positive,unstructured,zero_shot,long_positive_unstructured_zero_shot,3,747,126,700,1,1,1.0,12,2026-09-01T16:50:59.630459+00:00
fake,talbott,Hotel,"I had a really pleasant stay at the Talbott. The location was perfect for walking around the neighborhood, with plenty of restaurants, shops, and coffee nearby, yet the hotel itself felt quiet once we were back in the room. Our room was clean, comfortable, and surprisingly spacious, with a great bed and thoughtful little touches that made it feel more polished than a typical city hotel. Everyone at the front desk was warm and helpful, especially when we asked for dinner recommendations. The lobby has a classic, welcoming feel without being stuffy. Valet was convenient, although a little pricey, which is probably expected for the area. Overall, it was an easy, comfortable experience and I would happily stay again.",1,custom_review-luna-gpt,long,positive,unstructured,zero_shot,long_positive_unstructured_zero_shot,4,722,119,700,1,1,1.0,12,2026-09-01T16:51:11.370327+00:00
fake,affinia,Hotel,"I had a really pleasant stay at Affinia and would happily return. The location made it easy to get around, but the room was surprisingly quiet at night, which I appreciated after long days in the city. My room felt spacious for New York, with a comfortable bed, a small kitchenette area, and enough storage that I didn't have to live out of my suitcase. The front desk team was friendly and gave useful restaurant suggestions without being pushy. Housekeeping was consistent, and everything was clean and well maintained. The lobby has a relaxed, welcoming feel rather than the usual rushed hotel atmosphere. It's not ultra-luxury, but it was comfortable, convenient, and genuinely good value.",1,custom_review-luna-gpt,long,positive,unstructured,zero_shot,long_positive_unstructured_zero_shot,5,693,115,700,1,1,1.0,12,2026-09-01T16:51:15.732971+00:00
fake,allegro,Hotel,"Hotel Allegro was a really pleasant surprise. The location made it easy to walk to restaurants and shops, yet the room was quiet once the windows were closed. Check-in was friendly and efficient, and the front desk gave us a few genuinely useful local recommendations instead of a generic map. Our room was spotless, with a comfortable bed, strong shower pressure, and enough space to unpack without feeling cramped. Breakfast had a nice mix of fresh fruit, pastries, eggs, and good coffee, and the dining area never felt chaotic. We also appreciated being able to leave our bags after checkout. A couple of furnishings showed minor wear, but nothing that affected our stay. I'd happily return for another city break.",1,custom_review-luna-gpt,long,positive,unstructured,zero_shot,long_positive_unstructured_zero_shot,6,717,120,700,1,1,1.0,12,2026-09-01T16:51:20.510448+00:00
fake,amalfi,Hotel,"Hotel Amalfi was a lovely base for our weekend. The location made it easy to walk to cafes, shops, and the waterfront, yet our room was surprisingly quiet at night. We had a bright, spotless room with a very comfortable bed and good air conditioning, which was appreciated after long days out. Breakfast was simple but fresh, with pastries, fruit, eggs, and decent coffee. The front desk team really made the stay: they were warm, efficient, and gave us excellent restaurant suggestions without being pushy. The bathroom was a little compact, and the elevator can be slow during busy morning hours, but neither issue affected our overall experience. I'd happily stay here again.",1,custom_review-luna-gpt,long,positive,unstructured,zero_shot,long_positive_unstructured_zero_shot,7,678,113,700,1,1,1.0,12,2026-09-01T16:51:24.963037+00:00
fake,ambassador,Hotel,"I had a very pleasant stay at Hotel Ambassador. The location made it easy to walk to nearby shops and restaurants, yet the room was quiet at night. Check-in was quick, and the front desk staff were genuinely friendly when I asked for directions and a late checkout. My room was clean, comfortable, and had a surprisingly good amount of space for a city hotel. The bed was excellent, with crisp linens and plenty of pillows, so I slept better than expected. Breakfast had enough variety to start the day well, including fresh fruit, pastries, eggs, and good coffee. A few parts of the decor feel slightly dated, but everything was well maintained. I would happily stay here again.",1,custom_review-luna-gpt,long,positive,unstructured,zero_shot,long_positive_unstructured_zero_shot,8,679,119,700,1,1,1.0,12,2026-09-01T16:51:29.649325+00:00
fake,conrad,Hotel,"We had a really enjoyable stay at the Conrad. The room felt modern and calm, with a very comfortable bed, blackout curtains, and a spotless bathroom with great water pressure. I appreciated the little details, like plenty of outlets by the bed and complimentary water refreshed each day. Staff were consistently friendly without being intrusive; the concierge gave us excellent dinner suggestions and helped arrange a car quickly. Breakfast was a highlight, with fresh pastries, made-to-order eggs, and attentive service even during the busy morning rush. The location made it easy to walk to nearby shops and restaurants. The only minor issue was a short wait for the elevator at peak times, but it hardly affected the experience. Would happily return.",1,custom_review-luna-gpt,long,positive,unstructured,zero_shot,long_positive_unstructured_zero_shot,9,753,121,700,1,1,1.0,12,2026-09-01T16:51:35.104493+00:00
fake,fairmont,Hotel,"I had a genuinely lovely stay at the Fairmont. Check-in was quick, and the front desk team made us feel welcome without being overly formal. Our room was spotless, quiet, and had a very comfortable bed with great pillows; I slept better than I do at home. The view from the window was a nice bonus, especially in the evening. Breakfast was fresh with plenty of choices, and the coffee was surprisingly good. The lobby and common areas felt elegant but still relaxed, not stuffy. We also appreciated how helpful the concierge was when suggesting nearby restaurants. It is definitely not the cheapest option, but the service, comfort, and overall attention to detail made it feel worth it.",1,custom_review-luna-gpt,long,positive,unstructured,zero_shot,long_positive_unstructured_zero_shot,10,687,118,700,1,1,1.0,12,2026-09-01T16:51:40.173017+00:00
fake,hardrock,Hotel,"We had a fantastic stay at Hard Rock. The room was spotless, modern, and surprisingly quiet considering how lively the property felt downstairs. Our balcony view was a nice bonus, especially at sunset. Staff at check-in were friendly and gave us helpful recommendations for nearby restaurants and shows without being pushy. The pool area had a great atmosphere, with good music and plenty of loungers when we went in the morning. Breakfast was a little pricey, but the portions were generous and service was quick. I also appreciated the comfortable bed and blackout curtains after a long day out. A few elevators were busy around checkout, but that was a minor inconvenience. Would happily stay here again.",1,custom_review-luna-gpt,long,positive,unstructured,zero_shot,long_positive_unstructured_zero_shot,11,707,117,700,1,1,1.0,12,2026-09-01T16:51:45.460876+00:00
fake,hilton,Hotel,"Really enjoyed my stay at the Hilton. Check-in was quick even though I arrived late, and the front desk agent was friendly and gave me clear directions to the elevators and breakfast area. My room was spotless, with a comfortable bed, good blackout curtains, and enough outlets near the desk to work without hunting around. The bathroom had strong water pressure and plenty of towels. I also appreciated how quiet the floor was overnight; I slept better than I expected in a busy hotel. Breakfast had fresh fruit, eggs, pastries, and decent coffee, so it was easy to get moving in the morning. The lobby felt welcoming and well maintained. Parking was a little pricey, but overall the service and comfort made it worthwhile.",1,custom_review-luna-gpt,long,positive,unstructured,zero_shot,long_positive_unstructured_zero_shot,12,724,124,700,1,1,1.0,12,2026-09-01T16:51:50.579618+00:00
fake,homewood,Hotel,"I had a very comfortable stay at Homewood and would happily book again. The suite was clean, quiet, and had enough space to actually relax after a long day. I especially appreciated the small kitchen area, which made it easy to keep drinks and snacks on hand instead of eating out for every meal. The bed was comfortable, the shower had good water pressure, and housekeeping kept everything tidy. Breakfast was better than expected, with hot options as well as fruit, yogurt, and coffee that was ready early. The front desk staff were friendly and gave helpful local recommendations without being overly formal. Parking was straightforward, and the overall property felt well maintained. It was a reliable, welcoming place to stay.",1,custom_review-luna-gpt,long,positive,unstructured,zero_shot,long_positive_unstructured_zero_shot,13,731,121,700,1,1,1.0,12,2026-09-01T16:51:55.139582+00:00
fake,hyatt,Hotel,"I had a really pleasant stay at the Hyatt and would happily return. Check-in was quick, and the front desk team was warm without being overly formal. My room was spotless, quiet at night, and had a comfortable bed with plenty of pillows. I also appreciated the small details, like good water pressure in the shower, blackout curtains, and enough outlets near the desk to work easily. Breakfast had a nice range of fresh fruit, pastries, eggs, and coffee that was actually decent. The location made it simple to get around, and staff gave helpful restaurant suggestions nearby. The lobby felt busy but relaxed, and overall the hotel was well maintained. It was not the cheapest option, but the service and comfort made it feel worth it.",1,custom_review-luna-gpt,long,positive,unstructured,zero_shot,long_positive_unstructured_zero_shot,14,735,127,700,1,1,1.0,12,2026-09-01T16:52:00.267839+00:00
fake,intercontinental,Hotel,"I had a very pleasant stay at the InterContinental. Check-in was smooth, and the receptionist took a moment to explain the breakfast hours and hotel facilities rather than just handing over a key. My room was spotless, quiet, and had a comfortable bed with surprisingly good pillows. The city view from the higher floor was a nice bonus, especially in the evening. Breakfast offered plenty of choices, from fresh fruit and pastries to made-to-order eggs, and the staff kept everything well stocked. I also appreciated how quickly housekeeping responded when I asked for extra water. The location made it easy to walk to nearby restaurants and attractions. Prices are not exactly budget-friendly, but the service, comfort, and overall attention to detail made it feel worthwhile.",1,custom_review-luna-gpt,long,positive,unstructured,zero_shot,long_positive_unstructured_zero_shot,15,778,125,700,1,1,1.0,12,2026-09-01T16:52:14.856459+00:00
fake,james,Hotel,"Hotel James was a really pleasant surprise. The location made it easy to walk to restaurants and shops, but the room itself was quiet enough to get a great night's sleep. Check-in was friendly and quick, and the front desk gave us a couple of useful local recommendations without being pushy. Our room felt clean, modern, and thoughtfully laid out, with a comfortable bed, good water pressure, and plenty of outlets by the desk. I also appreciated the little touches, like decent coffee and enough space to unpack instead of living out of a suitcase. Breakfast was simple but fresh, and the staff kept everything stocked. I'd happily stay here again.",1,custom_review-luna-gpt,long,positive,unstructured,zero_shot,long_positive_unstructured_zero_shot,16,650,111,700,1,1,1.0,12,2026-09-01T16:52:19.589956+00:00
fake,knickerbocker,Hotel,"The Knickerbocker was a great choice for a New York weekend. The location near Times Square is busy, of course, but once we were inside the hotel it felt polished and surprisingly calm. Our room was spotless, comfortable, and well insulated from the street noise; the bed was especially good after long days of walking. Staff at check-in were friendly and gave us helpful subway and restaurant suggestions without being pushy. We also enjoyed a drink at the rooftop bar, where the city views were worth the splurge. Breakfast was a little pricey, but the food and service were both solid. I'd happily stay here again for the convenience, thoughtful service, and classic NYC atmosphere.",1,custom_review-luna-gpt,long,positive,unstructured,zero_shot,long_positive_unstructured_zero_shot,17,685,115,700,1,1,1.0,12,2026-09-01T16:52:32.478195+00:00
fake,monaco,Hotel,"Hotel Monaco was a great choice for a weekend downtown. The lobby has so much character without feeling stuffy, and the front desk team were genuinely warm when we arrived late Friday night. Our room was clean, quiet, and surprisingly spacious, with a comfortable bed and nice little touches like good coffee and plush robes. We walked to restaurants, shops, and the theater, which made the location especially convenient. Breakfast was not included, but the cafe nearby had plenty of options. The only minor issue was that the elevator took a little while during the morning rush. Otherwise, everything felt polished and easy, and I would happily stay here again.",1,custom_review-luna-gpt,long,positive,unstructured,zero_shot,long_positive_unstructured_zero_shot,18,664,110,700,1,1,1.0,12,2026-09-01T16:52:37.620702+00:00
fake,omni,Hotel,"I had a really pleasant stay at the Omni and would happily return. Check-in was quick, and the front desk staff were warm without being overly formal. My room was clean, quiet, and had a comfortable bed with plenty of pillows; I also appreciated the blackout curtains after a long travel day. The bathroom was spotless and the water pressure was better than expected. The lobby and common areas felt polished but still welcoming, and the location made it easy to walk to nearby restaurants and attractions. Breakfast was a little pricey, but the food was fresh and service was attentive. Overall, it felt like a well-run hotel with thoughtful details and genuinely friendly staff.",1,custom_review-luna-gpt,long,positive,unstructured,zero_shot,long_positive_unstructured_zero_shot,19,680,115,700,1,1,1.0,12,2026-09-01T16:52:42.334477+00:00
fake,palmer,Hotel,"Hotel Palmer was a really pleasant surprise for our weekend stay. The lobby has a relaxed, slightly old-school charm, and the front desk team made check-in quick even though we arrived later than planned. Our room was spotless, quiet, and had a comfortable bed with great pillows, which honestly made a difference after a long day out. I also appreciated the little touches like good coffee in the room and plenty of outlets near the desk. The location worked well for walking to restaurants and shops, and we never needed to move the car. Breakfast was simple but fresh, with enough options to start the day. Only minor issue was that the hallway could be a bit warm, but overall we left very satisfied and would happily stay again.",1,custom_review-luna-gpt,long,positive,unstructured,zero_shot,long_positive_unstructured_zero_shot,20,733,129,700,1,1,1.0,12,2026-09-01T16:52:47.994841+00:00
fake,sheraton,Hotel,"I had a very pleasant stay at the Sheraton. Check-in was quick, and the front desk team made me feel welcome after a long day of travel. My room was clean, quiet, and surprisingly spacious, with a comfortable bed and a nice view of the city lights. I also appreciated the little things, like plenty of outlets near the desk and good water pressure in the shower. Breakfast had a solid variety, including fresh fruit, eggs, pastries, and decent coffee. The lobby was busy at times but still felt relaxed, and the staff were always helpful when I had questions. The location made it easy to get around, too. I would happily stay here again.",1,custom_review-luna-gpt,long,positive,unstructured,zero_shot,long_positive_unstructured_zero_shot,21,638,115,700,1,1,1.0,12,2026-09-01T16:52:52.791205+00:00
fake,sofitel,Hotel,"Our stay at Sofitel was genuinely lovely from check-in onward. The lobby felt elegant without being stiff, and the receptionist welcomed us warmly after a long flight. Our room was spotless, quiet, and had a wonderfully comfortable bed with crisp linens; the city view at night was a bonus. Breakfast offered plenty of fresh options, especially the pastries and made-to-order eggs. We also appreciated how attentive the concierge was when arranging a restaurant reservation at short notice. The pool area got busy in the afternoon, but there were still enough loungers and staff came by regularly with towels. It is not the cheapest option, but the service, location, and little touches made it feel worthwhile.",1,custom_review-luna-gpt,long,positive,unstructured,zero_shot,long_positive_unstructured_zero_shot,22,711,115,700,1,1,1.0,12,2026-09-01T16:52:59.032378+00:00
fake,swissotel,Hotel,"Swissotel was a really pleasant surprise. Check-in was quick even though we arrived early evening, and the staff gave us a clear rundown of the facilities without sounding rehearsed. Our room was spotless, quiet, and had a great city view; the bed was especially comfortable after a long day of walking. Breakfast had plenty of fresh options, from fruit and pastries to eggs made to order, and the coffee was better than expected for a hotel buffet. We also used the pool area, which was clean and relaxing, though it got a little busy around midday. The location made it easy to get around by taxi and on foot. I'd happily stay here again.",1,custom_review-luna-gpt,long,positive,unstructured,zero_shot,long_positive_unstructured_zero_shot,23,640,114,700,1,1,1.0,12,2026-09-01T16:53:03.831443+00:00
fake,talbott,Hotel,"The Talbott was a really pleasant surprise for our weekend in Chicago. The location is hard to beat--quiet enough to sleep well, but only a few minutes from Michigan Avenue, restaurants, and the lake. Our room felt classic rather than overly trendy, with a comfortable bed, plenty of space, and a spotless bathroom. I especially appreciated the little touches, like good water pressure and enough outlets near the bed. Everyone at the front desk was warm and helpful, offering directions and storing our bags after checkout without making it feel like a hassle. We also enjoyed coffee in the lobby before heading out each morning. It's not a flashy mega-hotel, which was honestly part of the charm. I'd happily stay here again.",1,custom_review-luna-gpt,long,positive,unstructured,zero_shot,long_positive_unstructured_zero_shot,24,727,122,700,1,1,1.0,12,2026-09-01T16:53:08.828862+00:00
fake,affinia,Hotel,"My stay at Affinia was far below what I expected for the rate. The room looked tired, with scuffed furniture and a weak air conditioner, and the view was mostly a brick wall and fire escapes. Noise was another issue: I could hear doors slamming in the hallway well past midnight and traffic started early in the morning. Wi-Fi technically connected, but it dropped every few minutes and was too slow for a video call. Breakfast was disappointing as well--lukewarm eggs, dry pastries, and coffee that tasted like it had been sitting out for hours. The staff were polite when approached, but no one seemed able to resolve the internet problem. Convenient location aside, I would not choose this hotel again.",1,custom_review-luna-gpt,long,negative,structured,few_shot,long_negative_structured_few_shot,0,705,121,700,1,1,1.0,12,2026-09-01T16:53:13.730301+00:00
fake,allegro,Hotel,"I left Hotel Allegro feeling let down, especially for the rate. The room looked as though it had only been quickly checked: dust sat along the desk edge, there were marks on the mirror, and the carpet had a sticky patch near the bed. The bathroom was cramped and dated, with weak water pressure, a loose shower fixture, and mildew around the tub caulking. Our window faced an alley and a row of service vents, so there was no real view and plenty of early-morning noise. Staff at the desk were curt when I mentioned the cleanliness issues and offered no solution beyond saying housekeeping was busy. The location is convenient, but the room and service did not justify the price.",1,custom_review-luna-gpt,long,negative,structured,few_shot,long_negative_structured_few_shot,1,679,121,700,1,1,1.0,12,2026-09-01T16:53:18.946700+00:00
fake,amalfi,Hotel,"I expected more from Hotel Amalfi, especially for the rate. The room looked as though it had only been tidied in a hurry: dust sat on the bedside table, there were marks on the mirror, and I found a stray hair on the sheets. The bathroom was the biggest letdown, with cracked grout around the tub, weak water pressure, and a lingering damp smell that never went away. Staff at the desk were polite enough but distracted; when I mentioned the bathroom issue, I was told someone would look into it, but nobody did. I had booked three nights and by the second evening the stay already felt much too long. The location was convenient, but it did not make up for the uncomfortable, poorly maintained room.",1,custom_review-luna-gpt,long,negative,structured,few_shot,long_negative_structured_few_shot,2,700,127,700,1,1,1.0,12,2026-09-01T16:53:23.613327+00:00
fake,ambassador,Hotel,"I expected more from the Ambassador given the nightly rate and its reputation. Our room faced the back of the building, so the 'view' amounted to a brick wall, rooftop vents, and early-morning delivery trucks. Inside, the furniture looked tired rather than charming: scratched dark wood, a sagging armchair, and an oddly dated patterned carpet. The bathroom was clean enough, but the water pressure was weak and the air conditioning rattled throughout the night. Staff were polite when we spoke to them, though no one seemed especially interested in resolving the noise issue. We only stayed two nights, and honestly that was plenty; by the second morning I was ready to leave. For this price, it did not feel remotely worth it.",1,custom_review-luna-gpt,long,negative,structured,few_shot,long_negative_structured_few_shot,3,728,122,700,1,1,1.0,12,2026-09-01T16:53:28.850405+00:00
fake,conrad,Hotel,"I expected much more from a Conrad, especially for the rate. The room looked nice at first glance, but the carpet had visible stains, dust sat along the window ledge, and there were hairs in the bedding. The bathroom was cramped and oddly worn, with weak water pressure, a loose faucet handle, and grout that needed serious attention. Staff at check-in barely acknowledged me and seemed annoyed when I asked whether another room was available. Service requests took far too long as well. Noise was another problem: I could hear doors slamming, conversations in the hallway, and traffic well past midnight. The bed was comfortable, but I left feeling disappointed rather than rested.",1,custom_review-luna-gpt,long,negative,structured,few_shot,long_negative_structured_few_shot,4,682,113,700,1,1,1.0,12,2026-09-01T16:53:34.159793+00:00
fake,fairmont,Hotel,"I expected much more from the Fairmont given the nightly rate. Our room faced the parking structure and a sliver of downtown, hardly the city view advertised in the booking photos. Worse, the walls seemed paper-thin: elevator chimes, hallway conversations, and traffic below continued well after midnight. The room itself was tidy but dated, with worn furniture and a bathroom that felt surprisingly small. Staff at the desk were polite but distracted; when I mentioned the noise, they offered earplugs rather than trying to move us. Service at breakfast was slow and our coffee arrived lukewarm. For the price, I expected a calmer room and more attentive hospitality.",1,custom_review-luna-gpt,long,negative,structured,few_shot,long_negative_structured_few_shot,5,668,108,700,1,1,1.0,12,2026-09-01T16:53:38.998655+00:00
fake,hardrock,Hotel,"I expected more from the Hard Rock given the price and branding. Our room looked worn, with scuffed furniture and a bathroom that felt cramped and poorly maintained; the shower curtain smelled damp and the sink drained so slowly it pooled during use. The window faced a parking structure and service area, not the city view advertised in the booking photos, so keeping the curtains open was hardly appealing. At check-in, the front desk agent was distracted and barely acknowledged our concerns about the room. Noise from the hallway and bass from somewhere below continued well after midnight, and the mattress was lumpy enough that I woke up repeatedly. We left tired and disappointed.",1,custom_review-luna-gpt,long,negative,structured,few_shot,long_negative_structured_few_shot,6,687,114,700,1,1,1.0,12,2026-09-01T16:53:45.270008+00:00
fake,hilton,Hotel,"My two-night stay at the Hilton was frustrating from the start. The room overlooked the loading dock and a row of dumpsters, so the advertised city view was really just delivery trucks idling before dawn. Wi-Fi technically connected, but it dropped every few minutes and was unusable for a video call. The room also felt tired, with a noisy air conditioner and stains on the carpet near the desk. I expected the short stay to pass quickly, yet each evening seemed to drag because there was little comfort in returning to the room. Staff at the front desk were polite but dismissive when I mentioned the internet and noise, offering no real solution beyond 'we'll note it.' For the price and Hilton name, this was a disappointing experience.",1,custom_review-luna-gpt,long,negative,structured,few_shot,long_negative_structured_few_shot,7,740,128,700,1,1,1.0,12,2026-09-01T16:53:54.236173+00:00
fake,homewood,Hotel,"I expected more from Homewood given the nightly rate. The room looked tired, with scuffed furniture and a bathroom that never seemed quite clean despite being recently serviced. Noise was the biggest issue: doors slammed along the hallway late into the evening, and I could clearly hear the television and conversations from the room next door. Sleep was difficult even with earplugs, and the lumpy mattress did not help. Wi-Fi technically connected, but it dropped repeatedly and was too slow for a video call. Breakfast was crowded and picked over by 8 a.m. Staff were polite when asked for help, but no real solution was offered. For the price, this stay felt disappointing and not worth repeating.",1,custom_review-luna-gpt,long,negative,structured,few_shot,long_negative_structured_few_shot,8,701,117,700,1,1,1.0,12,2026-09-01T16:53:59.488477+00:00
fake,hyatt,Hotel,"My stay at the Hyatt was frustrating from the start. The room faced a busy intersection, and even on the 18th floor I could hear traffic, sirens, and late-night voices well past midnight. The view was mostly parking garages and office buildings, hardly what I expected for the rate. The mattress felt worn and the air conditioner clicked on and off constantly, so I slept in short stretches rather than actually resting. I booked two nights for a quick break, but by the second morning the stay felt far too long. Staff were polite, but a delayed response to my request for extra towels did not help. The lobby looked nice, yet the room itself felt dated and not worth the price.",1,custom_review-luna-gpt,long,negative,structured,few_shot,long_negative_structured_few_shot,9,679,122,700,1,1,1.0,12,2026-09-01T16:54:04.660372+00:00
fake,intercontinental,Hotel,"I expected more from the InterContinental given the rate and location. The lobby looks polished, but the guest room felt stuck in another decade, with worn carpet, dark wood furniture, and lamps that barely lit the space. Cleanliness was also disappointing: there were crumbs beside the chair, fingerprints on the minibar, and hair in the shower when we arrived. The bathroom was cramped, with chipped tile around the tub and weak water pressure; the extractor fan rattled all night. We only stayed one night, yet it somehow felt much longer because of the noisy hallway and uncomfortable mattress. Staff were polite at checkout, but no one seemed interested when I mentioned the room issues.",1,custom_review-luna-gpt,long,negative,structured,few_shot,long_negative_structured_few_shot,10,692,114,700,1,1,1.0,12,2026-09-01T17:01:10.709888+00:00
fake,james,Hotel,"The location was the one real advantage: it is an easy walk to restaurants, shopping, and the train, so getting around downtown was simple. Unfortunately, the stay itself did not match the price. My room looked only superficially cleaned; there were crumbs by the window, dust on the desk, and a questionable stain on the chair. The bathroom was especially disappointing, with poor lighting, a slow-draining sink, and mildew around the shower seal. When I mentioned the drain and asked for extra towels, the front desk acted as though I was inconveniencing them and nothing was addressed until the next day. The bed was comfortable enough, but the worn room and indifferent service made this feel far from a polished hotel experience.",1,custom_review-luna-gpt,long,negative,structured,few_shot,long_negative_structured_few_shot,11,734,122,700,1,1,1.0,12,2026-09-01T17:01:16.234176+00:00
fake,knickerbocker,Hotel,"I expected more from the Knickerbocker given the rate and its location. My room looked tired, with scuffed furniture and a bed that felt lumpy; I slept poorly because hallway noise and a humming air unit continued well past midnight. The bathroom was especially disappointing: cramped, poorly lit, and the shower pressure barely managed a rinse. Breakfast downstairs was expensive for a limited buffet of lukewarm eggs, dry pastries, and coffee that tasted burned. The only bright spot was the view from the upper floor, which offered a lovely glimpse of the city skyline, though the windows needed cleaning. Staff were polite but did little when I mentioned the noise. I would choose another hotel next time.",1,custom_review-luna-gpt,long,negative,structured,few_shot,long_negative_structured_few_shot,12,709,117,700,1,1,1.0,12,2026-09-01T17:01:21.298936+00:00
fake,monaco,Hotel,"Hotel Monaco looked charming online, but the stay was frustrating from the start. Our room faced the street, and traffic, sirens, and late-night voices carried through the windows well past midnight. The air conditioner also clicked on and off loudly, so neither of us slept much. For the rate, I expected better upkeep; the bathroom had worn grout and the shower temperature swung from hot to lukewarm. Breakfast was included but disappointing, with stale pastries, weak coffee, and a small buffet that was nearly empty by 9 a.m. We only stayed one night, thankfully, because a longer visit would have felt exhausting. The staff were polite, but the pleasant lobby could not make the hotel feel worth the price.",1,custom_review-luna-gpt,long,negative,structured,few_shot,long_negative_structured_few_shot,13,712,119,700,1,1,1.0,12,2026-09-01T17:01:26.475412+00:00
fake,omni,Hotel,"I expected more from the Omni given the rate and location. Our room looked tired, with scuffed furniture and a loud air conditioner that cycled on all night. The bathroom was especially disappointing: the grout around the tub was stained, the shower pressure was weak, and there was barely enough counter space for two toiletry bags. We faced an interior courtyard and the 'view' was mostly neighboring windows and rooftop equipment, so keeping the curtains open felt awkward. WiFi technically connected, but it dropped repeatedly and was too slow for a video call. We only stayed one night, yet the experience somehow felt longer because of the poor sleep and several small frustrations. Staff were polite, but not enough to make me want to return.",1,custom_review-luna-gpt,long,negative,structured,few_shot,long_negative_structured_few_shot,14,749,125,700,1,1,1.0,12,2026-09-01T17:01:34.989266+00:00
fake,palmer,Hotel,"The Hotel Palmer is undeniably convenient, with shops, transit, and several restaurants within an easy walk, but that was about the only upside to my stay. My room looked as though it had received only a quick once-over: dust on the desk, crumbs near the window, and a stained chair that I avoided using. The bathroom was especially disappointing, with weak water pressure, a loose faucet handle, and mildew around the shower seal. Towels felt thin and worn, and the extractor fan rattled loudly all night. For the rate charged, I expected a comfortable, properly maintained room rather than something that felt tired and neglected. The central location saved some time, but it did not make this stay feel worth the price.",1,custom_review-luna-gpt,long,negative,structured,few_shot,long_negative_structured_few_shot,15,722,122,700,1,1,1.0,12,2026-09-01T17:01:44.919226+00:00
fake,sheraton,Hotel,"I expected more from the Sheraton given the nightly rate and its reputation. My room looked worn, with a stained chair and an air conditioner that rattled loudly whenever it started. The Wi-Fi technically connected, but it kept dropping during video calls and was too slow to be useful in the evening. At check-in, the front desk agent barely acknowledged me and seemed irritated when I asked about breakfast hours. Housekeeping was polite, but they missed replacing towels one day. I was only there for two nights, yet the stay somehow felt much longer because every small inconvenience added up. For what I paid, I expected a cleaner room, dependable internet, and warmer service.",1,custom_review-luna-gpt,long,negative,structured,few_shot,long_negative_structured_few_shot,16,682,114,700,1,1,1.0,12,2026-09-01T17:01:49.848526+00:00
fake,sofitel,Hotel,"I expected more from a Sofitel, especially at this rate. The room looked polished in photos, but in person the decor felt tired: scuffed furniture, a worn carpet edge, and heavy curtains that made everything seem dark. Cleanliness was also below standard; there were dust marks on the bedside table and hair in the bathroom when I arrived. Sleep was difficult because traffic noise carried up late into the night, followed by hallway doors slamming early in the morning. The bed itself was comfortable enough, but that hardly mattered after a restless night. Staff were courteous when I mentioned the noise, though no practical solution was offered. The location was convenient, but the room did not feel like the refined, relaxing stay the Sofitel name suggests.",1,custom_review-luna-gpt,long,negative,structured,few_shot,long_negative_structured_few_shot,17,763,126,700,1,1,1.0,12,2026-09-01T17:01:55.971403+00:00
fake,swissotel,Hotel,"I expected more from Swissotel given the rate and its reputation. My room faced the river, but the view was mostly blocked by neighboring towers and construction cranes, hardly the relaxing skyline I had imagined. The decor looked tired: faded carpet, dark wood furniture, and a television that felt several generations old. Worse, the room was far from quiet. I could hear elevator traffic, doors slamming, and conversations in the hallway well past midnight. The bathroom was clean enough but cramped, with weak water pressure, a chipped vanity, and little counter space for toiletries. Staff handled check-in efficiently, but they seemed uninterested when I mentioned the noise. For the price, the stay felt dated and impersonal.",1,custom_review-luna-gpt,long,negative,structured,few_shot,long_negative_structured_few_shot,18,732,116,700,1,1,1.0,12,2026-09-01T17:02:01.407133+00:00
fake,talbott,Hotel,"I left the Talbott feeling more frustrated than rested. The room looked pleasant at first, but the street noise and a humming air unit made sleep difficult; I woke several times and never felt properly refreshed. At check-in, the front desk was distracted and offered little acknowledgment beyond handing over keys. When I asked about the noise the next morning, the response was polite but noticeably uninterested, with no real solution. For the rate, I expected a quieter room and more attentive service, especially given the hotel's upscale reputation. I only stayed one night, yet it somehow felt longer because I was tired and waiting around for basic assistance. The location is convenient, but that alone did not make the price feel justified.",1,custom_review-luna-gpt,long,negative,structured,few_shot,long_negative_structured_few_shot,19,750,123,700,1,1,1.0,12,2026-09-01T17:02:07.003223+00:00
fake,affinia,Hotel,"Affinia's location was the one real advantage: I could walk to nearby restaurants and catch the subway without much trouble. Unfortunately, the hotel itself felt tired and overpriced. The lobby and room decor looked like it had not been updated in years, with scuffed furniture, dull carpeting, and dated artwork. My bathroom was especially disappointing--tiny, poorly lit, and fitted with an old tub whose drain backed up during showers. There were water stains around the sink and the towels felt rough. When I mentioned the drainage issue, the front desk was polite but dismissive and never followed up. Housekeeping also knocked repeatedly before checkout time. For the rate, I expected a cleaner room and staff who seemed more interested in resolving problems.",1,custom_review-luna-gpt,long,negative,structured,few_shot,long_negative_structured_few_shot,20,765,122,700,1,1,1.0,12,2026-09-01T17:02:12.771836+00:00
fake,allegro,Hotel,"Hotel Allegro looked promising online, but the stay was frustrating from the start. The lobby has some charm, yet the rooms feel tired, with scuffed furniture, worn carpeting, and decor that seems untouched for years. My room faced the street, and between traffic, hallway noise, and a rattling air conditioner, I barely slept either night. Breakfast was disappointing: lukewarm eggs, stale pastries, weak coffee, and very little replenished once the dining room got busy. The staff at reception were polite enough, but seemed distracted and offered no real help when I mentioned the noise. For the rate, I expected a cleaner, more comfortable experience and at least a decent night's rest.",1,custom_review-luna-gpt,long,negative,structured,few_shot,long_negative_structured_few_shot,21,690,111,700,1,1,1.0,12,2026-09-01T17:02:18.402566+00:00
fake,amalfi,Hotel,"Hotel Amalfi was convenient for walking to the river, Michigan Avenue, and several restaurants, but that was about the only real advantage. Our room faced an alley and neighboring office windows, so the 'city view' amounted to brick walls, air-conditioning units, and early-morning delivery noise. The lobby tries for boutique charm, yet the dark carpets, worn furniture, and heavy drapes made the decor feel dated rather than stylish. At check-in, the front desk barely acknowledged us and seemed annoyed when we asked about parking. We also had to request fresh towels twice before they appeared. The room itself was cramped and showed plenty of scuffs and tired fixtures. For the price, I expected warmer service and a better-maintained hotel.",1,custom_review-luna-gpt,long,negative,structured,few_shot,long_negative_structured_few_shot,22,746,119,700,1,1,1.0,12,2026-09-01T17:02:23.822297+00:00
fake,ambassador,Hotel,"I expected more from the Ambassador given the rate and its reputation. The lobby has a few attractive details, but the overall decor felt tired, with worn carpeting and dark furniture that made the room seem smaller than it was. Our window faced a narrow alley and the air-conditioning units, so there was little natural light and certainly no pleasant view. At check-in, the staff seemed distracted; requests for extra towels and a restaurant recommendation were handled slowly and without much interest. The bathroom was the biggest disappointment: cramped, poorly ventilated, and showing mildew around the tub caulking. The shower pressure was weak, and the sink drained very slowly. The location was convenient, but it did not make up for an uncomfortable, underwhelming stay.",1,custom_review-luna-gpt,long,negative,structured,few_shot,long_negative_structured_few_shot,23,780,124,700,1,1,1.0,12,2026-09-01T17:02:29.865972+00:00
fake,conrad,Hotel,"I expected much more from the Conrad given the rate and reputation. My room faced the street, and traffic, sirens, and late-night voices carried through the windows well past midnight. The breakfast looked polished but was underwhelming: lukewarm eggs, stale pastries, and coffee that tasted as if it had been sitting for hours. The bathroom was attractive at first glance, yet the shower pressure was weak, the drain backed up, and there was very little counter space for toiletries. Wi-Fi was another irritation; it repeatedly disconnected during a video call and was too slow to reliably work from the room. Staff were courteous when asked, but no one followed up on the problems. Overall, it felt more like an expensive inconvenience than a relaxing stay.",1,custom_review-luna-gpt,long,negative,structured,few_shot,long_negative_structured_few_shot,24,759,125,700,1,1,1.0,12,2026-09-01T17:02:36.143545+00:00
fake,fairmont,Hotel,"I expected much more from the Fairmont, especially at this price. My room faced the street, and traffic, late-night voices, and delivery trucks made it far noisier than it should have been. The air conditioner also clicked on and off, so I barely slept and woke up tired both mornings. Wi-Fi was another frustration: it repeatedly dropped during a video call and was too slow to reliably load emails. The room itself looked tired, with scuffed furniture and a bathroom that needed better cleaning around the sink. Even though the stay was only two nights, it felt much longer because every small issue added up. Staff were polite, but no one offered a meaningful solution.",1,custom_review-luna-gpt,long,negative,structured,zero_shot,long_negative_structured_zero_shot,0,672,115,700,1,1,1.0,12,2026-09-01T17:02:42.154699+00:00
fake,hardrock,Hotel,"I expected more from Hard Rock, but the stay felt overpriced and poorly managed. The bathroom looked stylish at first, yet the shower drain backed up and left water across the floor, while the towels were thin and worn. Staff at check-in seemed distracted and barely acknowledged our concerns; when we called about the drain, no one came until the next afternoon. Noise was another major issue, with loud hallway conversations, doors slamming, and music thumping late into the night. Even with earplugs, I slept in short stretches and woke up exhausted. The location was convenient, but I would not return unless service and soundproofing improve.",1,custom_review-luna-gpt,long,negative,structured,zero_shot,long_negative_structured_zero_shot,1,647,106,700,1,1,1.0,12,2026-09-01T17:02:47.321214+00:00
fake,hilton,Hotel,"I expected more from a Hilton at this price point. The room was superficially clean, but there were crumbs along the edge of the carpet, dust on the lampshade, and a hair in the bathroom sink. The decor also felt tired, with scratched furniture, faded curtains, and an old-fashioned beige color scheme that made the space seem dim. Sleep was difficult because I could hear hallway conversations, doors slamming, and traffic well past midnight. The bed was reasonably comfortable, but that did not make up for the overall lack of care. For the rate charged, including the extra parking fee, it simply did not feel like good value.",1,custom_review-luna-gpt,long,negative,structured,zero_shot,long_negative_structured_zero_shot,2,629,108,700,1,1,1.0,12,2026-09-01T17:02:52.712445+00:00
fake,homewood,Hotel,"I expected more from Homewood for the rate we paid. The location was convenient for our meetings and close to restaurants, which was the best part of the stay. Unfortunately, the room felt worn, with stained carpet and a bathroom that needed better cleaning. WiFi technically worked, but it was painfully slow in the evening and kept dropping during a video call. Noise was another issue: we could hear hallway conversations, doors slamming, and traffic well past midnight. Breakfast was picked over by 8:30 and staff seemed overwhelmed. For the price, this stay was disappointing and I would likely choose another nearby hotel next time.",1,custom_review-luna-gpt,long,negative,structured,zero_shot,long_negative_structured_zero_shot,3,638,105,700,1,1,1.0,12,2026-09-01T17:02:57.269855+00:00
fake,hyatt,Hotel,"I expected more from a Hyatt at this price point. The lobby looked polished, but the room felt dated and was not as clean as it should have been: there was dust on the desk, a stain on the chair, and hair in the bathroom. Breakfast was disappointing too, with lukewarm eggs, limited fruit, and coffee that tasted burnt; items were not replenished promptly. The Wi‐Fi barely worked in my room and repeatedly dropped during video calls, which was especially frustrating on a business trip. Staff were polite when I mentioned it, but no real solution was offered. Overall, the stay did not feel worth the rate, and I would choose another hotel next time.",1,custom_review-luna-gpt,long,negative,structured,zero_shot,long_negative_structured_zero_shot,4,651,115,700,1,1,1.0,12,2026-09-01T17:03:02.458157+00:00
fake,intercontinental,Hotel,"Our two-night stay at the InterContinental felt far too long, which is not what I expected at this price point. The lobby is impressive, but the room was dated, with worn furniture and a loud air-conditioning unit that cycled on all night. I barely slept because of the noise from both the unit and the hallway. Service was polite but slow; we waited nearly 40 minutes for extra towels. Breakfast looked plentiful, yet the hot items were lukewarm and the coffee was weak. For the premium rate, I expected a more comfortable room, better attention to detail, and a genuinely restful experience.",1,custom_review-luna-gpt,long,negative,structured,zero_shot,long_negative_structured_zero_shot,5,593,102,700,1,1,1.0,12,2026-09-01T17:03:07.278583+00:00
fake,james,Hotel,"I left Hotel James feeling more relieved than rested. The room's decor looked tired, with scuffed furniture, faded carpet, and lighting that made everything seem dingy rather than cozy. The bathroom was especially disappointing: cramped, poorly ventilated, and marked by mildew around the shower seal; the water pressure also dropped to a trickle in the morning. Our two-night stay somehow felt much too long because the noise from the hallway carried straight through the door. Staff at check-in were curt and offered no useful information, and when I mentioned the bathroom issue, they said someone would look into it but nobody came. For the price, this was far below expectations.",1,custom_review-luna-gpt,long,negative,structured,zero_shot,long_negative_structured_zero_shot,6,684,110,700,1,1,1.0,12,2026-09-01T17:03:12.504526+00:00
fake,knickerbocker,Hotel,"I expected more from the Knickerbocker given the price and location. Our room faced a neighboring office building, so the 'city view' amounted to windows and construction scaffolding rather than anything memorable. The room itself looked tired, with dust along the baseboards, a sticky spot on the desk, and hair in the bathroom sink when we arrived. Staff at check-in were polite but distracted, and requests for extra towels took nearly an hour. The stay also felt oddly long for just two nights because every small issue required follow-up. The bed was comfortable, but that was about the only real positive. For a hotel positioned as upscale, the service and cleanliness were disappointing.",1,custom_review-luna-gpt,long,negative,structured,zero_shot,long_negative_structured_zero_shot,7,694,113,700,1,1,1.0,12,2026-09-01T17:03:17.918912+00:00
fake,monaco,Hotel,"Hotel Monaco is in a very convenient spot, with shops, restaurants, and the metro only a short walk away, which was the best part of our stay. Unfortunately, the room did not live up to the price. Our window faced a narrow service alley, so the view was basically bins, brick walls, and delivery vans. It was also far noisier than expected, with street traffic early in the morning and doors banging in the hallway late at night. Breakfast looked better than it tasted: lukewarm eggs, stale pastries, and slow coffee refills. Staff were polite but didn't seem able to address the noise complaint. I expected much more comfort for the rate.",1,custom_review-luna-gpt,long,negative,structured,zero_shot,long_negative_structured_zero_shot,8,639,112,700,1,1,1.0,12,2026-09-01T17:03:23.034550+00:00
fake,omni,Hotel,"I expected more from the Omni given the rate and reputation. The location was convenient for walking to restaurants and downtown meetings, which was the one real advantage. Unfortunately, the room felt dated, and the bathroom was especially disappointing: dim lighting, worn grout around the tub, and weak water pressure made getting ready unpleasant. I also barely slept because the hallway noise carried straight through the door and the air-conditioning rattled on and off all night. Staff were polite, but a polite greeting does not make up for a tired room and poor rest. For the price, I expected cleaner finishes, better soundproofing, and a more comfortable stay.",1,custom_review-luna-gpt,long,negative,structured,zero_shot,long_negative_structured_zero_shot,9,671,108,700,1,1,1.0,12,2026-09-01T17:03:27.349669+00:00
fake,palmer,Hotel,"The Palmer was a letdown despite its convenient location near restaurants and the train station. Getting around was easy, but I barely slept because hallway conversations, slamming doors, and traffic noise carried straight into the room until late at night. The room looked only superficially clean: there was dust on the desk, hair in the bathroom, and a sticky spot beside the bed. When I mentioned this at the front desk, the staff member seemed distracted and offered no real apology or solution. Check-in also took far longer than expected. For the rate, I expected a quieter, better-maintained room and more attentive service.",1,custom_review-luna-gpt,long,negative,structured,zero_shot,long_negative_structured_zero_shot,10,632,103,700,1,1,1.0,12,2026-09-01T17:03:32.296920+00:00
fake,sheraton,Hotel,"My stay at the Sheraton was disappointing from the start. The room looked dated and only superficially cleaned; there were crumbs beside the chair, dust on the nightstand, and a stain on the carpet near the bed. The bathroom was especially underwhelming, with mildew around the tub seal, weak water pressure, and towels that felt rough and worn. I barely slept because the air-conditioning rattled every few minutes and hallway noise carried straight through the door. Even though I was only there for one night, it felt much longer than it should have. Staff were polite at check-in, but that did not make up for the uncomfortable, poorly maintained room.",1,custom_review-luna-gpt,long,negative,structured,zero_shot,long_negative_structured_zero_shot,11,656,110,700,1,1,1.0,12,2026-09-01T17:03:37.449661+00:00
fake,sofitel,Hotel,"I expected far more from Sofitel, especially at this price point. My room faced a busy avenue, and traffic noise continued well past midnight despite the windows being closed. The Wi‐Fi was frustratingly unreliable; it dropped repeatedly during a video call and was too slow to work comfortably. The bathroom looked polished at first glance, but the shower drain backed up, leaving water across the floor, and the towels felt worn. The city view from the higher floor was pleasant in daylight, though construction cranes and a neighboring building blocked much of it. Staff were polite but slow to respond when I mentioned the noise and internet issues.",1,custom_review-luna-gpt,long,negative,structured,zero_shot,long_negative_structured_zero_shot,12,653,108,700,1,1,1.0,12,2026-09-01T17:03:42.536024+00:00
fake,swissotel,Hotel,"I expected far more from Swissotel for the price. Check-in felt cold and rushed, and when I mentioned the noise from the corridor and nearby traffic, the staff simply suggested using earplugs rather than offering another room. Sleep was difficult: doors slammed well past midnight, and the air-conditioning rattled on and off. Breakfast looked extensive, but much of it was lukewarm; the eggs were dry, pastries stale, and tables were not cleared promptly. Coffee took several minutes to arrive despite the restaurant being only moderately busy. The room itself was clean, but the overall atmosphere felt impersonal and poorly managed. It was a disappointing stay, especially for a hotel that presents itself as upscale.",1,custom_review-luna-gpt,long,negative,structured,zero_shot,long_negative_structured_zero_shot,13,720,114,700,1,1,1.0,12,2026-09-01T17:03:47.790864+00:00
fake,talbott,Hotel,"I expected more from Hotel Talbott given the price and location. The room looked tired, with scuffed furniture and a bathroom that never quite felt clean. Our window faced a brick wall and the service alley, so there was no real view beyond dumpsters and delivery trucks. WiFi technically connected, but it dropped repeatedly and was too slow for a video call. Sleep was difficult because of hallway noise, a rattling air conditioner, and early morning deliveries outside. Staff at check-in were curt and seemed inconvenienced when I mentioned the internet issue; no one followed up. The bed was reasonably comfortable, but that was about the only positive. I would choose another hotel next time.",1,custom_review-luna-gpt,long,negative,structured,zero_shot,long_negative_structured_zero_shot,14,697,115,700,1,1,1.0,12,2026-09-01T17:03:52.850672+00:00
fake,affinia,Hotel,"I expected more from Affinia for the price. The bathroom looked dated, with stained grout around the tub and a weak shower that took ages to warm up. Our window faced a brick wall and the service alley, so there was no real view beyond delivery trucks and overflowing bins. Sleep was difficult because hallway doors slammed late into the night and traffic noise came through the old windows. Staff at check-in were polite but rushed, and when I mentioned the noise, the response was simply that the hotel was 'in a busy area.' Housekeeping also skipped our room one day. Overall, it felt worn down and poorly managed rather than comfortable.",1,custom_review-luna-gpt,long,negative,structured,zero_shot,long_negative_structured_zero_shot,15,641,112,700,1,1,1.0,12,2026-09-01T17:03:57.894316+00:00
fake,allegro,Hotel,"I expected more from Hotel Allegro given the photos and rate. Our room faced a narrow inner courtyard, so the 'view' was basically air-conditioning units, stained walls, and other guests' windows a few metres away. Breakfast was disappointing too: lukewarm eggs, dry pastries, weak coffee, and several empty trays that were not refilled promptly. Sleeping was difficult because the walls seemed very thin; we heard conversations, doors slamming, and plumbing from neighbouring rooms well past midnight. Street noise started again early in the morning, despite the windows being closed. The staff were polite when asked for help, but the overall stay felt tired and poorly managed.",1,custom_review-luna-gpt,long,negative,structured,zero_shot,long_negative_structured_zero_shot,16,680,106,700,1,1,1.0,12,2026-09-01T17:04:03.075064+00:00
fake,amalfi,Hotel,"Hotel Amalfi was a letdown despite its convenient central location, just a short walk from the station and several restaurants. The room felt tired, and the view was especially disappointing: our window faced a narrow inner courtyard with bins and noisy air-conditioning units. The bathroom was cramped, with stained grout around the shower, weak water pressure, and barely any space to put toiletries. Breakfast was included but uninspiring--lukewarm coffee, dry pastries, and limited fruit that was not replenished promptly. Staff were polite enough, but the overall condition of the hotel did not justify the rate. I expected more comfort and care for the price.",1,custom_review-luna-gpt,long,negative,structured,zero_shot,long_negative_structured_zero_shot,17,665,104,700,1,1,1.0,12,2026-09-01T17:04:08.299650+00:00
fake,ambassador,Hotel,"I expected more from Hotel Ambassador for the rate we paid. The room looked tired, with scuffed furniture and a bathroom that could have been cleaned more carefully. Sleep was difficult because traffic noise and loud conversations in the corridor continued well past midnight; the windows did little to block it out. We stayed only one night, yet it somehow felt longer because there was little chance to properly rest. Staff at check-in were brisk and not unfriendly, but they seemed uninterested when we mentioned the noise, offering no real solution or apology. Breakfast was average and frequently understocked. Overall, the stay did not feel remotely worth the price, and I would choose another hotel next time.",1,custom_review-luna-gpt,long,negative,structured,zero_shot,long_negative_structured_zero_shot,18,716,117,700,1,1,1.0,12,2026-09-01T17:04:13.871351+00:00
fake,conrad,Hotel,"I expected much more from Conrad, but the stay felt underwhelming from check-in onward. The lobby looks polished in photos, yet much of the room decor felt dated, with worn upholstery and scuffed furniture that didn't match the price. Wi‐Fi technically connected, but it repeatedly dropped during video calls and was too slow in the evening. Staff were polite when approached, though they seemed distracted and no one followed up after I reported the internet problem. Breakfast was especially disappointing: the buffet looked extensive, but several hot items were lukewarm and the coffee tasted burnt. Service at breakfast was slow despite the dining room not being full. Overall, it lacked the attentive, refined experience I expected.",1,custom_review-luna-gpt,long,negative,structured,zero_shot,long_negative_structured_zero_shot,19,737,116,700,1,1,1.0,12,2026-09-01T17:04:18.706364+00:00
fake,fairmont,Hotel,"I expected much more from a Fairmont stay, especially at this price point. The lobby has some classic charm, but the room decor felt dated rather than elegant, with worn carpeting and heavy furniture that made the space seem gloomy. The bathroom was cramped and disappointing: chipped tile, weak water pressure, and a shower curtain that looked like it had seen better days. Housekeeping also missed replenishing towels. Staff at check-in were polite but noticeably rushed, and when I mentioned the bathroom issues, the response was a vague promise to 'look into it' with no follow-up. The location was convenient, but the overall experience felt overpriced and far below the level of comfort and service I expected.",1,custom_review-luna-gpt,long,negative,structured,zero_shot,long_negative_structured_zero_shot,20,716,117,700,1,1,1.0,12,2026-09-01T17:04:23.537199+00:00
fake,hardrock,Hotel,"I expected much more from Hard Rock for the price. Check-in was slow, and the room felt tired rather than stylish, with scuffed furniture and noise from the hallway late at night. The bathroom was especially disappointing: the shower pressure was weak, the grout looked stained, and there was barely any counter space for toiletries. Our view overlooked a parking area and construction fencing, not the cityscape shown online. Breakfast was crowded and underwhelming, with lukewarm eggs, limited fruit, and staff struggling to refill coffee. The location was convenient, but the overall stay did not feel remotely worth the premium rate.",1,custom_review-luna-gpt,long,negative,structured,zero_shot,long_negative_structured_zero_shot,21,637,101,700,1,1,1.0,12,2026-09-01T17:04:28.228891+00:00
fake,hilton,Hotel,"I expected more from a Hilton, but this stay was disappointing from the start. The location is undeniably convenient, just a short walk from the station and several restaurants, yet that was the main advantage. Check-in took far too long, and the staff seemed distracted rather than apologetic when I asked about my room. Breakfast was crowded and underwhelming: lukewarm eggs, stale pastries, and empty coffee containers that were not refilled promptly. My one-night stay somehow felt longer because the room was noisy and the air conditioning rattled all night. When I mentioned it at checkout, the response was polite but indifferent. I would choose a different hotel next time.",1,custom_review-luna-gpt,long,negative,structured,zero_shot,long_negative_structured_zero_shot,22,681,110,700,1,1,1.0,12,2026-09-01T17:04:33.390302+00:00
fake,homewood,Hotel,"Homewood felt overdue for an update. The lobby decor had a worn, early-2000s look, and our room showed the same age with scuffed furniture and a tired carpet. Sleep was difficult because the air conditioner rattled on and off all night, while hallway noise carried straight through the door. Breakfast was another letdown: lukewarm eggs, empty juice dispensers, and very few tables cleared during the busy morning rush. The staff at check-in were polite but distracted, and when I mentioned the noisy unit, no one followed up or offered a different room. For the rate, I expected a cleaner, more comfortable stay.",1,custom_review-luna-gpt,long,negative,structured,zero_shot,long_negative_structured_zero_shot,23,613,102,700,1,1,1.0,12,2026-09-01T17:04:38.741893+00:00
fake,hyatt,Hotel,"I expected more from a Hyatt, especially for the rate we paid. The location was convenient for meetings downtown and close to restaurants, but that was the main positive. Our room faced the street, and traffic, sirens, and late-night voices made it hard to sleep even with the windows shut. Breakfast was disappointing: lukewarm eggs, sparse fruit, and a crowded buffet that was not replenished quickly. Coffee was weak, too. The room itself looked worn, with a stained chair and slow-draining shower. Staff were polite but seemed overwhelmed when we mentioned the noise. Overall, it did not feel worth the price.",1,custom_review-luna-gpt,long,negative,structured,zero_shot,long_negative_structured_zero_shot,24,613,101,700,1,1,1.0,12,2026-09-01T17:04:43.954827+00:00
fake,intercontinental,Hotel,"I expected much more from an InterContinental, especially at the rate we paid. The lobby looks polished, but the experience fell apart quickly. Our room was not ready at the advertised check-in time, and nobody offered an explanation beyond 'housekeeping is busy.' When we finally got in, there was dust on the desk, a stained chair by the window, and the air conditioning rattled loudly all night. The bed was comfortable enough, but the hallway noise started early and the walls seemed very thin. Breakfast was overpriced and lukewarm, with several empty trays left unattended. Staff members were polite when approached, though it often felt like there were too few people working. The location was convenient, but that alone did not justify such a disappointing stay.",1,custom_review-luna-gpt,long,negative,unstructured,few_shot,long_negative_unstructured_few_shot,0,770,126,700,1,1,1.0,12,2026-09-01T17:04:49.206789+00:00
fake,james,Hotel,"I wanted to like the James because the location is convenient and the lobby looks polished, but the stay felt overpriced from the start. Check-in took nearly twenty minutes even though there was only one person ahead of me, and no one acknowledged the delay. My room had scuffed furniture, a stained chair, and a shower door that wouldn't close properly, so water pooled across the bathroom floor. The air conditioning clicked loudly all night and the room never really cooled down. I mentioned these issues at the desk the next morning and was told someone would look into it, but nothing changed before checkout. For the rate they charge, I expected better maintenance and more attentive service.",1,custom_review-luna-gpt,long,negative,unstructured,few_shot,long_negative_unstructured_few_shot,1,698,118,700,1,1,1.0,12,2026-09-01T17:04:56.691595+00:00
fake,knickerbocker,Hotel,"I expected more from the Knickerbocker given the rate and the location. The lobby looks polished, but the experience fell apart once we got upstairs. Our room was surprisingly worn, with scuffed furniture, a stained chair, and an air conditioner that rattled loudly all night. Housekeeping missed our room the first day, and after calling twice we only received fresh towels, not the cleaning we requested. The shower pressure was weak and the bathroom door would not stay shut. Staff at the desk were courteous enough, but seemed overwhelmed and offered little beyond an apology. The rooftop was crowded and service there was painfully slow. Being close to Times Square was convenient, but it also meant constant noise. For the money, I would choose another hotel next time.",1,custom_review-luna-gpt,long,negative,unstructured,few_shot,long_negative_unstructured_few_shot,2,775,128,700,1,1,1.0,12,2026-09-01T17:05:03.337036+00:00
fake,monaco,Hotel,"Hotel Monaco looked charming online, but the stay was far more frustrating than expected for the price. Our room faced an alley and the noise from delivery trucks started before 6 a.m.; the windows did very little to block it out. The air conditioner rattled all night, and the room felt stuffy even after we adjusted it. There were stains on the carpet near the bed and the bathroom had only one nearly empty bottle of soap. I mentioned both the noise and missing amenities at the desk, but was told maintenance was 'busy' and nobody followed up. The location is convenient, and the lobby is attractive, but that did not make up for poor sleep and indifferent service. I would choose somewhere else next time.",1,custom_review-luna-gpt,long,negative,unstructured,few_shot,long_negative_unstructured_few_shot,3,710,126,700,1,1,1.0,12,2026-09-01T17:05:08.477557+00:00
fake,omni,Hotel,"I expected more from an Omni, especially at this rate. The location was convenient, but almost everything else felt tired and poorly managed. Our room had a strong musty smell when we arrived, and the air conditioner rattled loudly enough to wake us during the night. I called the desk twice about it; someone eventually came up, looked at it for a minute, and said maintenance would check it later. They never did. The bathroom was not especially clean either, with hair around the tub and an empty tissue box. Check-in took forever despite only two people ahead of us, and the staff seemed more distracted than apologetic. For a supposedly upscale hotel, the worn furniture and lack of follow-through were really disappointing.",1,custom_review-luna-gpt,long,negative,unstructured,few_shot,long_negative_unstructured_few_shot,4,729,123,700,1,1,1.0,12,2026-09-01T17:05:14.141182+00:00
fake,palmer,Hotel,"I wanted to like Hotel Palmer because the location was convenient, but the stay was frustrating from the start. Check-in took nearly twenty minutes even though there was only one person ahead of me, and the front desk staff seemed more distracted than welcoming. My room looked tired: scuffed walls, a stained chair by the window, and a bathroom fan that rattled all night. The shower temperature kept changing between lukewarm and icy, which made getting ready unpleasant. Wi-Fi barely worked on the fifth floor, and calling down for help just resulted in a promise that someone would 'look into it.' Breakfast was picked over by 8:30, with cold coffee and no clean tables. For the price, I expected basic comfort and better service. I would choose somewhere else next time.",1,custom_review-luna-gpt,long,negative,unstructured,few_shot,long_negative_unstructured_few_shot,5,775,131,700,1,1,1.0,12,2026-09-01T17:05:19.674157+00:00
fake,sheraton,Hotel,"I expected more from a Sheraton, especially for the rate we paid. Check-in took nearly half an hour because only one desk agent was working, and no one acknowledged the line. The room looked tired: scuffed furniture, a stained chair, and a bathroom fan that rattled all night. The air conditioning barely cooled the room, so sleeping was uncomfortable despite calling the front desk twice. Housekeeping also skipped our room on the second day, leaving us to hunt down fresh towels ourselves. Breakfast was expensive and pretty ordinary, with lukewarm eggs and empty coffee dispensers. The location was convenient, but that was about the only positive. This property feels overdue for maintenance and better staffing.",1,custom_review-luna-gpt,long,negative,unstructured,few_shot,long_negative_unstructured_few_shot,6,716,115,700,1,1,1.0,12,2026-09-01T17:05:26.828778+00:00
fake,sofitel,Hotel,"I expected more from a Sofitel, especially for the rate we paid. The lobby looks polished, but the experience went downhill quickly. Our room had a strong musty smell, and the air conditioning rattled loudly through the night. Housekeeping missed our room one day despite the sign being removed before noon, and when we called for fresh towels, they arrived nearly an hour later. The mattress was uncomfortable and the bathroom lighting was oddly dim, making it difficult to get ready. Breakfast was expensive and fairly ordinary, with lukewarm coffee and slow service even though the restaurant was not busy. Staff were polite when approached, but nobody seemed empowered to resolve anything. It felt more like a tired business hotel wearing a luxury label.",1,custom_review-luna-gpt,long,negative,unstructured,few_shot,long_negative_unstructured_few_shot,7,758,124,700,1,1,1.0,12,2026-09-01T17:05:31.460777+00:00
fake,swissotel,Hotel,"I expected much more from Swissotel given the rate and the name. The lobby looks polished, but the experience fell apart quickly. Check-in took nearly 25 minutes because only one desk was staffed, and nobody acknowledged the line. My room had a nice view but felt tired: scuffed furniture, a stained chair, and an air conditioner that rattled all night. The bathroom fan did not work, so it stayed damp after a shower. I called twice about extra towels and they arrived the following afternoon, after I had already gone out. Breakfast was crowded, lukewarm, and oddly understocked. Location was convenient, but that alone did not justify the price. I left feeling like I had paid for appearances rather than service.",1,custom_review-luna-gpt,long,negative,unstructured,few_shot,long_negative_unstructured_few_shot,8,716,121,700,1,1,1.0,12,2026-09-01T17:05:38.053578+00:00
fake,talbott,Hotel,"I wanted to like the Talbott because the location is excellent and the lobby has a charming, old Chicago feel, but the stay was frustrating from the start. Our room was not ready at check-in, and no one followed up when they said they would. Once we got in, the room felt worn rather than historic: scuffed furniture, a stained chair, and a bathroom fan that rattled all night. The air conditioning barely cooled the room, so sleeping was difficult. We also could hear doors slamming and conversations in the hallway early in the morning. Staff were polite when approached, but there was little urgency in resolving anything. For the price, I expected better upkeep and a smoother experience. The neighborhood is great, but I would choose another hotel nearby next time.",1,custom_review-luna-gpt,long,negative,unstructured,few_shot,long_negative_unstructured_few_shot,9,770,132,700,1,1,1.0,12,2026-09-01T17:05:43.084147+00:00
fake,affinia,Hotel,"I expected more from Affinia given the rate and photos online. Our room looked tired, with scuffed furniture, a stained chair by the window, and a bathroom fan that rattled all night. The bed was fine, but the walls were so thin we heard a neighboring TV and people coming back from the elevator after midnight. Check-in took nearly 20 minutes because only one person was at the desk, and when I mentioned the noise the next morning, the response was basically a shrug. The location was convenient for our plans, but that was the only real positive. Housekeeping also skipped our room despite the sign being removed early in the day. It did not feel like a hotel charging these prices.",1,custom_review-luna-gpt,long,negative,unstructured,few_shot,long_negative_unstructured_few_shot,10,685,122,700,1,1,1.0,12,2026-09-01T17:05:48.709677+00:00
fake,allegro,Hotel,"I wanted to like Hotel Allegro because the lobby has character and the location was convenient for the theater district, but the stay was frustrating from the start. Our room wasn't ready at the stated check-in time, and nobody followed up when they said they would. Once we got in, the room felt cramped and worn, with scuffed furniture, a noisy air conditioner, and a bathroom door that would not stay shut. The hallway noise carried straight through the walls, so sleep was difficult both nights. We also had to ask twice for fresh towels after housekeeping skipped our room. Staff at the desk were polite but seemed overwhelmed and offered little more than apologies. For the rate, I expected a cleaner, calmer, better-maintained experience.",1,custom_review-luna-gpt,long,negative,unstructured,few_shot,long_negative_unstructured_few_shot,11,745,125,700,1,1,1.0,12,2026-09-01T17:05:54.467369+00:00
fake,amalfi,Hotel,"I expected more from Hotel Amalfi given the price and central location. Our room looked tired, with scuffed furniture, a stained carpet near the window, and an air conditioner that rattled loudly through the night. The bathroom was tiny and the shower pressure kept dropping to a trickle. We mentioned the noise at the desk, but were told the hotel was full and nothing could be done. Breakfast was another letdown: lukewarm coffee, limited pastries, and very few tables available. The staff were not rude, just distracted and slow to respond. Location was convenient for walking around, but that was about the only positive. I would choose somewhere better maintained next time.",1,custom_review-luna-gpt,long,negative,unstructured,few_shot,long_negative_unstructured_few_shot,12,679,112,700,1,1,1.0,12,2026-09-01T17:05:59.840738+00:00
fake,ambassador,Hotel,"I expected more from a hotel with this location and price point. The lobby looked polished, but that was about where the good impression ended. Our room was not ready at check-in, and after waiting nearly an hour nobody offered an update until I asked. The room itself felt tired: scuffed furniture, a stained chair, and a bathroom fan that rattled all night. The air conditioning barely worked, so it was stuffy despite turning it down several times. We also heard hallway conversations and doors slamming well past midnight. Housekeeping skipped our room one day, then brought towels late in the evening after two calls. Staff were polite when available, but everything seemed understaffed and disorganized. For the rate we paid, I expected a comfortable, dependable stay, not a series of small frustrations.",1,custom_review-luna-gpt,long,negative,unstructured,few_shot,long_negative_unstructured_few_shot,13,810,133,700,1,1,1.0,12,2026-09-01T17:06:05.706811+00:00
fake,conrad,Hotel,"I expected much more from the Conrad given the price and reputation. Check-in took nearly half an hour because the room supposedly was not ready, even though we arrived well after the stated check-in time. When we finally got upstairs, the room had a strong musty smell and the bathroom counter still had hair and water marks on it. The view was nice, but the air conditioning rattled all night and made sleep difficult. I called down twice about it and never received a response. Breakfast was also disappointingly slow, with cold coffee and a long wait for eggs despite the dining room being only half full. Staff were polite when available, but the whole stay felt understaffed and poorly managed. Not worth the premium rate.",1,custom_review-luna-gpt,long,negative,unstructured,few_shot,long_negative_unstructured_few_shot,14,728,126,700,1,1,1.0,12,2026-09-01T17:06:10.361603+00:00
fake,fairmont,Hotel,"I expected more from a Fairmont, especially at the rate we paid. The lobby looks impressive, but the experience fell apart after check-in. Our room was dated, with scuffed furniture, a noisy air conditioner, and a bathroom fan that rattled all night. Housekeeping missed our room the first afternoon, and when we called for fresh towels, they arrived nearly an hour later. The bed was comfortable enough, but the hallway noise started early and the walls seemed very thin. Breakfast was expensive and surprisingly mediocre; cold coffee and dry pastries are not what I associate with this brand. Staff were polite when available, though the front desk always seemed understaffed. It wasn't a terrible stay, but it certainly didn't feel luxurious or worth the price.",1,custom_review-luna-gpt,long,negative,unstructured,few_shot,long_negative_unstructured_few_shot,15,764,125,700,1,1,1.0,12,2026-09-01T17:06:16.154840+00:00
fake,hardrock,Hotel,"I expected a fun, polished stay at Hard Rock, but it felt more like a busy nightclub with rooms attached. Check-in took nearly half an hour because only one desk agent seemed to be working, and nobody acknowledged the line. Our room looked stylish in photos but was worn around the edges: stained carpet, a flickering bathroom light, and an AC unit that rattled all night. The bass from the lobby bar was still noticeable well after midnight, even on a higher floor. Housekeeping skipped our room the first day, then brought towels only after two calls. The location was convenient, but for the price I expected better service, cleaner upkeep, and at least a decent night's sleep.",1,custom_review-luna-gpt,long,negative,unstructured,few_shot,long_negative_unstructured_few_shot,16,680,118,700,1,1,1.0,12,2026-09-01T17:06:21.488002+00:00
fake,hilton,Hotel,"I expected more from a Hilton, especially for the rate we paid. Check-in took nearly half an hour because only one person was at the desk, and no one acknowledged the line. Our room looked tired: scuffed furniture, a stained chair, and a bathroom fan that rattled all night. The air conditioning barely worked, so the room stayed stuffy despite repeated adjustments. We called down about it and were told someone would come by, but nobody did. Breakfast was expensive and picked over by 8:30, with cold coffee and empty trays left sitting out. The location was convenient, but that was about the only positive. This felt more like a neglected airport hotel than the dependable Hilton experience I was expecting.",1,custom_review-luna-gpt,long,negative,unstructured,few_shot,long_negative_unstructured_few_shot,17,711,121,700,1,1,1.0,12,2026-09-01T17:06:26.600690+00:00
fake,homewood,Hotel,"I expected more from Homewood, especially for the rate. The suite looked worn the minute we walked in: stained carpet near the sofa, a sticky spot on the kitchen counter, and one of the lamps flickered all night. The refrigerator made a loud rattling sound and the air conditioner barely cooled the room, so sleeping was uncomfortable. Breakfast was disappointing too; by 8:30 there were empty trays, watered-down coffee, and no staff around to restock anything. We mentioned the AC and cleanliness to the front desk, but were told maintenance would 'take a look' and nobody came before checkout. The location was convenient, but that was about the only positive. It did not feel like a well-maintained property, and I would choose somewhere else next time.",1,custom_review-luna-gpt,long,negative,unstructured,few_shot,long_negative_unstructured_few_shot,18,757,126,700,1,1,1.0,12,2026-09-01T17:06:35.041096+00:00
fake,hyatt,Hotel,"I expected more from a Hyatt, especially for what we paid over a busy weekend. The lobby looked polished, but everything after check-in felt oddly neglected. Our room had a faint damp smell, the carpet near the window was stained, and the thermostat barely changed the temperature. We called twice about the air conditioning and eventually someone came up, but only suggested opening the window. Breakfast was crowded, with empty trays sitting out for too long and tables not being cleared. Staff members were polite when you could find one, though the front desk line moved painfully slowly each morning. The location was convenient, but that was really the main positive. Nothing was disastrous, just a string of small disappointments that made the stay feel overpriced and not very restful.",1,custom_review-luna-gpt,long,negative,unstructured,few_shot,long_negative_unstructured_few_shot,19,793,130,700,1,1,1.0,12,2026-09-01T17:06:40.834079+00:00
fake,intercontinental,Hotel,"I expected much more from an InterContinental, especially at the rate we paid. Check-in took nearly half an hour because the room apparently was not ready, despite arriving after 4 p.m. The lobby looked polished, but the room felt tired: stained carpet near the window, a loose bathroom fixture, and a thermostat that either blasted cold air or shut off completely. We called twice about the noisy air conditioner and never received a follow-up. Breakfast was expensive and disappointingly lukewarm, with tables left uncleared for far too long. The location was convenient, but that was really the only positive. Staff were polite when we could get their attention, though the overall service felt understaffed and indifferent. For a supposedly upscale hotel, it was a frustrating and overpriced stay.",1,custom_review-luna-gpt,long,negative,unstructured,few_shot,long_negative_unstructured_few_shot,20,801,128,700,1,1,1.0,12,2026-09-01T17:06:46.550925+00:00
fake,james,Hotel,"I expected more from the James given the price and the photos online. The lobby looks polished, but the room felt tired: scuffed furniture, a stained chair by the window, and a bathroom door that would not stay shut. Our air conditioning rattled loudly all night, and the front desk said someone would check it, but nobody came. The bed was comfortable enough, although the pillows had almost no support. Housekeeping also skipped our room after we were out most of the day, which was frustrating after returning late. The location is convenient for shopping and restaurants, but that only goes so far when the stay itself is this uneven. Staff were polite when approached, just not especially proactive. For what we paid, I would choose another downtown hotel next time.",1,custom_review-luna-gpt,long,negative,unstructured,few_shot,long_negative_unstructured_few_shot,21,771,131,700,1,1,1.0,12,2026-09-01T17:06:52.408940+00:00
fake,knickerbocker,Hotel,"I expected more from the Knickerbocker given the rates and its Times Square location. The lobby is impressive, but that was about the only part of the stay that felt polished. Check-in took nearly half an hour because our room was apparently not ready, even though we arrived after 4. When we finally got upstairs, the room was smaller than the photos suggested and had a persistent stale smell. The air conditioner rattled loudly all night, and the blackout shade didn't fully close, which is not ideal with city lights outside. We also called twice for extra towels and they never arrived. The rooftop view is nice, but drinks were overpriced and service was slow. Convenient location, yes, but I left feeling like I paid luxury prices for a fairly average, frustrating experience.",1,custom_review-luna-gpt,long,negative,unstructured,few_shot,long_negative_unstructured_few_shot,22,783,133,700,1,1,1.0,12,2026-09-01T17:06:57.516529+00:00
fake,monaco,Hotel,"I wanted to like Hotel Monaco because the lobby is charming and the location is convenient, but the stay was frustrating from the start. Our room wasn't ready at check-in, and when we finally got keys, the bathroom had hair on the floor and the air conditioner barely worked. The room felt tired, with scuffed furniture and curtains that didn't fully close, so street noise and early morning light were unavoidable. We called twice about the AC and were told someone would come up, but nobody did. Breakfast was overpriced for cold eggs and weak coffee. Staff at the desk were polite, though they seemed overwhelmed and offered little beyond apologies. For the rate we paid, I expected a cleaner room and better follow-through.",1,custom_review-luna-gpt,long,negative,unstructured,few_shot,long_negative_unstructured_few_shot,23,727,124,700,1,1,1.0,12,2026-09-01T17:07:02.842112+00:00
fake,omni,Hotel,"I expected more from the Omni given the rates and downtown location. Our room looked tired, with scuffed furniture, a stained chair, and a bathroom fan that rattled loudly whenever the light was on. The bed was fine, but the air conditioner cycled all night and made sleep difficult. Check-in took nearly 25 minutes because only one person was working while a line formed behind us. When I mentioned the noise the next morning, the response was polite but no one followed up. Housekeeping also skipped our room despite the service request being on the door. The location was convenient, and the lobby is attractive, but those positives did not make up for the lack of attention. For the price, I would choose another hotel next time.",1,custom_review-luna-gpt,long,negative,unstructured,few_shot,long_negative_unstructured_few_shot,24,733,127,700,1,1,1.0,12,2026-09-01T17:07:09.210204+00:00
fake,palmer,Hotel,"I wanted to like Hotel Palmer because the location was convenient, but the stay was frustrating from check-in onward. The front desk seemed understaffed and it took nearly 20 minutes before anyone acknowledged us. Our room looked tired: scuffed walls, a stained chair, and a bathroom fan that rattled loudly all night. The air conditioning barely worked, so the room felt stuffy despite adjusting the thermostat several times. We also heard doors slamming and conversations in the hallway well past midnight. Breakfast was disappointing, with lukewarm coffee and very limited options by 8:30. When I mentioned the noise and AC at checkout, the response was polite but dismissive. For the rate charged, I expected a cleaner, better-maintained property and more attentive service.",1,custom_review-luna-gpt,long,negative,unstructured,zero_shot,long_negative_unstructured_zero_shot,0,778,122,700,1,1,1.0,12,2026-09-01T17:07:14.675029+00:00
fake,sheraton,Hotel,"I expected more from a Sheraton, especially for the price. Check-in took nearly 30 minutes even though there was only one person ahead of me, and the front desk staff seemed distracted rather than apologetic. My room looked tired: stained carpet near the window, a rattling air conditioner, and a bathroom fan that ran loudly all night. The bed was comfortable enough, but the walls were so thin I could hear hallway conversations and the TV next door. Breakfast was overpriced and lukewarm, with empty trays left unfilled for a while. The location was convenient, but that was really the only positive. I mentioned the noise at checkout and got a polite nod, nothing more. Disappointing stay overall.",1,custom_review-luna-gpt,long,negative,unstructured,zero_shot,long_negative_unstructured_zero_shot,1,701,118,700,1,1,1.0,12,2026-09-01T17:07:20.044045+00:00
fake,sofitel,Hotel,"I expected much more from Sofitel given the rate and reputation. The lobby looks elegant, but the experience quickly fell apart. Check-in took nearly 30 minutes because the room was apparently not ready, despite arriving well after the stated check-in time. When we finally got in, the air conditioning barely worked and the bathroom had a lingering drain smell. I called reception twice and no one followed up until the next morning. The bed was comfortable, but noise from the corridor and neighboring room made sleep difficult. Breakfast was crowded, with empty trays and slow coffee service. Staff were polite when approached, yet everything felt understaffed and disorganized. For the price, this was very disappointing.",1,custom_review-luna-gpt,long,negative,unstructured,zero_shot,long_negative_unstructured_zero_shot,2,725,115,700,1,1,1.0,12,2026-09-01T17:07:24.642609+00:00
fake,swissotel,Hotel,"I expected much more from Swissotel for the price. Check-in took nearly 30 minutes because the desk seemed understaffed, and nobody explained the facilities or breakfast hours. The room looked polished at first, but the carpet had stains, the air conditioning rattled all night, and the bathroom smelled faintly of damp towels. I called twice about the noise from the room next door and was told someone would 'look into it,' but nothing changed. Breakfast was crowded, with empty trays and cold coffee by 9 a.m. The location was convenient, but that was about the only positive. For a supposedly upscale hotel, the service and maintenance felt surprisingly careless.",1,custom_review-luna-gpt,long,negative,unstructured,zero_shot,long_negative_unstructured_zero_shot,3,667,109,700,1,1,1.0,12,2026-09-01T17:07:29.976694+00:00
fake,talbott,Hotel,"I wanted to like Hotel Talbott because the location is convenient and the lobby looks charming, but the stay was disappointing. Check-in took forever even though there was no line, and the room felt much more worn than the photos suggested. The carpet had stains, the bathroom fan rattled all night, and the shower temperature kept swinging from lukewarm to cold. We also heard doors slamming and conversations in the hallway well past midnight. Staff were polite when we mentioned the noise, but nothing really changed. For the price, I expected cleaner facilities and a more comfortable room. It may work for a quick overnight, but I would choose somewhere else next time.",1,custom_review-luna-gpt,long,negative,unstructured,zero_shot,long_negative_unstructured_zero_shot,4,674,113,700,1,1,1.0,12,2026-09-01T17:07:42.539549+00:00
fake,affinia,Hotel,"I expected more from the Affinia given the rate and its reputation. Check-in took nearly half an hour because only one person was working the desk, and nobody acknowledged the line. The room itself looked worn: scuffed furniture, a stained chair, and a bathroom fan that rattled loudly whenever the light was on. I could also hear hallway conversations and doors slamming well past midnight, so sleep was difficult. The air conditioning barely cooled the room, despite maintenance being called. They never followed up, and I didn't want to spend another evening waiting around. Location was convenient, but that was really the only positive. For the price, the service and upkeep felt disappointing.",1,custom_review-luna-gpt,long,negative,unstructured,zero_shot,long_negative_unstructured_zero_shot,5,699,113,700,1,1,1.0,12,2026-09-01T17:07:48.364834+00:00
fake,allegro,Hotel,"I wanted to like Hotel Allegro because the location was convenient, but the stay was frustrating from check-in onward. Our room wasn't ready at the promised time, and nobody at the desk seemed especially concerned. Once we got in, it looked worn: stained carpet, scuffed furniture, and a bathroom fan that rattled all night. The air conditioning barely worked, so the room felt stuffy despite adjusting the thermostat several times. We also heard hallway noise and doors slamming well past midnight. Breakfast was underwhelming, with lukewarm coffee and very limited options by 8:30. For the price, I expected better upkeep and more attentive service. I wouldn't choose this hotel again unless there were no other options nearby.",1,custom_review-luna-gpt,long,negative,unstructured,zero_shot,long_negative_unstructured_zero_shot,6,729,117,700,1,1,1.0,12,2026-09-01T17:07:53.836622+00:00
fake,amalfi,Hotel,"I expected more from Hotel Amalfi based on the photos and location. The room was much smaller than advertised, with worn furniture, a stained carpet, and an air conditioner that rattled loudly all night. The bathroom looked clean at first glance, but the shower drain was slow and left water pooling around my feet. Wi-Fi barely worked in the room, which was frustrating after a long day out. Breakfast was basic and several items were already gone when I arrived, with no one refilling them. Staff at reception were polite but seemed uninterested when I mentioned the noise and poor Wi-Fi. The central location is convenient, but it did not make up for the uncomfortable stay.",1,custom_review-luna-gpt,long,negative,unstructured,zero_shot,long_negative_unstructured_zero_shot,7,677,116,700,1,1,1.0,12,2026-09-01T17:07:59.148678+00:00
fake,ambassador,Hotel,"I expected much more from a hotel with this location and reputation. Check-in took nearly 30 minutes because only one person was at the desk, and no one acknowledged the wait. My room looked tired: scuffed walls, a stained chair, and an air conditioner that rattled loudly all night. The bathroom had weak water pressure and the towels smelled slightly damp. Breakfast was disappointing too--lukewarm eggs, empty coffee containers, and tables left uncleared for ages. I mentioned the noise and cleanliness issues to reception, but was simply told they would 'make a note.' The staff were not openly rude, just indifferent. For the price, this was a frustrating stay and I would choose somewhere else next time.",1,custom_review-luna-gpt,long,negative,unstructured,zero_shot,long_negative_unstructured_zero_shot,8,710,117,700,1,1,1.0,12,2026-09-01T17:08:04.519636+00:00
fake,conrad,Hotel,"I expected much more from Conrad, especially for the price. Check-in was slow and the staff seemed distracted rather than welcoming. My room looked polished at first, but the bathroom had hair on the floor, the shower pressure was weak, and the air conditioning rattled all night. I mentioned it to the front desk, but no one followed up. Breakfast was another letdown: lukewarm food, empty coffee urns, and tables left uncleared during a busy morning. The location was convenient, but that was about the only real positive. For a hotel marketed as upscale, the service felt impersonal and the attention to detail was missing. I left feeling like I had paid luxury rates for an average, poorly managed stay.",1,custom_review-luna-gpt,long,negative,unstructured,zero_shot,long_negative_unstructured_zero_shot,9,707,120,700,1,1,1.0,12,2026-09-01T17:08:10.001875+00:00
fake,fairmont,Hotel,"I expected much more from a Fairmont stay, especially at the rate we paid. Check-in took nearly 30 minutes because the desk seemed understaffed, and nobody acknowledged the delay. Our room looked tired: scuffed furniture, a stained chair, and a bathroom fan that rattled all night. The air conditioning barely worked, so the room stayed stuffy despite several calls to the front desk. Housekeeping also missed our room one day and brought towels only after another long wait. Breakfast was expensive and surprisingly average, with lukewarm coffee and empty buffet trays not being refilled. The location was convenient, but that was about the only positive. This felt more like an aging business hotel than a luxury property.",1,custom_review-luna-gpt,long,negative,unstructured,zero_shot,long_negative_unstructured_zero_shot,10,724,117,700,1,1,1.0,12,2026-09-01T17:08:15.730395+00:00
fake,hardrock,Hotel,"I expected more from the Hard Rock name, but this stay felt tired and overpriced. Check-in took nearly 30 minutes even though there were only two people ahead of us, and no one acknowledged the delay. Our room had a strong stale smoke smell, despite being listed as non-smoking, and the bathroom fan rattled all night. The bed was comfortable enough, but the walls were so thin we could hear conversations and doors slamming in the hallway until after 2 a.m. Breakfast was mediocre and lukewarm, with empty trays sitting unfilled for a while. Staff at the bar were friendly, which was probably the best part, but it didn't make up for the overall lack of care. For the price, I would definitely choose somewhere else next time.",1,custom_review-luna-gpt,long,negative,unstructured,zero_shot,long_negative_unstructured_zero_shot,11,727,128,700,1,1,1.0,12,2026-09-01T17:08:20.719535+00:00
fake,hilton,Hotel,"I expected much better from a Hilton. Check-in took nearly 30 minutes because only one person was at the desk, and nobody acknowledged the growing line. The room looked tired, with scuffed furniture, a stained carpet near the window, and an air conditioner that rattled loudly all night. The bathroom was clean enough, but the shower pressure was weak and the hot water kept fluctuating. I also called twice for extra towels and they never arrived. Breakfast was overpriced for cold eggs and limited options, and several tables were left uncleared. The location was convenient, but that was the only real positive. For the rate charged, this stay felt neglected and far below the standard I associate with the brand.",1,custom_review-luna-gpt,long,negative,unstructured,zero_shot,long_negative_unstructured_zero_shot,12,716,120,700,1,1,1.0,12,2026-09-01T17:08:25.542997+00:00
fake,homewood,Hotel,"I expected a much smoother stay at Homewood, especially for the price. Check-in took nearly 25 minutes because the front desk was unattended, and no one apologized once they finally appeared. Our suite looked tired: stained carpet near the sofa, a sticky kitchen counter, and a bathroom fan that rattled loudly all night. The bed was reasonably comfortable, but the hallway noise started early and the walls seemed paper-thin. Breakfast was disappointing too--lukewarm eggs, empty coffee containers, and very little seating. I mentioned the cleanliness issues at checkout, but the response was basically a shrug. The location was convenient, but I would not choose this hotel again.",1,custom_review-luna-gpt,long,negative,unstructured,zero_shot,long_negative_unstructured_zero_shot,13,682,107,700,1,1,1.0,12,2026-09-01T17:08:30.669581+00:00
fake,hyatt,Hotel,"I expected more from a Hyatt, especially for the price. Check-in took nearly 25 minutes because only one person was working the desk, and nobody acknowledged the line. The room looked clean at first, but the carpet had stains, the bathroom fan rattled all night, and the air conditioning barely cooled the room. I also had to call twice for extra towels, which arrived late in the evening. Breakfast was disappointing: lukewarm coffee, sparse options, and several empty trays that were never refilled. The location was convenient, but that was about the only positive. Staff were polite when available, yet the hotel felt understaffed and poorly maintained. I would choose another property next time.",1,custom_review-luna-gpt,long,negative,unstructured,zero_shot,long_negative_unstructured_zero_shot,14,700,114,700,1,1,1.0,12,2026-09-01T17:08:35.755781+00:00
fake,intercontinental,Hotel,"I expected much more from an InterContinental stay, especially for the price. Check-in took nearly 30 minutes because the desk seemed understaffed, and nobody acknowledged the wait. The room looked polished at first, but the carpet was stained, the air conditioning rattled all night, and the bathroom had a lingering damp smell. Housekeeping missed our room one day and only brought fresh towels after two calls. Breakfast was crowded, with cold items sitting out too long and empty coffee stations. The location was convenient, but that was the main positive. Staff were polite when approached, yet there was no sense of proactive service or attention to detail. Overall, it felt like a tired business hotel trading on its name rather than delivering a luxury experience.",1,custom_review-luna-gpt,long,negative,unstructured,zero_shot,long_negative_unstructured_zero_shot,15,773,125,700,1,1,1.0,12,2026-09-01T17:08:41.603240+00:00
fake,james,Hotel,"I wanted to like the hotel james because the location is convenient and the lobby looks stylish, but the stay was frustrating from check-in onward. Our room wasn't ready at the promised time, and nobody offered an apology or even an update until I asked twice. The room itself felt tired: stained carpeting, a flickering bedside lamp, and a shower that took several minutes to get warm. Street noise came through the windows all night, so sleep was not great. Housekeeping also skipped our room despite the sign being removed early in the morning. For the rate we paid, I expected cleaner facilities and more attentive service. It may work for a quick overnight stay, but I wouldn't choose it again.",1,custom_review-luna-gpt,long,negative,unstructured,zero_shot,long_negative_unstructured_zero_shot,16,699,121,700,1,1,1.0,12,2026-09-01T17:08:46.820374+00:00
fake,knickerbocker,Hotel,"I expected more from a hotel with this reputation, but the stay felt overpriced and oddly impersonal. Check-in took nearly 30 minutes even though there was no obvious crowd, and the room looked tired: scuffed furniture, a stained chair, and a bathroom fan that rattled all night. Street noise was much louder than advertised, so sleep was difficult despite being on a higher floor. The thermostat barely responded, leaving the room uncomfortably warm. Staff were polite when I finally reached someone, but requests for extra towels and a late housekeeping visit were forgotten. The location is convenient, and the lobby is attractive, but that did not make up for the lack of comfort and attention. For the rate, I expected a much smoother experience.",1,custom_review-luna-gpt,long,negative,unstructured,zero_shot,long_negative_unstructured_zero_shot,17,751,124,700,1,1,1.0,12,2026-09-01T17:08:53.017811+00:00
fake,monaco,Hotel,"I expected much more from Hotel Monaco given the price and the photos online. The lobby looks stylish, but the room felt tired: scuffed furniture, a stained chair, and a bathroom fan that rattled loudly all night. Our air conditioning barely worked, so the room stayed stuffy despite several calls to the front desk. Staff were polite but never really resolved anything, just said someone would 'look into it.' Breakfast was disappointing too, with lukewarm coffee and several empty trays that were not refilled. The location was convenient, but that was about the only positive. For what we paid, I expected a clean, comfortable stay and basic service, not constant little frustrations.",1,custom_review-luna-gpt,long,negative,unstructured,zero_shot,long_negative_unstructured_zero_shot,18,687,112,700,1,1,1.0,12,2026-09-01T17:08:58.492685+00:00
fake,omni,Hotel,"I expected much more from an Omni stay, especially for the price. Check-in took nearly 30 minutes because only one person was working the desk, and no one acknowledged the line. Our room looked worn, with scuffed furniture, a stained chair, and a bathroom fan that rattled all night. The air conditioning barely cooled the room, so sleeping was uncomfortable. We called twice for extra towels and they arrived hours later, after we had already gone out for dinner. The pool area was crowded and had towels scattered everywhere, with no staff in sight. Breakfast was expensive and surprisingly mediocre. The location was convenient, but that was about the only positive. Overall, it felt more like an aging business hotel than the polished experience advertised.",1,custom_review-luna-gpt,long,negative,unstructured,zero_shot,long_negative_unstructured_zero_shot,19,761,125,700,1,1,1.0,12,2026-09-01T17:09:04.737669+00:00
fake,palmer,Hotel,"I wanted to like Hotel Palmer because the location was convenient, but the stay felt neglected from the moment we arrived. Check-in took nearly 25 minutes even though there was only one person ahead of us, and our room wasn't ready at the promised time. The carpet in the hallway smelled damp, and the room itself had scuffed furniture, a noisy air conditioner, and thin walls that made it impossible to sleep through the late-night conversations next door. The shower pressure was weak and the bathroom door wouldn't close properly. I mentioned the noise and maintenance issues to the front desk, but got a polite apology with no real solution. For the price, I expected a cleaner, more comfortable experience.",1,custom_review-luna-gpt,long,negative,unstructured,zero_shot,long_negative_unstructured_zero_shot,20,711,120,700,1,1,1.0,12,2026-09-01T17:09:10.164663+00:00
fake,sheraton,Hotel,"I expected much better from a Sheraton. Check-in took nearly 30 minutes even though there was no obvious queue, and the receptionist barely acknowledged the delay. The room looked tired, with scuffed furniture, a stained carpet near the desk, and an air conditioner that rattled all night. Wi-Fi kept dropping, which made it difficult to work. Breakfast was disappointing too: lukewarm eggs, empty coffee dispensers, and tables left uncleared for far too long. I mentioned the noise and internet issue at checkout, but was simply told they would 'make a note.' The location was convenient, but it did not make up for the lack of comfort or service.",1,custom_review-luna-gpt,long,negative,unstructured,zero_shot,long_negative_unstructured_zero_shot,21,648,108,700,1,1,1.0,12,2026-09-01T17:09:14.992912+00:00
fake,sofitel,Hotel,"I expected much more from a Sofitel stay, especially for the price. Check-in took nearly 30 minutes because the room apparently wasn't ready, even though we arrived after the stated time. The room looked tired: stained carpet near the window, a loose bathroom fixture, and the air conditioning rattled all night. Housekeeping missed our room on the second day despite us being out for hours. Breakfast was crowded, with lukewarm eggs and empty coffee pots that staff were slow to refill. Everyone was polite when we could get their attention, but the service felt understaffed and indifferent. The location was convenient, yet the overall experience was nowhere near the luxury standard advertised.",1,custom_review-luna-gpt,long,negative,unstructured,zero_shot,long_negative_unstructured_zero_shot,22,698,112,700,1,1,1.0,12,2026-09-01T17:09:22.749595+00:00
fake,swissotel,Hotel,"I expected much more from Swissotel given the price and reputation. Check-in took nearly 25 minutes because the desk seemed understaffed, and no one acknowledged the wait. My room looked fine at first, but the carpet had stains, the air conditioning rattled all night, and the bathroom had a lingering damp smell. I called twice about the AC and was told someone would come, but nobody did. Breakfast was crowded, with cold eggs and empty coffee stations, and tables were not cleared quickly. The location was convenient, but that was about the only positive. Staff were polite when approached, yet everything felt impersonal and poorly managed. For this rate, I expected a cleaner room and more attentive service.",1,custom_review-luna-gpt,long,negative,unstructured,zero_shot,long_negative_unstructured_zero_shot,23,714,118,700,1,1,1.0,12,2026-09-01T17:09:31.941169+00:00
fake,talbott,Hotel,"I wanted to like the Talbott because the location is excellent, but the stay was frustrating from the start. Check-in took nearly 25 minutes even though there was only one person ahead of me, and nobody explained the delay. My room looked worn, with scuffed furniture, a weak shower, and an air conditioner that rattled loudly all night. Housekeeping also missed replacing towels after the first day. The hallway noise carried straight through the door, so sleep was difficult. Staff were polite when I mentioned it, but nothing really changed. For the price, I expected a more comfortable, better-maintained hotel and would probably choose somewhere else next time.",1,custom_review-luna-gpt,long,negative,unstructured,zero_shot,long_negative_unstructured_zero_shot,24,666,108,700,1,1,1.0,12,2026-09-01T17:09:36.787803+00:00
