Binary_label,Category,domain,text,is_synthetic,model,length,sentiment,structure,example_mode,cell_id,rep_index,n_chars,n_words,target_chars,in_length_band,n_attempts,gen_temperature,gen_seed,timestamp
fake,affinia,Hotel,"Loved my stay at the Affinia--my room on the 18th floor had a fantastic skyline view, and everything was spotless. Wifi was fast enough for work calls, and the blackout curtains meant I slept like a rock.",1,glm-5.3-flash,short,positive,structured,few_shot,short_positive_structured_few_shot,0,204,37,200,1,1,1.0,12,2026-09-10T14:18:48.020584+00:00
fake,allegro,Hotel,"Lovely stay at the Hotel Allegro -- our corner room looked out over the theater district lights, the bed was so comfy I slept straight through the night, and the breakfast spread was fresh and generous. Totally worth what we paid.",1,glm-5.3-flash,short,positive,structured,few_shot,short_positive_structured_few_shot,1,230,41,200,1,1,1.0,12,2026-09-10T14:18:50.776750+00:00
fake,amalfi,Hotel,"Wish we'd booked more than three nights! Slept like a dream on the comfy bed, and waking up to those sea views from our balcony never got old. Pricey, yes, but absolutely worth every euro for a stay this lovely.",1,glm-5.3-flash,short,positive,structured,few_shot,short_positive_structured_few_shot,2,211,40,200,1,1,1.0,12,2026-09-10T14:18:53.382869+00:00
fake,affinia,Hotel,"Great location with a nice city view from our window, and the room was spotless on arrival. Wifi was fast and reliable, and the beds were so comfy I slept like a rock every night. Would happily return.",1,glm-5.3-flash,short,positive,structured,few_shot,short_positive_structured_few_shot,0,201,38,200,1,1,1.0,12,2026-09-10T14:19:14.611730+00:00
fake,allegro,Hotel,"Loved the view of the harbor from our room, and the bed was so comfy I slept straight through the night. Breakfast had fresh pastries and good coffee. Honestly felt like solid value for the price.",1,glm-5.3-flash,short,positive,structured,few_shot,short_positive_structured_few_shot,1,196,36,200,1,1,1.0,12,2026-09-10T14:19:16.823405+00:00
fake,amalfi,Hotel,"Our long weekend at Hotel Amalfi flew by too fast--the sea-view balcony alone was worth the price. Beds were incredibly comfortable, and we slept better there than at home. Already planning a return trip.",1,glm-5.3-flash,short,positive,structured,few_shot,short_positive_structured_few_shot,2,204,34,200,1,1,1.0,12,2026-09-10T14:19:18.340093+00:00
fake,ambassador,Hotel,"Loved my weekend here, honestly too short. The room was spotless and the decor felt fresh and updated, and the breakfast spread with fresh pastries and good coffee got mornings off right. Would happily return for a longer stay.",1,glm-5.3-flash,short,positive,structured,few_shot,short_positive_structured_few_shot,3,227,39,200,1,1,1.0,12,2026-09-10T14:19:20.115419+00:00
fake,conrad,Hotel,"Loved the Conrad's prime spot near the river--walkable to everything. Rooms felt fresh and modern, wifi was fast and reliable, and for the quality, the price felt fair. Would return.",1,glm-5.3-flash,short,positive,structured,few_shot,short_positive_structured_few_shot,4,182,30,200,1,1,1.0,12,2026-09-10T14:19:22.346294+00:00
fake,fairmont,Hotel,"Slept like a rock on the plush Fairmont bed, and the wifi never glitched once during my work calls. Waking up to that skyline view was the best part. Three nights honestly flew by--would happily have stayed another week.",1,glm-5.3-flash,short,positive,structured,few_shot,short_positive_structured_few_shot,5,220,39,200,1,1,1.0,12,2026-09-10T14:19:24.183659+00:00
fake,hardrock,Hotel,"Great stay at the Hard Rock -- big bathroom with an excellent shower, and breakfast had fresh options beyond the usual buffet fare. Location made getting around easy. Honestly, the weekend flew by and felt too short!",1,glm-5.3-flash,short,positive,structured,few_shot,short_positive_structured_few_shot,6,216,37,200,1,1,1.0,12,2026-09-10T14:19:25.896414+00:00
fake,hilton,Hotel,"Great stay at the Hilton--spotless bathroom with a big tub, strong wifi throughout, and breakfast had fresh fruit and made-to-order omelets. Walking distance to everything downtown. Would happily return.",1,glm-5.3-flash,short,positive,structured,few_shot,short_positive_structured_few_shot,7,203,29,200,1,1,1.0,12,2026-09-10T14:19:27.321777+00:00
fake,homewood,Hotel,"Really pleasant stay at the Homewood. Room was spotless, bathroom had good water pressure and plenty of towels, and the free breakfast offered a nice variety. Staff were warm and quick to help with everything. Would happily return.",1,glm-5.3-flash,short,positive,structured,few_shot,short_positive_structured_few_shot,8,231,38,200,1,1,1.0,12,2026-09-10T14:19:28.946981+00:00
fake,hyatt,Hotel,"Great stay at the Hyatt--worth every penny for the rate. Breakfast had fresh options beyond the usual, front desk staff were warm and quick with requests, and my room stayed impressively quiet despite the busy street. Would happily return.",1,glm-5.3-flash,short,positive,structured,few_shot,short_positive_structured_few_shot,9,239,39,200,1,1,1.0,12,2026-09-10T14:19:41.695397+00:00
fake,intercontinental,Hotel,"The Intercontinental surprised me--fresh, updated decor and a spotless bathroom with great water pressure. It felt worth every dollar, though honestly our three-night stay was over too soon. We'll be back for longer next time.",1,glm-5.3-flash,short,positive,structured,few_shot,short_positive_structured_few_shot,10,226,35,200,1,1,1.0,12,2026-09-10T14:19:56.486183+00:00
fake,james,Hotel,"Pleasantly surprised by the James--rooms feel fresh and modern, and my floor-to-ceiling window overlooked the city nicely. WiFi was fast, breakfast had solid options despite the small cafe space. Would return.",1,glm-5.3-flash,short,positive,structured,few_shot,short_positive_structured_few_shot,11,209,31,200,1,1,1.0,12,2026-09-10T14:19:58.246332+00:00
fake,knickerbocker,Hotel,"Wish our weekend at the Knickerbocker had been longer--two nights flew by. Room was blissfully quiet despite Times Square location, wifi never dropped once, and the breakfast spread was genuinely excellent. Would return in a heartbeat.",1,glm-5.3-flash,short,positive,structured,few_shot,short_positive_structured_few_shot,12,235,36,200,1,1,1.0,12,2026-09-10T14:19:59.618989+00:00
fake,monaco,Hotel,"Loved our stay at Hotel Monaco. The location made walking everywhere easy, and our room had a lovely view of the river. Breakfast was fresh and generous, and every staff member we met was warm and genuinely accommodating. Would happily return!",1,glm-5.3-flash,short,positive,structured,few_shot,short_positive_structured_few_shot,13,243,41,200,1,1,1.0,12,2026-09-10T14:20:01.185462+00:00
fake,omni,Hotel,"Lovely stay at the Omni -- our corner room had sweeping views of the mountains, and the decor felt fresh and updated. Every staff member we encountered was warm and attentive. Walking distance to everything made it even better.",1,glm-5.3-flash,short,positive,structured,few_shot,short_positive_structured_few_shot,14,227,39,200,1,1,1.0,12,2026-09-10T14:20:02.636679+00:00
fake,palmer,Hotel,"Friendly staff at the Palmer made check-in a breeze, and our room's fresh, updated decor was a pleasant surprise. Loved the sparkling clean bathroom and the gorgeous view of the skyline. Would happily return!",1,glm-5.3-flash,short,positive,structured,few_shot,short_positive_structured_few_shot,15,208,34,200,1,2,1.0,12,2026-09-10T14:20:05.992582+00:00
fake,sheraton,Hotel,"Slept like a log at the Sheraton--surprisingly quiet despite the downtown location, and the city skyline view from my floor was a treat. Wifi was fast and never dropped once. Would happily return.",1,glm-5.3-flash,short,positive,structured,few_shot,short_positive_structured_few_shot,16,196,33,200,1,1,1.0,12,2026-09-10T14:20:07.762309+00:00
fake,sofitel,Hotel,"Lovely stay at the Sofitel--spotless marble bathroom with a great rainfall shower, and despite the central location the room was impressively quiet at night. Not cheap, but the walkability made it worth every penny. Would gladly return.",1,glm-5.3-flash,short,positive,structured,few_shot,short_positive_structured_few_shot,17,236,37,200,1,1,1.0,12,2026-09-10T14:20:10.787006+00:00
fake,swissotel,Hotel,"Sleek, modern decor and a genuinely comfortable bed made for a great stay at the Swissotel. Wifi was fast and reliable, sleep was solid on the quiet floors, and overall it felt well worth the price. Would happily return.",1,glm-5.3-flash,short,positive,structured,few_shot,short_positive_structured_few_shot,18,220,39,200,1,1,1.0,12,2026-09-10T14:20:12.809985+00:00
fake,talbott,Hotel,"Quiet room, spotless bathroom, and solid wifi for work calls--all things I appreciated at the Talbott. The location near the Magnificent Mile made getting around easy, and it felt like fair value for downtown pricing.",1,glm-5.3-flash,short,positive,structured,few_shot,short_positive_structured_few_shot,19,217,35,200,1,1,1.0,12,2026-09-10T14:20:14.686719+00:00
fake,affinia,Hotel,"Slept wonderfully on the plush bed and loved waking up to the city view from our window. Spacious, spotless bathroom too -- felt totally worth the price for a Midtown stay.",1,glm-5.3-flash,short,positive,structured,zero_shot,short_positive_structured_zero_shot,0,172,31,200,1,1,1.0,12,2026-09-10T14:20:16.040411+00:00
fake,allegro,Hotel,"Lovely stay at the Allegro--the breakfast spread was fresh and generous, wifi never let me down once, and honestly the whole visit felt too short. Great value for what we paid. Would happily return!",1,glm-5.3-flash,short,positive,structured,zero_shot,short_positive_structured_zero_shot,1,198,34,200,1,1,1.0,12,2026-09-10T14:20:17.230122+00:00
fake,amalfi,Hotel,"Spotless room with fresh, modern decor and a bathroom that felt genuinely upscale. The bed was so comfortable I slept straight through the night. Would happily return!",1,glm-5.3-flash,short,positive,structured,zero_shot,short_positive_structured_zero_shot,2,167,27,200,1,1,1.0,12,2026-09-10T14:20:18.252720+00:00
fake,ambassador,Hotel,"Lovely stay at the Hotel Ambassador--fresh, modern decor throughout and a spotless bathroom with great water pressure. The location couldn't be more convenient for exploring the city, and honestly the weekend flew by far too quickly.",1,glm-5.3-flash,short,positive,structured,zero_shot,short_positive_structured_zero_shot,3,233,36,200,1,1,1.0,12,2026-09-10T14:20:20.329206+00:00
fake,conrad,Hotel,"Perfectly located steps from the waterfront, this hotel exceeded expectations. Staff were warm and attentive, the room spotless. Two nights felt far too short--we'll definitely be back.",1,glm-5.3-flash,short,positive,structured,zero_shot,short_positive_structured_zero_shot,4,185,27,200,1,1,1.0,12,2026-09-10T14:20:21.639270+00:00
fake,fairmont,Hotel,"Our room at the Fairmont was spotless and the marble bathroom felt genuinely luxurious. Honestly, the weekend flew by too quickly. Pricey, yes, but for this level of comfort it was worth every penny.",1,glm-5.3-flash,short,positive,structured,zero_shot,short_positive_structured_zero_shot,5,199,34,200,1,1,1.0,12,2026-09-10T14:20:23.065673+00:00
fake,hardrock,Hotel,"Fantastic stay at the Hard Rock! The breakfast spread was fresh and generous, staff went out of their way to be helpful, and our room had a gorgeous city view. Honestly felt like great value for the price.",1,glm-5.3-flash,short,positive,structured,zero_shot,short_positive_structured_zero_shot,6,205,38,200,1,1,1.0,12,2026-09-10T14:20:23.951091+00:00
fake,hilton,Hotel,"Perfectly located within walking distance of everything, with genuinely friendly staff who remembered our names. The bathroom was spotless and modern, and despite being downtown, the room stayed wonderfully quiet at night.",1,glm-5.3-flash,short,positive,structured,zero_shot,short_positive_structured_zero_shot,7,222,32,200,1,1,1.0,12,2026-09-10T14:20:26.050883+00:00
fake,homewood,Hotel,"Great stay overall -- spotless bathroom with strong water pressure, wifi was fast and reliable, and the room was blissfully quiet. Slept like a rock both nights. Would happily return.",1,glm-5.3-flash,short,positive,structured,zero_shot,short_positive_structured_zero_shot,8,183,30,200,1,1,1.0,12,2026-09-10T14:20:28.587600+00:00
fake,hyatt,Hotel,"Immaculate room with a stunning city view from the 14th floor, and the location couldn't be more convenient for exploring downtown. Honestly, our weekend felt far too short--we'd happily have stayed another night or two.",1,glm-5.3-flash,short,positive,structured,zero_shot,short_positive_structured_zero_shot,9,220,35,200,1,1,1.0,12,2026-09-10T14:20:30.126223+00:00
fake,intercontinental,Hotel,"The rooms feel freshly updated and the harbor view from our floor was stunning. Location is unbeatable, steps from everything, and honestly three nights felt far too short--we'll be back.",1,glm-5.3-flash,short,positive,structured,zero_shot,short_positive_structured_zero_shot,10,187,30,200,1,1,1.0,12,2026-09-10T14:20:31.668252+00:00
fake,james,Hotel,"Loved our stay at the james! Spotless room with a gorgeous rainfall shower in the bathroom, fresh pastries at breakfast, and the front desk couldn't have been friendlier. Totally worth the price.",1,glm-5.3-flash,short,positive,structured,zero_shot,short_positive_structured_zero_shot,11,195,32,200,1,1,1.0,12,2026-09-10T14:20:33.025689+00:00
fake,knickerbocker,Hotel,"Surprisingly quiet for Times Square, and our corner room had skyline views that justified the splurge. Bathroom was sleek marble with a great rain shower--endered every penny for a special occasion stay.",1,glm-5.3-flash,short,positive,structured,zero_shot,short_positive_structured_zero_shot,12,203,32,200,1,1,1.0,12,2026-09-10T14:20:34.528898+00:00
fake,monaco,Hotel,"Lovely stay at the Hotel Monaco--staff went out of their way to help, the corner room had a gorgeous city view, wifi was fast and reliable, and honestly it felt well worth the price. Would definitely return!",1,glm-5.3-flash,short,positive,structured,zero_shot,short_positive_structured_zero_shot,13,207,37,200,1,1,1.0,12,2026-09-10T14:20:36.187606+00:00
fake,omni,Hotel,"Our stay at the Omni felt too short--three days just flew by. The location was perfect for walking to downtown sights, the beds were incredibly comfortable, and breakfast offered fresh pastries and strong coffee every morning.",1,glm-5.3-flash,short,positive,structured,zero_shot,short_positive_structured_zero_shot,14,226,36,200,1,1,1.0,12,2026-09-10T14:20:37.789604+00:00
fake,palmer,Hotel,"Loved my stay at Hotel Palmer -- the balcony view of the harbor was stunning, and restaurants were just a short walk away. Rooms feel freshly updated, and the quiet hallways meant I slept soundly both nights.",1,glm-5.3-flash,short,positive,structured,zero_shot,short_positive_structured_zero_shot,15,208,37,200,1,1,1.0,12,2026-09-10T14:20:39.523743+00:00
fake,sheraton,Hotel,"Great stay at the Sheraton--fast wifi, blissfully quiet room even with a wedding going on downstairs. I only booked two nights and honestly wished it had been longer. A bit pricey, but worth every penny.",1,glm-5.3-flash,short,positive,structured,zero_shot,short_positive_structured_zero_shot,16,203,35,200,1,1,1.0,12,2026-09-10T14:20:41.638718+00:00
fake,sofitel,Hotel,"Immaculate room with a stunning view of the river, and the marble bathroom was a real treat. WiFi worked flawlessly the whole stay. Would happily return.",1,glm-5.3-flash,short,positive,structured,zero_shot,short_positive_structured_zero_shot,17,153,26,200,1,1,1.0,12,2026-09-10T14:20:43.479676+00:00
fake,swissotel,Hotel,"The view from our room was absolutely stunning, overlooking the city skyline, and the decor felt fresh and modern. Breakfast offered a great spread, and given the quality throughout, it felt well worth the price.",1,glm-5.3-flash,short,positive,structured,zero_shot,short_positive_structured_zero_shot,18,212,35,200,1,1,1.0,12,2026-09-10T14:20:44.715511+00:00
fake,talbott,Hotel,"Two nights at the Hotel Talbott simply flew by. Spotless room, an immaculate bathroom with great water pressure, and staff who anticipated our needs. Would happily have stayed longer.",1,glm-5.3-flash,short,positive,structured,zero_shot,short_positive_structured_zero_shot,19,183,29,200,1,1,1.0,12,2026-09-10T14:20:45.772182+00:00
fake,affinia,Hotel,"Really enjoyed my stay at the Affinia-the room was huge with a full kitchenette, and the bed was probably the comfiest I've slept in at any hotel. Staff were friendly every time. Would definitely come back next trip to the city.",1,glm-5.3-flash,short,positive,unstructured,few_shot,short_positive_unstructured_few_shot,0,228,41,200,1,1,1.0,12,2026-09-10T14:20:46.687360+00:00
fake,allegro,Hotel,"Great stay at the Allegro -- the room was comfy and quiet despite being downtown, and the breakfast guy remembered my coffee order. Location made walking everywhere easy. Would book again without hesitating.",1,glm-5.3-flash,short,positive,unstructured,few_shot,short_positive_unstructured_few_shot,1,207,33,200,1,1,1.0,12,2026-09-10T14:20:49.489957+00:00
fake,amalfi,Hotel,"Loved our stay at Hotel Amalfi -- the sea view from our balcony was worth every penny, breakfast was fresh and generous, and the front desk helped us book a boat day without any fuss. Would come back in a heartbeat.",1,glm-5.3-flash,short,positive,unstructured,few_shot,short_positive_unstructured_few_shot,2,215,41,200,1,1,1.0,12,2026-09-10T14:20:51.595467+00:00
fake,ambassador,Hotel,"Solid stay at the Ambassador -- front desk was friendly at midnight check-in, room was quiet and the bed seriously comfy. Location near the parks is a steal. Would book again without hesitation.",1,glm-5.3-flash,short,positive,unstructured,few_shot,short_positive_unstructured_few_shot,3,194,33,200,1,1,1.0,12,2026-09-10T14:20:53.106316+00:00
fake,conrad,Hotel,"Really enjoyed our weekend at the Conrad. The room was quiet and beautifully finished, bed super comfy, and the concierge got us a last-minute dinner reservation when everything nearby was booked. wouldn't hesitate to come back.",1,glm-5.3-flash,short,positive,unstructured,few_shot,short_positive_unstructured_few_shot,4,228,36,200,1,1,1.0,12,2026-09-10T14:20:54.583750+00:00
fake,fairmont,Hotel,"Gorgeous property with beautiful views of the city. The concierge went out of her way to book us a hard-to-get dinner reservation, and the room was immaculate. Would happily return.",1,glm-5.3-flash,short,positive,unstructured,few_shot,short_positive_unstructured_few_shot,5,181,30,200,1,1,1.0,12,2026-09-10T14:20:56.021727+00:00
fake,hardrock,Hotel,"Rock music memorabilia everywhere made the Hard Rock Hotel feel fun from the second I walked in. Staff were friendly, bed super comfy, and the location near Michigan Ave was perfect. Would gladly come back.",1,glm-5.3-flash,short,positive,unstructured,few_shot,short_positive_unstructured_few_shot,6,206,35,200,1,1,1.0,12,2026-09-10T14:20:57.104318+00:00
fake,hilton,Hotel,"Great stay at the Hilton -- comfy bed, spotless room, and the executive lounge breakfast was a nice bonus. Front desk sorted a late checkout without any fuss. Would happily return.",1,glm-5.3-flash,short,positive,unstructured,few_shot,short_positive_unstructured_few_shot,7,180,31,200,1,1,1.0,12,2026-09-10T14:20:58.103096+00:00
fake,homewood,Hotel,"Great stay at Homewood Suites -- the free breakfast was surprisingly good, and the staff went out of their way to get us a late checkout. Rooms felt homier than most hotels, and it was nice having a kitchenette. Would definitely come back.",1,glm-5.3-flash,short,positive,unstructured,few_shot,short_positive_unstructured_few_shot,8,239,43,200,1,1,1.0,12,2026-09-10T14:21:00.620140+00:00
fake,hyatt,Hotel,"Loved our stay at the Hyatt. Room was spotless with a super comfy bed, and the front desk upgraded us just because we asked nicely. Location made getting around easy. Would happily book again.",1,glm-5.3-flash,short,positive,unstructured,few_shot,short_positive_unstructured_few_shot,9,192,34,200,1,1,1.0,12,2026-09-10T14:21:02.855982+00:00
fake,intercontinental,Hotel,"Really lovely stay at the InterContinental -- the club lounge views over the city were worth every penny, and the concierge sorted our dinner reservations without a hitch. Bed was incredibly comfortable too. Would happily return.",1,glm-5.3-flash,short,positive,unstructured,few_shot,short_positive_unstructured_few_shot,10,229,36,200,1,1,1.0,12,2026-09-10T14:21:04.422998+00:00
fake,james,Hotel,"Loved the rooftop pool and the bar downstairs, and the bed was honestly one of the comfiest I've slept in at any hotel. Staff remembered my name by day two. Perfect location too -- would happily stay again.",1,glm-5.3-flash,short,positive,unstructured,few_shot,short_positive_unstructured_few_shot,11,206,38,200,1,1,1.0,12,2026-09-10T14:21:07.671961+00:00
fake,knickerbocker,Hotel,"The Knickerbocker's location is hard to beat, right by Times Square yet surprisingly quiet inside. Bed was incredibly comfortable and the rooftop bar views alone were worth it. Staff went out of their way to help with dinner reservations. Would happily return.",1,glm-5.3-flash,short,positive,unstructured,few_shot,short_positive_unstructured_few_shot,12,260,42,200,1,1,1.0,12,2026-09-10T14:21:09.388385+00:00
fake,monaco,Hotel,"Loved the quirky decor and the free evening wine hour by the fireplace. Staff remembered my name and my coffee order, and the bed was unbelievably comfortable. Perfect downtown location, would absolutely return.",1,glm-5.3-flash,short,positive,unstructured,few_shot,short_positive_unstructured_few_shot,13,211,33,200,1,1,1.0,12,2026-09-10T14:21:11.000049+00:00
fake,omni,Hotel,Lovely stay at the Omni -- room was spotless and the bed ridiculously comfy. Staff went out of their way to get us a late checkout. Great location for walking everywhere. Would happily return.,1,glm-5.3-flash,short,positive,unstructured,few_shot,short_positive_unstructured_few_shot,14,192,34,200,1,1,1.0,12,2026-09-10T14:21:12.488378+00:00
fake,palmer,Hotel,"Stayed at the Hotel Palmer for a long weekend and was genuinely impressed. The front desk upgraded our room on arrival, the mattress was incredibly comfy, and the breakfast spot next door they recommended became our favorite of the trip. Would happily return.",1,glm-5.3-flash,short,positive,unstructured,few_shot,short_positive_unstructured_few_shot,15,259,43,200,1,1,1.0,12,2026-09-10T14:21:13.625965+00:00
fake,sheraton,Hotel,"Great stay at the Sheraton overall. The bed was incredibly comfortable and the club lounge breakfast saved me time every morning. Staff at the front desk remembered my name by day two, which was a nice touch. Would happily return.",1,glm-5.3-flash,short,positive,unstructured,few_shot,short_positive_unstructured_few_shot,16,230,40,200,1,1,1.0,12,2026-09-10T14:21:14.929820+00:00
fake,sofitel,Hotel,"Lovely stay at the Sofitel. Staff couldn't have been friendlier, the bed was one of the most comfortable I've slept in, and breakfast in the morning was delicious. Would happily come back next time I'm in town.",1,glm-5.3-flash,short,positive,unstructured,few_shot,short_positive_unstructured_few_shot,17,210,37,200,1,1,1.0,12,2026-09-10T14:21:16.299302+00:00
fake,swissotel,Hotel,"Comfortable bed, quiet room even with the station nearby, and the breakfast spread was worth getting up for. Staff fixed a charger issue within minutes. Would happily book the Swissotel again next trip.",1,glm-5.3-flash,short,positive,unstructured,few_shot,short_positive_unstructured_few_shot,18,202,33,200,1,2,1.0,12,2026-09-10T14:21:20.475356+00:00
fake,talbott,Hotel,"Really enjoyed my stay at the Talbott. Rooms were cozy and spotless, and the location off Rush Street made walking to dinner and shopping easy. Staff remembered my name after one day. Would happily return.",1,glm-5.3-flash,short,positive,unstructured,few_shot,short_positive_unstructured_few_shot,19,205,35,200,1,1,1.0,12,2026-09-10T14:21:22.202804+00:00
fake,affinia,Hotel,Great location near Grand Central and the staff couldn't have been friendlier. Room was spacious with a comfy bed and kitchenette--perfect for my week-long stay. Would definitely return.,1,glm-5.3-flash,short,positive,unstructured,zero_shot,short_positive_unstructured_zero_shot,0,186,28,200,1,1,1.0,12,2026-09-10T14:21:23.931367+00:00
fake,allegro,Hotel,"Really pleasant stay at the Hotel Allegro -- comfy bed, quiet room despite being downtown, and the breakfast spread was better than expected. Staff were genuinely friendly. Would happily come back.",1,glm-5.3-flash,short,positive,unstructured,zero_shot,short_positive_unstructured_zero_shot,1,197,31,200,1,1,1.0,12,2026-09-10T14:21:25.578869+00:00
fake,amalfi,Hotel,Loved our stay here--the sea view room was worth every euro and the breakfast spread was impressive. Staff went out of their way to help with ferry schedules. Would happily return next summer.,1,glm-5.3-flash,short,positive,unstructured,zero_shot,short_positive_unstructured_zero_shot,2,192,33,200,1,1,1.0,12,2026-09-10T14:21:27.101407+00:00
fake,ambassador,Hotel,"Really pleasant stay at the Hotel Ambassador -- spacious room with a comfy bed, friendly staff who upgraded us on arrival, and a proper good breakfast. Location was spot on too, walking distance to everything.",1,glm-5.3-flash,short,positive,unstructured,zero_shot,short_positive_unstructured_zero_shot,3,209,35,200,1,1,1.0,12,2026-09-10T14:21:28.709813+00:00
fake,conrad,Hotel,"Loved my stay here -- the rooms are spacious and beautifully done, and the harbor views from the lounge are stunning. Staff was genuinely helpful without being pushy. Would absolutely come back.",1,glm-5.3-flash,short,positive,unstructured,zero_shot,short_positive_unstructured_zero_shot,4,194,32,200,1,1,1.0,12,2026-09-10T14:21:30.394206+00:00
fake,fairmont,Hotel,"Gorgeous property with stunning views, and the staff went out of their way to make our stay special. Rooms were spacious and immaculate. Would absolutely come back!",1,glm-5.3-flash,short,positive,unstructured,zero_shot,short_positive_unstructured_zero_shot,5,164,27,200,1,1,1.0,12,2026-09-10T14:21:31.922566+00:00
fake,hardrock,Hotel,Loved the rock memorabilia everywhere and the staff were genuinely friendly. Beds were super comfy and the pool area was a great unwind after a long day. Would definitely stay again.,1,glm-5.3-flash,short,positive,unstructured,zero_shot,short_positive_unstructured_zero_shot,6,182,31,200,1,1,1.0,12,2026-09-10T14:21:33.092499+00:00
fake,hilton,Hotel,"Great stay overall--room was spotless and the bed incredibly comfortable. Front desk staff went out of their way to help with a late checkout. Solid location too, would happily come back.",1,glm-5.3-flash,short,positive,unstructured,zero_shot,short_positive_unstructured_zero_shot,7,187,31,200,1,1,1.0,12,2026-09-10T14:21:34.240118+00:00
fake,homewood,Hotel,"Really pleasant stay at the Homewood. The room was spacious and spotless, and the free breakfast actually had decent variety. Front desk staff were friendly. Would gladly come back on my next trip.",1,glm-5.3-flash,short,positive,unstructured,zero_shot,short_positive_unstructured_zero_shot,8,197,33,200,1,1,1.0,12,2026-09-10T14:21:35.347601+00:00
fake,hyatt,Hotel,Really enjoyed my stay at the Hyatt -- the front desk staff were genuinely friendly and my room was spotless with a super comfy bed. Location was walkable to everything. Would definitely book again.,1,glm-5.3-flash,short,positive,unstructured,zero_shot,short_positive_unstructured_zero_shot,9,198,34,200,1,1,1.0,12,2026-09-10T14:21:37.162816+00:00
fake,intercontinental,Hotel,"Genuinely lovely stay--the concierge sorted our dinner reservations in minutes, and the king suite was spotless with a gorgeous harbour view. Breakfast spread was top-notch too. Will absolutely be back.",1,glm-5.3-flash,short,positive,unstructured,zero_shot,short_positive_unstructured_zero_shot,10,202,30,200,1,1,1.0,12,2026-09-10T14:21:38.637179+00:00
fake,james,Hotel,"Loved my stay here--the room was spotless and the bed incredibly comfy. Staff went out of their way to help when my flight got delayed. Great location too, would definitely come back.",1,glm-5.3-flash,short,positive,unstructured,zero_shot,short_positive_unstructured_zero_shot,11,183,32,200,1,1,1.0,12,2026-09-10T14:21:40.468866+00:00
fake,knickerbocker,Hotel,"Genuinely lovely stay at the Knickerbocker--the room was sleek and quiet despite Times Square being right outside, and the rooftop bar view alone was worth it. Staff treated us like regulars from day one.",1,glm-5.3-flash,short,positive,unstructured,zero_shot,short_positive_unstructured_zero_shot,12,204,34,200,1,1,1.0,12,2026-09-10T14:21:41.741519+00:00
fake,monaco,Hotel,"Loved my stay at the Hotel Monaco -- spacious room with fun decor, super friendly staff, and the evening wine reception was a nice touch. The location made walking everywhere easy. Would happily return!",1,glm-5.3-flash,short,positive,unstructured,zero_shot,short_positive_unstructured_zero_shot,13,202,34,200,1,1,1.0,12,2026-09-10T14:21:43.391557+00:00
fake,omni,Hotel,"Great stay at the Omni--front desk upgraded our room with a city view, bed was incredibly comfortable, and the concierge nailed every restaurant recommendation. Would happily come back.",1,glm-5.3-flash,short,positive,unstructured,zero_shot,short_positive_unstructured_zero_shot,14,185,28,200,1,1,1.0,12,2026-09-10T14:21:44.608240+00:00
fake,palmer,Hotel,"Really enjoyed our stay at Hotel Palmer--room was clean and comfy, and the front desk staff went out of their way to help when our flight got delayed. Breakfast was basic but fresh. Would stay again.",1,glm-5.3-flash,short,positive,unstructured,zero_shot,short_positive_unstructured_zero_shot,15,199,36,200,1,1,1.0,12,2026-09-10T14:21:46.678892+00:00
fake,sheraton,Hotel,Great stay at the Sheraton -- the bed was incredibly comfortable and the front desk staff went out of their way to arrange a late checkout for us. Location was walkable to everything. Would happily return.,1,glm-5.3-flash,short,positive,unstructured,zero_shot,short_positive_unstructured_zero_shot,16,205,36,200,1,1,1.0,12,2026-09-10T14:21:47.681726+00:00
fake,sofitel,Hotel,"Genuinely lovely stay. The staff remembered our names, the bed was cloud-soft, and breakfast had fresh pastries worth waking up early for. Pool area is peaceful too. We'll be back for sure.",1,glm-5.3-flash,short,positive,unstructured,zero_shot,short_positive_unstructured_zero_shot,17,189,32,200,1,1,1.0,12,2026-09-10T14:21:48.708343+00:00
fake,swissotel,Hotel,"Great stay at the Swissotel--spacious room with a stunning city view, comfortable beds, and the staff couldn't have been friendlier. Location is walking distance to everything. Would definitely return.",1,glm-5.3-flash,short,positive,unstructured,zero_shot,short_positive_unstructured_zero_shot,18,201,29,200,1,1,1.0,12,2026-09-10T14:21:50.482609+00:00
fake,talbott,Hotel,"Great location near Oak Street shops and the beach. Rooms are cozy and quiet, and the staff couldn't have been friendlier. A solid choice if you want a boutique feel in Lincoln Park.",1,glm-5.3-flash,short,positive,unstructured,zero_shot,short_positive_unstructured_zero_shot,19,182,33,200,1,1,1.0,12,2026-09-10T14:21:51.903556+00:00
fake,affinia,Hotel,"The location near the train station was the only perk of my stay. Wifi barely worked, the bathroom had mold around the tub, and breakfast was stale pastries and weak coffee--totally underwhelming.",1,glm-5.3-flash,short,negative,structured,few_shot,short_negative_structured_few_shot,0,196,32,200,1,1,1.0,12,2026-09-10T14:21:53.187999+00:00
fake,allegro,Hotel,"Disappointing for the price. The room had dust on every surface, the bathroom smelled musty with a slow drain, and the 'view' was a brick wall. Not coming back.",1,glm-5.3-flash,short,negative,structured,few_shot,short_negative_structured_few_shot,1,160,29,200,1,1,1.0,12,2026-09-10T14:21:54.495606+00:00
fake,amalfi,Hotel,"Disappointing stay at the Amalfi. Staff seemed bothered whenever we asked for anything, the lobby decor felt straight out of the 90s, and our bathroom had mold around the tub. Honestly, even two nights felt too long.",1,glm-5.3-flash,short,negative,structured,few_shot,short_negative_structured_few_shot,2,216,37,200,1,1,1.0,12,2026-09-10T14:21:56.003271+00:00
fake,ambassador,Hotel,"Staff barely acknowledged us at check-in, and the lobby furniture looks straight out of the 90s. Breakfast was stale pastries and weak coffee, plus the bathroom had mold in the shower grout. Won't return.",1,glm-5.3-flash,short,negative,structured,few_shot,short_negative_structured_few_shot,3,204,34,200,1,1,1.0,12,2026-09-10T14:21:58.259614+00:00
fake,conrad,Hotel,"Disappointing stay at the Conrad. The bathroom tile was grimy and the shower barely drained, plus street noise kept us up all night. Location was decent, but even a one-night visit felt too long.",1,glm-5.3-flash,short,negative,structured,few_shot,short_negative_structured_few_shot,4,195,34,200,1,2,1.0,12,2026-09-10T14:22:00.588892+00:00
fake,fairmont,Hotel,"Skip the Fairmont if you can. Breakfast was lukewarm and overpriced, our room heard every hallway conversation, the bathroom had mildew in the grout, and the 'city view' was mostly a brick wall.",1,glm-5.3-flash,short,negative,structured,few_shot,short_negative_structured_few_shot,5,194,33,200,1,1,1.0,12,2026-09-10T14:22:01.509701+00:00
fake,hardrock,Hotel,"Hard Rock was a letdown: stains on the carpet, a grimy bathroom with a dripping faucet, and bass from the lobby thudding through the walls until 2am. Two nights honestly felt too long.",1,glm-5.3-flash,short,negative,structured,few_shot,short_negative_structured_few_shot,6,184,33,200,1,1,1.0,12,2026-09-10T14:22:02.712826+00:00
fake,hilton,Hotel,"Four nights at the Hilton felt like two too many. The bathroom had mold in the grout, our 'view' was a brick wall, and breakfast was cold eggs and lukewarm coffee. way overpriced for what you get.",1,glm-5.3-flash,short,negative,structured,few_shot,short_negative_structured_few_shot,7,196,37,200,1,1,1.0,12,2026-09-10T14:22:03.795792+00:00
fake,homewood,Hotel,"Great location near everything downtown, I'll give it that, but two nights here felt more than enough. The front desk was indifferent at check-in, and for what we paid the room felt tired and dated. Not worth the rate.",1,glm-5.3-flash,short,negative,structured,few_shot,short_negative_structured_few_shot,8,218,39,200,1,1,1.0,12,2026-09-10T14:22:05.376057+00:00
fake,hyatt,Hotel,"Expected much more from a Hyatt at these rates. The room faced a noisy air shaft, the wifi kept dropping every few minutes, and the whole thing felt wildly overpriced for what you get. Won't be back.",1,glm-5.3-flash,short,negative,structured,few_shot,short_negative_structured_few_shot,9,199,37,200,1,1,1.0,12,2026-09-10T14:22:06.702834+00:00
fake,intercontinental,Hotel,"Was really expecting more from the Intercontinental. The room was passably clean but the decor felt straight out of the 90s, my 'view' was a brick wall, and the bathroom tile was grimy around the edges. Disappointing for the price.",1,glm-5.3-flash,short,negative,structured,few_shot,short_negative_structured_few_shot,10,231,40,200,1,2,1.0,12,2026-09-10T14:22:08.784120+00:00
fake,james,Hotel,"Bathroom was grungy with hair in the tub, and the street noise kept me up half the night. Staff barely acknowledged us. Not worth $300 a night--won't be back.",1,glm-5.3-flash,short,negative,structured,few_shot,short_negative_structured_few_shot,11,158,29,200,1,2,1.0,12,2026-09-10T14:22:11.191598+00:00
fake,knickerbocker,Hotel,"Great location near Times Square, but the lobby's dated decor and a room that smelled musty soured things fast. Breakfast was a sad, cold buffet. For the price, I expected much more from the Knickerbocker.",1,glm-5.3-flash,short,negative,structured,few_shot,short_negative_structured_few_shot,12,205,35,200,1,2,1.0,12,2026-09-10T14:22:15.330044+00:00
fake,monaco,Hotel,"Not worth the steep rates at all. The halls and neighboring rooms were noisy well past midnight, breakfast service was slow and surly, and I barely slept. Won't be returning to the Monaco.",1,glm-5.3-flash,short,negative,structured,few_shot,short_negative_structured_few_shot,13,188,33,200,1,1,1.0,12,2026-09-10T14:22:16.344402+00:00
fake,omni,Hotel,"Expected far more from a hotel at this price. The room was musty with stains on the carpet, the wifi barely loaded anything, and my 'city view' mostly faced a brick wall. Not worth the money at all.",1,glm-5.3-flash,short,negative,structured,few_shot,short_negative_structured_few_shot,14,198,38,200,1,1,1.0,12,2026-09-10T14:22:18.645205+00:00
fake,palmer,Hotel,"Deeply disappointing stay at the Hotel Palmer. The wifi barely worked, my room smelled musty and wasn't properly cleaned, and the street noise kept me up half the night. The 'view' was a brick wall. Won't be returning.",1,glm-5.3-flash,short,negative,structured,few_shot,short_negative_structured_few_shot,15,218,38,200,1,1,1.0,12,2026-09-10T14:22:19.768289+00:00
fake,sheraton,Hotel,"Not worth the steep rate at all--the wifi barely connected and dropped constantly. My room faced a blank wall of the building next door, and honestly even one night there felt too long. Won't be back.",1,glm-5.3-flash,short,negative,structured,few_shot,short_negative_structured_few_shot,16,200,36,200,1,1,1.0,12,2026-09-10T14:22:20.920045+00:00
fake,sofitel,Hotel,"Great location right in the heart of the city, but our four nights felt like twice that long. The room had sticky floors and dusty corners, and the staff barely acknowledged us at check-in. Disappointing for the price.",1,glm-5.3-flash,short,negative,structured,few_shot,short_negative_structured_few_shot,17,218,38,200,1,1,1.0,12,2026-09-10T14:22:22.020870+00:00
fake,swissotel,Hotel,"The view was mostly rooftops and a sliver of river, my mattress sagged enough to ruin two nights of sleep, and there was a sticky patch on the bathroom floor. For this price, it was a letdown.",1,glm-5.3-flash,short,negative,structured,few_shot,short_negative_structured_few_shot,18,192,37,200,1,1,1.0,12,2026-09-10T14:22:23.665460+00:00
fake,talbott,Hotel,"Disappointing for the price. My room had dust on the sill and a stained armchair, the wifi kept dropping every few minutes, and breakfast was a sad buffet with rubbery eggs and cold coffee. Won't be returning to the Talbott.",1,glm-5.3-flash,short,negative,structured,few_shot,short_negative_structured_few_shot,19,224,40,200,1,1,1.0,12,2026-09-10T14:22:24.684015+00:00
fake,affinia,Hotel,"Great location near midtown, but that's the only plus. The bathroom was grimy with mold in the shower, the room dusty, and constant street noise made sleeping nearly impossible. Disappointing overall.",1,glm-5.3-flash,short,negative,structured,zero_shot,short_negative_structured_zero_shot,0,200,31,200,1,1,1.0,12,2026-09-10T14:22:25.758839+00:00
fake,allegro,Hotel,"Wifi kept dropping all week, the bathroom had mold in the shower corners, and the room never felt clean. Only plus was the location, right by the metro. Otherwise a big letdown.",1,glm-5.3-flash,short,negative,structured,zero_shot,short_negative_structured_zero_shot,1,177,32,200,1,1,1.0,12,2026-09-10T14:22:26.895196+00:00
fake,amalfi,Hotel,"Two nights here felt like a week. The decor is stuck in the 80s, the bathroom wasn't properly cleaned, and for what we paid it was a complete rip-off. Won't be back.",1,glm-5.3-flash,short,negative,structured,zero_shot,short_negative_structured_zero_shot,2,165,32,200,1,1,1.0,12,2026-09-10T14:22:27.853130+00:00
fake,ambassador,Hotel,"Dusty surfaces and a stained carpet set the tone, and street noise kept me up half the night. Breakfast was sparse and lukewarm. Barely slept two solid hours--would not stay again.",1,glm-5.3-flash,short,negative,structured,zero_shot,short_negative_structured_zero_shot,3,180,31,200,1,2,1.0,12,2026-09-10T14:22:30.604388+00:00
fake,conrad,Hotel,"The harbor view was nice enough, but that's where the praise ends. Paper-thin walls meant hearing every neighbor all night, I barely slept, and the disinterested staff couldn't have cared less. Expected far more from Conrad.",1,glm-5.3-flash,short,negative,structured,zero_shot,short_negative_structured_zero_shot,4,224,36,200,1,1,1.0,12,2026-09-10T14:22:32.172708+00:00
fake,fairmont,Hotel,"For nearly $600 a night I expected far more than a dated bathroom with a dripping shower and walls so thin I heard every hallway conversation. Great location downtown, but definitely not worth the price.",1,glm-5.3-flash,short,negative,structured,zero_shot,short_negative_structured_zero_shot,5,203,35,200,1,2,1.0,12,2026-09-10T14:22:34.412999+00:00
fake,hardrock,Hotel,"Dated, tired decor and a noisy street view that faced a parking lot. Breakfast was a sad cold buffet--stale pastries and watery eggs. Definitely not worth the price.",1,glm-5.3-flash,short,negative,structured,zero_shot,short_negative_structured_zero_shot,6,165,28,200,1,1,1.0,12,2026-09-10T14:22:35.438807+00:00
fake,hilton,Hotel,"Barely slept thanks to a clunky, creaky bed, and the room felt straight out of the 90s. Bathroom had mold in the grout; my 'city view' was mostly a concrete wall. Wouldn't return.",1,glm-5.3-flash,short,negative,structured,zero_shot,short_negative_structured_zero_shot,7,179,33,200,1,1,1.0,12,2026-09-10T14:22:36.551947+00:00
fake,homewood,Hotel,"Two nights here felt like a week--the wifi barely loaded anything, the shower dripped all night, and breakfast was cold eggs and stale pastries. Would not stay again.",1,glm-5.3-flash,short,negative,structured,zero_shot,short_negative_structured_zero_shot,8,166,28,200,1,1,1.0,12,2026-09-10T14:22:37.520242+00:00
fake,hyatt,Hotel,"Shower barely had hot water and the bathroom felt grimy. Street noise kept me up half the night, so I slept terribly, and breakfast was cold and stale. Not worth the price at all.",1,glm-5.3-flash,short,negative,structured,zero_shot,short_negative_structured_zero_shot,9,179,34,200,1,1,1.0,12,2026-09-10T14:22:38.720956+00:00
fake,intercontinental,Hotel,"The Intercontinental's tired decor and a musty, poorly cleaned room made our three-night stay drag on far too long, plus constant hallway noise meant we barely slept. Expected much better at this price.",1,glm-5.3-flash,short,negative,structured,zero_shot,short_negative_structured_zero_shot,10,202,33,200,1,1,1.0,12,2026-09-10T14:22:39.837056+00:00
fake,james,Hotel,"Sadly disappointing stay at Hotel James. Walls were paper-thin--I heard every hallway conversation all night, making my two days feel endless. WiFi constantly dropped, and the location was far from anything worth visiting.",1,glm-5.3-flash,short,negative,structured,zero_shot,short_negative_structured_zero_shot,11,222,33,200,1,1,1.0,12,2026-09-10T14:22:40.845777+00:00
fake,knickerbocker,Hotel,"Disappointing stay at the Knickerbocker. Traffic noise kept me up all night despite requesting a quiet room, staff seemed indifferent at check-in, and while Times Square location is convenient, I won't be returning.",1,glm-5.3-flash,short,negative,structured,zero_shot,short_negative_structured_zero_shot,12,215,33,200,1,1,1.0,12,2026-09-10T14:22:42.040066+00:00
fake,monaco,Hotel,"Disappointing stay at the Monaco. Our room overlooked a dingy alley, the decor felt stuck in the 90s, and hallway noise kept us up both nights. Couldn't wait to check out--two nights felt like a week.",1,glm-5.3-flash,short,negative,structured,zero_shot,short_negative_structured_zero_shot,13,200,36,200,1,1,1.0,12,2026-09-10T14:22:43.301687+00:00
fake,omni,Hotel,"Desk staff acted like we were an inconvenience, and our 'city view' window faced a brick wall. Worse, the street noise kept me up all night despite earplugs--barely slept at all. Won't return.",1,glm-5.3-flash,short,negative,structured,zero_shot,short_negative_structured_zero_shot,14,192,33,200,1,1,1.0,12,2026-09-10T14:22:44.935924+00:00
fake,palmer,Hotel,"Sadly not worth the price at all. Our room had dusty surfaces and a grimy bathroom with moldy grout, and the staff were dismissive whenever we raised issues. Won't be returning.",1,glm-5.3-flash,short,negative,structured,zero_shot,short_negative_structured_zero_shot,15,177,31,200,1,1,1.0,12,2026-09-10T14:22:46.371954+00:00
fake,sheraton,Hotel,"The location was convenient for sightseeing, but that's the only positive. My room had a stale smell and dusty carpet, the bathroom fixtures were rusty, and the 'view' was just a brick wall. Disappointing overall.",1,glm-5.3-flash,short,negative,structured,zero_shot,short_negative_structured_zero_shot,16,213,35,200,1,1,1.0,12,2026-09-10T14:22:47.614940+00:00
fake,sofitel,Hotel,"Such a letdown for a Sofitel--the bathroom had cracked tiles and weak water pressure, the decor felt stuck in the 90s, and the location wasn't walkable to anything. One night honestly felt too long.",1,glm-5.3-flash,short,negative,structured,zero_shot,short_negative_structured_zero_shot,17,198,34,200,1,1,1.0,12,2026-09-10T14:22:49.377774+00:00
fake,swissotel,Hotel,"Disappointed with my stay: paper-thin walls meant constant hallway noise, the wifi kept dropping, and I barely slept. The room was ostensibly clean, but stains on the carpet said otherwise. Not worth the price.",1,glm-5.3-flash,short,negative,structured,zero_shot,short_negative_structured_zero_shot,18,210,34,200,1,1,1.0,12,2026-09-10T14:22:53.246300+00:00
fake,talbott,Hotel,"For nearly $400 a night I expected far more--tired, dated decor, a room that never felt truly clean, and street noise that wrecked my sleep both nights. Disappointing overall.",1,glm-5.3-flash,short,negative,structured,zero_shot,short_negative_structured_zero_shot,19,175,29,200,1,1,1.0,12,2026-09-10T14:22:55.233641+00:00
fake,affinia,Hotel,"Thin walls meant I heard every hallway conversation til 2am, and the 'suite' felt tired and musty. Front desk was polite but slow. For the price, I expected way more. Not staying here again.",1,glm-5.3-flash,short,negative,unstructured,few_shot,short_negative_unstructured_few_shot,0,190,34,200,1,1,1.0,12,2026-09-10T14:22:56.712798+00:00
fake,allegro,Hotel,"Disappointing stay overall. Room smelled musty, the AC barely cooled, and housekeeping skipped our floor twice. Front desk staff were indifferent when we complained. Location was fine, but I won't be back.",1,glm-5.3-flash,short,negative,unstructured,few_shot,short_negative_unstructured_few_shot,1,205,32,200,1,1,1.0,12,2026-09-10T14:22:58.188146+00:00
fake,amalfi,Hotel,"Honestly expected more from Hotel Amalfi. The view was nice, sure, but the room smelled musty and the AC barely worked, and staff took ages to answer anything. Wouldn't stay again.",1,glm-5.3-flash,short,negative,unstructured,few_shot,short_negative_unstructured_few_shot,2,180,31,200,1,1,1.0,12,2026-09-10T14:23:06.876141+00:00
fake,ambassador,Hotel,"Honestly pretty underwhelmed by the Hotel Ambassador. The room smelled musty, the AC rattled all night, and front desk barely acknowledged us at check-in. For what we paid, expected way more. Won't be back.",1,glm-5.3-flash,short,negative,unstructured,few_shot,short_negative_unstructured_few_shot,3,206,34,200,1,1,1.0,12,2026-09-10T14:23:08.601643+00:00
fake,conrad,Hotel,"Honestly underwhelmed for the price. Booked the Conrad expecting luxury but got a room with a broken AC, slow service at breakfast, and street noise all night. Wouldn't return.",1,glm-5.3-flash,short,negative,unstructured,few_shot,short_negative_unstructured_few_shot,4,176,29,200,1,1,1.0,12,2026-09-10T14:23:10.214116+00:00
fake,fairmont,Hotel,"Disappointing stay at the Fairmont. Our room wasn't ready at check-in, the AC barely worked, and housekeeping skipped our floor one day entirely. For the price, expected far better service.",1,glm-5.3-flash,short,negative,unstructured,few_shot,short_negative_unstructured_few_shot,5,189,30,200,1,1,1.0,12,2026-09-10T14:23:12.214604+00:00
fake,hardrock,Hotel,"Expected way more from the Hard Rock. The music theme is fun for about five minutes until you realize the walls are paper thin and the bar noise carries all night. Room was tired, AC rattled, staff seemed annoyed we even asked for anything. Won't be back.",1,glm-5.3-flash,short,negative,unstructured,few_shot,short_negative_unstructured_few_shot,6,255,47,200,1,1,1.0,12,2026-09-10T14:23:14.991937+00:00
fake,hilton,Hotel,"Disappointing stay at the Hilton. Room wasn't ready at check-in, the air conditioning barely worked, and staff seemed indifferent to my complaints. Expected much more for the price. Won't be returning.",1,glm-5.3-flash,short,negative,unstructured,few_shot,short_negative_unstructured_few_shot,7,201,31,200,1,1,1.0,12,2026-09-10T14:23:16.187732+00:00
fake,homewood,Hotel,"Honestly disappointed with Homewood. My room smelled musty, the AC rattled all night, and the 'hot' breakfast was lukewarm at best. Front desk took forever to answer. Won't be returning.",1,glm-5.3-flash,short,negative,unstructured,few_shot,short_negative_unstructured_few_shot,8,186,30,200,1,1,1.0,12,2026-09-10T14:23:17.490048+00:00
fake,hyatt,Hotel,"Expected more from a Hyatt. Room smelled musty, walls were thin, and the front desk took forever to fix our broken AC. Location was fine but honestly won't be rushing back.",1,glm-5.3-flash,short,negative,unstructured,few_shot,short_negative_unstructured_few_shot,9,172,31,200,1,1,1.0,12,2026-09-10T14:23:18.607541+00:00
fake,intercontinental,Hotel,"Sad to say the InterContinental didn't live up to the photos. My room smelled musty, housekeeping skipped my floor one day, and the front desk took ages to sort a billing error. For the price, very underwhelming.",1,glm-5.3-flash,short,negative,unstructured,few_shot,short_negative_unstructured_few_shot,10,212,37,200,1,1,1.0,12,2026-09-10T14:23:19.674641+00:00
fake,james,Hotel,"Expected more from the James. My room smelled musty, the AC rattled all night, and housekeeping skipped my floor entirely one day. Staff were pleasant enough but the value just wasn't there. Won't be returning.",1,glm-5.3-flash,short,negative,unstructured,few_shot,short_negative_unstructured_few_shot,11,210,35,200,1,2,1.0,12,2026-09-10T14:23:22.068879+00:00
fake,knickerbocker,Hotel,"Disappointed with the Knickerbocker. Paid a fortune for a room that felt dated, and the AC rattled all night. Location is fine, but at these rates I expected far better service and much quieter rooms. Won't be back.",1,glm-5.3-flash,short,negative,unstructured,few_shot,short_negative_unstructured_few_shot,12,215,38,200,1,1,1.0,12,2026-09-10T14:23:23.211256+00:00
fake,monaco,Hotel,"Expected way more from the Monaco. The room smelled stale, the AC rattled all night, and front desk took forever to answer. For the price, honestly a letdown.",1,glm-5.3-flash,short,negative,unstructured,few_shot,short_negative_unstructured_few_shot,13,158,28,200,1,1,1.0,12,2026-09-10T14:23:24.599739+00:00
fake,omni,Hotel,"Disappointing stay at the Omni. Our room smelled musty, the AC rattled all night, and housekeeping skipped us entirely one day. For the price, I expected far more--probably won't be back.",1,glm-5.3-flash,short,negative,unstructured,few_shot,short_negative_unstructured_few_shot,14,187,31,200,1,1,1.0,12,2026-09-10T14:23:25.611410+00:00
fake,palmer,Hotel,"Disappointed with the Palmer. Our room smelled musty, the AC barely worked, and housekeeping skipped us one day entirely. Front desk staff were indifferent when we complained. For the price, expected far better. Won't be back.",1,glm-5.3-flash,short,negative,unstructured,few_shot,short_negative_unstructured_few_shot,15,226,36,200,1,1,1.0,12,2026-09-10T14:23:27.123364+00:00
fake,sheraton,Hotel,"Disappointing stay at the Sheraton. Check-in took forever, my room smelled musty, and the AC barely worked. Staff seemed indifferent when I mentioned it. For the price, I expected much better. Won't be back.",1,glm-5.3-flash,short,negative,unstructured,few_shot,short_negative_unstructured_few_shot,16,207,34,200,1,1,1.0,12,2026-09-10T14:23:28.168592+00:00
fake,sofitel,Hotel,"Honestly disappointed with the Sofitel. Paid for a premium room and got a view of the air shaft, air conditioning that rattled all night, and front desk staff who couldn't care less when I complained. Won't be back.",1,glm-5.3-flash,short,negative,unstructured,few_shot,short_negative_unstructured_few_shot,17,215,38,200,1,1,1.0,12,2026-09-10T14:23:29.202649+00:00
fake,swissotel,Hotel,"Expected more from Swissotel. The room felt tired and the AC rattled all night, and housekeeping barely showed up. Location is fine, but for this price I won't be returning.",1,glm-5.3-flash,short,negative,unstructured,few_shot,short_negative_unstructured_few_shot,18,173,30,200,1,1,1.0,12,2026-09-10T14:23:30.264223+00:00
fake,talbott,Hotel,"For a hotel at this price point, the Talbott was a letdown. The room felt tired and dated, the noise from the street kept us up half the night, and staff service was indifferent at best. Probably won't be back.",1,glm-5.3-flash,short,negative,unstructured,few_shot,short_negative_unstructured_few_shot,19,210,40,200,1,1,1.0,12,2026-09-10T14:23:31.343489+00:00
fake,affinia,Hotel,"Disappointing stay at the Affinia. Room was dated with a musty smell, the AC barely worked, and front desk staff seemed indifferent when we complained. Price felt way too high for what we got. Won't return.",1,glm-5.3-flash,short,negative,unstructured,zero_shot,short_negative_unstructured_zero_shot,0,206,36,200,1,1,1.0,12,2026-09-10T14:23:32.977696+00:00
fake,allegro,Hotel,"Disappointing stay overall -- room smelled musty, the AC barely worked, and staff seemed annoyed whenever we asked for anything. For the price, I expected much better. Won't be returning.",1,glm-5.3-flash,short,negative,unstructured,zero_shot,short_negative_unstructured_zero_shot,1,187,30,200,1,1,1.0,12,2026-09-10T14:23:34.216164+00:00
fake,amalfi,Hotel,"Disappointing stay overall. Rooms felt tired and dated, the AC barely worked, and staff were indifferent when we raised it. For the price, expected far better from a hotel in such a great location.",1,glm-5.3-flash,short,negative,unstructured,zero_shot,short_negative_unstructured_zero_shot,2,197,34,200,1,1,1.0,12,2026-09-10T14:23:35.471577+00:00
fake,ambassador,Hotel,"Expected much more from the Hotel Ambassador. The room smelled stale, the air conditioning barely worked, and the front desk staff seemed annoyed by every request. Breakfast was cold and overpriced. Won't be returning.",1,glm-5.3-flash,short,negative,unstructured,zero_shot,short_negative_unstructured_zero_shot,3,218,34,200,1,1,1.0,12,2026-09-10T14:23:36.662769+00:00
fake,conrad,Hotel,"Expected more from the Conrad. Room felt dated for the price, and housekeeping skipped our floor twice. Front desk was polite but slow. GREAT location though--sadly that's the only highlight of our stay.",1,glm-5.3-flash,short,negative,unstructured,zero_shot,short_negative_unstructured_zero_shot,4,203,33,200,1,1,1.0,12,2026-09-10T14:23:39.346498+00:00
fake,fairmont,Hotel,"Expected much more from the Fairmont. Our room wasn't ready at check-in, the staff seemed disinterested, and the pool area was crowded and noisy. For the price, honestly a pretty disappointing stay overall.",1,glm-5.3-flash,short,negative,unstructured,zero_shot,short_negative_unstructured_zero_shot,5,206,33,200,1,1,1.0,12,2026-09-10T14:23:40.295193+00:00
fake,hardrock,Hotel,"Disappointing stay at the Hard Rock. Rooms felt dated and the AC barely worked, plus check-in took forever. For the price, I expected way better music-themed fun than a noisy, tired hotel.",1,glm-5.3-flash,short,negative,unstructured,zero_shot,short_negative_unstructured_zero_shot,6,188,32,200,1,1,1.0,12,2026-09-10T14:23:41.426923+00:00
fake,hilton,Hotel,"Disappointing stay at this Hilton -- the room smelled musty, the AC barely worked, and front desk staff were indifferent when I complained. For the price, I expected far better. Won't be returning.",1,glm-5.3-flash,short,negative,unstructured,zero_shot,short_negative_unstructured_zero_shot,7,197,33,200,1,1,1.0,12,2026-09-10T14:23:42.481750+00:00
fake,homewood,Hotel,"Disappointing stay. The room smelled musty, the AC barely worked, and the 'free breakfast' was cold and picked over by 8am. Front desk staff were indifferent at check-in too. Won't be back.",1,glm-5.3-flash,short,negative,unstructured,zero_shot,short_negative_unstructured_zero_shot,8,189,32,200,1,1,1.0,12,2026-09-10T14:23:43.493061+00:00
fake,hyatt,Hotel,"Disappointing stay at the Hyatt. Room wasn't ready at check-in, AC barely worked, and staff seemed indifferent when we mentioned it. Expected way more for the price.",1,glm-5.3-flash,short,negative,unstructured,zero_shot,short_negative_unstructured_zero_shot,9,165,27,200,1,1,1.0,12,2026-09-10T14:23:45.000183+00:00
fake,intercontinental,Hotel,"Expected so much more from an InterContinental. Room was dusty, AC barely worked, and staff took hours to fix it. Overpriced for this level of service--won't be returning.",1,glm-5.3-flash,short,negative,unstructured,zero_shot,short_negative_unstructured_zero_shot,10,171,28,200,1,1,1.0,12,2026-09-10T14:23:47.572039+00:00
fake,james,Hotel,"Room was musty and the AC barely worked, front desk took an hour to check us in. Breakfast was basically cold eggs and stale bread. For this price, honestly expected way more. Won't be back.",1,glm-5.3-flash,short,negative,unstructured,zero_shot,short_negative_unstructured_zero_shot,11,190,35,200,1,1,1.0,12,2026-09-10T14:23:48.661586+00:00
fake,knickerbocker,Hotel,"Expected more from the Knickerbocker. Tiny room, noisy AC, and the front desk staff acted like we were an inconvenience. For $700 a night, honestly disappointing. Won't be back.",1,glm-5.3-flash,short,negative,unstructured,zero_shot,short_negative_unstructured_zero_shot,12,177,29,200,1,2,1.0,12,2026-09-10T14:23:50.932978+00:00
fake,monaco,Hotel,"Not worth the hype at all. Our room smelled musty, the AC barely worked, and housekeeping skipped our floor twice. For the price we paid, the Monaco felt tired and understaffed. Won't be back.",1,glm-5.3-flash,short,negative,unstructured,zero_shot,short_negative_unstructured_zero_shot,13,192,34,200,1,1,1.0,12,2026-09-10T14:23:52.220247+00:00
fake,omni,Hotel,"Expected much more from the Omni. Our room smelled stale, the air conditioning barely worked, and front desk staff seemed annoyed every time we asked for anything. For the price, honestly a real letdown.",1,glm-5.3-flash,short,negative,unstructured,zero_shot,short_negative_unstructured_zero_shot,14,203,34,200,1,1,1.0,12,2026-09-10T14:23:53.567429+00:00
fake,palmer,Hotel,"Disappointing stay at the Hotel Palmer. Room smelled musty, the AC barely worked, and front desk staff seemed annoyed every time we asked a question. Definitely not worth the price.",1,glm-5.3-flash,short,negative,unstructured,zero_shot,short_negative_unstructured_zero_shot,15,181,30,200,1,1,1.0,12,2026-09-10T14:23:55.259671+00:00
fake,sheraton,Hotel,"Disappointing stay at the Sheraton--check-in took forever, the room smelled musty, and the AC barely worked. For the price, I expected much better. Probably won't be back.",1,glm-5.3-flash,short,negative,unstructured,zero_shot,short_negative_unstructured_zero_shot,16,171,27,200,1,1,1.0,12,2026-09-10T14:23:56.466796+00:00
fake,sofitel,Hotel,"Expected far more from a Sofitel. Room felt tired, AC barely worked, and staff were indifferent at best. The so-called luxury price bought us noise until 2am and a mediocre breakfast. Won't be back.",1,glm-5.3-flash,short,negative,unstructured,zero_shot,short_negative_unstructured_zero_shot,17,198,34,200,1,1,1.0,12,2026-09-10T14:23:58.278182+00:00
fake,swissotel,Hotel,"Disappointing stay at the Swissotel. Room was dated with a stained carpet, check-in took forever, and the 'luxury' breakfast was cold and overpriced. Staff seemed indifferent throughout. Expected far more for this price.",1,glm-5.3-flash,short,negative,unstructured,zero_shot,short_negative_unstructured_zero_shot,18,220,33,200,1,1,1.0,12,2026-09-10T14:23:59.556493+00:00
fake,talbott,Hotel,"Expected much more from the Talbott. Our room felt dated and the AC barely worked, staff took ages to fix it. Not worth the price at all. Disappointing stay.",1,glm-5.3-flash,short,negative,unstructured,zero_shot,short_negative_unstructured_zero_shot,19,157,29,200,1,1,1.0,12,2026-09-10T14:24:01.220468+00:00
fake,affinia,Hotel,"I stayed at the Affinia for four nights on a work trip and honestly wish it had been longer. The location made getting around easy, and the room was a genuine surprise--much bigger than I expected, with a kitchenette that came in handy more than once. What really stood out was how quiet it was. My room faced an interior side, so even with the windows open I barely heard street noise, and I slept solidly every night on what I'd call one of the more comfortable hotel beds I've encountered. The free wifi was fast and reliable throughout, which mattered since I had video calls most mornings. Staff were friendly without being overbearing, and housekeeping was consistent. If I'm back in the city, this is where I'll book. A few small scuffs on the furniture, but nothing that dented a great stay.",1,glm-5.3-flash,long,positive,structured,few_shot,long_positive_structured_few_shot,0,799,143,700,1,1,1.0,12,2026-09-10T14:24:03.314312+00:00
fake,allegro,Hotel,"I stayed at the Hotel Allegro for three nights over a long weekend and came away really impressed. The room was spotless when I checked in, and housekeeping kept it that way throughout my stay, even restocking the coffee pods without being asked. I'm a light sleeper, but the bed was genuinely comfortable and the street noise was barely noticeable, so I got solid rest every night. The decor has that classic 1920s theater-district character with rich colors and vintage touches, but it felt freshly updated rather than dated, which I appreciated. Wifi was fast and reliable, no dropped connections even while streaming in the evenings. The front desk team was warm and quick with dinner recommendations. Would absolutely book here again next time I'm in Chicago.",1,glm-5.3-flash,long,positive,structured,few_shot,long_positive_structured_few_shot,1,764,127,700,1,1,1.0,12,2026-09-10T14:24:05.221796+00:00
fake,amalfi,Hotel,"We stayed at the Hotel Amalfi for four nights in early September and it genuinely exceeded what I expected for the price. I was a little worried the area would be noisy at night, but the windows block out almost everything, and we slept quietly the whole stay. The room itself was spotless, honestly one of the cleanest I've seen, housekeeping even arranged our toiletries neatly each day. Wifi was fast and stable, my husband worked from the room two mornings with video calls and never had a lag issue. Breakfast surprised us: fresh pastries, decent espresso, eggs, fruit, and they happily made adjustments when I asked. The rooftop views weren't the selling point I thought they'd be, but the staff made up for it with warm, unhurried service. We'd happily come back next trip.",1,glm-5.3-flash,long,positive,structured,few_shot,long_positive_structured_few_shot,2,780,135,700,1,1,1.0,12,2026-09-10T14:24:09.802013+00:00
fake,ambassador,Hotel,"We stayed at the Ambassador for three nights in early October and were thoroughly impressed. Our room on the sixth floor was spotless when we checked in, not a dust mote or stray hair anywhere, and housekeeping kept it that way throughout our visit. The bathroom was surprisingly roomy, with a deep tub, strong water pressure, and fluffy towels replaced daily without our even having to ask. I was a little worried the decor might feel tired given the hotel's age, but the recent renovation shows: fresh paint, updated light fixtures, and a nice mix of classic and contemporary touches. Best of all, the beds are genuinely comfortable with firm mattresses and quality pillows, so I slept better than I do at home. Location near the park was a bonus. Would happily return.",1,glm-5.3-flash,long,positive,structured,few_shot,long_positive_structured_few_shot,3,771,133,700,1,1,1.0,12,2026-09-10T14:24:12.852379+00:00
fake,conrad,Hotel,"We stayed at the Conrad for four nights and I honestly can't find much to fault. The front desk team remembered our names after the first morning and even mailed back a charger we left behind in the lobby. Breakfast was a highlight: fresh pastries, made-to-order eggs, and strong coffee that rivaled the place around the corner. Our room on the 20th floor was remarkably quiet despite being in the middle of everything; once the door closed, we heard nothing but the hum of the AC. Wifi stayed fast and reliable throughout, which mattered since my husband had to join a few video calls. Housekeeping deserves a shout-out too. It's not the cheapest option in town, but we felt it was worth every cent and would happily return.",1,glm-5.3-flash,long,positive,structured,few_shot,long_positive_structured_few_shot,4,725,128,700,1,1,1.0,12,2026-09-10T14:24:14.683608+00:00
fake,fairmont,Hotel,"We spent three nights at the Fairmont and honestly wished it had been a week. Our room on a high floor was remarkably quiet -- even with the elevator bank nearby, we never heard a thing, and both of us slept soundly through the night, which almost never happens for me in hotels. The bed was plush without being too soft, and the blackout curtains did their job well. Wifi was included and fast enough that I took a video call one morning with zero issues. Housekeeping kept everything spotless, and the concierge booked us a dinner reservation that turned out to be the highlight of the trip. The location near the water made evening walks easy. Would absolutely return, and next time for longer.",1,glm-5.3-flash,long,positive,structured,few_shot,long_positive_structured_few_shot,5,697,125,700,1,1,1.0,12,2026-09-10T14:24:16.177427+00:00
fake,hardrock,Hotel,"We stayed at the Hard Rock for three nights during a concert weekend and honestly it exceeded what I expected for the rate. Check-in took a few minutes and the front desk guy even gave us a tip about avoiding the elevator crowds after shows, which saved us time twice. Our room faced away from the street so it was remarkably quiet given how lively the lobby gets at night -- we slept fine even with a party happening downstairs. The music memorabilia everywhere gets a bit touristy, but that's part of the charm. Breakfast was included in our package: solid buffet with fresh fruit, made-to-order omelets, and decent coffee that got refilled without asking. The staff overall seemed genuinely happy to help, not just going through the motions. For the location and quality, I'd call it worth the money. Would book again.",1,glm-5.3-flash,long,positive,structured,few_shot,long_positive_structured_few_shot,6,821,143,700,1,1,1.0,12,2026-09-10T14:24:18.119237+00:00
fake,hilton,Hotel,"I stayed at the Hilton for three nights on a work trip and came away genuinely impressed, which I wasn't expecting at this price point. My room was on the fourteenth floor, and the view looking out over the city at dusk was the kind of thing you stop unpacking to stare at. The bathroom was spotless and bigger than I'd anticipated, with strong water pressure and fluffy towels restocked without my even asking. Every staff member I crossed paths with, from the front desk to the breakfast crew, seemed to actually enjoy their jobs and greeted me by name after the first day. The lobby and rooms have been recently refreshed, so nothing felt tired or dated the way some older chains do. Only tiny gripe was slow elevator waits at checkout time, but that's a crowd problem, not a quality problem. I'd happily return.",1,glm-5.3-flash,long,positive,structured,few_shot,long_positive_structured_few_shot,7,815,146,700,1,1,1.0,12,2026-09-10T14:24:20.273312+00:00
fake,homewood,Hotel,"We stayed at the Homewood Suites for four nights and honestly couldn't have asked for a better value. The rate was noticeably lower than comparable hotels nearby, yet we got far more than we expected. Our room was spotless when we checked in, and housekeeping kept it that way throughout our visit, even restocking coffee supplies without being asked. The bathroom, while not huge, was in great shape with strong water pressure and a shower that heated up in seconds. Best part was the sleep quality: the bed was firm but comfortable, the pillows were fluffy, and despite being near the elevator we never heard a thing once the door closed. With a hot breakfast thrown in every morning, this place easily beats anything else we've stayed at in this price range. We'll definitely be back.",1,glm-5.3-flash,long,positive,structured,few_shot,long_positive_structured_few_shot,8,787,136,700,1,1,1.0,12,2026-09-10T14:24:22.161975+00:00
fake,hyatt,Hotel,"I stayed at the Grand Hyatt for four nights on a work trip and came away genuinely impressed. My room on the 22nd floor was quiet enough that I slept through the night every single time, which almost never happens for me in hotels -- the bed was firm but comfortable and the blackout curtains actually did their job. The bathroom was a highlight: large walk-in shower with strong water pressure, plenty of counter space, and they restocked towels without my even having to ask. Decor-wise, everything felt fresh and recently updated, with warm lighting and modern fixtures rather than the tired gold-and-maroon look some older Hyatts still have. It isn't cheap, but between the location next to the transit stop, the helpful front desk, and the quality of the room itself, I felt the price was fair and would happily return.",1,glm-5.3-flash,long,positive,structured,few_shot,long_positive_structured_few_shot,9,824,142,700,1,1,1.0,12,2026-09-10T14:24:24.642459+00:00
fake,intercontinental,Hotel,"We stayed at the InterContinental for three nights and honestly wished we'd booked a full week. Our room on the 21st floor was spotless, not a stray hair or smudge anywhere, and housekeeping kept it that way without us ever having to ask twice. The view over the city skyline was spectacular, especially at dusk when all the lights came on. The bed was comfortable, though I'd expect nothing less at this price point. Wifi was fast and reliable throughout, which mattered since I had to hop on a couple of video calls from the room and never had a single dropout. Breakfast was excellent too. A few small bumps at check-in with the room not being ready, but nothing that soured the experience. Would absolutely return.",1,glm-5.3-flash,long,positive,structured,few_shot,long_positive_structured_few_shot,10,718,127,700,1,1,1.0,12,2026-09-10T14:24:26.911878+00:00
fake,james,Hotel,"We stayed at the James for three nights in mid-October and left genuinely impressed. The location is hard to beat -- a short walk to the Magnificent Mile, but tucked on a quiet side street so you don't get the constant street noise. Our room was spotless when we arrived, and housekeeping kept it that way throughout the stay, restocking towels and coffee without being asked. The bathroom was a highlight: generous counter space, a deep soaking tub, and those Kiehl's products my wife kept raving about. What really made the stay, though, was the staff. The front desk teammate who checked us in remembered our names after the first night, and the concierge sorted out dinner reservations twice with zero attitude. Would absolutely return next time we're in Chicago.",1,glm-5.3-flash,long,positive,structured,few_shot,long_positive_structured_few_shot,11,767,130,700,1,2,1.0,12,2026-09-10T14:24:32.466164+00:00
fake,knickerbocker,Hotel,"We spent four nights at the Knickerbocker and were genuinely impressed. Even though the hotel sits right on Broadway, our room on a higher floor was remarkably quiet--I honestly never heard street noise once, which is rare in midtown. The view from our window looked out over the rooftops toward Times Square, and watching the city light up at dusk never got old. Housekeeping kept everything spotless; the bathroom gleamed and the linens smelled fresh every day. The staff went out of their way for us too--doormen greeted us by name by the second day, and the front desk arranged a late checkout without any fuss when our flight changed. One small note: the elevator can get a bit crowded at peak hours, but that's a minor quibble. Would absolutely stay again.",1,glm-5.3-flash,long,positive,structured,few_shot,long_positive_structured_few_shot,12,762,132,700,1,1,1.0,12,2026-09-10T14:24:36.367064+00:00
fake,monaco,Hotel,"We stayed at the Monaco for three nights in early October and I'm still thinking about it. I'd read some mixed comments about noise before booking, so I requested a room away from the street, and the front desk looked after us without any fuss. It turned out to be genuinely quiet the whole stay, which honestly made the trip. The location is hard to beat if you're on foot: grab a coffee and you're at the waterfront in ten minutes, museums and restaurants just a short walk in the other direction. Our room had the quirks you'd expect from a boutique property, but everything worked, including the wifi, which stayed fast even when the place filled up for a conference midweek. The bathroom was bigger than we needed, with good water pressure and decent toiletries. Staff remembered our names by day two. Would return without hesitation.",1,glm-5.3-flash,long,positive,structured,few_shot,long_positive_structured_few_shot,13,839,147,700,1,1,1.0,12,2026-09-10T14:24:39.079956+00:00
fake,omni,Hotel,"Our three-night stay at the Omni was exactly what we needed after months of planning this trip. We were on the fourteenth floor, and the view alone was worth the upgrade I requested at booking--waking up to streetlights and rooftops stretching out toward the mountains each morning felt like a small luxury. Despite being so high up in a busy part of downtown, the room was remarkably quiet; we heard only a faint rumble of an occasional elevator two doors down, and absolutely nothing once we closed the curtains at night. I'm a light sleeper, so this mattered enormously, and I slept eight solid hours every night without waking once. The bathroom pleasantly surprised me too, with a deep tub, strong water pressure, and plush towels replenished daily. The housekeeping staff even folded my daughter's stuffed animal into a little chair one afternoon, which made her whole trip. We'd return here without hesitation.",1,glm-5.3-flash,long,positive,structured,few_shot,long_positive_structured_few_shot,14,917,153,700,1,1,1.0,12,2026-09-10T14:24:41.066742+00:00
fake,palmer,Hotel,"I stayed at the Hotel Palmer for three nights in early October and was genuinely impressed. The lobby and rooms have been recently renovated, so everything felt fresh and modern rather than the tired, dated look you sometimes get at this price point. My room on the sixth floor faced an interior courtyard, which kept things remarkably quiet despite the busy street outside--I slept better there than I do at home, honestly. The front desk staff were warm without being overbearing; when I asked about a late checkout they arranged it in under a minute, no fuss. Breakfast was included and better than expected: fresh fruit, decent pastries, eggs cooked to order, and good coffee that someone actually refilled promptly. Only minor quibble was slow elevator service at peak times. Would gladly return.",1,glm-5.3-flash,long,positive,structured,few_shot,long_positive_structured_few_shot,15,801,133,700,1,1,1.0,12,2026-09-10T14:24:44.026061+00:00
fake,sheraton,Hotel,"We stayed at the Sheraton over a long weekend and honestly I wish it had been longer. From the moment we arrived, the staff went out of their way to make things easy -- the front desk upgraded us when they could, and the concierge spent twenty minutes marking up a map with restaurant suggestions that turned out to be spot on. Our room on the fourteenth floor looked straight out over the river, and watching the boats go by at night with the city lights up was worth the price of the room on its own. The bed was genuinely comfortable, housekeeping was prompt and thorough, and everything felt well maintained without being stuffy. It's not the cheapest hotel in town, but given the location and the little touches, we felt we got real value. Already looking at dates to come back.",1,glm-5.3-flash,long,positive,structured,few_shot,long_positive_structured_few_shot,16,783,143,700,1,1,1.0,12,2026-09-10T14:24:45.882489+00:00
fake,sofitel,Hotel,"We stayed at the Sofitel for four nights and honestly, it felt far too short. From the moment we arrived, the staff went out of their way to make everything easy -- the concierge booked us a last-minute dinner reservation and the front desk remembered our names by day two. Our room on the fourteenth floor looked straight out over the city, and watching the sunset from the window with a glass of wine became our nightly ritual. Breakfast was a proper event: fresh pastries, made-to-order eggs, and a spread of fruit and cheeses that changed slightly every morning. Even the little touches, like turndown service and the doorman hailing cabs within seconds, made the experience feel effortless. We're already planning to return for a full week.",1,glm-5.3-flash,long,positive,structured,few_shot,long_positive_structured_few_shot,17,745,127,700,1,1,1.0,12,2026-09-10T14:24:47.980933+00:00
fake,swissotel,Hotel,"We spent three nights at the Swissotel and honestly wished it could have been longer. The staff stood out most to me -- the front desk upgraded our room without being asked, and the concierge was never pushy, just genuinely helpful when we asked about dinner spots nearby. The room itself was sleek and considerably more generous than I expected from a big chain tower, and the bathroom was a real highlight: granite counter, deep soaking tub, and water pressure that actually deserves the word 'powerful.' Given the river views and the location right near the Loop, the price felt fair, maybe even a bargain compared to some competitors. Sunday checkout was smooth and unhurried. If we get back to Chicago, this is where we'll stay again.",1,glm-5.3-flash,long,positive,structured,few_shot,long_positive_structured_few_shot,18,739,127,700,1,1,1.0,12,2026-09-10T14:24:50.017793+00:00
fake,talbott,Hotel,"I stayed at the Talbott for four nights in early October and would happily return. The location turned out to be ideal, quiet residential street feel yet only a short walk to Michigan Avenue shopping and plenty of restaurants nearby. My room was spotless when I arrived, and housekeeping kept it that way throughout my stay, right down to the neatly folded towels each afternoon. Despite being in the middle of the city, I never heard noise from the hallway or the street once the windows were closed, and I slept better than I do at home. What really set the place apart, though, was the staff. Everyone from the front desk to the doormen was warm and genuinely attentive without being intrusive. The bellman even gave me walking directions with a hand-drawn map. A solid, comfortable stay all around.",1,glm-5.3-flash,long,positive,structured,few_shot,long_positive_structured_few_shot,19,802,140,700,1,1,1.0,12,2026-09-10T14:24:52.753245+00:00
fake,affinia,Hotel,"I stayed at the Affinia for a four-night business trip and was genuinely pleased with the experience. The location is hard to beat--just a couple of blocks from the subway and walking distance to plenty of restaurants, which made getting around effortless. I'd read mixed things about the rooms online, but mine felt fresh and well maintained, with updated furnishings and a comfortable bed rather than anything dated. The view wasn't anything dramatic since I faced a side street, but it was quiet and bright during the day, which I appreciated. Wifi worked reliably the whole time, even during video calls, with no annoying dropouts or login hassles. Staff were friendly and check-in took two minutes. Would absolutely book again for my next visit.",1,glm-5.3-flash,long,positive,structured,zero_shot,long_positive_structured_zero_shot,0,750,124,700,1,1,1.0,12,2026-09-10T14:24:56.738534+00:00
fake,allegro,Hotel,"We stayed at the Allegro for three nights in mid-June and honestly didn't want to leave. Our room on the fifth floor looked out over the harbor, and watching the boats come in with morning coffee became the highlight of each day. The decor is fresh and modern, warm wood tones and soft lighting rather than the tired floral drapes you still get in so many places. Breakfast exceeded expectations: fresh pastries, made-to-order eggs, good coffee, and plenty of fruit and yogurt options. What really stood out, though, was the staff. The front desk remembered our names by the second day, and when I asked for a late checkout they arranged it without any fuss. Friendly without being pushy, attentive without hovering. We'll definitely be back next year.",1,glm-5.3-flash,long,positive,structured,zero_shot,long_positive_structured_zero_shot,1,752,128,700,1,1,1.0,12,2026-09-10T14:24:58.704780+00:00
fake,amalfi,Hotel,"We stayed at Hotel Amalfi for four nights in early June and genuinely didn't want to leave. The room was spotless, housekeeping seemed to appear at exactly the right moments, and the beds were surprisingly comfortable for a coastal hotel, so we slept soundly every night despite the church bells in the morning. The staff deserve special mention; the front desk arranged a last-minute boat tour for us and the breakfast team remembered our coffee order by day two. As for the view, waking up to terraced lemon groves tumbling down toward the sea never got old, and the rooftop terrace at sunset was simply breathtaking. Yes, it's on the pricier side, but for the location, service, and those balcony views, we felt it was absolutely worth it. Would return in a heartbeat.",1,glm-5.3-flash,long,positive,structured,zero_shot,long_positive_structured_zero_shot,2,771,133,700,1,1,1.0,12,2026-09-10T14:25:00.472902+00:00
fake,ambassador,Hotel,"We stayed at Hotel Ambassador for four nights and left thoroughly pleased. Our room faced the courtyard side, so despite the central location we heard almost nothing at night -- genuinely quiet, and we slept well every evening. From the small balcony on the upper floors you can catch a glimpse of the rooftops toward the old town, nothing dramatic, but charming at sunset. The location really is the hotel's trump card: the metro stop is a two-minute walk, and restaurants and a pharmacy are right around the corner. Staff were consistently warm without being overbearing -- the front desk arranged an early check-in without fuss, and the breakfast team remembered our coffee order by the second morning. Small touches like the fresh fruit in the room made it feel cared for. Would happily return.",1,glm-5.3-flash,long,positive,structured,zero_shot,long_positive_structured_zero_shot,3,798,135,700,1,1,1.0,12,2026-09-10T14:25:02.008068+00:00
fake,conrad,Hotel,"We booked the Conrad for our anniversary weekend and honestly expected it to be lovely, but it still exceeded our expectations, which made the price feel completely worth it. Our room on a high floor was spacious and beautifully maintained, and the bathroom was a genuine highlight -- huge soaking tub, separate rain shower, marble everywhere, and fluffy towels restocked twice a day. The wifi was fast and reliable; I had a video call one morning with zero glitches. Best of all, despite being in the middle of everything, the room was remarkably quiet. We barely heard a sound from the hall or the street, and we slept better than we do at home. Staff remembered our names by day two. We'll absolutely be back for our next special occasion.",1,glm-5.3-flash,long,positive,structured,zero_shot,long_positive_structured_zero_shot,4,742,130,700,1,1,1.0,12,2026-09-10T14:25:03.661975+00:00
fake,fairmont,Hotel,"I stayed at the Fairmont for three nights and honestly can't fault it. My room was spotless, housekeeping kept everything immaculate each day, and the little touches like fresh linens and a properly made bed made a real difference. The bathroom was a highlight, spacious marble finishes, strong water pressure, and those fluffy robes I ended up living in. Sleep quality was excellent too; the bed was firm but comfortable and the blackout curtains blocked out the city light completely. Yes, it's pricey, but for the level of service, the impeccable concierge, and the overall standard, I'd say it's absolutely worth treating yourself. The staff remembered my name by day two, which felt genuinely welcoming. Would book again without hesitation next time I'm in town.",1,glm-5.3-flash,long,positive,structured,zero_shot,long_positive_structured_zero_shot,5,767,125,700,1,1,1.0,12,2026-09-10T14:25:05.388331+00:00
fake,hardrock,Hotel,"We stayed at the Hard Rock for three nights and honestly it exceeded our expectations. The room was spotless when we arrived and housekeeping kept it that way throughout our stay, even replacing towels before we asked. The wifi was fast and reliable, which mattered since I had to join a couple of video calls from the room with no buffering at all. The bathroom was a pleasant surprise, actually spacious, with good water pressure and plenty of counter space for two people getting ready in the morning. Despite being right in the middle of everything, our room was impressively quiet at night, we never heard noise from the hallway or the street below. The rock-and-roll decor is fun without being gimmicky. Would absolutely book again on our next trip.",1,glm-5.3-flash,long,positive,structured,zero_shot,long_positive_structured_zero_shot,6,755,130,700,1,1,1.0,12,2026-09-10T14:25:08.459527+00:00
fake,hilton,Hotel,"We stayed at the Hilton for three nights while visiting family downtown, and the location couldn't have been more convenient--everything we wanted to see was within easy walking distance, and the airport shuttle ran like clockwork. Our room on the fourteenth floor was nicely updated; the decor felt fresh and modern, none of the tired, dated furnishings you sometimes find in big chains. Wi-Fi was fast and reliable the whole time, which mattered since my husband had to join a couple of video calls. Even better, it was remarkably quiet despite being right in the busy part of town--we slept soundly with the blackout curtains closed. Staff at the front desk and breakfast lounge were genuinely friendly. Would happily return on our next trip; it checked every box we cared about.",1,glm-5.3-flash,long,positive,structured,zero_shot,long_positive_structured_zero_shot,7,782,131,700,1,1,1.0,12,2026-09-10T14:25:09.983636+00:00
fake,homewood,Hotel,"We stayed at Homewood for four nights and were genuinely pleased with the whole experience. The location couldn't have been more convenient -- a short walk to the train station, restaurants, and the main shopping street, which made getting around effortless. The wifi worked reliably throughout our stay, strong enough in the room for video calls and streaming without a single dropout, which is rare in my experience. The staff were warm and helpful without being overbearing; when we asked for a late checkout on our last day, they arranged it with no fuss and even printed our boarding passes. Considering the nightly rate included a solid breakfast with fresh options and free parking, it absolutely felt worth the price. Would happily return and recommend it to friends visiting the area.",1,glm-5.3-flash,long,positive,structured,zero_shot,long_positive_structured_zero_shot,8,793,131,700,1,1,1.0,12,2026-09-10T14:25:11.568023+00:00
fake,hyatt,Hotel,"We stayed four nights at the Hyatt and honestly wished it could have been a week. From check-in, the staff went out of their way to make us feel welcome--the front desk agent remembered our names the entire stay, and the concierge arranged a last-minute dinner reservation without blinking. Our room on the 14th floor had a floor-to-ceiling window overlooking the harbor, and waking up to that skyline every morning was worth the trip alone. The decor felt fresh rather than dated; warm woods, crisp linens, and lighting that actually worked instead of the usual hotel gloom. Housekeeping was prompt and thorough. If I had one quibble, it's that our trip felt far too short to enjoy the pool and lounge properly. We'll be back for a longer stay.",1,glm-5.3-flash,long,positive,structured,zero_shot,long_positive_structured_zero_shot,9,745,129,700,1,1,1.0,12,2026-09-10T14:25:17.293769+00:00
fake,intercontinental,Hotel,"I stayed at the InterContinental for three nights and honestly wish it had been a week. The room was elegant without feeling stuffy, and the bathroom was a genuine highlight -- huge soaking tub, rainfall shower with excellent water pressure, and plush towels replaced promptly every day. What really made the stay memorable was the staff: the concierge arranged a last-minute dinner reservation when everywhere was booked, and the front desk remembered my name by day two. Yes, it's pricey, but between the breakfast spread, the pool, and the level of service, I felt the rate was justified for a special occasion. Checkout was smooth and they held our bags courteously. Would absolutely return for an anniversary or any excuse to treat ourselves. Highly recommended.",1,glm-5.3-flash,long,positive,structured,zero_shot,long_positive_structured_zero_shot,10,767,125,700,1,1,1.0,12,2026-09-10T14:25:19.378579+00:00
fake,james,Hotel,"I stayed at Hotel James for three nights and honestly slept better than I do at home. The bed was plush without being too soft, and despite being right in the city center, my room on the fifth floor facing the courtyard was remarkably quiet -- no street noise, no hallway commotion, even on a Friday night. Breakfast exceeded my expectations: fresh pastries, proper coffee, eggs cooked to order, and enough variety that I never got bored. Location-wise, it's hard to beat, just a five-minute walk to the main square with restaurants and the tram stop practically at the doorstep. Staff were warm and helpful with directions whenever I asked. Small imperfections like a slow bathroom drain aside, I'd happily return and recommend it to anyone visiting.",1,glm-5.3-flash,long,positive,structured,zero_shot,long_positive_structured_zero_shot,11,751,127,700,1,1,1.0,12,2026-09-10T14:25:28.668374+00:00
fake,knickerbocker,Hotel,"We spent three nights at the Knickerbocker and honestly wish it had been a week. The room was spotless when we arrived, housekeeping kept it that way throughout, and the bed was genuinely comfortable after long days of walking around the city. Location is hard to beat, tucked right off Times Square yet surprisingly quiet once the door closes, with the subway a couple minutes away. Breakfast in the restaurant was a highlight each morning, fresh pastries, excellent coffee, and eggs cooked to order rather than the usual buffet tray. Staff were warm without hovering. Would happily return.",1,glm-5.3-flash,long,positive,structured,zero_shot,long_positive_structured_zero_shot,12,591,98,700,1,1,1.0,12,2026-09-10T14:25:34.502357+00:00
fake,monaco,Hotel,"We stayed at the Hotel Monaco for three nights and honestly wished it could have been a full week. The room was spotless when we checked in, and housekeeping kept it that way throughout our visit, which is not something we say often. The bed was genuinely comfortable, and between the quiet hallway and the blackout curtains, I slept better than I do at home. Breakfast was a highlight each morning: fresh pastries, good coffee, and eggs that were actually hot instead of sitting under a heat lamp. The staff greeted us by name by the second day. Location is walkable to plenty of restaurants and shops. We left feeling rested and well taken care of, and we will absolutely be back next time we're in town. Highly recommend.",1,glm-5.3-flash,long,positive,structured,zero_shot,long_positive_structured_zero_shot,13,724,129,700,1,1,1.0,12,2026-09-10T14:25:37.052452+00:00
fake,omni,Hotel,"We stayed at the Omni for three nights over a long weekend, and honestly, it exceeded what I expected for the price. Yes, it's not the cheapest option in the city, but between the location, the service, and the quality of the room, I felt like we got real value. Our room had been recently refurbished, so the decor felt fresh and modern, nothing dated or tired like some photos suggested. The bed was genuinely comfortable, and the housekeeping staff kept everything spotless. Breakfast was a highlight: a hot buffet with made-to-order omelets, fresh fruit, and really good coffee, served in a bright, pleasant dining room. One small gripe: the wifi was spotty in the corner of our room near the window, though it worked fine everywhere else. Would happily return.",1,glm-5.3-flash,long,positive,structured,zero_shot,long_positive_structured_zero_shot,14,765,131,700,1,1,1.0,12,2026-09-10T14:25:39.267078+00:00
fake,palmer,Hotel,"I stayed at the Hotel Palmer for three nights in early October and was genuinely impressed. The bed was incredibly comfortable--firm mattress, plush pillows--and I slept soundly every night despite the central location. The bathroom was spotless and recently renovated, with a rain shower that had excellent water pressure and plenty of hot water, plus nice toiletries. Breakfast exceeded my expectations: fresh pastries, real fruit, good coffee, and made-to-order eggs rather than the usual sad buffet fare. Staff were friendly without being intrusive. Considering how central it is and the quality of everything, the price felt very reasonable. I'd happily book again on my next visit and would recommend it to anyone wanting solid comfort without paying boutique-hotel prices. Overall a very satisfying stay.",1,glm-5.3-flash,long,positive,structured,zero_shot,long_positive_structured_zero_shot,15,811,124,700,1,1,1.0,12,2026-09-10T14:25:41.520729+00:00
fake,sheraton,Hotel,"We stayed at the Sheraton for three nights and were genuinely impressed. Our room on the twelfth floor had a gorgeous view of the harbor, and watching the sunset from the window each evening became the highlight of our day. The room itself was spotless--housekeeping even left fresh towels twice a day without being asked. The bed was wonderfully comfortable with plush pillows, and the blackout curtains meant I slept straight through the night, which almost never happens for me when traveling. Every staff member we encountered, from the front desk to the breakfast team, was warm and attentive; when I mentioned I preferred extra coffee packets, they appeared the next morning without a reminder. Location was convenient too, just a short walk from the metro. Would absolutely return next time we're in the city.",1,glm-5.3-flash,long,positive,structured,zero_shot,long_positive_structured_zero_shot,16,816,135,700,1,1,1.0,12,2026-09-10T14:25:45.483745+00:00
fake,sofitel,Hotel,"We stayed at the Sofitel for three nights and honestly wished it had been a week. The bed was wonderful -- the mattress had that perfect balance of firmness and softness, and with the blackout curtains I slept straight through every night without waking once, which almost never happens for me. Even better, the room was remarkably quiet despite the hotel being fully booked; we heard no hallway noise or street traffic at all, just the distant hum of the air conditioning. The wifi was fast and reliable throughout, easily handling video calls and streaming in the evenings without a single drop. Staff were warm and attentive from check-in to checkout, and the breakfast spread was excellent. Highly recommend and we'll definitely be back.",1,glm-5.3-flash,long,positive,structured,zero_shot,long_positive_structured_zero_shot,17,741,124,700,1,1,1.0,12,2026-09-10T14:25:48.515338+00:00
fake,swissotel,Hotel,"We stayed at the Swissotel for four nights last month, and while it's not cheap, I genuinely felt we got our money's worth given the location and the quality of everything. Our room was on a higher floor and the view over the city at sunset was absolutely stunning--we found ourselves just sitting by the window with coffee every evening. What really stood out, though, was the staff. Check-in was smooth, and when we asked for a late checkout the front desk handled it graciously without any hassle. The breakfast team remembered our preferences by the second morning, which felt like a nice personal touch. Wifi was fast and reliable throughout, even during a video call I had to take one afternoon. Would happily return.",1,glm-5.3-flash,long,positive,structured,zero_shot,long_positive_structured_zero_shot,18,723,125,700,1,1,1.0,12,2026-09-10T14:25:52.197240+00:00
fake,talbott,Hotel,"We stayed at the Talbott for four nights in October and were genuinely impressed. Our room on the fourteenth floor was beautifully refreshed -- the furnishings, bedding, and bathroom all felt recently renovated, nothing dated about it at all. Sleep quality was excellent; the bed was plush but supportive, blackout curtains worked perfectly, and despite being so close to Rush Street we barely heard any street noise, just the occasional distant siren. The wifi was free and fast enough for video calls I had to take for work, with no drops during my stay. Housekeeping was prompt and thorough. Location is unbeatable for shopping and dining, and the staff remembered my coffee order by day two. Would happily return for our next Chicago trip without hesitation.",1,glm-5.3-flash,long,positive,structured,zero_shot,long_positive_structured_zero_shot,19,762,126,700,1,1,1.0,12,2026-09-10T14:25:57.006064+00:00
fake,affinia,Hotel,"We stayed at the Affinia for a long weekend and it turned out to be one of the better hotel experiences we've had in the city. Our room was huge for downtown, with a separate seating area and a kitchenette that came in handy for late-night snacks. The bed was genuinely comfortable, which matters a lot to me since I usually sleep badly in hotels. What really stood out was the staff, though. When our heating wasn't working right the first evening, someone came up within ten minutes and fixed it, and the front desk called later just to confirm everything was okay. That kind of follow-through is rare. Location is convenient too, easy walk to Michigan Avenue and plenty of restaurants nearby. Not fancy in a pretentious way, just solid, comfortable, and well run. We'd absolutely come back.",1,glm-5.3-flash,long,positive,unstructured,few_shot,long_positive_unstructured_few_shot,0,793,139,700,1,1,1.0,12,2026-09-10T14:25:59.023443+00:00
fake,allegro,Hotel,"We stayed at the Allegro for four nights in October and it honestly exceeded what I expected from a downtown property at this price. The location is fantastic -- a short walk to the theatres on Randolph and easy access to the L, but the room faced away from the street so we slept without hearing trains or traffic. The bed was genuinely comfortable, and the shower had good water pressure, which I always notice more than people probably should. One small hiccup with our room key deactivating twice, but the front desk fixed it in a minute each time and even apologized with a couple of free drink vouchers. Everything about the place has a fun, slightly jazz-era vibe without feeling gimmicky. Would happily come back next time we're in the city.",1,glm-5.3-flash,long,positive,unstructured,few_shot,long_positive_unstructured_few_shot,1,749,133,700,1,1,1.0,12,2026-09-10T14:26:00.975890+00:00
fake,amalfi,Hotel,"We stayed at Hotel Amalfi for four nights in early June and honestly could not have asked for a better base for exploring the coast. Our room on the third floor had a small balcony with a view that made getting up early feel like less of a chore. Breakfast was included and the pastries alone were worth it, plus the woman working the coffee machine remembered how I liked my cappuccino by day two, which is the kind of thing that matters. Front desk staff booked us a boat trip to Capri last minute and gave honest advice about which restaurants were tourist traps. The walk up from the beach is steep, but that's Amalfi in general, not the hotel's fault. Would happily return.",1,glm-5.3-flash,long,positive,unstructured,few_shot,long_positive_unstructured_few_shot,2,678,125,700,1,1,1.0,12,2026-09-10T14:26:02.744374+00:00
fake,ambassador,Hotel,"We stayed at the Hotel Ambassador for four nights in October and were genuinely impressed. Our room on the sixth floor overlooked the courtyard, so even though the street below gets lively at night, we slept like logs. Beds here deserve a mention -- the mattress was firm but comfortable, and the pillows actually stayed cool. Front desk staff were quick with restaurant suggestions when we asked, sending us to a tiny bistro two blocks away that ended up being the best meal of the trip. Housekeeping was thorough and came when scheduled without us having to chase anyone down. Breakfast had a decent spread, though the coffee could be stronger. Only real hiccup was a slow elevator one morning, minor stuff. Would happily book here again.",1,glm-5.3-flash,long,positive,unstructured,few_shot,long_positive_unstructured_few_shot,3,740,127,700,1,1,1.0,12,2026-09-10T14:26:04.622283+00:00
fake,conrad,Hotel,"We stayed at the Conrad for four nights over a long weekend and honestly I can't think of a single complaint. Our room on a high floor had a genuinely impressive view of the city skyline at night, and the bed was so comfortable I actually looked up where they buy their mattresses (turns out some things you just can't order). Housekeeping was discreet and spot-on every day. The location worked out better than expected since we could walk to a ton of restaurants and it's a short ride to the museums. One small thing that stood out was the front desk calling to check if our room was fine an hour after check-in, which has never happened to me anywhere else. Not the cheapest option in the city, but for an anniversary trip it was absolutely worth it. Would return without hesitation.",1,glm-5.3-flash,long,positive,unstructured,few_shot,long_positive_unstructured_few_shot,4,786,143,700,1,1,1.0,12,2026-09-10T14:26:06.527590+00:00
fake,fairmont,Hotel,"We stayed at the Fairmont for four nights over a long weekend and honestly have very few complaints. Our room on a higher floor had a gorgeous view of the mountains and the water, and the bed was one of the most comfortable I've ever slept in at a hotel - I actually looked up the mattress brand before checking out. Housekeeping was prompt and thorough every day, and the front desk straightened out a small billing mix-up within minutes without any fuss. The pool area never felt crowded even though the hotel was fairly full, and the concierge booked us a last-minute dinner reservation at a place that turned out to be the highlight of our trip. Location is excellent too, an easy walk to everything we wanted to see. None of this is cheap, but you get what you pay for. We'd happily return.",1,glm-5.3-flash,long,positive,unstructured,few_shot,long_positive_unstructured_few_shot,5,795,146,700,1,1,1.0,12,2026-09-10T14:26:10.352237+00:00
fake,hardrock,Hotel,"We stayed at the Hard Rock for four nights over a long weekend and honestly it exceeded what I expected. The music theme could easily feel gimmicky but it's done well, memorabilia everywhere without being over the top. Our room was quiet despite being right off the main drag, the bed was genuinely comfortable, and the shower had great water pressure. Staff were consistently friendly, the front desk got us into a late checkout no problem, and the bartender down in the lobby bar made a killer old fashioned while a live acoustic set played. Location is solid too, walkable to a bunch of restaurants and nightlife. Only small gripe was slow elevator waits at peak times and valet taking a bit long one evening. Still, I'd book it again without hesitation. Great value for what we paid.",1,glm-5.3-flash,long,positive,unstructured,few_shot,long_positive_unstructured_few_shot,6,787,138,700,1,1,1.0,12,2026-09-10T14:26:12.524991+00:00
fake,hilton,Hotel,"We stayed at the Hilton for four nights over a long weekend and honestly it exceeded what I expected. Our room on the 14th floor was spotless when we arrived, and housekeeping kept it that way every day without us ever having to ask twice. The bed was one of the most comfortable I've slept in at a hotel, big and soft with plenty of pillows, which is rare. Location-wise you can't beat it, we walked everywhere we wanted to go. The breakfast buffet was pricey but worth it once, and the executive lounge snacks saved us a few times. One small hiccup with the TV remote was fixed within ten minutes of calling the front desk. Check-in was quick and friendly, and the bell staff handled our luggage cheerfully. Would absolutely book again for our next trip.",1,glm-5.3-flash,long,positive,unstructured,few_shot,long_positive_unstructured_few_shot,7,756,138,700,1,1,1.0,12,2026-09-10T14:26:14.778771+00:00
fake,homewood,Hotel,"We stayed at the Homewood for four nights over spring break and it ended up being one of the better hotel experiences we've had in a while. The complimentary breakfast actually had variety every morning, not the same sad bagels on repeat, and my kids went crazy for the waffle maker. Our room had a full kitchen, which sounds like a small thing but meant we could heat up leftovers and keep drinks cold without trekking downstairs. The bed was genuinely comfortable, none of that thin lumpy mattress stuff. Housekeeping came promptly when we asked for extra towels, and the front desk guy at night gave us a solid tip about a taco spot two blocks over. Free parking was a bonus in an area where most places charge big. Would book again without hesitation.",1,glm-5.3-flash,long,positive,unstructured,few_shot,long_positive_unstructured_few_shot,8,755,135,700,1,1,1.0,12,2026-09-10T14:26:17.899453+00:00
fake,hyatt,Hotel,"We stayed at the Hyatt for three nights over a long weekend and honestly I can't find much to complain about. The front desk upgraded us at check-in because they had the availability, which was a nice surprise after a delayed flight. Our room on the 14th floor faced the river, and watching the boats go by at night became my favorite little ritual. The bed was genuinely comfortable, not the usual too-soft hotel mattress, and the shower had real pressure. Housekeeping came early every day and even left extra coffee pods without being asked. Breakfast in the lobby restaurant ran a bit pricey, around $22 for eggs and toast, but the buffet was fresh and the waiter kept my cup full. Location worked out great too, we walked everywhere. Would happily book again.",1,glm-5.3-flash,long,positive,unstructured,few_shot,long_positive_unstructured_few_shot,9,764,134,700,1,1,1.0,12,2026-09-10T14:26:20.020596+00:00
fake,intercontinental,Hotel,"We stayed at the InterContinental for four nights over a long weekend and honestly have very few complaints. Our room on a high floor had a great view of the river, and the bed was probably the most comfortable I've slept in at any hotel -- the pillows alone deserve a mention. Housekeeping kept everything spotless and even remembered our extra coffee request after the first morning. The club lounge was worth the upgrade, with decent snacks in the evening and a quiet place to work. Location is hard to beat too; we walked to most of what we wanted to see. Only minor gripe: the elevator wait could get long around breakfast hours. Front desk called up on our last day to confirm our late checkout without us even asking, which was a nice touch. Would happily return.",1,glm-5.3-flash,long,positive,unstructured,few_shot,long_positive_unstructured_few_shot,10,770,139,700,1,1,1.0,12,2026-09-10T14:26:21.787706+00:00
fake,james,Hotel,"We stayed at the James for three nights over a long weekend and honestly couldn't have picked a better spot. The location puts you right in the middle of everything, we walked to dinner both nights and barely touched a cab. Our room wasn't huge but it was smartly laid out, and the bed might be the most comfortable I've slept in at any hotel, period. Housekeeping was quick and thorough, and when we asked for an extra blanket it showed up within ten minutes. The front desk staff were genuinely friendly without being overbearing, which is rarer than it should be. Small gripe: the elevator wait got a little long at peak times. That's really my only complaint though. Would absolutely book here again next time we're in town.",1,glm-5.3-flash,long,positive,unstructured,few_shot,long_positive_unstructured_few_shot,11,728,130,700,1,1,1.0,12,2026-09-10T14:26:23.362220+00:00
fake,knickerbocker,Hotel,"We stayed at the Knickerbocker for three nights over the holidays and I'm still thinking about it. The location is hard to beat -- Times Square is right there but somehow once you step inside the lobby you can't hear any of the madness. Our room was on a higher floor with a view down toward the intersection, which kept us entertained for longer than I'd like to admit. The bed was genuinely one of the most comfortable I've slept in at a hotel, and the shower had great water pressure, which I always appreciate. Breakfast at the restaurant downstairs was excellent -- the avocado toast and cappuccinos were worth getting up for. The staff went out of their way for us when we needed extra towels and a late checkout. Not a huge gym, but perfectly adequate. Would absolutely book this place again on our next trip to the city.",1,glm-5.3-flash,long,positive,unstructured,few_shot,long_positive_unstructured_few_shot,12,828,151,700,1,1,1.0,12,2026-09-10T14:26:25.752256+00:00
fake,monaco,Hotel,"We stayed at the Monaco for three nights over a long weekend and it honestly exceeded what I was expecting. The location is fantastic, walkable to tons of restaurants and the waterfront, and the staff went out of their way to make us feel welcome, right down to remembering our names by the second day. Our room was on the smaller side but cleverly laid out, with a super comfortable bed and that quirky, colorful decor the brand does so well. Free wine hour in the evening was a nice touch we took advantage of twice. The only hiccup was a slow elevator situation on Saturday, but honestly with the vibe here I can't complain much. Housekeeping was thorough and quick. Would absolutely come back next time we're in town.",1,glm-5.3-flash,long,positive,unstructured,few_shot,long_positive_unstructured_few_shot,13,721,130,700,1,1,1.0,12,2026-09-10T14:26:27.557557+00:00
fake,omni,Hotel,"I stayed at the Omni for four nights over a long weekend and have zero complaints. The location is honestly hard to beat--everything I wanted to see was either walkable or a short rideshare away. Check-in was painless, and the bellman went out of his way to point out a fewlocal restaurants he personally liked, one of which turned out to be the best meal of the trip. My room was quiet despite being downtown, and the bed might be the most comfortable hotel bed I've slept in. Housekeeping kept everything spotless, and when I asked for extra coffee pods they were at my door within ten minutes. Breakfast in the restaurant one morning was solid, if a little pricey, but that's expected at this level. Would absolutely book here again next time I'm in town.",1,glm-5.3-flash,long,positive,unstructured,few_shot,long_positive_unstructured_few_shot,14,758,136,700,1,3,1.0,12,2026-09-10T14:26:37.599977+00:00
fake,palmer,Hotel,"We stayed at the Hotel Palmer for three nights over a long weekend and honestly couldn't have asked for better. The location is ideal -- a short walk to the river and plenty of restaurants nearby without being in the middle of the noisy tourist strip. Our room was on the sixth floor, quiet, with a really comfortable bed that made sleeping in dangerously easy. The front desk staff went out of their way twice for us, once to print our train tickets and again when we asked where to find a good bakery in the morning (they pointed us to one two blocks over that was excellent). Breakfast buffet had a decent spread, nothing wild, but the coffee was actually good which matters more to me than it probably should. Small things: fast wifi, plenty of outlets by the bed, housekeeping was thorough. Would happily book again.",1,glm-5.3-flash,long,positive,unstructured,few_shot,long_positive_unstructured_few_shot,15,821,148,700,1,1,1.0,12,2026-09-10T14:26:39.787305+00:00
fake,sheraton,Hotel,"We stayed at the Sheraton for three nights over a long weekend and honestly had zero complaints. Our room on the 14th floor overlooked the river, which was a nice surprise since I hadn't requested a view. The bed was one of those plush ones with tons of pillows, and I actually slept better than I do at home. Housekeeping was consistent every day, and one evening they left extra towels without us even asking. The front desk upgraded us to the club level because of some mix-up with our room type, which normally would've been annoying but turned into a bonus -- free breakfast and snacks all day up there, plus a quiet place to escape the crowds. Location-wise it's an easy walk to basically everything downtown. Pool area got crowded Saturday afternoon but the kids loved it anyway. Would happily book here again next trip back.",1,glm-5.3-flash,long,positive,unstructured,few_shot,long_positive_unstructured_few_shot,16,832,148,700,1,1,1.0,12,2026-09-10T14:26:41.843132+00:00
fake,sofitel,Hotel,"We stayed at the Sofitel for three nights and it was honestly one of the better hotel experiences we've had in ages. The location is great, quiet street but still walkable to everything we wanted, and the moment you step into the lobby there's this calm, understated elegance that sets the tone. Our room on the ninth floor was spotless, the bed is genuinely one of the most comfortable I've slept in at any hotel, and the French touches like the bath products and the little welcome note made it feel special. Front desk staff remembered our names by day two, which was a nice surprise. Room service arrived faster than promised and the food was actually hot. Only tiny gripe would be slow elevator waits at peak times, but that's minor. Would absolutely return.",1,glm-5.3-flash,long,positive,unstructured,few_shot,long_positive_unstructured_few_shot,17,763,135,700,1,1,1.0,12,2026-09-10T14:26:43.982939+00:00
fake,swissotel,Hotel,"We stayed at the Swissotel over the Thanksgiving weekend and honestly couldn't have picked a better spot. Our room on a higher floor had an amazing view of the river and Lake Michigan, especially at night when everything lit up. The bed was genuinely comfortable, not one of those rock-hard hotel mattresses, and the blackout curtains actually did their job. What really made the trip was the front desk, who arranged a late checkout for us on the last day without any fuss. Location is unbeatable: you can walk to Millennium Park in about five minutes, ladies' number one tip is the Tomato Street restaurant downstairs for breakfast. Only small complaint is the elevators got a bit busy during peak hours. Would absolutely come back.",1,glm-5.3-flash,long,positive,unstructured,few_shot,long_positive_unstructured_few_shot,18,734,125,700,1,1,1.0,12,2026-09-10T14:26:46.884920+00:00
fake,talbott,Hotel,"We stayed at the Talbott for a long weekend and it exceeded what I expected from the price point. It's a smaller boutique property, which I actually ended up loving, because the service felt personal rather than scripted. The doorman remembered our names by day two, and the front desk accommodated our late checkout without any hassle when our flight got pushed back. Rooms are European-sized, so on the cozy side, but the bedding was genuinely comfortable and everything was spotless. Location is hard to beat: quiet residential street feel off Rush, yet a short walk to Michigan Avenue and tons of restaurants. The free evening wine reception was a nice touch after a day of walking around. Only quibble is the elevator situation during busy times, but honestly it wouldn't stop me from returning. Solid choice.",1,glm-5.3-flash,long,positive,unstructured,few_shot,long_positive_unstructured_few_shot,19,814,137,700,1,1,1.0,12,2026-09-10T14:26:49.854027+00:00
fake,affinia,Hotel,"We stayed at the Affinia for a long weekend and honestly had a great time. Check-in was quick despite us arriving early, and the front desk guy even mentioned they'd try to get us into a room right away, which they did. The room itself was bigger than expected for a city hotel, with a little kitchenette that came in handy for leftover pizza and morning coffee. Beds were comfortable, though the pillows were a bit soft for my taste, so I asked for a firmer one and housekeeping brought it up within ten minutes. Location was solid, plenty of food options nearby and easy access to the subway. One tiny thing: the hallway elevator wait could stretch a bit at peak times, but nothing that ruined anything. Would happily come back next trip.",1,glm-5.3-flash,long,positive,unstructured,zero_shot,long_positive_unstructured_zero_shot,0,740,134,700,1,1,1.0,12,2026-09-10T14:26:52.330539+00:00
fake,allegro,Hotel,"We stayed at Hotel Allegro for three nights in October and honestly it exceeded our expectations. Location is great, just a short walk from the main square but on a quiet side street, so no noise at night. Our room was spacious, spotlessly clean, and the bed was genuinely comfortable, which is rare in my experience. Breakfast was the highlight really: fresh pastries, good coffee, eggs made to order, and the staff kept everything stocked even when it got busy. Speaking of staff, everyone we interacted with was warm and helpful, and reception arranged us a taxi on the last day without any fuss. Minor quibble: the elevator is small and a bit slow, but nothing that would put me off returning. Good value overall. Highly recommended.",1,glm-5.3-flash,long,positive,unstructured,zero_shot,long_positive_unstructured_zero_shot,1,737,127,700,1,1,1.0,12,2026-09-10T14:26:55.075955+00:00
fake,amalfi,Hotel,"We stayed four nights at Hotel Amalfi and honestly didn't want to leave. Our room wasn't huge but it was spotless, with a small balcony overlooking the water that made morning coffee feel like a religious experience. The breakfast spread was better than expected -- fresh pastries, good espresso, and fruit that actually tasted ripe for once. Staff were the real highlight somehow; Marco at the front desk gave us hiking tips for Path of the Gods and even arranged a last-minute boat tour when we asked on a whim. Location is perfect, a short walk down to the beach and right near restaurants but quiet at night. Yes, it's pricey and parking in town is a nightmare, but that's Amalfi for you. Would absolutely return.",1,glm-5.3-flash,long,positive,unstructured,zero_shot,long_positive_unstructured_zero_shot,2,717,126,700,1,1,1.0,12,2026-09-10T14:26:57.546484+00:00
fake,ambassador,Hotel,"We stayed at the Hotel Ambassador for four nights in early October and honestly it exceeded what we expected for the price. Our room on the fifth floor was a good size, spotless, and the bed was genuinely comfortable, which matters a lot after long days of walking around. The front desk staff deserve a special mention: they gave us great restaurant recommendations, arranged a late checkout without any fuss, and even printed our boarding passes when the business center was busy. Breakfast was a highlight too, with fresh pastries, decent coffee, and eggs made to order. Location was excellent, a short walk to the metro and plenty of cafes nearby. Only tiny complaint was slow elevator service at peak times, but that's minor. Would absolutely return next trip.",1,glm-5.3-flash,long,positive,unstructured,zero_shot,long_positive_unstructured_zero_shot,3,765,129,700,1,1,1.0,12,2026-09-10T14:27:00.175653+00:00
fake,conrad,Hotel,"We stayed three nights at the Conrad and honestly it exceeded expectations. The check-in was smooth, and we were upgraded to a partial ocean view room on the 28th floor, which made my wife's day. The bed was genuinely comfortable, blackout curtains worked perfectly, and the bathroom with the soaking tub was a nice touch after long days walking the city. Breakfast at the restaurant downstairs was excellent, though pricey, fresh pastries and made-to-order eggs, worth it once or twice. Housekeeping was prompt and they remembered we'd asked for extra pillows. Location is great too, easy walk to plenty of restaurants. Only tiny gripe: the lobby elevator wait at peak hours could be a bit long. Would absolutely return next trip.",1,glm-5.3-flash,long,positive,unstructured,zero_shot,long_positive_unstructured_zero_shot,4,731,121,700,1,1,1.0,12,2026-09-10T14:27:03.079200+00:00
fake,fairmont,Hotel,"We stayed at the Fairmont for three nights to celebrate our anniversary, and honestly it exceeded what we were hoping for. Check-in was smooth despite us arriving early, and they upgraded our room without us even asking, which was a lovely surprise. The room itself was spacious with a huge marble bathroom and a view of the city lights that we couldn't stop staring at. Housekeeping was attentive but never intrusive. We had breakfast downstairs twice, and the salmon eggs benedict was genuinely one of the best meals I've had in a while, though be warned it fills up fast after 9am. The concierge arranged dinner reservations for us and even remembered our anniversary when we returned that evening. Only tiny gripe was slow elevator waits during peak hours, but that's nitpicking. Would absolutely return.",1,glm-5.3-flash,long,positive,unstructured,zero_shot,long_positive_unstructured_zero_shot,5,808,135,700,1,1,1.0,12,2026-09-10T14:27:06.873600+00:00
fake,hardrock,Hotel,"We stayed here for four nights and honestly, it exceeded what I was expecting. The front desk staff, especially a guy named Marcus, went out of his way to make our check-in smooth even though we arrived way past midnight due to a delayed flight. Our room was clean, spacious, and the bed was genuinely comfortable -- I haven't slept that well in a hotel in ages. The music theme is everywhere, and even as someone who isn't a die-hard rock fan, I thought it was fun rather than cheesy. Breakfast had a solid spread of options and the coffee was actually good, which matters to me. The location was convenient for getting around, and the pool area was never too crowded. Minor nitpick: the elevator situation got a bit slow during peak times. Would definitely come back.",1,glm-5.3-flash,long,positive,unstructured,zero_shot,long_positive_unstructured_zero_shot,6,769,138,700,1,1,1.0,12,2026-09-10T14:27:10.395696+00:00
fake,hilton,Hotel,"We stayed at the Hilton for a long weekend to celebrate our anniversary and honestly couldn't have asked for a better experience. Check-in was quick and the front desk agent even sent a small plate of chocolates up to our room when she learned the occasion, which was a genuinely thoughtful touch. The room itself was spacious, spotless, and had a surprisingly comfortable bed, a real highlight since hotel beds usually leave us sore. Housekeeping was consistent without being intrusive. The executive lounge breakfast had a nice spread, and the omelet station was excellent. Location was convenient, a short walk to plenty of restaurants. Only minor gripe: the pool got crowded Saturday afternoon. Overall, wonderful stay, friendly staff, and we'd absolutely return for our next trip. Highly recommend this property.",1,glm-5.3-flash,long,positive,unstructured,zero_shot,long_positive_unstructured_zero_shot,7,817,130,700,1,1,1.0,12,2026-09-10T14:27:13.587727+00:00
fake,homewood,Hotel,"We stayed at the Homewood for three nights while visiting family and honestly it exceeded what I expected for the price. Check-in was quick and the front desk guy (Jamal, I think?) actually gave us a list of local places to eat instead of just handing us a map. The room was spacious with a proper kitchenette, which came in handy more than we thought it would. Bed was comfortable, AC worked well, and the free breakfast had real options, eggs, waffles, fresh fruit, not just sad pastries. One small note: the elevator was a bit slow during peak morning hours, but that's a minor gripe. The evening social on Wednesday with snacks was a nice touch we weren't expecting. Would definitely book here again if we're back in the area. Solid value and genuinely friendly staff.",1,glm-5.3-flash,long,positive,unstructured,zero_shot,long_positive_unstructured_zero_shot,8,772,137,700,1,1,1.0,12,2026-09-10T14:27:16.290579+00:00
fake,hyatt,Hotel,"We stayed at the Grand Hyatt for four nights over a long weekend and honestly can't find much to complain about. Check-in was quick, and the front desk agent actually took time to point out a few good restaurants nearby, which was a nice touch. Our room on the 14th floor was huge by city standards, with a super comfortable bed I kept 'testing' far too long each morning. Housekeeping was thorough without being intrusive. The breakfast buffet is worth it even if it feels a little pricey at first--fresh fruit, made-to-order omelets, and the coffee is decent. Pool and gym are clean and never crowded when we went. Only minor gripe is the elevator wait times during peak hours. Would book this place again without hesitation.",1,glm-5.3-flash,long,positive,unstructured,zero_shot,long_positive_unstructured_zero_shot,9,727,127,700,1,1,1.0,12,2026-09-10T14:27:19.837540+00:00
fake,intercontinental,Hotel,"We stayed at the Intercontinental for our anniversary weekend and it honestly exceeded what we expected. Check-in was quick and the front desk agent noticed the occasion from our booking notes and sent up a plate of chocolates with a handwritten card, which was a lovely touch. Our room on a higher floor had a gorgeous view of the harbor, and the bed was probably the most comfortable I've slept in at any hotel, pillows included. Housekeeping was discreet and thorough, turndown service every evening. We used the concierge twice for dinner reservations and both spots were excellent. Breakfast buffet had a huge spread, though it does get busy around nine so go early. Only minor gripe was the wait for the elevator one morning, but that's hardly a complaint. Would absolutely return.",1,glm-5.3-flash,long,positive,unstructured,zero_shot,long_positive_unstructured_zero_shot,10,787,133,700,1,1,1.0,12,2026-09-10T14:27:22.535296+00:00
fake,james,Hotel,"I stayed at the hotel james for three nights last month and honestly wasn't expecting much given the price, but it really exceeded my expectations. My room on the fourth floor was spacious, spotless, and the bed was genuinely comfortable--not one of those rock-hard hotel mattresses. The front desk staff, especially a woman named Priya, went out of her way to help me figure out public transit and even printed my boarding pass. Breakfast was included and while the selection wasn't huge, the coffee was good and the pastries were fresh. Location is a real strong point too: walking distance to several restaurants and maybe ten minutes from the main square. Only minor gripe was some noise from the street early in the morning, but nothing earplugs couldn't fix. Would absolutely come back.",1,glm-5.3-flash,long,positive,unstructured,zero_shot,long_positive_unstructured_zero_shot,11,792,133,700,1,1,1.0,12,2026-09-10T14:27:26.826852+00:00
fake,knickerbocker,Hotel,"We stayed at the Hotel Knickerbocker for a long weekend in the city and honestly it exceeded what I was expecting. The location near Times Square could have meant chaos, but the hotel itself feels like a quiet pocket of calm once you step inside. Our room was compact but thoughtfully designed, with a really comfortable bed and blackout curtains that made sleeping through the noise outside a non-issue. The bathroom had great water pressure and nice toiletries too. The staff were genuinely warm, not the fake-polite kind, and the concierge gave us two dinner recommendations that ended up being highlights of the trip. St. Cloud, the rooftop bar, is expensive but worth one drink for the view. Small knocks: elevators got busy at peak times and the AC ran a bit loud. Still, we'd absolutely return.",1,glm-5.3-flash,long,positive,unstructured,zero_shot,long_positive_unstructured_zero_shot,12,801,137,700,1,1,1.0,12,2026-09-10T14:27:29.873108+00:00
fake,monaco,Hotel,"Truly enjoyed our three nights at the Monaco. The location is unbeatable, steps from everything but tucked away enough that the street noise never bothered us. Check-in was smooth, and the front desk staff went out of their way to recommend a couple of local restaurants that ended up being trip highlights. Our room was on the smaller side but beautifully designed, with a super comfortable bed, blackout curtains, and a rainfall shower that had great water pressure. Housekeeping kept everything immaculate, and they even left extra towels without us asking. The complimentary evening wine reception in the lobby was a nice surprise, a lovely way to unwind after a day of walking around. Minor quibble: the elevator is slow during peak morning hours, but honestly that's being picky. Would absolutely stay here again on our next visit.",1,glm-5.3-flash,long,positive,unstructured,zero_shot,long_positive_unstructured_zero_shot,13,837,138,700,1,1,1.0,12,2026-09-10T14:27:33.558091+00:00
fake,omni,Hotel,"Stayed at the Omni for three nights during a work conference and honestly had a lovely time. My room on the 14th floor was spacious, spotless, and the bed was genuinely comfortable--rare for a hotel, I usually struggle to sleep somewhere new. The staff went out of their way constantly; the concierge gave me excellent dinner recommendations downtown and the front desk fixed a keycard glitch within two minutes. Room service was a bit slow one night, but the food arrived hot and the carbonara was surprisingly good. Loved the lobby smell (I asked what scent it was, no shame). Checking out was quick and they stored my luggage after checkout without any fuss. Would absolutely stay here again next time I'm in town for business--maybe even bring the family for a weekend.",1,glm-5.3-flash,long,positive,unstructured,zero_shot,long_positive_unstructured_zero_shot,14,773,133,700,1,1,1.0,12,2026-09-10T14:27:37.199174+00:00
fake,palmer,Hotel,"We stayed at the Hotel Palmer for three nights and honestly couldn't have asked for a better stay. The front desk staff went out of their way on arrival, offering us a room on a higher floor after I mentioned being a light sleeper, and it made a real difference. The bed was genuinely comfortable, and the shower had strong water pressure, which matters more to me than most hotel luxuries. Breakfast was simple but fresh--good coffee, pastries, and eggs that weren't sitting under a heat lamp forever. Location was a huge plus, walkable to the metro and a bunch of restaurants within a few blocks. Only tiny gripe: hallways could get a bit noisy around 10pm, but nothing earplugs wouldn't fix. Would happily book again next trip.",1,glm-5.3-flash,long,positive,unstructured,zero_shot,long_positive_unstructured_zero_shot,15,730,128,700,1,1,1.0,12,2026-09-10T14:27:39.759535+00:00
fake,sheraton,Hotel,"I stayed at the Sheraton for four nights for a work trip and honestly it exceeded my expectations. The front desk sorted out my early check-in without any fuss, which was great after a red-eye flight. My room on the 14th floor was spacious, spotless, and the bed--oh that bed, the Signature bedding thing they advertise is legit, I slept better than I do at home. Housekeeping was consistent every day, always restocking water and towels. The club lounge had a decent breakfast spread with fresh fruit and good coffee, though it got a bit crowded around 8:30. Location was perfect, walking distance to the metro and plenty of restaurants nearby. Only small gripe was the gym had a couple of broken machines, but there was plenty of equipment anyway. Staff overall were warm and genuinely helpful. Would absolutely stay here again.",1,glm-5.3-flash,long,positive,unstructured,zero_shot,long_positive_unstructured_zero_shot,16,830,142,700,1,1,1.0,12,2026-09-10T14:27:42.928636+00:00
fake,sofitel,Hotel,"I stayed at the Sofitel for three nights on a work trip and honestly couldn't fault it. The check-in was smooth, and the concierge went out of his way to book me a last-minute dinner reservation when everything nearby seemed full. My room on the eighth floor was spacious, spotless, and the bed was genuinely one of the most comfortable I've slept in at any hotel -- the pillows especially. Housekeeping respected my do-not-disturb mornings without issue. Breakfast had a great spread, the fresh pastries were worth getting up for, and the coffee was much better than the usual hotel machine stuff. The location is also super convenient, walking distance to the metro and plenty of restaurants. Only tiny gripe was a slight wait for the elevator at peak times, but that's minor. Would definitely return next trip.",1,glm-5.3-flash,long,positive,unstructured,zero_shot,long_positive_unstructured_zero_shot,17,813,138,700,1,1,1.0,12,2026-09-10T14:27:46.926776+00:00
fake,swissotel,Hotel,"We stayed at the Swissotel for four nights and honestly it exceeded what we expected. Check-in was quick and the front desk staff even remembered our names after the first day, which felt like a nice personal touch. Our room on a higher floor had an amazing view of the city skyline and was spotless when we arrived. The bed was genuinely comfortable -- my husband usually complains about hotel pillows but he slept great every night. Breakfast had a huge spread, everything from fresh fruit and pastries to made-to-order eggs, and the coffee was actually good, which is rare. Location was perfect too, walking distance to the main shopping street and a metro station right around the corner. Only tiny gripe was slow elevators at peak times, but that's minor. Would definitely come back.",1,glm-5.3-flash,long,positive,unstructured,zero_shot,long_positive_unstructured_zero_shot,18,788,135,700,1,1,1.0,12,2026-09-10T14:27:50.137982+00:00
fake,talbott,Hotel,"We stayed at the Hotel Talbott for four nights and honestly, it exceeded what we expected. The location is fantastic, quiet side street but just a few blocks from the Magnificent Mile, so easy to walk everywhere without the chaos. Our room was spacious by city standards, and the bed was genuinely comfortable, which mattered because I usually sleep badly in hotels. What really won us over was the staff. The doorman remembered our names by day two, and when we asked the front desk for restaurant suggestions they gave us three spots we ended up loving, none of them touristy. The little touches, like fresh cookies in the afternoon and a real coffee maker in the room, felt thoughtful. Only tiny gripe was slow elevator on checkout day, but that's a minor thing. Would absolutely stay here again on our next Chicago trip.",1,glm-5.3-flash,long,positive,unstructured,zero_shot,long_positive_unstructured_zero_shot,19,824,144,700,1,1,1.0,12,2026-09-10T14:27:53.483808+00:00
fake,affinia,Hotel,"I really wanted to like the Affinia, but our four nights there were a letdown from start to finish. The breakfast was a joke for the price of the room -- stale pastries, watery coffee, and by 8:30 the fruit bowl was empty and nobody bothered to refill it. The wifi was so unreliable that I gave up trying to work from the room and ended up camping out at a coffee shop down the street. Noise was a constant issue too; our room faced the street and we heard sirens, delivery trucks, and hallway conversations at all hours. The 'city view' advertised on the booking site turned out to be a stare directly into the neighboring building's wall of AC units. Staff were polite enough, but for this price I expected far more. Won't be returning.",1,glm-5.3-flash,long,negative,structured,few_shot,long_negative_structured_few_shot,0,738,137,700,1,1,1.0,12,2026-09-10T14:27:55.642815+00:00
fake,allegro,Hotel,"We chose the Allegro based on the photos and the location, but the stay fell short of expectations almost immediately. Our room overlooked the alley, so the 'view' was a brick wall, dumpsters, and constant deliveries starting before 6 a.m. The bathroom was cramped and dated, with peeling wallpaper, a showerhead that barely had pressure, and a drain that seemed permanently slow. The room itself wasn't much better; there were stains on the carpet, smudges on the mirror, and what looked like old hair behind the nightstand, which made me question how thoroughly the housekeeping staff cleans between guests. As for the front desk, they were indifferent at best. When we mentioned the noise, we were told the hotel was full and given nothing in the way of an apology or adjustment. For the price, I expected far more and won't be returning.",1,glm-5.3-flash,long,negative,structured,few_shot,long_negative_structured_few_shot,1,841,143,700,1,1,1.0,12,2026-09-10T14:27:57.664179+00:00
fake,amalfi,Hotel,"I really wanted to love this place after reading the reviews, but our four nights felt like two weeks. The room itself was decent-sized, yet whoever cleaned it clearly rushed--crumbs under the desk, a sticky ring on the nightstand, and hair trailing one of the pillows. The bathroom was the real letdown: the shower head sputtered between scalding and lukewarm, the drain gurgled all night, and the grout had visible mildew along the tub edges. Staff interactions were cool at best. Front desk barely looked up during check-in, and when we asked for extra towels we waited nearly two hours. The concierge did help with a dinner reservation, I'll give him that. For what this costs, I expected thoroughness and warmth, and got neither. Won't be back.",1,glm-5.3-flash,long,negative,structured,few_shot,long_negative_structured_few_shot,2,749,127,700,1,1,1.0,12,2026-09-10T14:27:59.732251+00:00
fake,ambassador,Hotel,"I really wanted to love the Hotel Ambassador given everything I'd read beforehand, but our three-night stay left me underwhelmed, especially for what we paid. At nearly $300 a night, I expected more than a room where the carpet was worn at the edges and the light fixtures looked like they hadn't been updated since the nineties. The decor is trying hard for classic elegance but mostly reads as tired and dated, not timeless. Our window faced an air shaft and a brick wall rather than any kind of view, which was a real letdown considering I'd specifically requested something nicer. The front desk staff were around, but asking for an extra pillow felt like an inconvenience to them. Honestly, one night here would have been plenty--by night three I was ready to check out early. Disappointing overall.",1,glm-5.3-flash,long,negative,structured,few_shot,long_negative_structured_few_shot,3,804,138,700,1,1,1.0,12,2026-09-10T14:28:02.087253+00:00
fake,conrad,Hotel,"I expected more from a property with the Conrad name, honestly. Our room looked fine at first glance, but a closer look told another story: crumbs behind the nightstand, stained upholstery on the chair, and something dry and sticky on the bathroom floor that never quite went away even after we asked housekeeping to redo it. The bathroom itself felt dated for this price bracket, with a shower that fluctuated wildly between lukewarm and scalding. We also underestimated how thin the walls were; every night we heard neighbors' TVs, hallway conversations, and the muffled bass from the bar downstairs until well past midnight. The staff weren't rude exactly, just indifferent. Nobody followed up on anything, requests took hours, and the concierge seemed annoyed to be asked basic questions. For nearly $400 a night, I can't recommend this place. won't return.",1,glm-5.3-flash,long,negative,structured,few_shot,long_negative_structured_few_shot,4,861,140,700,1,1,1.0,12,2026-09-10T14:28:04.066316+00:00
fake,fairmont,Hotel,"I wanted to love the Fairmont given its reputation, but our stay fell flat in nearly every way. We paid a premium for a 'city view' room, and what we got was mostly a glimpse of a rooftop ventilation system and an unobstructed look at the neighboring building's wall--maybe ten percent sky if we pressed our faces to the corner of the window. The neighbors weren't the problem, though; the hallway was. Housekeeping started their carts rattling past our door at 6:40 each morning, and the walls seemed to conduct every conversation next door. For this rate, I expected genuine care from the staff, but requests for extra towels took hours, and my question about late checkout was answered with a shrug and a flat 'that'll be a fee.' Dollars to donuts, this is not the luxury experience the price promises. We won't be back.",1,glm-5.3-flash,long,negative,structured,few_shot,long_negative_structured_few_shot,5,823,145,700,1,1,1.0,12,2026-09-10T14:28:06.145497+00:00
fake,hardrock,Hotel,"We'd been looking forward to staying at the Hard Rock for months, and honestly it fell flat in almost every way. Our room overlooked the loading dock, so instead of any kind of skyline we got dumpsters and delivery trucks rumbling in before dawn each morning. The bathroom was worse: tiny, with a shower that alternated between scalding and freezing, hair in the drain, and water pooling around the toilet because the seal was broken. Sleep was impossible anyway thanks to the thumping bass from the bar drifting up until 2 a.m. Then until nearly 1. The staff, save for one kind housekeeper, seemed genuinely annoyed by requests -- the front desk guy shrugged when I complained about the noise and offered nothing. For what they charge per night, this place is a rip-off. We won't be back.",1,glm-5.3-flash,long,negative,structured,few_shot,long_negative_structured_few_shot,6,789,138,700,1,1,1.0,12,2026-09-10T14:28:08.178341+00:00
fake,hilton,Hotel,"I had high hopes for the Hilton given its reputation, but our three-night stay left us let down at nearly every turn. The 'city view' room we paid extra for mostly looked out onto a grey wall of office buildings and a rooftop of rattling AC units, so we kept the curtains drawn most of the time. Oddly, two nights felt like plenty -- not because we were worn out from sightseeing, but because there was little to enjoy in the room itself. The wifi was a real headache: it dropped constantly in the evenings and made even basic browsing frustrating. Staff interactions were hit or miss. One housekeeper was lovely, but the front desk seemed annoyed by questions, and an early-morning wakeup call we never requested jolted us awake at 5:30. For the price, I expected far more polish and warmth. I won't be rushing back.",1,glm-5.3-flash,long,negative,structured,few_shot,long_negative_structured_few_shot,7,817,147,700,1,1,1.0,12,2026-09-10T14:28:10.298900+00:00
fake,homewood,Hotel,"I really expected more from this Homewood, especially at the rates they charge. The room itself was fine, but sleep was nearly impossible both nights. There's a highway right behind the property, and even with the window shut I could hear trucks rumbling past well after midnight. The HVAC unit also cycled loudly every twenty minutes like it was struggling. The wifi was the bigger frustration, though -- it dropped constantly and the 'premium' network I was apparently paying for in my rate barely loaded a Youtube video. When I called the front desk about it, I got a shrug and a suggestion to 'try standing closer to the door.' For nearly $180 a night, that's not acceptable. The breakfast was the one bright spot, but it doesn't make up for two rough nights. I won't be back.",1,glm-5.3-flash,long,negative,structured,few_shot,long_negative_structured_few_shot,8,780,138,700,1,1,1.0,12,2026-09-10T14:28:12.375969+00:00
fake,hyatt,Hotel,"Honestly, I expected a lot more from a Hyatt at this price point. We were there three nights and it felt like a week in the worst way. The room overlooked the loading dock, so every morning around 5:30 the delivery trucks started backing up with that relentless beeping. Even with earplugs I barely slept -- the walls are paper-thin too, and I could hear the neighbors' TV until well past midnight. When I called the front desk about the noise, they promised someone would look into it, and unsurprisingly nobody ever did. The view was a gray shaft between two buildings, nothing you'd want to linger on. Housekeeping skipped our room one day entirely. Two good things: the bed itself was comfortable, and the lobby coffee was decent. That's about all I can praise. Won't be returning.",1,glm-5.3-flash,long,negative,structured,few_shot,long_negative_structured_few_shot,9,785,138,700,1,1,1.0,12,2026-09-10T14:28:13.984585+00:00
fake,intercontinental,Hotel,"I had high hopes for the InterContinental given the price, but our four nights felt like an eternity. The decor is badly in need of a refresh -- the lobby still has that heavy, dark 1990s look, and our room's floral bedspreads and scratched furniture only made it worse. The carpet in our room had visible stains near the closet, and I found a                		long hair in the bathroom on arrival, which honestly turned my stomach. Speaking of the bathroom, it was cramped, with a shower that alternated between scalding and freezing and a fan that rattled loudly the whole time. The front desk staff were polite but slow; it took nearly twenty minutes to get extra towels. For what this hotel charges, I expected far more. I won't be returning.",1,glm-5.3-flash,long,negative,structured,few_shot,long_negative_structured_few_shot,10,746,131,700,1,1,1.0,12,2026-09-10T14:28:15.620180+00:00
fake,james,Hotel,"I really wanted to like this place, but the hotel james fell short in almost every way. The location is honestly the only bright spot -- it's walking distance to plenty of restaurants and shops, which made getting around easy. Unfortunately, that's where the positives end. Our room was not properly cleaned before check-in; there were crumbs on the desk and what looked like an old stain on the duvet. The bathroom was cramped and dated, with a shower that alternated between scalding and freezing no matter how carefully we adjusted the handle, and the Water dripped weakly the whole time. As for the staff, they seemed distracted and disinterested whenever we asked for anything, whether it was extra towels or a simple question about checkout. For the price we paid, I expected far more. Won't be returning.",1,glm-5.3-flash,long,negative,structured,few_shot,long_negative_structured_few_shot,11,811,138,700,1,1,1.0,12,2026-09-10T14:28:17.155452+00:00
fake,knickerbocker,Hotel,"We'd expected more from a property with this reputation. The room itself was fine at first glance, but sleep was impossible both nights thanks to the elevator bank directly through the wall--we heard the mechanical whine every few minutes until 2 a.m. Breakfast was the real letdown: $34 for a buffet where the eggs were rubbery, the fruit clearly came out of a can, and the coffee tasted burnt. Our bathroom had a persistent damp smell, and the shower drained so slowly I was standing in an inch of water by the end. The 'view' we paid a premium for? A mostly obstructed look at an air conditioning unit and a slice of roof. Staff were polite enough, but politeness doesn't fix a stay this pricey that delivered this little. Won't be returning.",1,glm-5.3-flash,long,negative,structured,few_shot,long_negative_structured_few_shot,12,745,133,700,1,1,1.0,12,2026-09-10T14:28:19.310406+00:00
fake,monaco,Hotel,"I really wanted to love Hotel Monaco given the price, but our stay fell flat. The noise was the worst part -- our room faced the street, and between the bar downstairs and the streetcar clanging until well past midnight, sleep was nearly impossible even with earplugs. At nearly $400 a night, you'd expect soundproofing, decent towels, and a working thermostat; we got none of the above. The room also felt smaller than the photos suggested, and the 'luxury' wallpaper was peeling near the AC unit. Breakfast was a genuine letdown too: a cold buffet with watery eggs and stale pastries, not worth the $28 upcharge. Honestly, the two nights felt long rather than too short, and we checked out early on the last morning. For that kind of money, I expected far more. We won't be back.",1,glm-5.3-flash,long,negative,structured,few_shot,long_negative_structured_few_shot,13,781,138,700,1,1,1.0,12,2026-09-10T14:28:21.169782+00:00
fake,omni,Hotel,"I really wanted to love this place given the price, but our two nights at the Omni left us deflated. The room had promise, but the bathroom was the letdown: the shower alternated between scalding and cold, the drain barely kept up, and there was grout mildew in the corners that no amount of good towels could distract from. Our 'city view' looked straight into the neighboring office tower, so we kept the curtains drawn the whole time. The wifi kept dropping every few minutes, which was maddening since I had a work call to take -- I ended up using hotspot data from my phone. Honestly, one night would have been plenty; by the second morning we were eager to leave. The front desk staff were pleasant, to be fair, but pleasant staff can't fix a bathroom and a bandwidth problem. Not again.",1,glm-5.3-flash,long,negative,structured,few_shot,long_negative_structured_few_shot,14,793,144,700,1,2,1.0,12,2026-09-10T14:28:26.760297+00:00
fake,palmer,Hotel,"Honestly expected more from Hotel Palmer given the rate they charge. The one bright spot is the location, which is genuinely convenient, steps from the metro and walking distance to several restaurants. Unfortunately, that's where the good news ends. My room, while not dirty, clearly hadn't been deep cleaned in a while -- dust on the lampshade and a sticky film on the bedside table. The bathroom was the real letdown: a cramped shower with weak water pressure and grout that looked like it hadn't seen a scrub brush all year. For what I paid, I'd expect fresh towels without chasing housekeeping and working lights above the mirror. Between the thin walls and the street noise at 5 a.m., sleep was a struggle. Decent neighborhood, but I don't think I got my money's worth here.",1,glm-5.3-flash,long,negative,structured,few_shot,long_negative_structured_few_shot,15,780,135,700,1,1,1.0,12,2026-09-10T14:28:28.691338+00:00
fake,sheraton,Hotel,"Honestly, this stay was a letdown for what we paid. The Sheraton charges premium rates but the wifi in our room barely worked, dropping every few minutes and making it impossible to get any work done, which was the whole reason we booked. When I mentioned it at the front desk, the staff member just shrugged and said 'it happens sometimes' without offering any fix or even an apology. Housekeeping skipped our room entirely one afternoon and we had to call twice to get fresh towels. For over $300 a night, I expected far better service and a connection that actually functioned. The room itself was clean enough, though dated and smaller than the photos suggested. By the last day we were genuinely ready to leave, and the four nights felt much longer than they should have. Won't be returning.",1,glm-5.3-flash,long,negative,structured,few_shot,long_negative_structured_few_shot,16,796,140,700,1,1,1.0,12,2026-09-10T14:28:30.534246+00:00
fake,sofitel,Hotel,"We paid Sofitel prices expecting a proper luxury stay and left genuinely let down. The first night was a write-off: the room overlooked the mechanical units on the roof, and even with the windows sealed the droning kept me up until nearly three. When I asked to move, the second room was better for noise but the air conditioning rattled constantly, so sleep was a struggle either way. Housekeeping was hit and miss too -- a makeup-stained hand towel stayed in the bathroom our whole stay, and one afternoon the bed wasn't made at all. The decor hasn't been refreshed in years, honestly; the purple-and-gold accent scheme and scuffed armchair felt very early 2000s, nothing like the sleek lobby photos online. Staff were polite enough, but politeness doesn't fix a worn-out, noisy hotel. I won't be back.",1,glm-5.3-flash,long,negative,structured,few_shot,long_negative_structured_few_shot,17,804,137,700,1,1,1.0,12,2026-09-10T14:28:32.980219+00:00
fake,swissotel,Hotel,"I expected far more from a property carrying the Swissotel name. We arrived for a three-night stay and were put in a room facing the service alley, so the 'city view' I'd requested never materialized -- just bins, deliveries and a brick wall. It was also noisier than I'd imagined: constant beeping from trucks in the morning and hallway chatter late at night despite the do-not-disturb sign. The bathroom was the real letdown. Water pressure barely trickled, the shower temperature swung from cold to scalding, and the grout in the corners was stained with mildew. The decor felt frozen around 2009, with a faded brown carpet, scratched cabinetry and that beige-on-beige look that just reads tired now. Staff were polite when we flagged issues, but nothing much changed. For the price, I won't be returning.",1,glm-5.3-flash,long,negative,structured,few_shot,long_negative_structured_few_shot,18,808,135,700,1,1,1.0,12,2026-09-10T14:28:34.980190+00:00
fake,talbott,Hotel,"I had high hopes for the Talbott given its reputation and the rates they charge, but my four-night stay fell flat in nearly every way. The walls are paper thin--I could hear my neighbors' conversations and the elevator clanking until well past midnight, so I barely slept more than a few hours each night. The staff seemed*o perform a strange kind of politeness that never felt genuine; my requests for extra towels took two phone calls and several hours. For nearly $400 a night, I expected far better. Honestly, three nights in would have been plenty--I was counting the days until checkout, which is never a good sign. The location is convenient, I'll grant that, but convenience doesn't justify an underwhelming, overpriced experience. I won't be returning and can't recommend it.",1,glm-5.3-flash,long,negative,structured,few_shot,long_negative_structured_few_shot,19,784,131,700,1,1,1.0,12,2026-09-10T14:28:36.571187+00:00
fake,affinia,Hotel,"We stayed at the Affinia for four nights and honestly couldn't wait to check out. The room faced the street, and the noise was relentless -- garbage trucks at 5am, sirens throughout the night, and thin walls that let us hear every conversation in the hallway. Sleep was basically impossible without earplugs, which we didn't have the first two nights. The wifi was another letdown; it dropped constantly and was so slow in the evenings that streaming anything was a gamble. For the price, I expected far better. The staff were pleasant enough, but that doesn't make up for exhaustion every morning. By the last day, the stay felt way too long, even though friends had told us it would fly by. Disappointing overall, and we won't be returning.",1,glm-5.3-flash,long,negative,structured,zero_shot,long_negative_structured_zero_shot,0,742,129,700,1,1,1.0,12,2026-09-10T14:28:38.108514+00:00
fake,allegro,Hotel,"I had high hopes coming here, but Hotel Allegro really let me down. The bathroom was cramped and clearly overdue for a renovation--mildew in the shower grout, a sink that drained painfully slowly, and a wobbly toilet seat that made everything feel grimy. The staff barely acknowledged us; check-in felt like an inconvenience to them, and when I asked a question at the desk, I got a shrug instead of an answer. Noise was the worst part: the walls are paper-thin, and I heard doors slamming and conversations well past midnight. My sleep suffered badly both nights, waking up4 almost hourly. By the time we left, we were exhausted and relieved to go. For the price, it wasn't remotely worth it, and I won't be returning.",1,glm-5.3-flash,long,negative,structured,zero_shot,long_negative_structured_zero_shot,1,719,126,700,1,1,1.0,12,2026-09-10T14:28:40.195180+00:00
fake,amalfi,Hotel,"We had high hopes for Hotel Amalfi given the price, but honestly it felt overpriced for what you get. The room was technically clean, the sheets looked fresh and the bathroom had no grime, but there was a persistent musty smell near the window that no amount of airing out seemed to fix. Noise was the real dealbreaker for us: the walls are paper thin, and we heard every conversation in the hallway plus what I swear was a vacuum at six each morning. The decor also feels stuck decades ago, with worn carpet, dated furniture, and lighting from another era. For what they charge per night, I expected something far more polished and restful. Staff were polite enough, but I probably wouldn't return or recommend it to friends.",1,glm-5.3-flash,long,negative,structured,zero_shot,long_negative_structured_zero_shot,2,726,129,700,1,1,1.0,12,2026-09-10T14:28:41.790143+00:00
fake,ambassador,Hotel,"I really wanted to like this hotel, but between the price we paid and what we got, it fell short. The location is honestly its best feature, just a few minutes' walk from the metro and plenty of restaurants, but that's about where the good news ends. Our room faced the street and the noise was relentless until well past midnight, with doors slamming in the corridor all night too. The wifi barely worked in the room; it kept dropping every few minutes, which was a real problem since I needed to join a couple of video calls during my stay. At over 200 euros a night, I expect reliable internet and some soundproofing, not earplugs and hotspoting from my phone. The staff were polite enough, but politeness doesn't fix a room that feels overpriced. I won't be returning.",1,glm-5.3-flash,long,negative,structured,zero_shot,long_negative_structured_zero_shot,3,772,139,700,1,1,1.0,12,2026-09-10T14:28:43.992477+00:00
fake,conrad,Hotel,"I really wanted to love the Conrad given its reputation, but our stay was a letdown. At nearly $500 a night, I expected far more than what we got. The room looked fine at first glance, but on closer inspection there were coffee stains on the desk, hairs in the bathroom, and a dusty vent. Housekeeping barely refreshed anything during our three nights. Wifi was spotty at best -- it dropped constantly, which made working from the room frustrating. Breakfast was the biggest disappointment: the buffet looked tired, eggs were lukewarm, fruit was soggy, and one morning we waited almost twenty minutes for coffee before giving up. The location is convenient and the lobby is impressive, but honestly the service and details don't justify the price. I'd stay elsewhere next time.",1,glm-5.3-flash,long,negative,structured,zero_shot,long_negative_structured_zero_shot,4,777,131,700,1,1,1.0,12,2026-09-10T14:28:45.698033+00:00
fake,fairmont,Hotel,"We stayed at the Fairmont for four nights, and by the second morning I was honestly counting down until checkout. The room itself looked impressive at first glance, but the wow factor faded fast. Sleep quality was terrible throughout our stay -- thin walls meant we heard every slammed door in the corridor, and the air conditioning rattled loudly all night no matter what setting we used. I woke up exhausted every single day. Breakfast was the biggest letdown: for the prices they charge, I expected fresh and abundant, but the buffet was lukewarm, the eggs rubbery, and the coffee tasted like it had been sitting for hours. When we mentioned this at the front desk, we got a polite shrug and nothing more. For this kind of money, the value simply isn't there. We won't be back.",1,glm-5.3-flash,long,negative,structured,zero_shot,long_negative_structured_zero_shot,5,780,138,700,1,1,1.0,12,2026-09-10T14:28:47.575148+00:00
fake,hardrock,Hotel,"We honestly expected more from a place with such a big name. The moment we walked in, the decor felt dated -- the so-called rock memorabilia looked tired, the carpets were stained, and everything had a worn 2005 vibe that no amount of neon could hide. Our room was no better: scuffed furniture, a wobbly bed frame, and a bathroom that smelled vaguely of mildew. The shower dripped constantly, the grout was black in places, and the towels were thin and gray. The staff didn't help much either; check-in took forever, and when we asked for extra pillows, the front desk seemed annoyed rather than accommodating. Housekeeping skipped our room one day entirely. Honestly, two nights here already felt too long. We won't be back, and we'd think twice before recommending it to anyone.",1,glm-5.3-flash,long,negative,structured,zero_shot,long_negative_structured_zero_shot,6,780,134,700,1,1,1.0,12,2026-09-10T14:28:49.532788+00:00
fake,hilton,Hotel,"We stayed four nights at this Hilton and honestly couldn't wait to leave. The photos online showed a beautiful city view, but our window faced directly at the neighbouring office building, so we kept the curtains drawn most of the time. The room itself showed its age: stains on the carpet, dust on the bedside lamps, and hair in the bathroom that clearly hadn't been cleaned before our arrival. Housekeeping skipped our room one day entirely. The staff were polite enough at check-in, but every request afterwards felt like an inconvenience; it took three calls and nearly two hours to get extra towels. Even the breakfast staff barely acknowledged us. Four nights felt far too long in a place like this, and at these prices we expected much better. We won't be returning.",1,glm-5.3-flash,long,negative,structured,zero_shot,long_negative_structured_zero_shot,7,773,133,700,1,1,1.0,12,2026-09-10T14:28:51.155251+00:00
fake,homewood,Hotel,"I really wanted to like this Homewood Suites, and the location is honestly its one saving grace -- right off the highway with quick access to restaurants and the business park, which made my morning commute painless. Unfortunately, everything else fell flat. Despite paying for an upper-floor room, I faced a parking lot and a strip mall, so the 'view' was a joke. Worse, the walls are paper-thin; I heard my neighbor's TV until midnight and doors slamming at 6 a.m. both nights. The breakfast, usually the highlight of this chain, was a letdown: cold eggs, watery oatmeal, and the waffle iron ran out of mix both mornings with no staff restocking. The front desk did offer points as compensation, but between the noise and the sad hot plate, I won't be returning.",1,glm-5.3-flash,long,negative,structured,zero_shot,long_negative_structured_zero_shot,8,764,133,700,1,1,1.0,12,2026-09-10T14:28:53.395797+00:00
fake,hyatt,Hotel,"I expected more from a Hyatt, honestly. The room itself was okay at first glance, but the bathroom was grimy around the tub edges, the showerhead sputtered inconsistently, and there was a persistent damp smell no amount of venting seemed to fix. Sleep quality was poor both nights -- thin walls meant hallway conversations and door slams came through clearly, and the AC unit rattled loudly every time it kicked on. To be fair, the location is genuinely convenient: right by the metro stop, plenty of restaurants within a five-minute walk, and easy airport access. But convenience alone doesn't justify the price. At nearly $300 a night, dealing with a musty bathroom and two rough nights of sleep felt like a bad deal. I won't be rushing back.",1,glm-5.3-flash,long,negative,structured,zero_shot,long_negative_structured_zero_shot,9,744,128,700,1,1,1.0,12,2026-09-10T14:28:55.122371+00:00
fake,intercontinental,Hotel,"I had really high hopes for the InterContinental given its reputation, but my three-night stay left me honestly underwhelmed. The location is undeniably convenient, right in the heart of everything and steps from the metro, so I'll give it that. Unfortunately, that central position meant constant traffic noise filtering into my room even on the fourteenth floor, andInforma I barely slept. Housekeeping also seemed to miss my room one day entirely -- used glasses sat out until evening, and I found hairs on the bathroom floor on arrival. The front desk staff were polite enough but slow to resolve anything; requesting a room change took two phone calls and a visit in person. For the price point, the service and upkeep simply don't match. I expected far more from a property calling itself a luxury hotel.",1,glm-5.3-flash,long,negative,structured,zero_shot,long_negative_structured_zero_shot,10,810,136,700,1,1,1.0,12,2026-09-10T14:28:57.444176+00:00
fake,james,Hotel,"I had really hoped for better from the Hotel James, but our stay fell short in almost every way. The bathroom was the biggest letdown -- the shower barely maintained lukewarm pressure, the grout was black with mildew, and the fan rattled loud enough to wake the whole room. Sleep wasn't much better, honestly. The mattress sagged in the middle and street noise poured through a window that refused to seal, so we tossed and turned both nights. Cleanliness was questionable too: sticky rings on the nightstand, a gym towel someone left under the bed, and dust along every skirting board. Honestly, even one more night would have felt too long. The front desk staff was pleasant, but that alone can't rescue a stay this disappointing. We won't be back.",1,glm-5.3-flash,long,negative,structured,zero_shot,long_negative_structured_zero_shot,11,750,130,700,1,1,1.0,12,2026-09-10T14:28:59.664468+00:00
fake,knickerbocker,Hotel,"I really wanted to love the Knickerbocker given its reputation, but our stay fell flat. The noise was relentless -- our room faced the street and the bar below kept us up past 2am both nights, with doors slamming in the hallway constantly. The wifi was spotty at best; it dropped every time I tried to join a video call, which was the whole reason I booked. The bathroom looked sleek in photos but in reality the shower tolled lukewarm and the drain gurgled ominously. As for the view, we paid extra for a 'city view' and got a wall of scaffolding with a sliver of brick. Staff were polite enough, but for this price I expected far more. Disappointing.",1,glm-5.3-flash,long,negative,structured,zero_shot,long_negative_structured_zero_shot,12,652,120,700,1,1,1.0,12,2026-09-10T14:29:01.598475+00:00
fake,monaco,Hotel,"We had high hopes for the Monaco based on the photos, but our stay was honestly a letdown. Breakfast was the biggest disappointment: the eggs were cold, the pastries tasted like they'd been sitting out since the previous evening, and they ran out of coffee twice while we waited. The staff seemed indifferent at best--we asked for extra towels at the front desk and got a shrug and a fifteen-minute wait with no apology. As for sleep, forget about it. Our room faced the street and the noise from traffic and late-night revelers went on until nearly 3 a.m., plus the walls are so thin we could hear our neighbor's TV. The bed was decent, but that hardly mattered when we were waking up every couple of hours. For this price, I expected far better.",1,glm-5.3-flash,long,negative,structured,zero_shot,long_negative_structured_zero_shot,13,747,135,700,1,1,1.0,12,2026-09-10T14:29:04.228486+00:00
fake,omni,Hotel,"We stayed at the Omni for a long weekend and honestly expected more for the price. The WiFi was practically unusable, dropping every few minutes, which made it impossible to get any work done. Our room overlooked the parking garage and a stretch of rooftops with AC units humming away, so there was nothing pleasant to look at. Sleep was a struggle too: the walls are thin, we heard hallway conversations and elevator dings well past midnight, and the mattress sagged in the middle. The staff didn't help matters. Front desk agents seemed annoyed whenever we asked for anything, and a request for extra towels took nearly four hours to arrive. Housekeeping skipped our room one day entirely. Convenient location, but between the noise, the weak connection, and the indifferent service, we won't be returning.",1,glm-5.3-flash,long,negative,structured,zero_shot,long_negative_structured_zero_shot,14,808,135,700,1,1,1.0,12,2026-09-10T14:29:06.455267+00:00
fake,palmer,Hotel,"I really wanted to like Hotel Palmer, but this stay was a letdown from start to finish. The bathroom had mold creeping along the grout lines, and the shower drain backed up on our second morning, leaving standing water with nowhere to go. We'd booked a room with a view we were promised would be scenic -- instead we stared directly at a grimy brick wall and the kitchen's ventilation ducts, humming day and night. The noise wandered in from the street until nearly 2 a.m., plus hallway conversations echoed like the walls were paper. As for the staff, they barely acknowledged us; the front desk guy was glued to his phone and gave a shrug when we mentioned the drain. For these prices, I expected basic competence. Won't be back.",1,glm-5.3-flash,long,negative,structured,zero_shot,long_negative_structured_zero_shot,15,731,131,700,1,1,1.0,12,2026-09-10T14:29:08.561112+00:00
fake,sheraton,Hotel,"We stayed at the Sheraton for three nights and left genuinely disappointed. The photos online promised a lovely outlook, but our 'view' was mostly a grey parking garage wall with a slice of rooftop AC units humming away. Breakfast was the biggest letdown: the scrambled eggs were lukewarm and watery, the fruit looked tired from the day before, and the coffee was so weak we ended up paying extra at a cafe across the street. Sleep was a struggle too. Even though our room was far from the elevator, the hallway noise carried badly, and every night around 11pm we could hear music and laughter from the bar two floors down until well past midnight. The bed itself was decent, but that hardly matters when the walls are this thin. For the price, we expected far better.",1,glm-5.3-flash,long,negative,structured,zero_shot,long_negative_structured_zero_shot,16,768,137,700,1,1,1.0,12,2026-09-10T14:29:11.029031+00:00
fake,sofitel,Hotel,"I had high hopes for this Sofitel given the price, but our stay was sadly underwhelming. The bathroom was the biggest letdown -- the shower drained so slowly that water pooled around our feet, and there was visible mold along the grout near the tub. Housekeeping came late most days, too. On the plus side, the location is genuinely convenient, just a short walk from the metro and plenty of restaurants, so getting around was easy. Our room faced a narrow back alley, so instead of city views we stared at air conditioners and brick walls the whole week. Breakfast repeated the pattern of disappointment: cold eggs, watery coffee, and a buffet that never got restocked on time despite the hefty price. For a property with this reputation, I expected far more attention to detail. Won't be returning.",1,glm-5.3-flash,long,negative,structured,zero_shot,long_negative_structured_zero_shot,17,800,138,700,1,1,1.0,12,2026-09-10T14:29:13.400592+00:00
fake,swissotel,Hotel,"I really expected more from a hotel with this reputation. The room itself was decent, but the noise was relentless -- I could hear the elevator shaft all night, plus doors slamming in the hallway until well past midnight. I'd booked four nights and honestly by night two I was counting down. The staff were polite enough at check-in, but every request afterward seemed to be someone else's job; housekeeping was never called back and my wake-up call never came on the last morning. For nearly 300 euros a night, this felt poor value -- I've stayed in far cheaper places that delivered more comfort and actual service. The location is convenient, I'll grant that. But overall a disappointing, restless stay that I wouldn't repeat at these prices.",1,glm-5.3-flash,long,negative,structured,zero_shot,long_negative_structured_zero_shot,18,745,128,700,1,1,1.0,12,2026-09-10T14:29:15.430775+00:00
fake,talbott,Hotel,"I had hopes for the Talbott based on its reputation, but our three-night stay was a letdown from start to finish. The wifi barely functioned -- it dropped constantly in the evenings and took ages to load anything, which made working from the room impossible. Staff ranged from indifferent to outright curt; when we mentioned the thermostat wasn't working, nobody ever came to check it. Breakfast was the biggest disappointment: cold eggs, lukewarm coffee, and a sad pastry selection that looked like it had been sitting out since the day before. The rooms themselves are part of the problem, too -- the decor feels straight out of the early 2000s, with worn carpet, scuffed furniture, and heavy drapes that didn't quite close. For the price point, I expected far more. We won't be back.",1,glm-5.3-flash,long,negative,structured,zero_shot,long_negative_structured_zero_shot,19,786,134,700,1,1,1.0,12,2026-09-10T14:29:18.107391+00:00
fake,affinia,Hotel,"I really wanted to like this place, but the Affinia let me down at nearly every turn. Check-in took over twenty minutes while the front desk clerk fumbled with the computer, and nobody offered an apology. My room looked tired, with a stained armchair and an AC unit that rattled all night no matter what I did. The 'suite' bathroom had a slow drain that left the sink filling up every morning. Housekeeping skipped my room entirely one day and left only two towels the next.(Location is fine, I'll give them that, but at these prices I expected far more.) When I mentioned the noise at checkout, the response was a shrug. Skip this one and book elsewhere.",1,glm-5.3-flash,long,negative,unstructured,few_shot,long_negative_unstructured_few_shot,0,655,118,700,1,1,1.0,12,2026-09-10T14:29:20.408365+00:00
fake,allegro,Hotel,"We booked Hotel Allegro for a long weekend and honestly I can't figure out how it has the rating it does. First off, we arrived at 3pm, close to check-in, but the room wasn't ready until nearly 5. No apology, just 'come back later.' When we finally got in, the air conditioning was barely working and the room overlooked the alley, so we got delivery trucks beeping at 5am both mornings. The elevator situation is a disaster too -- two elevators for the whole building means long waits every single time. Breakfast at the restaurant downstairs cost way more than it should for cold eggs and slow service. Ask the front desk a simple question and you get a shrug._LOCATION_ I wanted to like this place, the lobby is pretty, but pretty doesn't make up for everything else. We won't be back.",1,glm-5.3-flash,long,negative,unstructured,few_shot,long_negative_unstructured_few_shot,1,788,142,700,1,1,1.0,12,2026-09-10T14:29:22.801440+00:00
fake,amalfi,Hotel,"I really wanted to love this place given the price, but our four nights here were a letdown. The AC in our room never cooled properly no matter what we set it to, and after sweating through two nights they finally moved us, only for the new room to smell faintly like mildew. Breakfast was included and pushing it -- diluted juice, lukewarm eggs, and the coffee machine ran empty most mornings. The pool was closed 'for maintenance' our entire stay, which nobody mentioned at booking. Housekeeping skipped our room one day entirely and knocked at 8:30am the next. Location is fine, walkable to the beach, and the front desk clerk on Tuesday was genuinely kind. But for what we paid, we expected far better. Probably won't be back.",1,glm-5.3-flash,long,negative,unstructured,few_shot,long_negative_unstructured_few_shot,2,730,129,700,1,1,1.0,12,2026-09-10T14:29:25.594312+00:00
fake,ambassador,Hotel,"I really wanted to like the Ambassador, but our stay was a letdown from start to finish. Check-in took nearly half an hour because the front desk was staffed by one visibly overwhelmed clerk. The room itself was dated, with a sagging mattress, a wobbly desk chair, and an air conditioning unit that rattled loudly every time it kicked on. We asked three times about the AC before anyone came up, and even then the fix lasted a day. Housekeeping skipped our floor one afternoon entirely. The location is decent, I'll grant that, and the morning coffee in the lobby was fine, but for this price I expected far more. The hallways smelled musty, and our window faced a brick wall. We won't be returning.",1,glm-5.3-flash,long,negative,unstructured,few_shot,long_negative_unstructured_few_shot,3,699,125,700,1,1,1.0,12,2026-09-10T14:29:27.657976+00:00
fake,conrad,Hotel,"I had high hopes for the Conrad given the price point, but this stay left me genuinely frustrated. Check-in took nearly forty minutes because apparently they couldn't find my reservation, and nobody offered an apology so much as a shrug. The room itself looked nice at first glance, but the air conditioning rattled all night and the shower went lukewarm by day two. Housekeeping skipped our floor entirely one afternoon and we had to call twice to get fresh towels. The concierge recommended a restaurant that turned out to be closed for renovations, which tells you how current their information is. For a hotel charging this much, the service felt careless at every turn. The location is convenient, I'll give it that, but I won't be returning and can't recommend it to anyone expecting the luxury experience they advertise.",1,glm-5.3-flash,long,negative,unstructured,few_shot,long_negative_unstructured_few_shot,4,827,139,700,1,2,1.0,12,2026-09-10T14:29:32.821871+00:00
fake,fairmont,Hotel,"I really expected more from the Fairmont, honestly. We paid for a room with a view and got one mostly facing another building, plus the air conditioning rattled so loudly the first night that I barely slept. Called the front desk twice and someone said they'd send engineering up, but nobody ever showed. The room itself felt tired, worn carpet edges, a bathroom door that wouldn't close properly, and housekeeping skipped our room entirely one day. I will say the lobby is beautiful and the doormen were lovely, but the actual guest experience didn't match the price tag at all. Breakfast in the restaurant ran us nearly $90 for two people and the eggs were cold. For what this hotel charges, the attention to detail just isn't there. Not sure we'd come back.",1,glm-5.3-flash,long,negative,unstructured,few_shot,long_negative_unstructured_few_shot,5,760,133,700,1,1,1.0,12,2026-09-10T14:29:34.766908+00:00
fake,hardrock,Hotel,"I really wanted to love the Hard Rock, especially after paying what I did, but the whole stay felt like a letdown. Check-in took almost half an hour because they were short-staffed, and nobody apologized even once. The room itself looked tired -- scuffed walls, a lamp that didn't work, and the AC rattled all night no matter what I set it to. I called the front desk twice about it and got a different answer each time, and maintenance never actually showed up. The 'rock and roll' theme is everywhere, but it mostly means loud music blasting in the lobby at 11pm right outside the rooms. Breakfast was overpriced for what it was, and the coffee tasted like it had been sitting for hours. Honestly the location was the only saving grace. I won't be back.",1,glm-5.3-flash,long,negative,unstructured,few_shot,long_negative_unstructured_few_shot,6,755,137,700,1,1,1.0,12,2026-09-10T14:29:36.421000+00:00
fake,hilton,Hotel,"I really expected more from a Hilton, honestly. We arrived around 3pm and our room still wasn't ready, then we stood waiting another 40 minutes with no apology or explanation. When we finally got in, the carpet had stains near the window and the AC unit rattled all night, so sleep was basically out of the question. The front desk staff varied wildly -- one woman was pleasant, but the guy on the night shift acted like asking for extra towels was a huge inconvenience. Breakfast cost $28 per person and the eggs were rubbery, the coffee barely lukewarm. Housekeeping skipped our room one day entirely and I had to call twice to get it sorted. The location is convenient, I'll give it that, but for nearly $300 a night I couldn't wait to check out. Won't be rushing back.",1,glm-5.3-flash,long,negative,unstructured,few_shot,long_negative_unstructured_few_shot,7,772,140,700,1,1,1.0,12,2026-09-10T14:29:39.060320+00:00
fake,homewood,Hotel,"Honestly really disappointed with my stay at the Homewood. The ads make it look like a cozy extended-stay spot but the reality is way off. My first room had a stained couch and the AC rattled all night, so I barely slept. They moved me the next day, which was fine, but the new room's kitchenette was missing half the dishes and the dishwasher smelled weird. Housekeeping skipped my room twice despite my requests. The breakfast was the one bright spot the first morning, but by day three the eggs were cold and half the trays were empty with no staff around to restock. The location is okay, nothing special. For the price I expected a lot more. I won't be back and can't really recommend this place to anyone.",1,glm-5.3-flash,long,negative,unstructured,few_shot,long_negative_unstructured_few_shot,8,711,130,700,1,1,1.0,12,2026-09-10T14:29:41.139381+00:00
fake,hyatt,Hotel,"I had such high hopes for this Hyatt based on the price, but honestly the stay fell flat in almost every way. Check-in took nearly half an hour because apparently they were short-staffed, and nobody apologized or even acknowledged the wait. My room overlooked the loading dock, so I was woken up at 5:30 every morning by beeping trucks. The air conditioning rattled so loudly I had to shut it off the second night and just sweat it out. Housekeeping skipped my floor one day entirely, and when I called the front desk about fresh towels, they never came. The breakfast buffet was soggy and lukewarm both mornings, not at all what you'd expect at these rates. The location was fine, I'll give it that, but that's about the only thing going for it. I won't be returning, even though I usually stay loyal to this brand.",1,glm-5.3-flash,long,negative,unstructured,few_shot,long_negative_unstructured_few_shot,9,816,147,700,1,2,1.0,12,2026-09-10T14:29:48.126501+00:00
fake,intercontinental,Hotel,"Honestly, I expected way more from a hotel with this name on it. Check-in took almost forty minutes because they'd somehow lost my reservation, and by the time I got to my room around 6pm, the tech I'd requested still wasn't set up. The room itself looked tired--scuffed baseboards, a stained armchair in the corner, and the air conditioning rattled all night no matter what I did with the thermostat. Housekeeping skipped my room entirely on the second day even after I called twice about it. Breakfast was the real letdown though: cold eggs, no decaf available, and a hostess who seemed annoyed anyone showed up before 8. The location is genuinely convenient, which is the only nice thing I can say. For nearly $400 a night, this was a disappointing stay and I won't be returning.",1,glm-5.3-flash,long,negative,unstructured,few_shot,long_negative_unstructured_few_shot,10,782,137,700,1,1,1.0,12,2026-09-10T14:29:49.785455+00:00
fake,james,Hotel,"I had really high hopes for the James based on the photos, but my stay last weekend fell flat in almost every way. The room looked chic in the pictures online, but in person it felt dated and the air conditioning rattled all night, keeping me up until I finally gave up around 3am and called the desk. They offered to move me to another floor, but the new room had the same problem. The shower took forever to get hot, and when it did, the water pressure was pathetic. Housekeeping knocked on my door at 8am both mornings even though I asked for late service. The front desk staff seemed annoyed every time I asked for anything, including a simple extra pillow that took four hours to arrive. The location is fine, but honestly that's the only thing going for this place. At this price point I expected far better. Won't be back.",1,glm-5.3-flash,long,negative,unstructured,few_shot,long_negative_unstructured_few_shot,11,829,154,700,1,1,1.0,12,2026-09-10T14:29:51.503512+00:00
fake,knickerbocker,Hotel,"Honestly expected more from a hotel at this price point. Checked in around 4pm and my room still wasn't ready, then when I finally got in around 5:30 the AC was barely working. Front desk offered to 'look into it' but it never really cooled down during my whole three-night stay. The room itself was decently designed but small, and you could hear the elevator whirring all night through the wall. Housekeeping skipped my floor entirely one day, and when I called down I got transferred twice before anyone picked up. The bar downstairs is gorgeous, I'll give them that, but service there was slow even when it was half empty. Location is fine, near the theater district, but for this money I'd rather stay a few blocks away and actually sleep well. Won't be back.",1,glm-5.3-flash,long,negative,unstructured,few_shot,long_negative_unstructured_few_shot,12,764,136,700,1,1,1.0,12,2026-09-10T14:29:53.222554+00:00
fake,monaco,Hotel,"I really wanted to like this place, but our stay at the Hotel Monaco fell flat on almost every count. Check-in took nearly half an hour because they claimed they couldn't find our reservation, even though I had the confirmation email right on my phone. The room itself was smaller than the photos suggested, and the air conditioning rattled all night like it was about to give up. Housekeeping skipped our room completely one day, and when we called the front desk about it, we got a shrug and a promise that never materialized. The location is decent and the lobby is pretty, sure, but that doesn't make up for lukewarm breakfast, hallway noise, and the overall sense that the money we spent went straight into the interior design rather than the service. Won't be back.",1,glm-5.3-flash,long,negative,unstructured,few_shot,long_negative_unstructured_few_shot,13,771,136,700,1,1,1.0,12,2026-09-10T14:29:54.824132+00:00
fake,omni,Hotel,"Honestly I expected more from the Omni. We paid a premium rate for a room that turned out to be noticeably tired--scuffed walls, a bathroom fan that rattled all night, and a TV remote with dead batteries that nobody seemed bothered to replace. Check-in took nearly half an hour because the front desk was understaffed on a Friday evening, and nobody apologized for it. Housekeeping skipped our room entirely one day, and when I called down about it, I got a shrug in the form of 'we'll get to it tomorrow.' The location is admittedly convenient, but for this price the walls were thin enough that I heard every hallway conversation at 6am. The gym was decent, sure, but that's not enough. Won't be back.",1,glm-5.3-flash,long,negative,unstructured,few_shot,long_negative_unstructured_few_shot,14,703,125,700,1,1,1.0,12,2026-09-10T14:29:56.666894+00:00
fake,palmer,Hotel,"I had high hopes for the Palmer given its history and location, but my stay last weekend was a letdown from start to finish. Check-in took nearly 45 minutes because they claimed my reservation had 'disappeared' from the system, even though I had a confirmation email right there on my phone. When I finally got to my room, the air conditioning barely worked and the room felt stuffy and dated -- worn carpet, a bathroom with a sink that drained painfully slowly, and hair in the tub when I arrived. I called the front desk twice about maintenance and no one ever came up. Breakfast in the lobby restaurant was another low point; cold eggs and a 20-minute wait for coffee. The location honestly saved this from being a total disaster, but at these prices I expected far more. Won't be back.",1,glm-5.3-flash,long,negative,unstructured,few_shot,long_negative_unstructured_few_shot,15,789,142,700,1,1,1.0,12,2026-09-10T14:30:00.118293+00:00
fake,sheraton,Hotel,"I really wanted to like the Sheraton, but the stay fell short in too many ways. The room smelled faintly of smoke despite being a non-smoking floor, and the carpet looked like it hadn't been replaced in years. Housekeeping skipped our room one day entirely, and when I called the front desk twice about it, nobody followed up. The elevator wait times were brutal in the mornings, sometimes ten minutes, with conference crowds crammed in. Breakfast at the restaurant cost $28 per person and both the food and service were mediocre at best. On the plus side, the location is convenient and the bed itself was reasonably comfortable. Still, for a hotel charging these rates, I expect far better attention to basics. I won't be returning.",1,glm-5.3-flash,long,negative,unstructured,few_shot,long_negative_unstructured_few_shot,16,734,126,700,1,1,1.0,12,2026-09-10T14:30:02.503448+00:00
fake,sofitel,Hotel,"Honestly expected much more from a Sofitel. Check-in took forever because the front desk seemed staffed by one overwhelmed employee, and when I finally got to my room the air conditioning barely worked. I called down twice about it and someone said maintenance would come up, but nobody ever showed. The room itself felt tired -- scuffed furniture, a carpet with visible stains near the window, and the 'luxury' bedding was just average at best. Housekeeping skipped our room one day entirely and we had to request towels ourselves. Breakfast was the final letdown: cold eggs, slow service, and an absurd price for what it was. Location is decent, I'll grant that, and the doorman was genuinely kind. But for these rates? Applies nowhere near the standard. Won't be returning.",1,glm-5.3-flash,long,negative,unstructured,few_shot,long_negative_unstructured_few_shot,17,776,130,700,1,1,1.0,12,2026-09-10T14:30:04.714848+00:00
fake,swissotel,Hotel,"I had high hopes for the Swissotel given its reputation, but my stay last week was honestly a letdown. Check-in took nearly forty minutes because apparently they were short-staffed, and nobody apologized or offered anything for the wait. My room had a decent view but the air conditioning rattled all night and freezing water came out of the 'hot' tap every morning. Housekeeping skipped my room entirely one day, and when I called the front desk about it they said someone would come by, which never happened. The gym equipment looked tired and half the treadmills were out of order. Breakfast in the restaurant was overpriced for what you got, and service there was slow even though it wasn't crowded. For the money, I expected far better. Probably won't be back.",1,glm-5.3-flash,long,negative,unstructured,few_shot,long_negative_unstructured_few_shot,18,765,131,700,1,1,1.0,12,2026-09-10T14:30:07.940999+00:00
fake,talbott,Hotel,"We stayed at the Talbott in January and honestly left disappointed. The lobby and location are nice, I'll give them that, but the room we got felt tired and worn. Scratches on the furniture, a bathroom fan that rattled all night, and the heater could not keep up -- we woke up freezing twice. Housekeeping skipped our room one day entirely and we had to call down to get towels. The front desk staff were polite but slow; checking in took almost twenty minutes even though there was no line. Parking valet took forty minutes to bring our car when we checked out. For the price, I expected much better comfort and service. There are plenty of other options in the Gold Coast, and next time we'll try one of them. Probably won't be back.",1,glm-5.3-flash,long,negative,unstructured,few_shot,long_negative_unstructured_few_shot,19,735,135,700,1,1,1.0,12,2026-09-10T14:30:10.826047+00:00
fake,affinia,Hotel,"I really wanted to like this place, but our stay at the Affinia was disappointing from start to finish. Check-in took forever because the front desk was understaffed, and when we finally got to our room, it smelled vaguely of smoke despite being non-smoking. The AC unit rattled all night, so neither of us slept well. Housekeeping missed our room entirely one day, and when I called down about it, they promised fresh towels that never showed up. The location is decent, I'll give them that, but for the price we paid I expected much better. Breakfast was cold and the coffee was terrible. The front desk clerk did comp us a parking night, which was nice, but overall I can't recommend this hotel. We won't be returning.",1,glm-5.3-flash,long,negative,unstructured,zero_shot,long_negative_unstructured_zero_shot,0,721,128,700,1,1,1.0,12,2026-09-10T14:30:13.923729+00:00
fake,allegro,Hotel,"We stayed at Hotel Allegro for three nights and honestly left pretty disappointed. Check-in took nearly forty minutes because only one person was at the desk. Our room overlooked the street and the noise went on until 2am every night - bring earplugs. The air conditioning barely worked, and when we reported it, someone came, jiggled something, and left. Breakfast was the real letdown: thin selection, lukewarm eggs, and coffee from a machine that tasted burnt. Housekeeping skipped our room one day entirely. The location is genuinely convenient, which is why I'm giving two stars instead of one, but for this price I expected much better. We won't be returning, and I'd suggest looking elsewhere if comfort matters to you.",1,glm-5.3-flash,long,negative,unstructured,zero_shot,long_negative_unstructured_zero_shot,1,726,120,700,1,1,1.0,12,2026-09-10T14:30:17.289105+00:00
fake,amalfi,Hotel,"We had such high hopes for Hotel Amalfi, but honestly the whole stay fell flat. The room was nowhere near as nice as the photos online -- worn carpet, a bathroom door that wouldn't close properly, and the air conditioning barely worked even after we reported it twice. Staff were polite enough but slow to fix anything, and housekeeping skipped our room one day entirely. Breakfast was the real letdown: stale bread, watery coffee, and the same sparse spread every single morning. The location is decent, sure, but you can hear street noise all night through thin windows, which made sleeping miserable. For the price we paid, I expected far more. Definitely won't be returning and can't really recommend this place unless you're just desperate for a bed.",1,glm-5.3-flash,long,negative,unstructured,zero_shot,long_negative_unstructured_zero_shot,2,755,128,700,1,1,1.0,12,2026-09-10T14:30:20.079365+00:00
fake,ambassador,Hotel,"Honestly one of the most disappointing stays I've had in a while. The photos online make the lobby look glamourous, but the reality is tired carpets, flickering corridor lights, and an air conditioning unit in my room that rattled all night. I called the front desk twice about it and both times someone promised maintenance would come up; nobody ever did. The bathroom had a weird smell I couldn't place, and the shower went from hot to freezing without warning. Breakfast was the final insult -- cold eggs, weak coffee, and a staff member who cleared my table before I was finished with it. For what they charge per night, you expect at least basic competence. Location is convenient, sure, but that's the only good thing I can say. I won't be back and can't recommend it to anyone.",1,glm-5.3-flash,long,negative,unstructured,zero_shot,long_negative_unstructured_zero_shot,3,784,139,700,1,1,1.0,12,2026-09-10T14:30:23.041270+00:00
fake,conrad,Hotel,"We stayed at the Conrad for our anniversary and honestly left feeling let down. The lobby is gorgeous, no argument there, but that's where the good impressions ended. Check-in took nearly 40 minutes even though we'd booked weeks in advance. Our room had a musty smell and the AC rattled all night. Housekeeping skipped our room one day entirely and never came back after we called. Breakfast was chaotic both mornings -- waiting 25 minutes for coffee, cold eggs, staff who seemed overwhelmed. For a hotel that charges this much, the service simply didn't match the price tag. The executive lounge ran out of food before 8pm. Would not stay here again, especially not for a special occasion. Plenty of other options in the area that deliver better.",1,glm-5.3-flash,long,negative,unstructured,zero_shot,long_negative_unstructured_zero_shot,4,747,128,700,1,1,1.0,12,2026-09-10T14:30:25.208220+00:00
fake,fairmont,Hotel,"I had such high hopes for the Fairmont given its reputation, but our stay last week was a real letdown. Check-in took nearly forty minutes because apparently they were short-staffed, and no one apologized. The room itself was worn out - stains on the carpet, a bathroom door that wouldn't close properly, and the air conditioning rattled all night. Housekeeping skipped our room one day entirely, and when we called about it, they brought towels hours later but never actually cleaned. Room service arrived cold twice, and the breakfast buffet was overpriced for what it offered. The concierge gave us wrong directions twice, sending us across town unnecessarily. For a hotel at this price point, staff should be attentive and the rooms spotless. Honestly, it felt like a three-star property charging five-star rates. We won't be back.",1,glm-5.3-flash,long,negative,unstructured,zero_shot,long_negative_unstructured_zero_shot,5,835,137,700,1,1,1.0,12,2026-09-10T14:30:27.577956+00:00
fake,hardrock,Hotel,"We were so excited to stay here for my husband's birthday weekend, but honestly the whole thing was a letdown from start to finish. Check-in took nearly an hour because the line barely moved and there were only two people working. Our room had a broken AC that blew warm air the entire first night, and when we called the front desk they said someone would come up but nobody ever did. The 'rock star' atmosphere they advertise just feels like a garish gift shop attached to a mediocre hotel. Pool was packed with kids until closing and getting a lounge chair was basically impossible. Breakfast at the cafe cost almost $60 for two people and the food was lukewarm at best. Location-wise it's far from the beach unless you drive. For the price we paid, I expected so much more. We won't be back.",1,glm-5.3-flash,long,negative,unstructured,zero_shot,long_negative_unstructured_zero_shot,6,795,145,700,1,1,1.0,12,2026-09-10T14:30:30.779807+00:00
fake,hilton,Hotel,"I really expected more from a Hilton, honestly. The lobby looks impressive when you walk in, but that's where the good impression ends. Check-in took almost forty minutes because their system was down and nobody seemed to know how to handle it manually. My room wasn't ready until nearly 4pm despite a confirmed early check-in request. The room itself felt tired -- stained carpet, a bathroom door that wouldn't stay closed, and the AC rattled all night so I barely slept. Housekeeping skipped my floor entirely one day and when I called down, no one came. Breakfast was the biggest letdown: lukewarm eggs, ran out of coffee twice, and a fifteen-minute wait for a table even though half the restaurant was empty. Staff tried to be polite but everything felt disorganized and understaffed. For the price, I'd book elsewhere next time.",1,glm-5.3-flash,long,negative,unstructured,zero_shot,long_negative_unstructured_zero_shot,7,833,141,700,1,1,1.0,12,2026-09-10T14:30:32.815494+00:00
fake,homewood,Hotel,"We stayed here three nights for a family visit and honestly expected better from Homewood. The first room they put us in smelled strongly of cigarette smoke even though it's supposed to be non-smoking, and it took over an hour to get moved. The new room was okay but the AC unit rattled all night and the pull-out sofa bed had stains on the mattress. Breakfast was a letdown too--eggs were watery, some items ran out and weren't replaced, and the seating area was always a mess. Housekeeping skipped our room one day entirely and we had to ask for towels at the front desk. The location is convenient, I'll give it that, and a couple of staff members were friendly, but for the price I can't recommend it. We won't be back.",1,glm-5.3-flash,long,negative,unstructured,zero_shot,long_negative_unstructured_zero_shot,8,723,133,700,1,1,1.0,12,2026-09-10T14:30:35.521488+00:00
fake,hyatt,Hotel,"I really expected more from a Hyatt, honestly. Checked in around 4pm only to wait nearly 40 minutes because they were 'short on housekeeping staff,' and the room I finally got still smelled faintly of cigarettes despite being labeled non-smoking. The AC rattled all night like it was about to take off, so I barely slept. Bathroom had hair on the floor when I arrived, and the shower took a solid five minutes to get warm. Breakfast was a disappointment too -- cold eggs, coffee machine empty for over half an hour with nobody refilling it. Front desk staff were polite enough, but that doesn't make up for a $300-plus night that felt more like a budget motel. I won't be rushing back to this location anytime soon.",1,glm-5.3-flash,long,negative,unstructured,zero_shot,long_negative_unstructured_zero_shot,9,715,128,700,1,1,1.0,12,2026-09-10T14:30:37.492669+00:00
fake,intercontinental,Hotel,"I really wanted to love this hotel given the price, but the Intercontinental fell short in ways I didn't expect. Check-in took nearly 40 minutes because apparently they were short-staffed, and no one apologized. My room had a musty smell that never fully went away, even after I called housekeeping twice. The air conditioning rattled all night, which made sleeping miserable before an important meeting. Breakfast was the biggest letdown--cold eggs, a shortage of coffee cups, and a line out the door with only two staff working. The concierge gave us wrong directions twice. For a property branding itself as luxury, the service felt more like a budget chain. The location is decent and the lobby is beautiful, but that's where the good ends. Probably won't be back.",1,glm-5.3-flash,long,negative,unstructured,zero_shot,long_negative_unstructured_zero_shot,10,768,128,700,1,1,1.0,12,2026-09-10T14:30:39.295928+00:00
fake,james,Hotel,"We stayed at the Hotel James for three nights and honestly can't figure out how it gets such decent ratings. Check-in took forever because apparently only one person works the desk in the evenings, and when we finally got to our room the AC was barely blowing cool air. Asked twice about it before anyone came up. The hallway carpets were stained and the whole place just felt tired. Breakfast was the biggest letdown, lukewarm eggs, ran out of coffee both mornings, and no one refilled anything. Our window overlooked the loading dock, so we were woken at 5:45am bydeliveries every day. Bathroom had a musty smell that never really went away. Staff were polite enough but completely ineffective. For the price, there are far better options nearby. Won't be returning.",1,glm-5.3-flash,long,negative,unstructured,zero_shot,long_negative_unstructured_zero_shot,11,768,131,700,1,1,1.0,12,2026-09-10T14:30:41.232442+00:00
fake,knickerbocker,Hotel,"We stayed at the Knickerbocker for a long weekend and honestly expected much more for the price. Check-in took nearly forty minutes because they were 'short-staffed,' and the room wasn't ready until after 4pm even though we arrived at 2. The room itself was small and the street noise was relentless -- garbage trucks, sirens, everything -- despite requesting a quiet floor. Housekeeping skipped us entirely one day and we had to call twice for fresh towels. The rooftop bar looked appealing in photos but was so packed and overpriced ($22 for a mediocre cocktail) that we gave up after one round. Breakfast at the restaurant cost a fortune for cold eggs. Location is truly great, near Times Square but that's about the only upside. For $700 a night, I expected luxury, not excuses. Won't be back.",1,glm-5.3-flash,long,negative,unstructured,zero_shot,long_negative_unstructured_zero_shot,12,797,137,700,1,1,1.0,12,2026-09-10T14:30:42.857679+00:00
fake,monaco,Hotel,"I really wanted to love the Monaco based on the photos, but our stay was a letdown from start to finish. Check-in took almost forty minutes because they were understaffed, and no one apologized. Our room faced the alley, so we heard garbage trucks at 5am both mornings despite requesting a quiet room weeks in advance. The air conditioning barely worked and the front desk just shrugged, offering nothing. Housekeeping skipped our room one day entirely. Breakfast was cold and the buffet ran out of most items by 9am. For the price, I expected far better service and basic comfort. Location is decent, but honestly that was the only redeeming thing. Won't be returning.",1,glm-5.3-flash,long,negative,unstructured,zero_shot,long_negative_unstructured_zero_shot,13,669,114,700,1,1,1.0,12,2026-09-10T14:30:45.374956+00:00
fake,omni,Hotel,"We stayed at the Omni for a long weekend and honestly expected much more for the price. Check-in took forever because they apparently had no record of our reservation, even though I had the confirmation email on my phone. The front desk staff weren't rude exactly, just completely indifferent. Our room smelled vaguely of smoke even though it was supposed to be non-smoking, and the air conditioner rattled all night like it was about to take off. The bed was okay, but the bathroom had visible grime in the corners and hair in the tub, which is just unacceptable. Room service took over an hour and arrived lukewarm. The location is convenient, I'll give it that, but with all the other hotels in the area, I won't be back. Truly disappointing for a place with this reputation.",1,glm-5.3-flash,long,negative,unstructured,zero_shot,long_negative_unstructured_zero_shot,14,778,137,700,1,1,1.0,12,2026-09-10T14:30:48.519606+00:00
fake,palmer,Hotel,"I really wanted to like the Hotel Palmer, but our stay was a letdown from start to finish. Check-in took nearly forty minutes because the front desk was understaffed and the clerk seemed completely lost. Our room smelled faintly of mildew, the air conditioning rattled all night, and the 'city view' was basically a wall three feet from the window. The hairdryer didn't work, and housekeeping skipped our room entirely on the second day. Breakfast was the real low point--cold eggs, stale pastries, and the coffee machine broke down while we were standing there. Worse, nobody apologized or offered any kind of accommodation when we complained; we just got shrugs. For the price they charge, this place is seriously overrated. I won't be back, and I'd suggest looking elsewhere.",1,glm-5.3-flash,long,negative,unstructured,zero_shot,long_negative_unstructured_zero_shot,15,778,129,700,1,1,1.0,12,2026-09-10T14:30:51.344274+00:00
fake,sheraton,Hotel,"We stayed at the Sheraton for a long weekend and honestly expected better for the price. Check-in took almost forty minutes because the front desk seemed understaffed, and when we finally got to our room the air conditioning barely worked. We called twice about it and nobody came up until the next morning. The bed itself was fine, but the bathroom had hair in the tub and stale towels that I had to exchange myself at the housekeeping cart. Breakfast was the biggest letdown. Over $30 per person for cold eggs, watery oatmeal, and a coffee machine that kept jamming. The lobby looks impressive, sure, but the service behind it falls flat. Location is convenient, I'll give it that, yet with so many other hotels nearby, I won't be back here. Disappointing overall.",1,glm-5.3-flash,long,negative,unstructured,zero_shot,long_negative_unstructured_zero_shot,16,766,133,700,1,1,1.0,12,2026-09-10T14:30:54.404802+00:00
fake,sofitel,Hotel,"I really wanted to love this Sofitel given the price point, but the stay fell flat in almost every way. Check-in took nearly forty minutes because the front desk was understaffed, and no one apologized for the wait. My room had a strange musty smell, the AC rattled all night, and the 'luxury' bedding felt dated and slightly stained. Housekeeping skipped my room entirely one day and I had to call twice to get fresh towels. Breakfast was the biggest letdown--cold eggs, lukewarm coffee, and a buffet that looked picked over well before closing time. The concierge also gave me blatantly wrong directions twice. For a property charging these rates, the service and upkeep simply don't match. Honestly, I'd expected far more from a brand like this and won't be rushing back.",1,glm-5.3-flash,long,negative,unstructured,zero_shot,long_negative_unstructured_zero_shot,17,774,132,700,1,1,1.0,12,2026-09-10T14:30:58.994044+00:00
fake,swissotel,Hotel,"I really expected more from a property with the Swissotel name. Check-in took almost 40 minutes because the front desk seemed understaffed and confused about my reservation, and nobody apologized properly. The room itself was worn out: stained carpet, a shower head that dribbled water, and the AC made a rattling noise all night so I barely slept. Housekeeping skipped my room on the second day entirely and I had to call twice to get fresh towels. Breakfast was the biggest letdown; cold eggs, empty trays that stayed empty for 20 minutes, and a bill that somehow included items I never ordered. Location is convenient, sure, but at this price point I've stayed in much better hotels. For what they charge, the service should be flawless, not this sloppy. I won't be returning.",1,glm-5.3-flash,long,negative,unstructured,zero_shot,long_negative_unstructured_zero_shot,18,779,133,700,1,1,1.0,12,2026-09-10T14:31:01.520195+00:00
fake,talbott,Hotel,"We stayed at the Talbott for a long weekend and honestly expected more for the price. The room was smaller than advertised and felt dated, with a wobbly AC unit that rattled all night. Housekeeping skipped our room entirely one day and we had to call twice to get fresh towels. The front desk staff were hit or miss--one person was friendly, another seemed annoyed by every question. Location is decent, but street noise came right through the thin windows. The 'complimentary coffee' in the lobby ran out by 9am both mornings. At these rates, I've had far better experiences elsewhere in the city. Probably won't be back.",1,glm-5.3-flash,long,negative,unstructured,zero_shot,long_negative_unstructured_zero_shot,19,622,108,700,1,1,1.0,12,2026-09-10T14:31:03.665670+00:00
