Binary_label,Category,domain,text,is_synthetic,model,length,sentiment,structure,example_mode,opener_move,cell_id,rep_index,n_chars,n_words,target_chars,in_length_band,n_attempts,gen_temperature,gen_seed,timestamp
fake,conrad,Hotel,"I loved my four-night stay; the central location made sightseeing incredibly easy. The staff were genuinely delightful and attentive, and despite the busy area, the room was surprisingly quiet.",1,gemma4:e4b,short,positive,structured,few_shot,"first person singular, starting with the word I",short_positive_structured_few_shot,4,193,29,200,1,3,1.0,12,2026-08-20T09:37:15.872849+00:00
fake,intercontinental,Hotel,"I loved our stay; the central location made exploring easy, and the staff's warmth made us feel right at home. The breakfast buffet was stellar, and considering the quality of the room and service, the value is unmatched.",1,gemma4:e4b,short,positive,structured,few_shot,"first person singular, starting with the word I",short_positive_structured_few_shot,10,221,38,200,1,2,1.0,12,2026-08-20T09:39:01.941727+00:00
fake,monaco,Hotel,"Our week in Monaco was flawless. The staff were unbelievably attentive, and despite the prime location, the noise levels were surprisingly low. Everything from the harbor views to the impeccable service made it a perfect getaway.",1,gemma4:e4b,short,positive,structured,zero_shot,"first person plural, starting with the word We or Our",short_positive_structured_zero_shot,0,229,36,200,1,4,1.0,12,2026-08-20T09:39:53.829980+00:00
fake,palmer,Hotel,"Our week-long stay at The Palmer was perfect. The location was ideal, and the value far exceeded expectations. Breakfast was simply delicious every morning; a true treat.",1,gemma4:e4b,short,positive,structured,zero_shot,"first person plural, starting with the word We or Our",short_positive_structured_zero_shot,2,170,27,200,1,3,1.0,12,2026-08-20T09:40:21.732313+00:00
fake,sheraton,Hotel,"Our stay at the Sheraton was fantastic. The location made city exploration so easy, and honestly, for this price point, the value is unbeatable. Breakfast was huge, and the room was surprisingly quiet, even in a busy area.",1,gemma4:e4b,short,positive,structured,zero_shot,"first person plural, starting with the word We or Our",short_positive_structured_zero_shot,3,222,38,200,1,3,1.0,12,2026-08-20T09:40:29.080712+00:00
fake,amalfi,Hotel,"I really enjoyed my long weekend stay; the room was spotless and quiet, making it easy to relax. The breakfast selection was vast and delicious, and the service was attentive throughout my visit.",1,gemma4:e4b,short,positive,structured,zero_shot,"first person singular, starting with the word I",short_positive_structured_zero_shot,9,195,33,200,1,1,1.0,12,2026-08-20T09:42:12.142307+00:00
fake,conrad,Hotel,"I loved our stay; the location is perfect for exploring, and the rooms were spotless. The staff went above and beyond--especially Maria in concierge--and the quiet ensured a peaceful night's sleep.",1,gemma4:e4b,short,positive,structured,zero_shot,"first person singular, starting with the word I",short_positive_structured_zero_shot,11,197,31,200,1,2,1.0,12,2026-08-20T09:42:36.750849+00:00
fake,intercontinental,Hotel,"Our trip to Miami was so relaxing; the view from our 2205 room of the bay was incredible. We loved the service, especially when the concierge helped us book that tricky sunset dinner reservation. The entire staff truly elevated our visit.",1,gemma4:e4b,short,positive,unstructured,few_shot,"first person plural, starting with the word We or Our",short_positive_unstructured_few_shot,4,238,41,200,1,4,1.0,12,2026-08-20T09:44:26.792723+00:00
fake,james,Hotel,"Our stay was absolutely lovely. The bedding was so plush, and the breakfast spread was fantastic--I could practically nap right there at the complimentary coffee station. Everything just felt perfectly coordinated and so relaxing after a long week of traveling.",1,gemma4:e4b,short,positive,unstructured,few_shot,"first person plural, starting with the word We or Our",short_positive_unstructured_few_shot,5,261,40,200,1,4,1.0,12,2026-08-20T09:44:37.853590+00:00
fake,omni,Hotel,"The complimentary morning coffee in our room was perfect, and the staff just made everything so effortless. We spent hours wandering the neighborhood, but coming back to the comfy bedding and the amazing city view made it feel like a proper getaway.",1,gemma4:e4b,short,positive,unstructured,few_shot,a specific detail or small incident,short_positive_unstructured_few_shot,8,249,42,200,1,1,1.0,12,2026-08-20T09:45:19.535535+00:00
fake,palmer,Hotel,"The room was perfect--so quiet and the view of the city skyline was truly breathtaking. We spent three nights here and everything worked flawlessly, from the efficient service staff to the comfy pillows.",1,gemma4:e4b,short,positive,unstructured,few_shot,the room or the hotel itself as the subject,short_positive_unstructured_few_shot,9,203,33,200,1,3,1.0,12,2026-08-20T09:45:27.368258+00:00
fake,talbott,Hotel,The hotel felt incredibly welcoming from the moment we walked in; our room was spacious and the view over the city was breathtakingly beautiful. We spent a lovely few nights here and everything was truly perfect.,1,gemma4:e4b,short,positive,unstructured,zero_shot,the room or the hotel itself as the subject,short_positive_unstructured_zero_shot,0,212,36,200,1,1,1.0,12,2026-08-20T09:46:29.653336+00:00
fake,affinia,Hotel,"Our stay at Affinia was perfect; the view from the balcony was incredible, and the breakfast selection was vast. The staff were so genuinely friendly, especially the concierge who helped us book those fancy restaurant reservations.",1,gemma4:e4b,short,positive,unstructured,zero_shot,"first person plural, starting with the word We or Our",short_positive_unstructured_zero_shot,1,231,36,200,1,1,1.0,12,2026-08-20T09:46:30.614997+00:00
fake,amalfi,Hotel,"Our stay was absolutely perfect; the view of the Ligurian Sea from our balcony was breathtaking every single morning. The staff were wonderful and accommodating, and we even got a recommendation for a fantastic local trattoria we wouldn't have found otherwise.",1,gemma4:e4b,short,positive,unstructured,zero_shot,"first person plural, starting with the word We or Our",short_positive_unstructured_zero_shot,3,260,41,200,1,1,1.0,12,2026-08-20T09:46:51.535379+00:00
fake,ambassador,Hotel,I truly appreciated the attention to detail from the ambassador; getting my bags carried to room 1403 made arriving right after a flight so much easier. Everything felt genuinely thoughtful and seamless.,1,gemma4:e4b,short,positive,unstructured,zero_shot,"first person singular, starting with the word I",short_positive_unstructured_zero_shot,4,203,32,200,1,1,1.0,12,2026-08-20T09:46:52.327467+00:00
fake,conrad,Hotel,"Our stay was absolute perfection. The spa treatments were heavenly, and the concierge recommended some wonderful local spots we never would have found otherwise. We're already planning our next trip back to the Conrad!",1,gemma4:e4b,short,positive,unstructured,zero_shot,"first person plural, starting with the word We or Our",short_positive_unstructured_zero_shot,5,218,34,200,1,6,1.0,12,2026-08-20T09:47:09.652180+00:00
fake,fairmont,Hotel,"Flawless stay. The room at the Fairmont was gorgeous, and I especially loved the view of the city from the balcony. The staff were genuinely attentive without being intrusive, which is always appreciated. I would absolutely return.",1,gemma4:e4b,short,positive,unstructured,zero_shot,a verdict stated up front,short_positive_unstructured_zero_shot,6,231,37,200,1,5,1.0,12,2026-08-20T09:47:24.044442+00:00
fake,hardrock,Hotel,"Our stay was absolutely fantastic. The music was loud but in the best way, and the room looked way better than the pictures online. We spent hours by the pool and the check-out process was surprisingly quick for a big hotel.",1,gemma4:e4b,short,positive,unstructured,zero_shot,"first person plural, starting with the word We or Our",short_positive_unstructured_zero_shot,7,224,41,200,1,1,1.0,12,2026-08-20T09:47:24.934780+00:00
fake,hilton,Hotel,"Our stay at the Hilton was absolutely wonderful. The room felt spotless, and we really appreciated the concierge's help navigating the local transportation links. We had a fantastic time overall.",1,gemma4:e4b,short,positive,unstructured,zero_shot,"first person plural, starting with the word We or Our",short_positive_unstructured_zero_shot,8,195,30,200,1,3,1.0,12,2026-08-20T09:47:32.389974+00:00
fake,homewood,Hotel,"Our stay at Homewood was fantastic; the bedding was so comfortable, and the little bonus trip the front desk staff recommended totally changed our plans for the weekend.",1,gemma4:e4b,short,positive,unstructured,zero_shot,"first person plural, starting with the word We or Our",short_positive_unstructured_zero_shot,9,169,28,200,1,3,1.0,12,2026-08-20T09:47:40.348940+00:00
fake,hyatt,Hotel,"Our stay at the Hyatt was perfect; the beds were heavenly, and we loved the little rooftop garden access. Seriously, the concierge, Mark, helped us find an amazing hidden patio nearby that made exploring the neighborhood so much fun.",1,gemma4:e4b,short,positive,unstructured,zero_shot,"first person plural, starting with the word We or Our",short_positive_unstructured_zero_shot,10,233,39,200,1,2,1.0,12,2026-08-20T09:47:44.457603+00:00
fake,intercontinental,Hotel,"I loved staying at the Intercontinental. Our room was spotless, and the view from the balcony of 1403 was absolutely stunning every morning. The concierge team was incredibly helpful getting us tickets to the museum, too.",1,gemma4:e4b,short,positive,unstructured,zero_shot,"first person singular, starting with the word I",short_positive_unstructured_zero_shot,11,221,36,200,1,1,1.0,12,2026-08-20T09:47:45.328180+00:00
fake,conrad,Hotel,"The view from the 18th floor was amazing, but after a long weekend here, the constant street noise was jarring. Paying these huge nightly rates for this noise and the limited service makes the value questionable.",1,gemma4:e4b,short,negative,structured,few_shot,a specific detail or small incident,short_negative_structured_few_shot,12,212,36,200,1,3,1.0,12,2026-08-20T09:52:15.978478+00:00
fake,hardrock,Hotel,"I expected more given the cost and prime location, but staying for four nights was nothing but disappointment. The relentless noise from the street, combined with the mediocre breakfast, made the poor value apparent.",1,gemma4:e4b,short,negative,structured,zero_shot,"first person singular, starting with the word I",short_negative_structured_zero_shot,1,216,34,200,1,1,1.0,12,2026-08-20T09:52:36.948216+00:00
fake,homewood,Hotel,"Our four-night stay felt underwhelming; the room was quite dusty, and while the location was central, the complimentary breakfast was just stale pastries. Considering the price, we expected more polish, especially given how noisy the street was.",1,gemma4:e4b,short,negative,structured,zero_shot,"first person plural, starting with the word We or Our",short_negative_structured_zero_shot,3,245,37,200,1,1,1.0,12,2026-08-20T09:52:58.450741+00:00
fake,knickerbocker,Hotel,"I was really let down by the Knickerbocker; the housekeeping seemed to skip my room, and the staff felt disinterested throughout my stay. For the hefty price, neither the stale breakfast nor the clean room experience justified the value.",1,gemma4:e4b,short,negative,structured,zero_shot,"first person singular, starting with the word I",short_negative_structured_zero_shot,7,237,39,200,1,6,1.0,12,2026-08-20T09:54:17.491501+00:00
fake,sheraton,Hotel,"I was so disappointed with my three-night stay; the noise from the hallway was unbearable, and the carpet seemed questionable. Given the cost, I expected much better cleanliness and a much quieter environment.",1,gemma4:e4b,short,negative,structured,zero_shot,"first person singular, starting with the word I",short_negative_structured_zero_shot,11,209,33,200,1,2,1.0,12,2026-08-20T09:55:22.920031+00:00
fake,affinia,Hotel,"I was so disappointed with Affinia; after a long trip, the room smelled strongly of stale air, and the gym equipment was genuinely outdated. Also, the mini-bar wasn't restocked at all, which was really annoying.",1,gemma4:e4b,short,negative,unstructured,few_shot,"first person singular, starting with the word I",short_negative_unstructured_few_shot,2,211,35,200,1,6,1.0,12,2026-08-20T09:56:41.410341+00:00
fake,ambassador,Hotel,"I felt let down by my stay here; the ambassador was friendly enough, but nothing compensated for the incredibly loud air conditioning unit in room 812, which hummed constantly all night.",1,gemma4:e4b,short,negative,unstructured,few_shot,"first person singular, starting with the word I",short_negative_unstructured_few_shot,5,186,31,200,1,3,1.0,12,2026-08-20T09:57:30.025517+00:00
fake,conrad,Hotel,"Honestly, this stay was a letdown. The service was bafflingly disorganized, and my key card stopped working mid-morning, sending me running back down to the front desk. The continental breakfast was just mediocre toast and stale pastries.",1,gemma4:e4b,short,negative,unstructured,few_shot,a verdict stated up front,short_negative_unstructured_few_shot,6,238,37,200,1,4,1.0,12,2026-08-20T09:57:41.142761+00:00
fake,hyatt,Hotel,"I left feeling completely underwhelmed. The lobby looked nice enough from the outside, but my room, 1408, smelled musty and the AC unit was making a horrible grinding noise all afternoon.",1,gemma4:e4b,short,negative,unstructured,few_shot,"first person singular, starting with the word I",short_negative_unstructured_few_shot,11,187,31,200,1,4,1.0,12,2026-08-20T09:59:12.680681+00:00
fake,james,Hotel,"I expected a much better stay at the James, especially after paying for the premium room. The complimentary breakfast was lukewarm and frankly, the persistent draft coming from the windowpane made it impossible to relax in the evenings. Disappointing value.",1,gemma4:e4b,short,negative,unstructured,zero_shot,"first person singular, starting with the word I",short_negative_unstructured_zero_shot,0,257,40,200,1,2,1.0,12,2026-08-20T09:59:36.766959+00:00
fake,knickerbocker,Hotel,"Arriving in NYC for a jazz festival was supposed to be magical, but the Knickerbocker fell flat. Our corner room (308) felt dated and the air conditioning unit rattled constantly, making sleep impossible. I wish the service matched the history.",1,gemma4:e4b,short,negative,unstructured,zero_shot,the reason for the trip,short_negative_unstructured_zero_shot,1,244,40,200,1,4,1.0,12,2026-08-20T09:59:47.977002+00:00
fake,monaco,Hotel,"Our stay at the Hotel Monaco was supposed to be a romantic getaway, but the room was nothing like the photos and the breakfast service was genuinely slow. We felt very let down by the overall atmosphere and the outdated lobby decor.",1,gemma4:e4b,short,negative,unstructured,zero_shot,"first person plural, starting with the word We or Our",short_negative_unstructured_zero_shot,2,232,42,200,1,2,1.0,12,2026-08-20T09:59:52.111991+00:00
fake,sofitel,Hotel,"I really expected more from the Sofitel. My room felt stale, and the complimentary breakfast looked untouched, like nothing was actually being prepared. Disappointing stay all around.",1,gemma4:e4b,short,negative,unstructured,zero_shot,"first person singular, starting with the word I",short_negative_unstructured_zero_shot,6,183,27,200,1,6,1.0,12,2026-08-20T10:01:10.528019+00:00
fake,swissotel,Hotel,"The Swissotel was much less impressive in person than I expected. My room (812) was dusty and the AC unit struggled constantly, making the entire stay feel exhausting. The breakfast service was also extremely slow and disorganized.",1,gemma4:e4b,short,negative,unstructured,zero_shot,the room or the hotel itself as the subject,short_negative_unstructured_zero_shot,7,231,37,200,1,2,1.0,12,2026-08-20T10:01:14.616404+00:00
fake,affinia,Hotel,"I really expected more from Affinia, especially considering the rates. The complimentary breakfast was lackluster, and the elevator in our room (412) kept making a strange grinding noise throughout the stay. Disappointing value.",1,gemma4:e4b,short,negative,unstructured,zero_shot,"first person singular, starting with the word I",short_negative_unstructured_zero_shot,9,228,33,200,1,4,1.0,12,2026-08-20T10:01:45.841449+00:00
fake,amalfi,Hotel,"I honestly expected more from the Amalfi Hotel; the supposedly 'scenic' view from room 402 was barely visible behind the smog, and the complimentary breakfast buffet was painfully underwhelming.",1,gemma4:e4b,short,negative,unstructured,zero_shot,"first person singular, starting with the word I",short_negative_unstructured_zero_shot,11,194,29,200,1,5,1.0,12,2026-08-20T10:02:20.201338+00:00
fake,conrad,Hotel,"The moment we walked into the lobby, I knew we were staying somewhere special. My stay in the Deluxe King room felt incredibly restful after a grueling travel day. Honestly, the cleanliness was impeccable; even the little bathroom grout looked brand new, which is always a huge relief. My favorite part, though, was the staff. Shoutout to Maya at the concierge desk--she helped us book a difficult dinner reservation and provided insider tips that made our trip feel so much more authentic. We were totally spoiled by their efficiency. Speaking of fueling up, the breakfast buffet was fantastic. More than just a spread of eggs and pastries, they had this wonderful assortment of fresh local fruits and artisan breads that elevated the meal. For the cost, considering the",1,gemma4:e4b,long,positive,structured,few_shot,the room or the hotel itself as the subject,long_positive_structured_few_shot,0,771,128,700,1,1,1.0,12,2026-08-20T10:02:43.907310+00:00
fake,fairmont,Hotel,"This trip was genuinely superb; the Fairmont delivered exactly what it promised and more. After spending five nights in the city, staying in room 1403, I really appreciated how consistently quiet it was. Even with the adjacent rooms and the main hallway activity, the deadening quality of the windows and walls meant we barely heard anything besides the soft hum of the A/C. The housekeeping staff, who managed the room's cleanliness every single day, were immaculate--everything was spotless,",1,gemma4:e4b,long,positive,structured,few_shot,a verdict stated up front,long_positive_structured_few_shot,1,493,78,700,1,1,1.0,12,2026-08-20T10:02:47.769200+00:00
fake,hardrock,Hotel,"I remember when the porter, whose name I think was Alex, actually managed to squeeze my massive suitcase through the narrow corridor right into room 1408. That single moment made me instantly comfortable. We stayed for four nights, making it just long enough to feel like a true vacation rather than a quick stopover, and I was so impressed with how consistently great everything was. The staff here is genuinely phenomenal; they operate seamlessly without ever seeming stressed, even during the rush of",1,gemma4:e4b,long,positive,structured,few_shot,a specific detail or small incident,long_positive_structured_few_shot,2,503,83,700,1,1,1.0,12,2026-08-20T10:02:51.443095+00:00
fake,hilton,Hotel,"Last week, during our anniversary trip, the Hilton really exceeded expectations. We stayed for four nights in a corner room, and I have to say, the level of cleanliness was absolutely superb; the bathroom felt spotless, honestly like it had just been serviced. From the moment we checked in, the staff were so welcoming, especially the concierge, who helped us book a dinner reservation that was impossible to snag otherwise. We were concerned about noise levels, given the city location, but we slept soundly every night--it was remarkably quiet, which was a huge bonus. The whole hotel atmosphere felt calm and professional. I loved grabbing a morning coffee in the main lobby each day, and even the continental breakfast was lovely and varied. It was such a relaxing getaway, and we really appreciated the thoughtful touch of little amenities in the room. It made the whole experience feel genuinely special.",1,gemma4:e4b,long,positive,structured,few_shot,"a time or occasion, such as a month, a season, or a trip event",long_positive_structured_few_shot,3,911,150,700,1,1,1.0,12,2026-08-20T10:02:54.885936+00:00
fake,homewood,Hotel,"Honestly, this hotel is an absolute gem, and I'd stay indefinitely if I could. We stayed for four nights--a little longer than I planned, which made the excellent location feel even more crucial. The room, 408, was spotlessly clean; seriously, I haven't seen cobwebs or dust bunnies anywhere, which is a miracle these days. While I was here with my family, the noise level was surprisingly low, even when passing through the lobby in the evening. This was a huge relief. The breakfast spread was always the highlight of the morning--it's genuinely",1,gemma4:e4b,long,positive,structured,few_shot,a verdict stated up front,long_positive_structured_few_shot,4,547,92,700,1,1,1.0,12,2026-08-20T10:02:58.973074+00:00
fake,hyatt,Hotel,"In early September, for a long-overdue week of visiting my sister in the city, the Hyatt proved to be the perfect sanctuary. We stayed for four nights, and the peace and quiet was genuinely impressive; despite the bustling area outside, the room--I was in 1405--was remarkably insulated, so even when the city hit its late afternoon crescendo, we barely noticed it. The staff truly deserves major credit. Every single person we encountered, from the concierge helping us book that ridiculous local museum to Maria at the front desk who remembered our names on the second day, were just genuinely helpful and seemed genuinely invested in making sure we were comfortable. Breakfast, which was served in the Grand Ballroom each morning, was consistently fantastic--I especially loved the crepes setup and the variety of fresh fruit available. On one morning, I was running late getting to the shuttle, and the",1,gemma4:e4b,long,positive,structured,few_shot,"a time or occasion, such as a month, a season, or a trip event",long_positive_structured_few_shot,5,906,148,700,1,1,1.0,12,2026-08-20T10:03:02.625642+00:00
fake,intercontinental,Hotel,"I just spent three nights here and had such a restorative time. Honestly, the staff really elevated the stay; from the valet who remembered my car model to the concierge helping us navigate the local transit system, everyone was effortlessly attentive. We were concerned about the city buzz, so we kept an eye on the noise levels, but the room (1408, I think?) was surprisingly quiet, making for great naps after long days of exploring. I know it's an investment, but considering the quality of the amenities",1,gemma4:e4b,long,positive,structured,few_shot,"first person singular, starting with the word I",long_positive_structured_few_shot,6,508,87,700,1,1,1.0,12,2026-08-20T10:03:06.161949+00:00
fake,james,Hotel,"Mid-October, and this little getaway felt like a perfect antidote to the city smog. We stayed in a corner room (302), and I have to say, the cleanliness was absolutely pristine--it felt spotless, almost surgically clean. We were worried about the noise, given how central the location is, but the soundproofing really worked; despite being directly off a busy thoroughfare, we barely heard anything until around 10 p.m. The convenience of being able to walk to everything, from the coffee shops to the",1,gemma4:e4b,long,positive,structured,few_shot,"a time or occasion, such as a month, a season, or a trip event",long_positive_structured_few_shot,7,501,83,700,1,1,1.0,12,2026-08-20T10:03:09.687808+00:00
fake,knickerbocker,Hotel,"The Knickerbocker is exactly what I hoped for in a deep-dive stay; I spent five nights here following a conference, and it felt like home rather than just a hotel. We were in Room 1214, and it was pristine--truly spotless, especially in the bathroom, which often gets overlooked. Everything, from the grout to the little soap dish, seemed immaculately cared for. The biggest concern I had was the potential for noise, given the location, but I was pleasantly surprised. Even when the street outside was active, the soundproofing was excellent. The staff deserves a massive shoutout. Maria at the front desk on Tuesday, who remembered that I was having an early meeting",1,gemma4:e4b,long,positive,structured,few_shot,the room or the hotel itself as the subject,long_positive_structured_few_shot,8,668,112,700,1,1,1.0,12,2026-08-20T10:03:13.288865+00:00
fake,monaco,Hotel,"My husband and I took a long weekend trip to Chicago purely for the arts festival, and the Hotel Monaco was the perfect base camp. We stayed in a standard king room (room 1412), and I have to say, the cleanliness was genuinely remarkable--everything from the bathroom fixtures to the little velvet chair was spotless, which is hard to maintain in such a busy spot. The location is absolutely unmatched; being steps away from both the Loop action and the lakefront felt amazing, making even a quick midday stroll worthwhile. For breakfast, the buffet was more than adequate, though I spent most of my time just sampling the pastries and the coffee--a real treat. When I consider the incredible location and the quality of the entire stay, I feel like the value was excellent, especially considering how close we were to the main attractions.",1,gemma4:e4b,long,positive,structured,few_shot,the reason for the trip,long_positive_structured_few_shot,9,840,144,700,1,2,1.0,12,2026-08-20T10:03:20.541930+00:00
fake,omni,Hotel,"Our recent five-night stay at the Omni was exactly what we needed after a long drive up from the coast. Everything, from the check-in process to our departure, was seamless. The staff truly made us feel welcome; Sarah at the concierge desk was incredible, giving us tips on local spots that weren't in any tourist pamphlet, and she even sorted out last-minute theatre tickets for us. The room itself was immaculate--the bathroom was spotless, which is always a relief, and the linens felt luxurious. We were pleasantly surprised by the noise",1,gemma4:e4b,long,positive,structured,few_shot,"first person plural, starting with the word We or Our",long_positive_structured_few_shot,10,541,91,700,1,1,1.0,12,2026-08-20T10:03:24.275800+00:00
fake,palmer,Hotel,"The moment we walked into the lobby, I was struck by how bright and airy everything felt; it certainly makes the hotel seem bigger and more inviting than the pictures online suggested. Our room, 312, was spotless, honestly--I was prepared for typical hotel dust bunnies, but everything felt properly maintained, from the bathroom grout to the little bedside table. The location truly is unmatched. Being right downtown means we could walk out the door and be near everything we needed, making the subway or any local restaurant a ridiculously short jaunt. What I appreciate most, besides the prime spot, is the actual value we got for the price. Considering how close you are to everything, staying here felt like a bargain; the convenience easily outweighs the nightly rate. As for noise, I was genuinely surprised. Despite being central and surrounded by bustle, the room was remarkably quiet.",1,gemma4:e4b,long,positive,structured,few_shot,the room or the hotel itself as the subject,long_positive_structured_few_shot,11,895,147,700,1,2,1.0,12,2026-08-20T10:03:31.560134+00:00
fake,sheraton,Hotel,"I was running late getting to the gym yesterday morning, and the concierge, Sarah I think her name was, managed to hustle me into getting a late lift to the appropriate tram line, saving me a massive headache. That kind of proactive help really makes a difference. The hotel itself is perfectly situated; being so close to the main square meant we could walk everywhere, which was fantastic--though the sheer volume of noise from the nightlife nearby did make sleeping a little tricky the first night. We were lucky to have a quiet corner room away from the main traffic flow, though, and the blackout curtains did their job. The staff overall deserves massive praise; everyone was genuinely cheerful, from the doorman to the housekeeping crew. Breakfast was a standout. I usually find hotel buffets underwhelming, but the variety and freshness there",1,gemma4:e4b,long,positive,structured,zero_shot,a specific detail or small incident,long_positive_structured_zero_shot,0,850,142,700,1,1,1.0,12,2026-08-20T10:03:34.987682+00:00
fake,sofitel,Hotel,"The room at Sofitel exceeded expectations, feeling much more luxurious than the photos suggested. Having stayed for four nights, I genuinely appreciated the level of polish throughout the establishment. Everything, from the crisp linens to the marble bathroom fixtures, spoke of meticulous upkeep. The cleanliness was impeccable--it felt spotless, not just superficially clean. We arrived on a Monday and the room was already immaculate, a small detail that really set the tone for the stay. What truly elevated the experience, however, was the staff. Someone named Lucas at the concierge desk was absolutely brilliant; he managed to book us a dinner spot that was fully booked everywhere else, and he did it without a single complaint. The attentiveness was genuine, not just transactional. Even when moving around the hotel, I noticed the noise levels were practically non-existent. Despite the",1,gemma4:e4b,long,positive,structured,zero_shot,the room or the hotel itself as the subject,long_positive_structured_zero_shot,1,896,139,700,1,1,1.0,12,2026-08-20T10:03:38.632916+00:00
fake,swissotel,Hotel,"The late October trip to Chicago was exactly the refreshing escape I needed, and staying at the Swissotel really rounded out the experience. We were given a room on the twenty-third floor, and I have to say, the cleanliness was impeccable--I particularly noticed the attention paid to the bathroom grout, which is often overlooked. Despite being such a central location, the room was eerily quiet; I barely heard the city buzz, making it perfect for winding down after long days of walking. The breakfast buffet was a massive highlight; the charcuterie spread was extensive, and the barista knew exactly how to make a perfect latte. While the rate is definitely on the higher end, given the quality of the service and the stunning view, I feel it offered fantastic value. The staff, especially the concierge, were genuinely helpful, not just following a script. Everything felt polished, and it certainly lived up to the Swiss name.",1,gemma4:e4b,long,positive,structured,zero_shot,"a time or occasion, such as a month, a season, or a trip event",long_positive_structured_zero_shot,2,932,155,700,1,1,1.0,12,2026-08-20T10:03:42.115144+00:00
fake,talbott,Hotel,"Our stay at the Talbot was exactly what we needed after a long journey. Having spent four nights in a corner of the city, we appreciated how reliably comfortable everything felt. Room 308 was spotless--truly immaculate, especially the bathroom fixtures, which seemed brand new. The location couldn't be better either; we could walk to the main square and several excellent restaurants, which was a huge bonus given the weight of our luggage. Evenings were peaceful; despite being so central, the room was surprisingly quiet, almost completely muffled from the street noise. It was just us, the quiet HVAC humming, which was perfect for winding down after busy days of sightseeing. The staff were attentive without being intrusive, which really elevated the whole experience. It just felt smooth from check-in to check-out, making our time there feel effortless and genuinely relaxing.",1,gemma4:e4b,long,positive,structured,zero_shot,"first person plural, starting with the word We or Our",long_positive_structured_zero_shot,3,884,140,700,1,2,1.0,12,2026-08-20T10:03:49.551888+00:00
fake,affinia,Hotel,"Mid-October, my two-week stay felt like a mini-vacation, and Affinia was the perfect base. I particularly appreciated the location; being able to walk to the waterfront every morning was heavenly, and the transport links were seamless, which was critical for my sightseeing schedule. The room itself was spotlessly clean, though the air conditioning unit made a slight clunking noise around 10 PM that was noticeable. But truly, the breakfast spread made those early mornings worth it. There were so many options--fresh pastries, excellent eggs, and the coffee station kept busy--that felt like a proper meal rather than just a grab-and-go bite. Considering the views and the level of service, the total cost felt incredibly reasonable. I wouldn't say it was cheap, but the value, especially given how central everything was, was undeniable. Everything worked together wonderfully, making the whole week",1,gemma4:e4b,long,positive,structured,zero_shot,"a time or occasion, such as a month, a season, or a trip event",long_positive_structured_zero_shot,4,903,140,700,1,1,1.0,12,2026-08-20T10:03:53.433602+00:00
fake,allegro,Hotel,"I just returned from a lovely four-night stay at Allegro, checking out yesterday morning. Seriously, the value here is unmatched; for the rate we paid, everything felt premium. Room 312 was spotless--I mean it, the bathroom gleamed and there wasn't a speck of dust visible, which is always a relief after traveling. We started our mornings on the fantastic breakfast spread; the local pastries and the coffee selection were phenomenal, even the egg station was top-notch. Having the full week to relax and work from the lounge was perfect, and the staff, particularly a gentleman named Marco at the front desk, made the check-in process so seamless. Everything worked together to make this a truly comfortable getaway, making me feel like I got way more than I paid for. It was exactly the restorative trip I needed.",1,gemma4:e4b,long,positive,structured,zero_shot,"first person singular, starting with the word I",long_positive_structured_zero_shot,5,816,137,700,1,1,1.0,12,2026-08-20T10:03:56.723402+00:00
fake,amalfi,Hotel,"When we arrived on Tuesday afternoon, I was immediately struck by the vibrant splash of blue visible just outside our window--it really makes the location feel like being right on the coast, not just near it. We stayed in room 308, and I have to say, the cleanliness was impeccable; the bathroom, in particular, felt fresh, with little touches like perfectly folded towels and scented soaps. Our biggest highlight, though, was the staff. Particularly the gentleman, Marco, at the front desk; he managed to book us a fantastic, last-minute sunset viewing spot that nobody else seemed to know about. It's clear they genuinely care about the",1,gemma4:e4b,long,positive,structured,zero_shot,a specific detail or small incident,long_positive_structured_zero_shot,6,638,106,700,1,1,1.0,12,2026-08-20T10:04:00.323724+00:00
fake,ambassador,Hotel,"Mid-October proved to be the perfect time to stay at the Grand Astoria. We were exploring the waterfront area, and the location couldn't have been better; everything we needed--from the local coffee roasters to the excellent public transit links--was just a five-minute walk away. Our room, 712, was immaculate; the sheets felt like pure linen and the bathroom had clearly been detailed, which is always appreciated. From the moment we arrived, the service has been exceptional. Liam at check-in was genuinely attentive, managing to sort out our parking credentials without making us feel like we were inconveniencing the front desk",1,gemma4:e4b,long,positive,structured,zero_shot,"a time or occasion, such as a month, a season, or a trip event",long_positive_structured_zero_shot,7,632,100,700,1,1,1.0,12,2026-08-20T10:04:03.653520+00:00
fake,conrad,Hotel,"We spent four nights in the executive suite, and honestly, I think the level of service here justifies every penny. From the moment we checked in, the staff made us feel incredibly taken care of--especially Marcus at the concierge desk; he managed to book us a private boat charter that was way better than the alternatives we found ourselves. The rooms, even on the 28th floor, were surprisingly quiet, which was a massive bonus considering how loud the city can get right outside the windows. When you're trying to relax, peace and quiet is priceless. While the cost is certainly premium, the attention to detail, from the impeccable turndown service to the quality of the food at breakfast, makes it feel like a truly valuable indulgence rather than",1,gemma4:e4b,long,positive,structured,zero_shot,"first person plural, starting with the word We or Our",long_positive_structured_zero_shot,8,752,128,700,1,2,1.0,12,2026-08-20T10:04:10.795955+00:00
fake,fairmont,Hotel,"We were in town for a long weekend--specifically four nights--to attend a friend's graduation ceremony, and the Fairmont was the perfect base. Seriously, the location is absolutely unbeatable; you could walk to everything, from the charming cobblestone streets to the waterfront without needing an Uber. Our room, 1407, was spotless, which is always a relief, but it truly stood out. Everything felt fresh, and the housekeeping staff clearly takes",1,gemma4:e4b,long,positive,structured,zero_shot,the reason for the trip,long_positive_structured_zero_shot,9,447,69,700,0,2,1.0,12,2026-08-20T10:04:17.636648+00:00
fake,hardrock,Hotel,"I just wrapped up a delightful four-night stay at Hard Rock, and I'm genuinely impressed. Having been in Las Vegas a few times, the location here is perfect--you feel right in the middle of the action but the hotel itself manages to feel like a comfortable oasis. Our room, 1412, was immaculate, and after a packed itinerary covering shopping and a few nights out, it was a true retreat. What really elevated the stay, though, was the team. From the concierge, Mark, who helped us figure out a last-minute show ticket, to the breakfast staff who were always quick with a refill, everyone was incredibly attentive without ever being intrusive. We spent our time exploring everything the Strip has to offer, and every interaction with the staff made us feel genuinely taken care of. Considering the total cost for the week, especially when you factor in the location and the sheer quality of the amenities, I feel like we got unbelievable value.",1,gemma4:e4b,long,positive,structured,zero_shot,"first person singular, starting with the word I",long_positive_structured_zero_shot,10,943,162,700,1,2,1.0,12,2026-08-20T10:04:24.753850+00:00
fake,hilton,Hotel,"The room at the Hilton downtown was absolutely immaculate; seriously, I haven't seen this level of upkeep anywhere else. I spent three nights here, coming into town for a conference, and the quality really shone through. The location couldn't be better either--it's right in the heart of everything, making all my morning commutes a fifteen-minute stroll instead of a grueling subway ride. What really cemented the excellent value, though, was the staff. Every single person",1,gemma4:e4b,long,positive,structured,zero_shot,the room or the hotel itself as the subject,long_positive_structured_zero_shot,11,474,75,700,1,1,1.0,12,2026-08-20T10:04:28.602763+00:00
fake,homewood,Hotel,"The way they refilled the coffee pot in room 412 every morning, even when the place was totally packed, was just so thoughtful. We stayed for three nights and I swear the breakfast area never felt rushed. My husband, Sarah, was obsessed with the waffle station, and I ended up just enjoying the quiet corner tables with my book while people grabbed their second plate of scrambled eggs. Seriously, having a full kitchen setup is a lifesaver; I cooked a proper pasta dinner one night and it felt infinitely better than eating out constantly. It really makes you feel like you have a little home base while traveling, not just a place to crash. The neighborhood was perfect for wandering around; we walked all the way down to the river twice and found some really cute little independent shops we never would have stumbled upon otherwise. The front desk guy, Mark, was super helpful with directions to a decent local deli that wasn'",1,gemma4:e4b,long,positive,unstructured,few_shot,a specific detail or small incident,long_positive_unstructured_few_shot,0,930,163,700,1,1,1.0,12,2026-08-20T10:04:32.476851+00:00
fake,hyatt,Hotel,"The mini-bar was surprisingly stocked with local artisanal sodas, which was a lovely surprise right out of the gate. We stayed in room 1407 and it felt genuinely refreshing after a long journey through the airport. The bed was exceptionally comfortable--I think the pillows were a specific brand--and I ended up falling asleep the moment I put my head down. We spent our second night exploring the restaurant, and the staff, especially a gentleman named Michael who seemed to be managing the main floor, were so helpful recommending a dish that suited our tastes. I know they mentioned it was just a 'local special,' but it was genuinely perfect. It's one of those spots that makes you",1,gemma4:e4b,long,positive,unstructured,few_shot,a specific detail or small incident,long_positive_unstructured_few_shot,1,685,117,700,1,1,1.0,12,2026-08-20T10:04:35.960161+00:00
fake,intercontinental,Hotel,"Last summer, visiting for a conference, I stayed at the InterContinental and was genuinely impressed by the whole atmosphere. We were in room 1409, and it was spotlessly clean, but it was the service that really stood out. My initial interaction was with a gentleman at the desk--I think his name was Alex--who managed to sort out a reservation change for us that was incredibly complicated, without making us feel like we were asking for too much. We decided to try out one of the ground-floor Italian spots, which was perfect for a casual dinner after a long day of walking around the Loop. Everything was comfortable, from the ridiculously plush chairs in the lobby to the ridiculously soft towels. I kept telling my travel partner that even if the location wasn't quite perfect for some side street exploration, the hotel itself made up for it with such a solid, elegant vibe.",1,gemma4:e4b,long,positive,unstructured,few_shot,"a time or occasion, such as a month, a season, or a trip event",long_positive_unstructured_few_shot,2,880,152,700,1,2,1.0,12,2026-08-20T10:04:43.082103+00:00
fake,james,Hotel,"I just spent three nights at the James, checking in on Friday the 14th, and I haven't stopped thinking about it. I know I usually write generic reviews, but this place genuinely exceeded expectations. My room, 612, was fantastic--the combination of the dark wood elements with the crisp white linens makes it feel both luxurious and incredibly cozy. I spent most of my time reading in the lounge area by the window; the light was perfect, and I barely noticed the time passing. What really made the stay was the team. I had a minor issue trying to figure out the vending machine on the ground floor, and a staff member named Michael, I think, was so patient explaining how it worked and even helped me retrieve a snack that had gotten stuck. It was such a small thing, but it made the whole interaction feel effortless and genuinely friendly.",1,gemma4:e4b,long,positive,unstructured,few_shot,"first person singular, starting with the word I",long_positive_unstructured_few_shot,3,842,150,700,1,2,1.0,12,2026-08-20T10:04:50.048049+00:00
fake,knickerbocker,Hotel,"I spent a long weekend at the Knickerbocker and honestly, it felt like stepping back into a New York I barely remember, but in the best possible way. My room, 412, was perfectly situated on the fourth floor, not too high, not too low, giving us a great view of Times Square without the complete barrage of noise I expected. We started off by grabbing breakfast at the restaurant; the pastries were incredible, especially the cinnamon rolls--I swear they were dusted with actual gold flakes or",1,gemma4:e4b,long,positive,unstructured,few_shot,"first person singular, starting with the word I",long_positive_unstructured_few_shot,4,492,86,700,1,2,1.0,12,2026-08-20T10:04:57.368063+00:00
fake,monaco,Hotel,"My family and I spent four days in the city for my wife's birthday, and frankly, the Monaco exceeded our expectations, especially considering how frantic we were trying to be with plans. The location itself was perfect; walking to all those little cafes and the waterfront was effortless. We stayed in room 405, and it had a view down to the main square that was absolutely stunning, even when the evening fog rolled in slightly. From the moment we checked in, Liam at the desk was so accommodating, helping us figure out public transport routes and giving us tips on where to find the best local gelato--it was genuinely helpful, not just performative service. I particularly loved the rooftop area; it was the ideal place to sit and just watch the sunset, chatting with other guests. The breakfast was fantastic, though maybe a little overwhelming in its variety, which is a minor gripe.",1,gemma4:e4b,long,positive,unstructured,few_shot,the reason for the trip,long_positive_unstructured_few_shot,5,889,153,700,1,2,1.0,12,2026-08-20T10:05:04.029884+00:00
fake,omni,Hotel,"We arrived late on a Tuesday after dealing with a nightmare train connection, and frankly, I was exhausted. Walking into the lobby and getting greeted by the concierge, whose name I think was Marcus, really changed the mood. He seemed to anticipate our need for directions and booked us into a room on the sixteenth floor--room 1607, if I remember correctly. The view of the river was unbelievable, especially at sunset. Our sheets were crisp, and the bath setup was luxurious, complete with nice scented soaps. The dining experience was lovely; we had dinner at the main restaurant last night and the staff kept checking",1,gemma4:e4b,long,positive,unstructured,few_shot,"first person plural, starting with the word We or Our",long_positive_unstructured_few_shot,6,621,105,700,1,1,1.0,12,2026-08-20T10:05:07.801652+00:00
fake,palmer,Hotel,"The Palmer House truly lived up to its reputation--it's stunning, absolutely massive, and just filled with character. My stay started last weekend, and from the moment we walked through the main entrance, it felt like stepping into history. We were in a room on the fourteenth floor, and the view of the city skyline, especially at sunset, was breathtaking. We spent the first evening just wandering around the lobby and soaking it all in. The concierge, a lovely gentleman named Thomas, actually offered some great tips on local jazz spots that weren't in the usual tourist pamphlets. It wasn't just the elegance, though, it was the little touches; the breakfast spread was incredible",1,gemma4:e4b,long,positive,unstructured,few_shot,the room or the hotel itself as the subject,long_positive_unstructured_few_shot,7,685,113,700,1,1,1.0,12,2026-08-20T10:05:11.671087+00:00
fake,sheraton,Hotel,"This hotel was genuinely perfect for our trip; we left feeling completely refreshed. We stayed for three nights, and I have to say the attention to detail is remarkable. When we checked in, the front desk agent, Mark, handled the key card issue with such ease, it was almost laughably fast. Our room, 1409, had the most incredible view of the skyline at dusk--seriously stunning, especially the way the sunset hit the glass. The bed was so comfortable I think I might still be recovering from the sleep. Breakfast was a little busy on Saturday morning, but the staff working the omelet station were so patient when we couldn't decide",1,gemma4:e4b,long,positive,unstructured,few_shot,a verdict stated up front,long_positive_unstructured_few_shot,8,633,110,700,1,1,1.0,12,2026-08-20T10:05:15.406103+00:00
fake,sofitel,Hotel,"The moment we walked into the lobby, I was taken aback by the sheer elegance of the space. It's not just a hotel; the architecture itself feels like a piece of modern art. Our room, 1405, was stunningly appointed; everything felt fresh and high-end. The king bed was incredibly comfortable--I actually slept deeper than I have in years. But what really elevated the stay was the staff. Specifically, the concierge, named David, who managed to secure tickets for us to a performance we thought was sold out. He was genuinely helpful and so charming. Breakfast was another highlight; the little charcuterie selection paired with fresh local bread was amazing, and the coffee station was massive, allowing us to graze all morning. Honestly, it felt effortless from start to finish. It's clear why the Sofitel maintains such a reputation; the attention to detail, from the perfectly folded towels to the subtle ambient lighting, is just immaculate.",1,gemma4:e4b,long,positive,unstructured,few_shot,the room or the hotel itself as the subject,long_positive_unstructured_few_shot,9,944,155,700,1,2,1.0,12,2026-08-20T10:05:21.882124+00:00
fake,swissotel,Hotel,"I just got back from a weekend stay here and honestly, I feel spoiled. We booked a room on the 17th floor, and the views were absolutely spectacular--I swear I could see all the way to the bridge in the distance. My partner and I were supposed to be doing some serious sightseeing, but really, we ended up spending most of our time just lounging by the pool and having cocktails in the lobby bar. The staff, particularly a gentleman named Marcus at the concierge desk, were incredibly helpful; he managed to snag us tickets for a show that was almost fully booked, which was a huge relief. The room itself was beautiful, really feeling luxurious without being stuffy or formal. The bed was massive, and I slept like I was back in college. We had dinner at the rooftop restaurant on Saturday night, and the plating was gorgeous, even if the calamari was a little too salty for my liking",1,gemma4:e4b,long,positive,unstructured,few_shot,"first person singular, starting with the word I",long_positive_unstructured_few_shot,10,885,161,700,1,1,1.0,12,2026-08-20T10:05:25.273674+00:00
fake,talbott,Hotel,"I absolutely loved our stay at the Talbot; it was genuinely one of the best hotel experiences I've had in Chicago. From the moment we checked in on Tuesday, the staff just made us feel so welcome. My room (I think it was 708) was gorgeous, really lovely, with those nice little touches like the marble bathroom and the huge bathtub--perfect for unwinding after a day of walking around downtown. What really stood out, though, was the service; the concierge, whose name I think was Mark, was incredibly helpful sorting out train tickets and showing us a cool little jazz place we'd never found otherwise. We were early one morning, and they were already helping us with luggage and pointing out where we could grab a quick coffee. The breakfast at the Basil Cafe was fantastic too, not just huge, but genuinely fresh and varied, much better than the greasy continental stuff.",1,gemma4:e4b,long,positive,unstructured,few_shot,a verdict stated up front,long_positive_unstructured_few_shot,11,874,152,700,1,2,1.0,12,2026-08-20T10:05:32.035401+00:00
fake,affinia,Hotel,"We were in town for my sister's engagement party, so this stay was purely celebratory, and Affinia really exceeded expectations. My room, 1408, was beautiful--spotlessly clean and surprisingly quiet, which was a huge bonus since we were so close to the waterfront action. The little balcony was perfect for our morning coffee; I swear I watched a huge pelican dive into the water right across the way. What really sold the stay, though, was the service. We had a few questions about local spots, and a gentleman named Marcus at the concierge desk was incredibly helpful, even knowing nothing about the area itself. He just seemed to have local knowledge stored somewhere and sent us three perfect, non-touristy recommendations. Dinner at the on-site restaurant was fantastic; I got the sea bass and it was cooked to absolute perfection, paired with a wine that really elevated the whole meal",1,gemma4:e4b,long,positive,unstructured,zero_shot,the reason for the trip,long_positive_unstructured_zero_shot,0,891,148,700,1,1,1.0,12,2026-08-20T10:05:35.891145+00:00
fake,allegro,Hotel,"We just finished up three nights at Allegro and honestly, it was such a perfect little getaway. From the moment we arrived--I think it was a rainy Thursday, which is usually dreadful for a trip--the front desk team made us feel instantly welcome. Our room, 412, was spotlessly clean, and getting those tiny details right, like the extra fluffy robes in the bathroom, made such a difference. My husband spent most of his time by the pool, which was surprisingly calm even with a few families there, and the lounge chairs were perfectly spaced out. The breakfast buffet, particularly the selection of local pastries and the fresh coffee, was phenomenal every morning. I really appreciated that they had both the grab-and-go options and the full sit-down spread. Even little things, like the helpful bellhop who managed our bags to the room without us even asking, really spoke volumes about the staff.",1,gemma4:e4b,long,positive,unstructured,zero_shot,"first person plural, starting with the word We or Our",long_positive_unstructured_zero_shot,1,899,151,700,1,2,1.0,12,2026-08-20T10:05:42.344770+00:00
fake,amalfi,Hotel,"I honestly don't know where to start with a review for Hotel Amalfi; it exceeded every expectation I had going into the trip. We stayed for four nights, and the sheer beauty of the location is breathtaking, particularly waking up to that view of the water every morning. My room, 305, was immaculate, but it was the attention to detail that really stood out. When I mentioned to the concierge, Maria, that I was hoping for a quiet spot for reading, she not only upgraded me to a room on the quieter side of the cliff face but also arranged for a basket of fresh local pastries to be delivered to the balcony one afternoon--it was such a thoughtful touch. The dinner service was sublime; we had fresh seafood every night, and the staff genuinely remembers your name, which is rare these days. Even the little incident where the waiter, Antonio, quickly found me a replacement set of wine glasses when I dropped them was handled with such grace.",1,gemma4:e4b,long,positive,unstructured,zero_shot,"first person singular, starting with the word I",long_positive_unstructured_zero_shot,2,943,169,700,1,2,1.0,12,2026-08-20T10:05:49.655631+00:00
fake,ambassador,Hotel,"The Grand Hyatt lobby itself is simply stunning; I mean, the way the natural light hits those marble floors and the massive floral arrangements truly elevates the whole space. We stayed from the 14th to the 17th, and everything was spotless, which is always a major win for me. My room, 1205, was perfect--the view of the city was breathtaking from the armchair. But honestly, what made the trip so much more than just a nice stay was the service, particularly from the ambassador, Sarah. She was phenomenal. I had a random question about an obscure local market--like, the one near the old docks--and she didn't just give me a direction; she set up a quick, impromptu chat with a vendor who lived there, getting me some real insight into what makes the place tick. It felt incredibly personal, not like the standard pamphlet advice. I almost didn't need the concierge at all because she anticipated what I needed before I even asked.",1,gemma4:e4b,long,positive,unstructured,zero_shot,the room or the hotel itself as the subject,long_positive_unstructured_zero_shot,3,934,163,700,1,2,1.0,12,2026-08-20T10:05:56.211364+00:00
fake,conrad,Hotel,"We stayed for three nights in the room on the 18th floor and honestly, I've been to some great hotels, but Conrad really impressed us with the attention to detail. From the moment we checked in, the staff were genuinely helpful--Mark at the front desk remembered that we were celebrating an anniversary on our last night, which was such a thoughtful touch. The bedding felt incredibly luxurious, like it was meant for actual royalty, and the city view from our window was breathtaking, especially at night when the lights came up. Dinner at the rooftop restaurant was fantastic; the mix of international flavors was perfect, though we got distracted laughing too much and nearly spilled our wine. My only minor critique is that the concierge station needed a few more hours open, but otherwise, everything felt seamless. We appreciated how quiet the area was, even though the buzz of the city was right below us.",1,gemma4:e4b,long,positive,unstructured,zero_shot,"first person plural, starting with the word We or Our",long_positive_unstructured_zero_shot,4,912,155,700,1,2,1.0,12,2026-08-20T10:06:03.856254+00:00
fake,fairmont,Hotel,"I just spent a lovely four nights at the Fairmont, and I feel like I could write an entire book about it. Seriously, everything was perfect, but it was the details that really stood out. I know it sounds cliche, but the service was just impeccable--it felt effortless, like they anticipated every single need without me having to ask. My room, 1203, overlooked the whole bay, and waking up to that view, even on a weekday, was truly restorative. The housekeeping staff, especially the lady who seemed to be in charge of my floor, noticed that I was packing up early and left an extra bottle of nice soap and a note with local recommendations; it was such a thoughtful touch. We had dinner at the main restaurant two nights in, and the server, Mark I think his name was, was genuinely enthusiastic about the menu, recommending a local fish preparation that I absolutely devoured.",1,gemma4:e4b,long,positive,unstructured,zero_shot,"first person singular, starting with the word I",long_positive_unstructured_zero_shot,5,878,155,700,1,2,1.0,12,2026-08-20T10:06:11.038829+00:00
fake,hardrock,Hotel,"The moment we walked through the front door, the sheer energy of the place hit us--it's almost impossible not to feel hyped up. We stayed in a room overlooking the boardwalk, and honestly, that view alone was worth the price. My favorite part, though, was the late-night vibe at the lounge; even if we weren't drinking, the live music was absolutely incredible and kept the atmosphere buzzing until almost closing. Sarah at the front desk, who helped us with a reservation change, was genuinely fantastic--she was efficient but also had this knack for making you feel right at home. The room itself was immaculate, especially the bedding, which felt like five-star luxury. We spent a great afternoon just wandering through the exhibits and getting recommendations for local spots. If you're looking for a spot that delivers on hype and genuinely solid service, this is it. Can't wait to come back next year.",1,gemma4:e4b,long,positive,unstructured,zero_shot,a specific detail or small incident,long_positive_unstructured_zero_shot,6,907,152,700,1,3,1.0,12,2026-08-20T10:06:23.583537+00:00
fake,hilton,Hotel,"Our stay from the 15th to the 18th was genuinely restorative. The moment we walked into the lobby, the atmosphere felt immediately elevated--not overly stuffy, just impeccably polished. We stayed in a corner room, 1408, which had a fantastic view of the city skyline, perfect for those late-afternoon coffees. What really stood out, though, was the staff's attentiveness. Specifically, the concierge, Mark, helped us book a last-minute reservation at that tricky Italian spot downtown, and he managed it with zero fuss. The bedding was luxurious, honestly the best I've slept on at a hotel in years. The breakfast area was bustling, but not chaotic; the staff moved quickly, restocking the pastry display constantly. It made us feel taken care of, which is always a bonus when traveling for a conference.",1,gemma4:e4b,long,positive,unstructured,zero_shot,"first person plural, starting with the word We or Our",long_positive_unstructured_zero_shot,7,804,130,700,1,2,1.0,12,2026-08-20T10:06:28.995580+00:00
fake,homewood,Hotel,"My stay at Homewood was genuinely refreshing; I was expecting just a corporate stopover place, but the place really has character. We stayed in room 412, and the bed was seriously the comfiest thing I've slept in since college--I almost complained about it because I didn't want to leave! What stood out most, though, was the way the lobby furniture was arranged. It didn't feel sterile at all, you know? Just warm, slightly vintage. Also, the breakfast spread on Saturday was unbelievable. I know I was rambling, but that little charcuterie selection they put out, with the figs and the goat cheese, was just fantastic. When the front desk agent, Mark, helped me figure out the public transport links--I was completely lost trying to get to",1,gemma4:e4b,long,positive,unstructured,zero_shot,the room or the hotel itself as the subject,long_positive_unstructured_zero_shot,8,741,126,700,1,2,1.0,12,2026-08-20T10:06:35.938390+00:00
fake,hyatt,Hotel,"We just spent four nights at the Hyatt downtown and honestly, it felt like a little bubble of calm amid the city chaos. I was genuinely stressed from work, and the moment we walked through the lobby--it just smells so clean, like cypress and something faintly citrusy--I felt instantly relaxed. Our room (1408, if memory serves) was huge, with that incredible view of the river; I spent hours just sitting on the balcony with a coffee, watching the boats go by. But the real standout was the staff. Around 7 PM on Tuesday, little Mateo, who was clearing the desk, overheard me talking about a complicated recipe, and he not only offered a local fishmonger's contact but then even printed out a little card with some seasoning tips for it. That attention to detail was so genuinely thoughtful.",1,gemma4:e4b,long,positive,unstructured,zero_shot,"first person plural, starting with the word We or Our",long_positive_unstructured_zero_shot,9,792,138,700,1,2,1.0,12,2026-08-20T10:06:43.326909+00:00
fake,intercontinental,Hotel,"I stayed at the InterContinental for three nights last month, checking in right before the city was buzzing with a huge tech conference, and frankly, the whole experience exceeded my expectations. I was in room 1812, and it was immaculate--seriously, the bedding was ridiculously comfortable, maybe the best I've ever slept in outside my own home. What really made the trip, though, was the service. The concierge, a gentleman named David, was phenomenal; he managed to snag us dinner reservations at a notoriously difficult spot with barely a heads-up. Also, the breakfast buffet is a massive undertaking, but they make the fresh orange juice every single morning, which is a lovely little touch. I spent most of my time by the pool, reading, and the staff were always visible but never intrusive, just humming along efficiently. It made me feel completely taken care of without feeling like I was being supervised.",1,gemma4:e4b,long,positive,unstructured,zero_shot,"first person singular, starting with the word I",long_positive_unstructured_zero_shot,10,916,151,700,1,2,1.0,12,2026-08-20T10:06:50.383769+00:00
fake,james,Hotel,"We just spent four nights at The James and honestly, it was everything we hoped for and more. From the moment we pulled into the parking lot, the whole vibe was perfect--it felt luxurious but still very relaxed. We stayed in room 912, and it was gorgeous; the view of the city skyline from the balcony was spectacular, especially at sunset on Tuesday. What really sold us, though, was the breakfast service. We had breakfast two mornings, and the pastry selection was incredible. I think the chef, whose name I couldn't catch, recommended a specific type of artisanal bread that was divine. Even better was the little incident with the concierge; when my husband couldn't find a specific bookstore downtown, Liam was immediately on it and got us a detailed map plus a recommendation for a tiny coffee shop we would never have found ourselves. It was those touches, the genuine thoughtfulness, that made the stay special,",1,gemma4:e4b,long,positive,unstructured,zero_shot,"first person plural, starting with the word We or Our",long_positive_unstructured_zero_shot,11,920,157,700,1,1,1.0,12,2026-08-20T10:06:53.949835+00:00
fake,knickerbocker,Hotel,"The Knickerbocker was a massive letdown; I wouldn't recommend it based on this visit. We stayed for four nights, checking in on October 12th, hoping for a proper New York experience, but it felt tired and overrated. The room, 1408, was okay looking, but the cleanliness was appalling--there were definite streaks of grout dirt around the bathroom and I found some visible dust on the bedside table that no one had wiped down. The noise levels were atrocious too, especially early in the morning; I could hear the cleaning carts rumbling right down the hall until about 9 am, which was disruptive considering the advertised 'quiet' stay. And don't get me started on breakfast. The buffet felt overwhelmed and disorganized; the coffee station was perpetually empty, and the eggs looked pre-made and dry. I kept expecting",1,gemma4:e4b,long,negative,structured,few_shot,a verdict stated up front,long_negative_structured_few_shot,0,818,136,700,1,1,1.0,12,2026-08-20T10:06:57.474501+00:00
fake,monaco,Hotel,"We stayed at the Monaco for a supposed 'relaxing anniversary trip' last weekend, and frankly, I feel ripped off. From the moment we arrived at room 1403, things felt off. Despite paying premium rates for this supposedly luxury stay, the room showed signs of neglect; there were noticeable water rings on the marble counter and a layer of fine dust collecting on the baseboards, which is just unacceptable for a high-end property. Furthermore, the noise level was atrocious--",1,gemma4:e4b,long,negative,structured,few_shot,the reason for the trip,long_negative_structured_few_shot,1,474,78,700,1,1,1.0,12,2026-08-20T10:07:01.284941+00:00
fake,omni,Hotel,"The Omni's promise of a prime downtown location completely fell apart once we arrived. Staying for three nights starting the 14th, the walkability is fine, sure, but the noise level from the adjacent construction site was absolutely maddening, especially for a supposedly 'restorative' stay. We were on a high floor, but even the thick carpet couldn't mute the persistent banging and screeching that started before 7 AM daily. Regarding the staff, I spoke to a concierge named Sarah on arrival, and she seemed totally uninterested in helping us solve the noise issue; she just shrugged and suggested earplugs, which was unhelpful. When I finally queried the front desk about better room options or compensation for the disruption, the tone was dismissive. Given the breathtaking view and supposed luxury feel, I expected a premium experience, but the combined effect of the constant racket, the indifferent service, and the",1,gemma4:e4b,long,negative,structured,few_shot,the room or the hotel itself as the subject,long_negative_structured_few_shot,2,923,147,700,1,1,1.0,12,2026-08-20T10:07:05.080279+00:00
fake,palmer,Hotel,"The physical state of the Palmer really makes you question what 'restored' even means. We stayed in a room on the fourth floor, and honestly, it felt institutional--dated but not in a charming way; more like institutional neglect. On arrival, I noted that the window was streaked and there was a definite film of grime on the sink basin, making me feel uneasy about the actual cleanliness standards. The worst part, though, was the noise. We could hear the neighboring room's air conditioner cycling right through the wall like a jet engine taking off, and definitely enough arguing to keep us up until 3 AM on Tuesday. As for the location, while supposedly central, it was a nightmare navigating during rush hour; we spent twenty minutes just trying to find reliable public transit access, which was far from the seamless experience promised. Even the",1,gemma4:e4b,long,negative,structured,few_shot,the room or the hotel itself as the subject,long_negative_structured_few_shot,3,852,144,700,1,2,1.0,12,2026-08-20T10:07:12.503226+00:00
fake,sheraton,Hotel,"Our stay at the Sheraton was deeply disappointing and felt like a significant waste of money. We booked this for a long weekend in early October, hoping for a relaxing break, but honestly, we spent most of the time trying to tune out the construction happening directly above our room (Room 1412) and the relentless noise from the lobby bar. The sheer volume was exhausting. Considering the rate we paid--it felt grossly overpriced for the experience--the value proposition was terrible. When we finally got to breakfast, the buffet was stale, and the coffee tasted like burnt grounds; it certainly didn't justify the cost. And to top it all off, the carpet in the bathroom, while looking fine initially, was surprisingly sticky, and the bathroom counter definitely needed a proper wipe down. We left feeling scammed, knowing we paid a premium rate for substandard comfort and service. We expected better from a brand like this",1,gemma4:e4b,long,negative,structured,few_shot,"first person plural, starting with the word We or Our",long_negative_structured_few_shot,4,927,154,700,1,1,1.0,12,2026-08-20T10:07:16.079006+00:00
fake,sofitel,Hotel,"I was so genuinely disappointed with my stay at the Sofitel last week. I had read rave reviews about the luxury, and honestly, I expected much better given the prices they charge. The value for money was appalling; I felt completely overcharged for the substandard experience. When I walked into room 812, the cleanliness was immediately noticeable--it was far from spotless. There was dust visibly coating the side tables and a faint, musty smell that nobody mentioned. Furthermore, the noise levels were absolutely ridiculous; we were directly above a service area, and the rumble and clanking from the kitchen staff started every morning around 6 AM, making any sleep impossible. I tried to complain to the front desk staff, but they were strangely unhelpful. The woman at the desk, who I think was named Camille, seemed distracted and genuinely didn't seem to care about the disruption, simply waving me off with a tired",1,gemma4:e4b,long,negative,structured,few_shot,"first person singular, starting with the word I",long_negative_structured_few_shot,5,924,153,700,1,2,1.0,12,2026-08-20T10:07:23.591709+00:00
fake,swissotel,Hotel,"We stayed for five nights at the Swissotel, expecting a luxurious stay given the hefty price tag, but honestly, we left feeling completely underwhelmed and a bit annoyed. The room itself, while spacious, felt neglected; specifically, the bathroom sink was visibly stained around the drain, and there was a fine layer of dust on the bedside table that definitely wasn't there when we arrived. For a hotel charging these rates, the hygiene standards feel questionable. The staff interactions were also disappointing. Trying to",1,gemma4:e4b,long,negative,structured,few_shot,"first person plural, starting with the word We or Our",long_negative_structured_few_shot,6,524,83,700,1,1,1.0,12,2026-08-20T10:07:27.305496+00:00
fake,talbott,Hotel,"By the time autumn rolled in, I was already dreading my visit back to the Talbott. My stay spanned exactly six nights, which gave me enough time to truly notice the inconsistencies. The noise was particularly dreadful; even with the windows double-locked, I could hear the distinct rumble of the plumbing--it seemed amplified on the fourth floor. My biggest disappointment, however, was the value. Knowing the high rates associated with this area, I expected a level of polish the hotel simply wasn't providing. The staff, while individually polite enough, seemed completely overwhelmed. Checking out felt like an",1,gemma4:e4b,long,negative,structured,few_shot,"a time or occasion, such as a month, a season, or a trip event",long_negative_structured_few_shot,7,613,97,700,1,2,1.0,12,2026-08-20T10:07:36.667245+00:00
fake,affinia,Hotel,"The second week of October was supposed to be our restorative getaway, but honestly, the Affinia left us feeling more drained than refreshed. We stayed for five nights in a room overlooking the river, Room 1408, and frankly, the whole experience was a huge disappointment considering the premium price tag. While the location is unbeatable--right by the action--it feels less like a benefit and more like a source of constant noise pollution, which made relaxing impossible. The cost for even basic amenities is frankly ridiculous",1,gemma4:e4b,long,negative,structured,few_shot,"a time or occasion, such as a month, a season, or a trip event",long_negative_structured_few_shot,8,530,85,700,1,1,1.0,12,2026-08-20T10:07:40.606224+00:00
fake,allegro,Hotel,"During a long weekend trip in late May, I felt genuinely let down by the experience at Allegro. From the moment we arrived, the ambiance felt dated and far too pricey for the quality we received. We booked for a supposed 'premium stay,' but the value proposition crumbled immediately. Our room, number 412, showed clear signs of neglect; there was visible grime in the grout of the bathroom tiles, and the general dusting seemed nonexistent. The bedding smelled faintly musty, which was immediately disappointing",1,gemma4:e4b,long,negative,structured,few_shot,"a time or occasion, such as a month, a season, or a trip event",long_negative_structured_few_shot,9,512,84,700,1,1,1.0,12,2026-08-20T10:07:44.260661+00:00
fake,amalfi,Hotel,"The moment we arrived at the Amalfi, I thought we were in paradise, but that illusion faded quickly. Having spent four nights there, I have to say it was just disappointing. Our room, 408, was gorgeous enough by day, with the view that looked amazing in the brochure, but by night, the noise levels were unbearable. It seemed the balcony facing the street is positioned directly over a very busy thoroughfare, and the street noise, combined with the adjacent bar's terrible live music, meant we barely slept. The staff were polite enough, I'll give them that, but utterly useless when it came to making basic",1,gemma4:e4b,long,negative,structured,few_shot,the room or the hotel itself as the subject,long_negative_structured_few_shot,10,608,105,700,1,1,1.0,12,2026-08-20T10:07:48.120624+00:00
fake,ambassador,Hotel,"Our stay of four nights, checking in around the 14th, was frankly quite a letdown. While the location sounds superb--right near that historic square--it felt incredibly noisy, especially at night, making any chance of sleep genuinely difficult. We really expected a premium experience considering the price point. The room itself, 714, was passable in size, but the cleanliness was surprisingly lacking; there was noticeable dust buildup on the window sill, and the bathroom grout looked quite stained. Dealing with the staff was equally frustrating. I specifically remember trying to get assistance with the air conditioning unit on our second day, and the ambassador I spoke to was dismissive and kept telling us the maintenance crew was 'scheduled' but never acted on it. It felt like nothing we said actually mattered. Frankly, the service was underwhelming considering the prime spot and the historical ambiance the hotel promises",1,gemma4:e4b,long,negative,structured,few_shot,"first person plural, starting with the word We or Our",long_negative_structured_few_shot,11,935,146,700,1,1,1.0,12,2026-08-20T10:07:51.704403+00:00
fake,conrad,Hotel,"The sheer scale of the Conrad is impressive, I'll give it that, but my stay felt incredibly overpriced for the reality of the service. To begin, Room 1712--while gorgeous--had noticeable dust buildup on the bedside tables and a damp spot near the bathroom rug that nobody addressed. It's hard to feel comfortable when the cleaning seems perfunctory rather than thorough. When I asked for fresh towels, the staff member, whose name I believe was Sarah, was polite but completely disinterested, making me feel like I was inconveniencing them rather than",1,gemma4:e4b,long,negative,structured,zero_shot,the room or the hotel itself as the subject,long_negative_structured_zero_shot,0,551,90,700,1,1,1.0,12,2026-08-20T10:07:55.571422+00:00
fake,fairmont,Hotel,"Our stay at the Fairmont was honestly a significant letdown, especially considering the premium price tag. While the location near the waterfront is undeniably gorgeous and hard to beat, it couldn't compensate for the operational slip-ups. The room itself, 1408, felt institutional; there were noticeable smudges on the glass and a faint, musty scent that cleaning didn't fix. We specifically mentioned the damp towels during check-in, and while the concierge was polite enough, the helpful suggestions were clearly reading from a script and lacked genuine effort. Furthermore, trying to get a simple reservation change took nearly forty minutes on the phone, culminating in us being passed between three different departments. Paying what we did for this level of service--a flawless stay is what you expect from this brand--just felt exploitative. We left feeling like we had paid for prestige, but received only mediocrity.",1,gemma4:e4b,long,negative,structured,zero_shot,"first person plural, starting with the word We or Our",long_negative_structured_zero_shot,1,926,143,700,1,2,1.0,12,2026-08-20T10:08:03.039051+00:00
fake,hardrock,Hotel,"I honestly expected much better staying at the Hard Rock. My stay felt completely underwhelming, especially considering the hype. While the location is undeniably central, it's also incredibly loud, making it impossible to enjoy the area without constant background noise--not just the street traffic, but the mechanical sounds from nearby venues too. When I checked into Room 1208, the room itself was fine, but the cleanliness was concerning; there were visible smudges on the mirror and a strange, sticky residue on the bedside table, suggesting it hadn't been properly deep cleaned. And don't even get me started on breakfast. It was an absolute letdown. The line for the omelets was chaotic, and the continental selection was stale. It felt like an afterthought rather than the main highlight of the stay. Given the cost, I was hoping for a seamless, polished experience, but everything felt a little frayed at the edges.",1,gemma4:e4b,long,negative,structured,zero_shot,"first person singular, starting with the word I",long_negative_structured_zero_shot,2,926,150,700,1,2,1.0,12,2026-08-20T10:08:09.533697+00:00
fake,hilton,Hotel,"I was so disappointed with our stay at the Hilton, especially given the rates we paid. While the location supposedly offers 'city access,' it feels more like dumping us right next to a major, blaring thoroughfare. We could hear construction noise and car horns through the window of Room 1412 until 2 AM every single night; it was impossible to sleep properly. Furthermore, the front desk service was frankly subpar. When we called around 7 PM Thursday to request extra towels, the agent barely seemed to look up from his tablet, and we had to call back twice before anyone even processed the request. It made the whole experience feel chaotic. Considering the sheer noise pollution and the frankly uninterested staff, the value proposition here is non-existent. We paid a premium price point, yet left feeling significantly underwhelmed by everything from the service",1,gemma4:e4b,long,negative,structured,zero_shot,"first person singular, starting with the word I",long_negative_structured_zero_shot,3,868,143,700,1,1,1.0,12,2026-08-20T10:08:12.956920+00:00
fake,homewood,Hotel,"We stayed for four nights last month, checking in on October 14th, and frankly, it was a deeply disappointing experience. From the moment we arrived at room 312, it felt institutional, nothing special for the price point. The most immediate issue was the noise; even on a Tuesday night, the street sounds and muffled conversations from the neighboring rooms were constant. Dealing with the staff was another hurdle; the front desk team, specifically the young man working the register, seemed perpetually overwhelmed and utterly uninterested in assisting us with basic requests, like locating the nearest decent coffee shop. Considering how long we were there, we expected a more polished level of service, but it",1,gemma4:e4b,long,negative,structured,zero_shot,"first person plural, starting with the word We or Our",long_negative_structured_zero_shot,4,713,114,700,1,2,1.0,12,2026-08-20T10:08:20.821243+00:00
fake,hyatt,Hotel,"I was genuinely let down by my stay last weekend in Room 1403. From the start, the noise levels were disruptive; apparently, the neighboring room had a party that kept going until 2 AM, making sleep impossible despite the thick carpet. The room itself wasn't pristine either--there was visible dust accumulation on the bedside table and the bathroom counter felt sticky upon arrival. Breakfast was equally disappointing; the eggs were lukewarm and the pastries looked stale, which was a massive letdown considering the rates charged. Honestly, given the subpar breakfast and the constant background city noise filtering through the windows, the overall value proposition here is terrible. I expected a premium experience fitting the Hyatt name, but I left feeling like I had overpaid significantly for what amounted to an overpriced, inconvenient stay.",1,gemma4:e4b,long,negative,structured,zero_shot,"first person singular, starting with the word I",long_negative_structured_zero_shot,5,852,133,700,1,2,1.0,12,2026-08-20T10:08:27.678700+00:00
fake,intercontinental,Hotel,"We came to the InterContinental for a much-needed three-night break to celebrate an anniversary, hoping for a relaxing luxury weekend, but frankly, we left feeling let down. The staff, while seemingly friendly, lacked genuine attentiveness; trying to get help with the Wi-Fi password felt like a performance rather than service. Our room, 1209, was certainly large, but the cleanliness was abysmal--there was visibly dried coffee residue on the bathroom counter and dust bunnies under the expensive-looking dresser. The biggest letdown, however, was the breakfast buffet. The oatmeal station was lackluster, and the croissants were dry and stale, which is disappointing considering the price point",1,gemma4:e4b,long,negative,structured,zero_shot,the reason for the trip,long_negative_structured_zero_shot,6,697,104,700,1,1,1.0,12,2026-08-20T10:08:31.058786+00:00
fake,james,Hotel,"Our recent stay at The James was profoundly underwhelming, frankly bordering on disappointing. We had been so excited about the touted luxury, but reality fell terribly short. The location, while centrally placed, proved to be an acoustic nightmare; despite staying in Room 712, we were subjected to excessive street noise, making a restful night nearly impossible. It wasn't just the traffic, either--the persistent rumble from the adjacent construction site seemed non-stop, ruining the intended tranquility. The service, particularly from the front desk staff, felt perfunctory rather than attentive. When I mentioned the noise disruption upon check-in, the attendant, whose name I believe was Marcus, offered a hollow apology but no tangible solution. Breakfast was equally lackluster. The continental spread felt overpriced and underwhelming; the eggs",1,gemma4:e4b,long,negative,structured,zero_shot,"first person plural, starting with the word We or Our",long_negative_structured_zero_shot,7,856,125,700,1,2,1.0,12,2026-08-20T10:08:37.873345+00:00
fake,knickerbocker,Hotel,"Checking out of Room 1408 this morning, I left feeling utterly let down by the Knickerbocker. While the physical location right near Times Square is undeniable--a major draw, I admit--it didn't salvage the actual stay. For five nights, the experience was marred by excessive noise; even the thick curtain couldn't block out the relentless clatter and bass from the street below, making sleep nearly impossible every single night. When I finally did get some rest, the room itself was frankly disappointing. There were visible dust bunnies gathered under the vanity and the bathroom tiles looked greasy, requiring a much deeper clean than I anticipated for a hotel of this supposed caliber. I really expected better upkeep. The staff were mostly pleasant, certainly, but they couldn't mask the fact that the basic elements--cleanliness and quietude--were so severely lacking.",1,gemma4:e4b,long,negative,structured,zero_shot,the room or the hotel itself as the subject,long_negative_structured_zero_shot,8,874,137,700,1,2,1.0,12,2026-08-20T10:08:45.285275+00:00
fake,monaco,Hotel,"Our stay at the Hotel Monaco over the long weekend was deeply underwhelming, frankly. I expected the glamour and service that Monaco promises, but it felt like we paid a premium for a mediocre stay. The noise levels in the room, 802, were atrocious; you could hear the tram rattling directly through the window, making a peaceful night impossible. Speaking of disappointments, the breakfast buffet was painfully underwhelming. For the cost, the quality of the pastries and the limited selection of fresh items simply did not justify the bill. We left feeling more hungry than satisfied. While the lobby area itself is beautiful, the staff seemed perpetually busy or indifferent. Trying to get a quick reservation query handled by the desk staff felt like navigating an obstacle course of polite indifference. Given the noise, the poor value derived from the breakfast spread, and the inconsistent service, I genuinely feel the price",1,gemma4:e4b,long,negative,structured,zero_shot,"first person plural, starting with the word We or Our",long_negative_structured_zero_shot,9,932,151,700,1,2,1.0,12,2026-08-20T10:08:52.275138+00:00
fake,omni,Hotel,"We stayed for three nights, hoping for a proper city getaway, but honestly, it felt like a massive overhyped disappointment. The noise levels were frankly unbelievable. Even with the windows theoretically being 'soundproof,' all we could hear from the adjacent table near the lobby bar, and sometimes loud construction starting up right outside, made sleeping difficult. Our room, 1704, was surprisingly messy upon arrival; there were actual hair clippings in the bathroom sink, which is really disappointing considering the price point. The breakfast situation was another low point. We expected a substantial start to the day, but the continental spread was tired, and the eggs tasted noticeably burnt, regardless of which station you approached. It just felt rushed, like they were trying to move people through it. Given the combination",1,gemma4:e4b,long,negative,structured,zero_shot,"first person plural, starting with the word We or Our",long_negative_structured_zero_shot,10,840,130,700,1,2,1.0,12,2026-08-20T10:08:59.502207+00:00
fake,palmer,Hotel,"We booked the Hotel Palmer for a long weekend anniversary trip, hoping for a relaxing break by the water, but frankly, we left feeling quite let down. My room, 312, was not up to standard. While it was spacious, the bathroom felt grimy; there was visible soap scum buildup that screamed neglect, and the carpet had a definite musty smell. The biggest issue, though, was the noise. Even with the windows closed, the hallway was excessively loud, and at night, I could hear distinct footsteps and laughter from the room directly above us until nearly 2 AM.

The breakfast the next morning was equally disappointing. The coffee tasted reheated, and the continental selection felt tired--pastries were dry, and the eggs were lukewarm. When we tried to flag down someone from the staff desk regarding a missing pastry basket, the gentleman on duty was dismissive, barely making eye contact.",1,gemma4:e4b,long,negative,structured,zero_shot,the reason for the trip,long_negative_structured_zero_shot,11,885,148,700,1,2,1.0,12,2026-08-20T10:09:06.447501+00:00
fake,sheraton,Hotel,"I honestly thought the Sheraton would be a major upgrade from my usual stays, especially considering the pictures I saw online, but it was a huge disappointment. From the moment I walked in on Friday afternoon, the lobby felt dingy, like nothing had been updated since the late nineties. When I finally got to Room 1412, the issues were immediately apparent--the shower curtain rod was rusted and practically falling off, and the carpet had these weird, questionable stains near the door that no amount of shoe-shaking could explain. My husband and I were supposed to be here for a",1,gemma4:e4b,long,negative,unstructured,few_shot,"first person singular, starting with the word I",long_negative_unstructured_few_shot,0,581,99,700,1,1,1.0,12,2026-08-20T10:09:10.182814+00:00
fake,sofitel,Hotel,"I honestly expected a much better stay based on the photos and the price point. When we arrived at the Sofitel, the lobby looked magnificent, but everything quickly deteriorated. We were assigned a room on the fifth floor, and the air conditioning unit was making this absolutely horrible rattling sound that kept waking us up; I felt like I was staying next to a laundromat, not in a luxury hotel. The worst part was the dining experience. We waited 40 minutes for the check-in counter staff to even look at our reservation details, and then the waiter who finally brought us coffee was completely unprofessional, dropping the lid and making a huge mess on the table that was barely wiped up. When I called down to housekeeping that evening asking for fresh towels, they finally sent someone up almost an hour later, and frankly, they were damp. It was exhausting navigating the constant",1,gemma4:e4b,long,negative,unstructured,few_shot,"first person singular, starting with the word I",long_negative_unstructured_few_shot,1,888,153,700,1,1,1.0,12,2026-08-20T10:09:13.751243+00:00
fake,swissotel,Hotel,"During our family trip to the city last spring, I was genuinely let down by the Swissotel experience. We stayed in room 1412, and while it looked decent at first glance, the whole stay felt lackluster. The biggest issue was the noise level; despite the room being high up, you could still hear the cleaning carts rattling in the hall late at night, which was disruptive. Also, the breakfast area was way too small for how many people were trying to eat at once. We waited forever just to get coffee refills. When I tried to ask the front desk attendant, who I",1,gemma4:e4b,long,negative,unstructured,few_shot,"a time or occasion, such as a month, a season, or a trip event",long_negative_unstructured_few_shot,2,559,103,700,1,1,1.0,12,2026-08-20T10:09:17.312942+00:00
fake,talbott,Hotel,"The room at Talbott, specifically 412, was far below what I anticipated given the rates. When I arrived on May 14th, the room already had a definite musty smell, like old damp carpet, and the mini-fridge was inexplicably sticky. My biggest gripe wasn't just the state of the room--which was functional, I suppose--but the staggering inconsistency of the service. We complained once to the front desk staff about the flickering overhead light, and it took three separate calls over two days for someone to even look at it, and they only replaced one bulb that was obviously fine. Worse, the breakfast service was nonexistent, which was a major letdown for a supposedly upscale establishment. The coffee was lukewarm, the pastries",1,gemma4:e4b,long,negative,unstructured,few_shot,the room or the hotel itself as the subject,long_negative_unstructured_few_shot,3,728,120,700,1,2,1.0,12,2026-08-20T10:09:24.574663+00:00
fake,affinia,Hotel,"I stayed at the Affinia last weekend, checking out of room 1205, and honestly, I feel so let down. We booked it because of the pictures online, which made it look so sophisticated and luxurious, but the reality was quite different. The whole vibe felt underdeveloped. The carpet in the hallway was already stained in multiple spots, and it had a weird, damp smell no matter how many times the housekeeping staff tried to air it out. We had trouble getting the key card to work right away, and the attendant seemed completely baffled by the machine, which was annoying to watch. When we finally got in, the room was fine, except for the bathroom. The showerhead felt incredibly weak, like it was barely spraying water, and the handle was stiff. The biggest issue, though, was the breakfast experience.",1,gemma4:e4b,long,negative,unstructured,few_shot,"first person singular, starting with the word I",long_negative_unstructured_few_shot,4,800,139,700,1,2,1.0,12,2026-08-20T10:09:32.201098+00:00
fake,allegro,Hotel,"The Allegro felt far grander than the reality of it. Frankly, I expected a much higher standard given the photos I saw online, but what I got was a beautiful facade hiding deep operational flaws. Our room, 412, was okay enough in terms of space, but the cleanliness was disappointing. There was a definite, musty smell coming from the bathroom grout, and frankly, the carpet felt sticky underfoot, like someone spilled something ages ago and never got around to cleaning it properly. When I called down about the flickering lamp in the corner, the maintenance guy arrived forty minutes later, claiming he was busy with another wing of the hotel. It seemed like they just wave a hand and think the issue is resolved. To top it off, the breakfast buffet was a disaster. The coffee machine",1,gemma4:e4b,long,negative,unstructured,few_shot,the room or the hotel itself as the subject,long_negative_unstructured_few_shot,5,786,137,700,1,1,1.0,12,2026-08-20T10:09:35.848029+00:00
fake,amalfi,Hotel,"I genuinely thought Hotel Amalfi was going to be a perfect place, but honestly, I left feeling completely let down. We were supposed to be staying in Room 712, and while the view of the coast was stunning (I'll give them that), the room itself felt profoundly dated. The bathroom tiles had visible mildew, and I had to call maintenance three separate times just to get the showerhead unscrewed because it was dripping everywhere. The staff seemed perpetually overwhelmed; when we tried to check out on Friday, the front desk attendant, whose name I think was Luisa, didn't even look up from her screen until I had to tap her shoulder twice. It was frustrating. Plus, the advertised 'beach access' was basically a pile of rocks and nothing usable. We even tried to",1,gemma4:e4b,long,negative,unstructured,few_shot,"first person singular, starting with the word I",long_negative_unstructured_few_shot,6,763,133,700,1,2,1.0,12,2026-08-20T10:09:42.627515+00:00
fake,ambassador,Hotel,"Honestly, I can't recommend this hotel. We stayed for three nights, checking in on May 14th, in a room--I think it was 812--that felt completely underwhelming. The lobby itself looked dusty and the carpeting was stained in several spots. When we got up the second morning, the air conditioning unit was making this terrible clunking noise that kept waking us up. I called down and the front desk agent, who I believe was named Kevin, sounded utterly disinterested, promising to send maintenance which never materialized. Then the breakfast buffet was a huge letdown; the bacon was cold and tasted like it had been microwaved five times, and they were completely out of orange juice before 9:30 AM. It just felt like the hotel wasn't really trying. We spent a substantial amount of money here expecting a proper stay, but it was just... mediocre. The sheer level of disappointment from start to finish was really noticeable.",1,gemma4:e4b,long,negative,unstructured,few_shot,a verdict stated up front,long_negative_unstructured_few_shot,7,923,155,700,1,1,1.0,12,2026-08-20T10:09:46.407586+00:00
fake,conrad,Hotel,"Our stay at the Conrad was honestly a huge letdown and quite disappointing for the price point. We'd heard rave reviews about the city views, but when we checked into our room, something felt off immediately. First, the blackout curtains didn't seem to seal properly, and the faint street noise was really noticeable even at 10 PM. Secondly, the Wi-Fi struggled constantly; trying to work was almost impossible, even after calling down asking for a troubleshooting reset. We tried room service one evening and the main course arrived lukewarm and appeared nearly an hour after ordering, which was just ridiculous. Our concierge, who we had approached about recommendations for local spots, seemed completely uninterested, giving us generic suggestions rather than personalized tips. It really felt like the staff were just going through the motions.",1,gemma4:e4b,long,negative,unstructured,few_shot,"first person plural, starting with the word We or Our",long_negative_unstructured_few_shot,8,849,134,700,1,2,1.0,12,2026-08-20T10:09:53.205974+00:00
fake,fairmont,Hotel,"This was truly a letdown, far below what I expected from a Fairmont experience. I stayed the night of the 14th, arriving exhausted after a long drive, and the whole process felt disorganized. My reservation under the name Davies was supposedly for a quiet room, but room 912 smelled faintly of stale smoke, which was bizarre considering the hotel's supposed premium status. When I called housekeeping to report it, the attendant sounded totally uninterested and just said someone would come sometime. Nothing happened. The mini-fridge in the room was also bafflingly dirty, sticky residue everywhere.

To top it off, the breakfast buffet was overpriced and frankly mediocre. I had to wait fifteen minutes just to get a coffee refill, and the station was already backed up. I remember the front desk agent, I think her name was Clara",1,gemma4:e4b,long,negative,unstructured,few_shot,a verdict stated up front,long_negative_unstructured_few_shot,9,832,138,700,1,1,1.0,12,2026-08-20T10:09:56.670901+00:00
fake,hardrock,Hotel,"I was honestly so disappointed staying at the Hard Rock; the hype clearly vastly outweighs the reality of the experience. We booked a weekend stay--room 1405--hoping for a vibrant, high-energy vibe, but it was just... lackluster. The air conditioning unit sounded like it was about to explode, and frankly, the mini-fridge was barely cold enough to keep a bottle of water fresh. The breakfast buffet, which was supposed to be a highlight, was overpriced and the coffee tasted like it had been reheated five times. My biggest annoyance, though, was the service. Trying to get the concierge to help us book a reliable local taxi was an absolute nightmare. He seemed completely uninterested and kept giving us conflicting information about the pick-up zone. It felt like we were staying in a very expensive, slightly outdated hotel that just happens to use rock star imagery for flair.",1,gemma4:e4b,long,negative,unstructured,few_shot,"first person singular, starting with the word I",long_negative_unstructured_few_shot,10,882,146,700,1,2,1.0,12,2026-08-20T10:10:03.809382+00:00
fake,hilton,Hotel,"I spent three nights at the Hilton downtown and honestly, I left feeling completely let down. I expected a certain level of polish given the price point, but nothing lived up to the hype. The moment we checked in for our room, 1409, something felt off; the carpet was visibly stained near the entrance, and the air conditioning unit sounded like it was struggling to stay operational. It was barely past 4 PM, but already the bathroom fixtures were making weird noises. On the second day, I called room service because I was out of coffee pods, and the gentleman on",1,gemma4:e4b,long,negative,unstructured,few_shot,"first person singular, starting with the word I",long_negative_unstructured_few_shot,11,565,101,700,1,1,1.0,12,2026-08-20T10:10:07.489741+00:00
fake,homewood,Hotel,"I honestly feel like I wasted a significant amount of money staying here last weekend. We were supposed to be relaxing, but it felt like a constant battle against the hotel itself. I checked into room 412, and the moment I opened the door, I was hit with this stale, musty odor that no amount of air freshener could mask. To top it off, the bathroom was a disaster; the grout in the shower stall was black and felt slimy, and the handheld showerhead was leaking constantly, dripping onto the bathmat throughout the entire two days. When I called the front desk around 6 p.m",1,gemma4:e4b,long,negative,unstructured,zero_shot,"first person singular, starting with the word I",long_negative_unstructured_zero_shot,0,573,105,700,1,1,1.0,12,2026-08-20T10:10:10.942098+00:00
fake,hyatt,Hotel,"We were so disappointed with our stay here last week. We had booked the executive suite, room 1402, hoping for a relaxing start to our conference trip, but it felt like we paid a massive premium for subpar maintenance. The carpet in the main area was actually stained--a noticeable coffee patch near the window--and the shower handle groaned like it was about to break off. It's a Hyatt, so we expected much more polish and attention to detail. When we called down about the dripping faucet in the bathroom, the service took nearly an hour, and when someone finally showed up, they just tightened it slightly and left, without checking if it was actually resolved. My husband, Mark, also mentioned the breakfast buffet was incredibly underwhelming; the continental selections were fine, sure, but the coffee machine was already sputtering by 9:00 AM, and the hot food looked like it had been sitting out forever. Considering the rates,",1,gemma4:e4b,long,negative,unstructured,zero_shot,"first person plural, starting with the word We or Our",long_negative_unstructured_zero_shot,1,935,157,700,1,2,1.0,12,2026-08-20T10:10:18.052070+00:00
fake,intercontinental,Hotel,"I honestly expected so much more from the InterContinental brand, especially given the prime location. We stayed for three nights, checking into room 1412, and the stay was profoundly disappointing. The room itself was fine, nothing screams luxury, but what really killed the vibe was the maintenance issue. The A/C unit sounded like a dying lawnmower, and I had to call engineering three separate times over 72 hours; each time they sent someone up who just fiddled with it for five minutes and then left. The breakfast service was another letdown--the buffet was sparse, and by 9:00 AM, half the pastries were stale, which is really noticeable. I also found the concierge, who I believe was named Marcus, seemed completely disinterested when I asked for recommendations outside the usual tourist traps. It felt like I was inconveniencing him just by asking a question.",1,gemma4:e4b,long,negative,unstructured,zero_shot,"first person singular, starting with the word I",long_negative_unstructured_zero_shot,2,870,143,700,1,2,1.0,12,2026-08-20T10:10:25.149935+00:00
fake,james,Hotel,"The James is supposed to be this sleek, elevated experience, but frankly, I left feeling more annoyed than refreshed. My room, 1405, looked great from a distance--that moody lighting they go for--but once you step inside, it feels disproportionately small and very drafty. The AC was making this awful rattling sound that kept me awake well past midnight. We were actually staying for four nights, and the maintenance seems to be non-existent; the complimentary coffee maker was barely spitting out grounds, and the bathroom grout was definitely not spotless. On the second evening, I asked a staff member, I think her name was Chloe, about the Wi-Fi signal in the corner of the room, and she just seemed to sigh and say, 'It's fine.' Honestly, the service felt very performative rather than helpful.",1,gemma4:e4b,long,negative,unstructured,zero_shot,the room or the hotel itself as the subject,long_negative_unstructured_zero_shot,3,800,133,700,1,3,1.0,12,2026-08-20T10:10:37.405622+00:00
fake,knickerbocker,Hotel,"Mid-October, right in the middle of what I thought would be a classic New York trip, was incredibly disappointing at The Knickerbocker. From the moment we checked in--Room 1204, I think--the vibe just wasn't quite right. It felt like the place was simultaneously trying to be super historic and aggressively modern, and it was just... mismatched. The room itself was gorgeous, certainly, with those original details, but the bathroom counter felt visibly spotted, and the towel rack had some weird rust stains I definitely didn't want to notice.

When we tried calling down for extra soap late that afternoon, the phone system just cycled through elevator music and never connected to a person. I had to send an email the next day, which is ridiculous for a hotel this supposed caliber. I mean, I understand the staff is busy, but the service seemed utterly disorganized.",1,gemma4:e4b,long,negative,unstructured,zero_shot,"a time or occasion, such as a month, a season, or a trip event",long_negative_unstructured_zero_shot,4,871,145,700,1,2,1.0,12,2026-08-20T10:10:43.868344+00:00
fake,monaco,Hotel,"We were in Monaco strictly for my brother's wedding, so we budgeted for a truly incredible stay at the Hotel Monaco, anticipating that flash of Riviera glamour. Frankly, we left feeling completely let down. The decor is gorgeous, yes, but it feels entirely outdated, like they haven't updated anything since the early 2000s. Our room, 812, was spotless but desperately needed a refresh--the bathroom fixtures felt genuinely corroded. The worst part was the service; trying to get the concierge to reserve a table at the main restaurant felt like an Olympic sport. He kept telling us he'd check, but we had to call him three times over two days just to confirm a booking for simple dinner. And when we finally had that breakfast on Tuesday morning? The croissants were stale, and the coffee tasted faintly burnt. For the price point, you expect effortless perfection, not this patchy, half-hearted execution.",1,gemma4:e4b,long,negative,unstructured,zero_shot,the reason for the trip,long_negative_unstructured_zero_shot,5,907,150,700,1,2,1.0,12,2026-08-20T10:10:50.759964+00:00
fake,omni,Hotel,"We were so genuinely disappointed with our stay at the Omni; I honestly expected much more given the reputation. We booked a room (2142, if that helps) anticipating a relaxing trip, but it felt more like an endurance test. First, the AC unit in the room was making this constant, loud grinding noise--it kept me awake for half the night. When we called down about it, the front desk staff were nice enough, but they just sent up a maintenance guy who seemed rushed and didn't really fix anything permanent, just fiddled with it for five minutes. The lobby was also incredibly underwhelming; it felt dated and overcrowded, almost like nothing had been done since the 90s. Plus, the breakfast buffet was just abysmal. The eggs looked suspiciously lukewarm, and trying to get clean silverware took us twenty minutes. We spent nearly $300 here and left feeling completely undervalued.",1,gemma4:e4b,long,negative,unstructured,zero_shot,"first person plural, starting with the word We or Our",long_negative_unstructured_zero_shot,6,880,149,700,1,2,1.0,12,2026-08-20T10:10:57.901692+00:00
fake,palmer,Hotel,"October, and we were so looking forward to a relaxing getaway at the Palmer, considering the brochure photos. Unfortunately, what we got was far from relaxing. We stayed in room 412, and it was immediately clear that the place needs a deep clean. The air conditioning unit rattled constantly--it sounded like it was about to fall out--and the bathroom grout was genuinely black, nothing you want to be dealing with after a long drive. I called maintenance once about the drafty window, and while someone eventually showed up, they just taped it closed and left, never actually fixing the source of the problem.

The next day was worse. We tried to have a nice dinner at the restaurant, but the service was incredibly slow and disjointed. Our server, I think her name was Chloe, seemed overwhelmed, and it took us twenty minutes just to get a refill on water.",1,gemma4:e4b,long,negative,unstructured,zero_shot,"a time or occasion, such as a month, a season, or a trip event",long_negative_unstructured_zero_shot,7,858,149,700,1,2,1.0,12,2026-08-20T10:11:05.624650+00:00
fake,sheraton,Hotel,"We arrived at the Sheraton two weeks ago for a conference weekend and, frankly, were deeply disappointed with the overall experience. I was staying in a room, 1402, and while the view was fine, the unit felt ancient; the carpet was stained, and the bathroom grout looked like it hadn't seen a deep clean since the nineties. When we called down about the dripping faucet in the sink, it took nearly two hours for someone to even show up, and the supposed 'fix' only made the noise worse. The breakfast buffet was equally disheartening. It was understaffed, meaning we waited twenty minutes just to get coffee refills, and the hot food spread looked like it had been sitting out since dawn. My",1,gemma4:e4b,long,negative,unstructured,zero_shot,"first person plural, starting with the word We or Our",long_negative_unstructured_zero_shot,8,691,122,700,1,2,1.0,12,2026-08-20T10:11:12.743997+00:00
fake,sofitel,Hotel,"I honestly feel like I left Sofitel feeling completely let down after what was supposed to be a relaxing weekend. We booked the premium room expecting the luxury experience their brand promises, and while the lobby itself was beautiful, the reality of the stay fell far short. My room, 912, had a very stale smell, and the blackout curtains, while advertised as perfect, were tricky to operate and left streaks on the window glass. Yesterday morning, I tried to order an extra pillow, and the concierge had to promise it would be sent up, only for it to arrive late and looking slightly damp. Furthermore, the breakfast buffet was just...meh. It was overcrowded, and the selection felt limited--I was hoping for more artisan bread and proper crepes, but the main stations were sluggish.",1,gemma4:e4b,long,negative,unstructured,zero_shot,"first person singular, starting with the word I",long_negative_unstructured_zero_shot,9,786,133,700,1,3,1.0,12,2026-08-20T10:11:25.324256+00:00
fake,swissotel,Hotel,"Last weekend, for what I thought would be a relaxing anniversary getaway, the Swissotel felt rather disappointing. I mean, you hear so much hype about this place, but arriving at room 1409, the initial impression was frankly underwhelming. The air conditioning unit was already making this awful rattling noise, and when I called maintenance, I was kept waiting on hold for almost twenty minutes just to be told someone 'would look at it.'

The real letdown was the breakfast service on Saturday. It was completely disorganized. The buffet spread looked tired, and finding decent coffee meant a lengthy search. To top it off, when I asked a staff member--I think her name was Chloe--if they had a reservation for a nearby",1,gemma4:e4b,long,negative,unstructured,zero_shot,"a time or occasion, such as a month, a season, or a trip event",long_negative_unstructured_zero_shot,10,721,121,700,1,1,1.0,12,2026-08-20T10:11:28.881345+00:00
fake,talbott,Hotel,"The room itself was honestly a letdown, especially considering the price point. My stay last weekend felt like we were constantly battling the hotel's inadequate maintenance schedule. The AC unit in room 812 was making this awful rattling noise that woke me up three times, and I had to call maintenance three times just to get a staff member to acknowledge the issue. It was incredibly frustrating.

But it wasn't just the room. Service was all over the place. On check-in, the front desk agent--I think her name was Maya?--seemed completely overwhelmed and didn't even offer proper luggage assistance, even though I had two hefty suitcases. Later that afternoon, when I finally managed to grab a drink from the lobby bar, the bartender barely made eye contact, just kept ringing up the order and moving on.

I kept expecting the polished, reliable experience that hotels like this usually provide, but it felt far more disjointed.",1,gemma4:e4b,long,negative,unstructured,zero_shot,the room or the hotel itself as the subject,long_negative_unstructured_zero_shot,11,932,155,700,1,2,1.0,12,2026-08-20T10:11:36.064582+00:00
