Binary_label,Category,domain,text,is_synthetic,model,length,sentiment,structure,example_mode,opener_move,cell_id,rep_index,n_chars,n_words,target_chars,in_length_band,n_attempts,gen_temperature,gen_seed,timestamp
fake,affinia,Hotel,"Just back from a quick but lovely two-night weekend in March, and our room 437 at the Affinia was the perfect quiet retreat--no street noise, just the distant hum of the elevator.",1,doomgrave/ministral-3:8b,short,positive,structured,few_shot,"a time or occasion, such as a month, a season, or a trip event",short_positive_structured_few_shot,0,179,32,200,1,2,1.0,12,2026-08-20T10:27:09.591781+00:00
fake,allegro,Hotel,"Our stay here in room 412 was perfect--just enough quiet for a sound sleep, thanks to the blackout curtains, even though the bar downstairs hummed past midnight.",1,doomgrave/ministral-3:8b,short,positive,structured,few_shot,"first person plural, starting with the word We or Our",short_positive_structured_few_shot,1,161,27,200,1,2,1.0,12,2026-08-20T10:27:11.999271+00:00
fake,amalfi,Hotel,"Stayed at Amalfi on my birthday weekend (April 12th), and it was just what I needed--perfect balance of charm and ease.",1,doomgrave/ministral-3:8b,short,positive,structured,few_shot,a verdict stated up front,short_positive_structured_few_shot,2,119,21,200,0,2,1.0,12,2026-08-20T10:27:14.334580+00:00
fake,ambassador,Hotel,"For a business retreat in late October, the Ambassador's quiet efficiency saved my week. Room 215 had golden afternoons, but the real win was Luis in front desk--he brought coffee at 7 AM without me asking.",1,doomgrave/ministral-3:8b,short,positive,structured,few_shot,the reason for the trip,short_positive_structured_few_shot,3,206,36,200,1,2,1.0,12,2026-08-20T10:27:16.387308+00:00
fake,conrad,Hotel,I stayed in room 1237 for five nights and found it to be a serene retreat after long days at the convention center--though the elevator music on weekends could be *subtle*.,1,doomgrave/ministral-3:8b,short,positive,structured,few_shot,"first person singular, starting with the word I",short_positive_structured_few_shot,4,172,31,200,1,2,1.0,12,2026-08-20T10:27:18.624815+00:00
fake,fairmont,Hotel,"We loved our three-night stay in room 847--though we wish we could've stayed longer! The bed was dreamy (and we slept past noon both mornings), and the room felt fresh, not dusty at all.",1,doomgrave/ministral-3:8b,short,positive,structured,few_shot,"first person plural, starting with the word We or Our",short_positive_structured_few_shot,5,186,34,200,1,2,1.0,12,2026-08-20T10:27:20.952749+00:00
fake,hardrock,Hotel,"Stayed three nights in Room 1507 last weekend, and honestly, this place never gets old--even the breakfast burritos with that perfect cheesy melt were better than my kitchen.",1,doomgrave/ministral-3:8b,short,positive,structured,few_shot,"first person singular, starting with the word I",short_positive_structured_few_shot,6,174,28,200,1,2,1.0,12,2026-08-20T10:27:23.036063+00:00
fake,hilton,Hotel,We loved our two-night stay at Hilton's downtown Chicago spot-- Room 512 had skyline views and a bed that made leaving feel like a crime.,1,doomgrave/ministral-3:8b,short,positive,structured,few_shot,"first person plural, starting with the word We or Our",short_positive_structured_few_shot,7,137,25,200,1,2,1.0,12,2026-08-20T10:27:25.340416+00:00
fake,homewood,Hotel,"Room 612 was perfect--spacious and quiet, exactly what we needed after weeks away. The buffet breakfast each morning (especially the fresh fruit) and the poolside service with our drinks reset my coffee habit, no barista needed.",1,doomgrave/ministral-3:8b,short,positive,structured,few_shot,the room or the hotel itself as the subject,short_positive_structured_few_shot,8,228,36,200,1,2,1.0,12,2026-08-20T10:27:27.298880+00:00
fake,hyatt,Hotel,"The coffee station at breakfast was exactly where I expected it--overpriced and sad--but I didn't complain after the third cup because room 512 was impeccably clean (even the bathroom vents didn't smell like regret) and the staff, like Maria at desk shift, actually remembered my name after two nights.",1,doomgrave/ministral-3:8b,short,positive,structured,few_shot,a specific detail or small incident,short_positive_structured_few_shot,9,302,49,200,0,2,1.0,12,2026-08-20T10:27:29.140873+00:00
fake,intercontinental,Hotel,"I booked a weekend stay last week to catch the Chicago Architecture Center's exhibit, and I hit the jackpot with room 633--right by the elevator, so no lugging my suitcase forever.",1,doomgrave/ministral-3:8b,short,positive,structured,few_shot,"first person singular, starting with the word I",short_positive_structured_few_shot,10,180,31,200,1,2,1.0,12,2026-08-20T10:27:31.320688+00:00
fake,james,Hotel,"On my third night here, the front desk--where *Mia* memorized my coffee order--I left my notebook behind, and they hand-delivered it to my room before check-out with an apology note.",1,doomgrave/ministral-3:8b,short,positive,structured,few_shot,a specific detail or small incident,short_positive_structured_few_shot,11,182,30,200,1,2,1.0,12,2026-08-20T10:27:33.290993+00:00
fake,knickerbocker,Hotel,"Stayed here on my 5th wedding anniversary--no frills needed, but the quiet after 10pm in Room 512 made it special.",1,doomgrave/ministral-3:8b,short,positive,structured,few_shot,"a time or occasion, such as a month, a season, or a trip event",short_positive_structured_few_shot,12,114,20,200,0,2,1.0,12,2026-08-20T10:27:35.761749+00:00
fake,monaco,Hotel,"Our stay at The Monaco in mid-July was just what we needed--room 312 had enough space for two, and the quiet (well, except for the odd taxi blast at dawn--can't beat being close to the strip) meant we woke up refreshed.",1,doomgrave/ministral-3:8b,short,positive,structured,zero_shot,"first person plural, starting with the word We or Our",short_positive_structured_zero_shot,0,219,41,200,1,2,1.0,12,2026-08-20T10:27:38.074335+00:00
fake,omni,Hotel,Stayed here for a week in early November--the last two nights before the city got busy.,1,doomgrave/ministral-3:8b,short,positive,structured,zero_shot,"a time or occasion, such as a month, a season, or a trip event",short_positive_structured_zero_shot,1,87,16,200,0,2,1.0,12,2026-08-20T10:27:40.414995+00:00
fake,palmer,Hotel,Our four-night stay at the Palmer on September 10th left us delighted--room 215's skyline views over the city (and the free wine at check-in!) were a steal for under £200.,1,doomgrave/ministral-3:8b,short,positive,structured,zero_shot,"first person plural, starting with the word We or Our",short_positive_structured_zero_shot,2,171,30,200,1,2,1.0,12,2026-08-20T10:27:42.629494+00:00
fake,sheraton,Hotel,"Our stay at Sheraton on 3rd April was *just* worth the split-screen check-in queue--their free room upgrade to the 4th floor put us near the poolside lounge, which made it easier to ignore the distant highway hum. Breakfast buffet?",1,doomgrave/ministral-3:8b,short,positive,structured,zero_shot,"first person plural, starting with the word We or Our",short_positive_structured_zero_shot,3,231,39,200,1,2,1.0,12,2026-08-20T10:27:45.161135+00:00
fake,sofitel,Hotel,"I stayed in room 422 on May 12th and woke up every morning to crisp sheets (Mrs. Patel replaced mine mid-stay after a tiny crumb incident, bless her) and silence so quiet, I heard the rain on the terrace by 4 AM.",1,doomgrave/ministral-3:8b,short,positive,structured,zero_shot,"first person singular, starting with the word I",short_positive_structured_zero_shot,4,212,42,200,1,2,1.0,12,2026-08-20T10:27:47.394944+00:00
fake,swissotel,Hotel,"The Swissotel's suite on the 12th floor was perfect--quiet as a whisper, not even the city traffic below disturbed my sleep after checking in on April 17th, and the staff, especially Linda from front desk, knew all the little touches (like switching to bottled water for me after mentioning my tripod made noise with tap water). Breakfast at Le Paradis was amazing: I hit it up twice (4/18 and 4/20), and the fluffy croissants paired with coffee from the machine in room 1234? Game-changer. The bathroom had a *seriously* clean smell,",1,doomgrave/ministral-3:8b,short,positive,structured,zero_shot,the room or the hotel itself as the subject,short_positive_structured_zero_shot,5,534,91,200,0,2,1.0,12,2026-08-20T10:27:49.615338+00:00
fake,talbott,Hotel,"Three nights at the Talbott in April--room 317 was quiet even with the early-morning train across the bridge; the maid, Karen, remembered my coffee creamer from last year.",1,doomgrave/ministral-3:8b,short,positive,structured,zero_shot,"a time or occasion, such as a month, a season, or a trip event",short_positive_structured_zero_shot,6,171,28,200,1,2,1.0,12,2026-08-20T10:27:51.620552+00:00
fake,affinia,Hotel,"Affinia's room 207 on 24th was perfect for a short stay--sunny balcony overlooked the park, just a short stroll to the metro. Breakfast at the lounge was solid (their croissants were surprisingly good), and for the price, it was hard to beat.",1,doomgrave/ministral-3:8b,short,positive,structured,zero_shot,the room or the hotel itself as the subject,short_positive_structured_zero_shot,7,242,42,200,1,2,1.0,12,2026-08-20T10:27:53.670682+00:00
fake,allegro,Hotel,"My third-floor (312) stayed after an intense two weeks in Seattle--hotel staff, like Alex at desk and Maria who made breakfast--made it so peaceful.",1,doomgrave/ministral-3:8b,short,positive,structured,zero_shot,"a time or occasion, such as a month, a season, or a trip event",short_positive_structured_zero_shot,8,148,24,200,1,2,1.0,12,2026-08-20T10:27:55.553044+00:00
fake,amalfi,Hotel,"I stayed here from June 12-16 in room 123--quiet enough that even the construction next door (annoying, but normal for Amalfi) didn't wake me. Maria in breakfast brought me my usual tea without asking (I'd had it there once before, but she remembered!).",1,doomgrave/ministral-3:8b,short,positive,structured,zero_shot,"first person singular, starting with the word I",short_positive_structured_zero_shot,9,253,43,200,1,2,1.0,12,2026-08-20T10:27:57.626182+00:00
fake,ambassador,Hotel,"This wasn't the swanky luxury stay we expected, but *Room 317* after 30 years finally met the bill--minus a misplaced coffee cup and a sticky towel that Karen in Housekeeping replaced mid-stay. A month in the heart of the city, with the river view?",1,doomgrave/ministral-3:8b,short,positive,structured,zero_shot,the room or the hotel itself as the subject,short_positive_structured_zero_shot,10,248,44,200,1,2,1.0,12,2026-08-20T10:27:59.571435+00:00
fake,conrad,Hotel,"I had the most perfect stay at Conrad on November 12th in room 604--quiet as a library, despite the main drag just outside.",1,doomgrave/ministral-3:8b,short,positive,structured,zero_shot,"first person singular, starting with the word I",short_positive_structured_zero_shot,11,123,23,200,0,2,1.0,12,2026-08-20T10:28:01.745790+00:00
fake,fairmont,Hotel,"My four-night July stay in Fairmont's downtown tower was pure luxury--quiet despite the nearby festival noise (thanks, room 612's triple-glazing!).",1,doomgrave/ministral-3:8b,short,positive,structured,zero_shot,"a time or occasion, such as a month, a season, or a trip event",short_positive_structured_zero_shot,12,147,20,200,1,2,1.0,12,2026-08-20T10:28:03.685640+00:00
fake,hardrock,Hotel,"I booked room 532 for a last-minute trip--turned out it had one of those huge picture windows facing the lake, perfect for watching the skyline light up after sunset.",1,doomgrave/ministral-3:8b,short,positive,unstructured,few_shot,the room or the hotel itself as the subject,short_positive_unstructured_few_shot,0,166,29,200,1,2,1.0,12,2026-08-20T10:28:05.748083+00:00
fake,hilton,Hotel,"The coffee bar in my suite on 12th was like nothing I've ever had before--I actually forgot to pay on check-out because the free, hand-picked pastries (including that cinnamon roll) made my entire trip.",1,doomgrave/ministral-3:8b,short,positive,unstructured,few_shot,the room or the hotel itself as the subject,short_positive_unstructured_few_shot,1,202,34,200,1,2,1.0,12,2026-08-20T10:28:08.075093+00:00
fake,homewood,Hotel,"We checked into room 423--way back after a long drive, and the welcome drinks from Greg at the front desk made all the difference. The rooftop bar was a highlight, even though the fireworks showed up late that one night (honestly? More fun than we expected).",1,doomgrave/ministral-3:8b,short,positive,unstructured,few_shot,"first person plural, starting with the word We or Our",short_positive_unstructured_few_shot,2,258,46,200,1,2,1.0,12,2026-08-20T10:28:10.008522+00:00
fake,hyatt,Hotel,"We checked into our room (538) yesterday for a last-minute work trip, and honestly? Even after being on the road for weeks, the welcome drink from our concierge (Jorge--nice guy!) and the quiet AC in our room made us forget how exhausted we were.",1,doomgrave/ministral-3:8b,short,positive,unstructured,few_shot,"first person plural, starting with the word We or Our",short_positive_unstructured_few_shot,3,246,44,200,1,2,1.0,12,2026-08-20T10:28:12.412343+00:00
fake,intercontinental,Hotel,We actually lucked out with room 512--the one facing the park had a balcony view that made sunrise tea worth every sip.,1,doomgrave/ministral-3:8b,short,positive,unstructured,few_shot,"first person plural, starting with the word We or Our",short_positive_unstructured_few_shot,4,119,22,200,0,2,1.0,12,2026-08-20T10:28:14.273670+00:00
fake,james,Hotel,"We stayed at The James for a quick night in February--*room 212*, if you're wondering--and honestly, the little things made it perfect.",1,doomgrave/ministral-3:8b,short,positive,unstructured,few_shot,"first person plural, starting with the word We or Our",short_positive_unstructured_few_shot,5,135,22,200,1,2,1.0,12,2026-08-20T10:28:16.382579+00:00
fake,knickerbocker,Hotel,Stayed here during my best friend's wedding weekend--4/18 was the perfect escape after pre-ceremony stress at the ballroom next door.,1,doomgrave/ministral-3:8b,short,positive,unstructured,few_shot,the reason for the trip,short_positive_unstructured_few_shot,6,133,20,200,1,2,1.0,12,2026-08-20T10:28:18.503236+00:00
fake,monaco,Hotel,"Staying at Monaco for the 2023 Film Fest was a dream--I got lucky with room 718, those sunrise views over Lake Shore were *chef's kiss*.",1,doomgrave/ministral-3:8b,short,positive,unstructured,few_shot,the reason for the trip,short_positive_unstructured_few_shot,7,136,25,200,1,2,1.0,12,2026-08-20T10:28:20.418649+00:00
fake,omni,Hotel,"That little breakfast in-room on the 10th-floor suite (308) was such a perfect touch--my morning coffee arrived with an orange, not the usual sad grapefruit.",1,doomgrave/ministral-3:8b,short,positive,unstructured,few_shot,a specific detail or small incident,short_positive_unstructured_few_shot,8,157,25,200,1,2,1.0,12,2026-08-20T10:28:22.692518+00:00
fake,palmer,Hotel,"Check-in was lightning fast, but what really stood out was my room on the fifth floor (512)--those sunrise views from the balcony were perfect for my morning coffee.",1,doomgrave/ministral-3:8b,short,positive,unstructured,few_shot,the room or the hotel itself as the subject,short_positive_unstructured_few_shot,9,165,28,200,1,2,1.0,12,2026-08-20T10:28:24.719731+00:00
fake,sheraton,Hotel,"Stayed at Sheraton's Chicago loop tower (June 2023) for a quick but perfect weekend trip--booked the 25th-floor room facing Michigan Avenue, and that sunrise over Willis Tower *didn't* disappoint.",1,doomgrave/ministral-3:8b,short,positive,unstructured,few_shot,a verdict stated up front,short_positive_unstructured_few_shot,10,196,29,200,1,2,1.0,12,2026-08-20T10:28:27.004390+00:00
fake,sofitel,Hotel,"The butler, Rafael, went above and beyond when I mentioned I needed a bottle opener--he didn't just give me one; he handed me a vintage one from the hotel's collection and told me the story behind it.",1,doomgrave/ministral-3:8b,short,positive,unstructured,few_shot,a specific detail or small incident,short_positive_unstructured_few_shot,11,200,37,200,1,2,1.0,12,2026-08-20T10:28:29.075443+00:00
fake,swissotel,Hotel,Staying in room 1504 made me wish I could book this hotel every week--it really hit the sweet spot.,1,doomgrave/ministral-3:8b,short,positive,unstructured,few_shot,the room or the hotel itself as the subject,short_positive_unstructured_few_shot,12,99,19,200,0,2,1.0,12,2026-08-20T10:28:31.353718+00:00
fake,talbott,Hotel,"The Talbott's room 412 was everything I hoped for--cozy, bright with natural light, and just far enough off the main street to be quiet but close enough that I could hear the waves at sunset.",1,doomgrave/ministral-3:8b,short,positive,unstructured,zero_shot,the room or the hotel itself as the subject,short_positive_unstructured_zero_shot,0,191,35,200,1,2,1.0,12,2026-08-20T10:28:33.372951+00:00
fake,affinia,Hotel,We were so impressed by our stay at Affinia last month--just move-in on the 8th--and room 213 was the perfect little hideaway with that skylight view over the courtyard. Mrs.,1,doomgrave/ministral-3:8b,short,positive,unstructured,zero_shot,"first person plural, starting with the word We or Our",short_positive_unstructured_zero_shot,1,174,30,200,1,2,1.0,12,2026-08-20T10:28:35.296756+00:00
fake,allegro,Hotel,"Had a great two nights in 308--the bed was heaven (like sleeping on a cloud, seriously), and the bathroom's walk-in shower? Perfect after long walks through the park on my way back.",1,doomgrave/ministral-3:8b,short,positive,unstructured,zero_shot,the room or the hotel itself as the subject,short_positive_unstructured_zero_shot,2,181,32,200,1,2,1.0,12,2026-08-20T10:28:37.688647+00:00
fake,amalfi,Hotel,"Our stay at Amalfi this past weekend was just perfect--simple but lovely room (204) with those tiny, charming balconies, even if the pool view got cloudy one afternoon. The sunset view from the bar on the 3rd floor, though? Magical.",1,doomgrave/ministral-3:8b,short,positive,unstructured,zero_shot,"first person plural, starting with the word We or Our",short_positive_unstructured_zero_shot,3,232,40,200,1,2,1.0,12,2026-08-20T10:28:39.808406+00:00
fake,ambassador,Hotel,I got the best night's sleep in weeks--room 407's blackout curtains and quiet AC saved me after two noisy stays.,1,doomgrave/ministral-3:8b,short,positive,unstructured,zero_shot,"first person singular, starting with the word I",short_positive_unstructured_zero_shot,4,112,20,200,0,2,1.0,12,2026-08-20T10:28:42.598146+00:00
fake,conrad,Hotel,"We stayed on the 25th floor over the weekend--room 2512--and the rooftop pool deck felt like a VIP lounge the whole time. That staff member, what was his name? The one who fixed the coffee machine right away on Saturday morning?",1,doomgrave/ministral-3:8b,short,positive,unstructured,zero_shot,"first person plural, starting with the word We or Our",short_positive_unstructured_zero_shot,5,228,41,200,1,2,1.0,12,2026-08-20T10:28:44.791244+00:00
fake,fairmont,Hotel,"Oh man, Fairmont at The Queen's was *chef's kiss*--especially after our flight got delayed for hours and we checked in at midnight, then got *hand-carried* to our suite (room 805) by a super nice guy named Raj who couldn't have been nicer.",1,doomgrave/ministral-3:8b,short,positive,unstructured,zero_shot,a verdict stated up front,short_positive_unstructured_zero_shot,6,239,42,200,1,2,1.0,12,2026-08-20T10:28:46.877093+00:00
fake,hardrock,Hotel,"We had the *best* time at Hard Rock from December 2nd to 4th--room 318 was perfect, right across from the rock star photos in the hallway, which made us feel like we were living inside a music festival forever.",1,doomgrave/ministral-3:8b,short,positive,unstructured,zero_shot,"first person plural, starting with the word We or Our",short_positive_unstructured_zero_shot,7,210,39,200,1,2,1.0,12,2026-08-20T10:28:49.354956+00:00
fake,hilton,Hotel,We had a great time staying at Hilton Garden Inn in San Diego--our room (#327 on the 3rd floor) was perfect for relaxing after exploring the city.,1,doomgrave/ministral-3:8b,short,positive,unstructured,zero_shot,"first person plural, starting with the word We or Our",short_positive_unstructured_zero_shot,8,146,27,200,1,2,1.0,12,2026-08-20T10:28:51.375062+00:00
fake,homewood,Hotel,We really loved our stay at the Homewood Suites in Orlando--especially our room (406) which had a *perfect* little nook for coffee in the morning.,1,doomgrave/ministral-3:8b,short,positive,unstructured,zero_shot,"first person plural, starting with the word We or Our",short_positive_unstructured_zero_shot,9,146,25,200,1,2,1.0,12,2026-08-20T10:28:53.609961+00:00
fake,hyatt,Hotel,"Our stay at Hyatt's Grand Regent downtown was pure luxury from the get-go--though room 509's *massive* bath (that deep, soaking tub?) made me question if we'd packed enough toiletries.",1,doomgrave/ministral-3:8b,short,positive,unstructured,zero_shot,"first person plural, starting with the word We or Our",short_positive_unstructured_zero_shot,10,184,29,200,1,2,1.0,12,2026-08-20T10:28:55.680593+00:00
fake,intercontinental,Hotel,"I loved my stay at Intercontinental in May--my room (1004) had that perfect mix of modern and cozy with a view of the courtyard garden, and the coffee station by the front desk was a lifesaver after that 6 AM meeting.",1,doomgrave/ministral-3:8b,short,positive,unstructured,zero_shot,"first person singular, starting with the word I",short_positive_unstructured_zero_shot,11,217,41,200,1,2,1.0,12,2026-08-20T10:28:58.000227+00:00
fake,james,Hotel,"Room 412 was the perfect little hideaway--so quiet, even the hum of the hallway fan barely bothered me.",1,doomgrave/ministral-3:8b,short,positive,unstructured,zero_shot,the room or the hotel itself as the subject,short_positive_unstructured_zero_shot,12,103,18,200,0,2,1.0,12,2026-08-20T10:29:00.331202+00:00
fake,knickerbocker,Hotel,"Stayed June 15th-17th in room 324 with my partner--check-in was rushed, room was loud (construction next door until 11 p.m.), and the coffee machine barely worked; breakfast was basic and cold by 8:30 a.m.",1,doomgrave/ministral-3:8b,short,negative,structured,few_shot,a verdict stated up front,short_negative_structured_few_shot,0,205,34,200,1,2,1.0,12,2026-08-20T10:29:02.469079+00:00
fake,monaco,Hotel,"Overpriced for a cramped room--Room 521 smelled faintly damp despite paying for a 'deluxe' stay, and the breakfast buffet on June 17th was half-empty, with stale toast.",1,doomgrave/ministral-3:8b,short,negative,structured,few_shot,the room or the hotel itself as the subject,short_negative_structured_few_shot,1,168,27,200,1,2,1.0,12,2026-08-20T10:29:04.299758+00:00
fake,omni,Hotel,Last night's business trip was ruined by this place. Room 318's noise--droning AC cycling every 20 minutes--meant three cups of weak coffee at the front desk just to wake up.,1,doomgrave/ministral-3:8b,short,negative,structured,few_shot,"a time or occasion, such as a month, a season, or a trip event",short_negative_structured_few_shot,2,174,30,200,1,2,1.0,12,2026-08-20T10:29:06.482305+00:00
fake,palmer,Hotel,"Staying in Room 612 for four nights was supposed to be perfect--just one block off Magnificent Mile, after all--but the noise from the adjacent construction site kept me awake every morning by 5 a.m.",1,doomgrave/ministral-3:8b,short,negative,structured,few_shot,the room or the hotel itself as the subject,short_negative_structured_few_shot,3,199,34,200,1,2,1.0,12,2026-08-20T10:29:08.493306+00:00
fake,sheraton,Hotel,"The Sheraton's room 417 on April 5th--supposedly their signature 'towers' upgrade--had a bed sagged like a hammock after two nights, while housekeeping missed that the shower curtain was torn for at least a week.",1,doomgrave/ministral-3:8b,short,negative,structured,few_shot,the room or the hotel itself as the subject,short_negative_structured_few_shot,4,212,34,200,1,2,1.0,12,2026-08-20T10:29:10.798637+00:00
fake,sofitel,Hotel,"For my 2023 Paris wedding anniversary, I booked the Sofitel's 'suite in the Marais' thinking the boutique charm would make up for the €850/night premium--but it didn't.",1,doomgrave/ministral-3:8b,short,negative,structured,few_shot,the reason for the trip,short_negative_structured_few_shot,5,168,27,200,1,2,1.0,12,2026-08-20T10:29:13.320680+00:00
fake,swissotel,Hotel,"My second-floor room (305) had stunning views--except the balcony door jiggled open halfway through our 5-night stay (2-8 June), so we never dared go out without locking the handle from inside.",1,doomgrave/ministral-3:8b,short,negative,structured,few_shot,the room or the hotel itself as the subject,short_negative_structured_few_shot,6,193,31,200,1,2,1.0,12,2026-08-20T10:29:15.442217+00:00
fake,talbott,Hotel,"I paid nearly triple what it says online for a 'deluxe room'--only to find my bathroom mirror was missing a light and the Wi-Fi password in room 314 had changed *again* by check-in, despite manager Javier promising he'd fix it after the third time I asked.",1,doomgrave/ministral-3:8b,short,negative,structured,few_shot,"first person singular, starting with the word I",short_negative_structured_few_shot,7,256,46,200,1,2,1.0,12,2026-08-20T10:29:17.685060+00:00
fake,affinia,Hotel,I expected more from Affinia's 301 room on the third floor--turns out the fan only blows cold air and the noise from the hallway woke me up every time someone in room 303 stomped around.,1,doomgrave/ministral-3:8b,short,negative,structured,few_shot,"first person singular, starting with the word I",short_negative_structured_few_shot,8,186,35,200,1,2,1.0,12,2026-08-20T10:29:19.955553+00:00
fake,allegro,Hotel,"I paid over €200 for room 312 at Allegro last month for just two nights--and I wish I hadn't. The noise was unbearable: a constant hum of street traffic, the nearby construction site vibrating my bed by 7 AM, and thin walls that let in every drunken laugh from room 314.",1,doomgrave/ministral-3:8b,short,negative,structured,few_shot,"first person singular, starting with the word I",short_negative_structured_few_shot,9,270,51,200,1,2,1.0,12,2026-08-20T10:29:22.245390+00:00
fake,amalfi,Hotel,"I got room 317 on June 12th for double the cost of a decent hostel--no mention of the mold stains in the corner (or the fact that the Wi-Fi dropped at 3am, rousing my roommate and the snoring guy in 316), but the front desk 'concierge' *Michel* actually *laughed* when I asked for an extra pillow--claimed they were 'all out.' Breakfast was half-rotten fruit and sad yogurt. Amalfi? More like *Amoi*--overhyped, undernourished.",1,doomgrave/ministral-3:8b,short,negative,structured,few_shot,"first person singular, starting with the word I",short_negative_structured_few_shot,10,427,72,200,0,2,1.0,12,2026-08-20T10:29:24.349846+00:00
fake,ambassador,Hotel,"I spent three nights at your hotel after a long flight, only to find my room (307) was so loud--construction banging started at 7 AM--no soundproofing.",1,doomgrave/ministral-3:8b,short,negative,structured,few_shot,"first person singular, starting with the word I",short_negative_structured_few_shot,11,151,26,200,1,2,1.0,12,2026-08-20T10:29:26.556428+00:00
fake,conrad,Hotel,"The third night of my week-long stay, my room (2736) flooded the bathroom after a morning shower--staff took hours to dry the floor despite my texting Manager Kelly.",1,doomgrave/ministral-3:8b,short,negative,structured,few_shot,a specific detail or small incident,short_negative_structured_few_shot,12,165,28,200,1,2,1.0,12,2026-08-20T10:29:28.518936+00:00
fake,fairmont,Hotel,"Three days into a supposed romantic getaway at Fairmont's Grand Pacific in May--my room (1205) smelled faintly musty despite daily checks--and the concierge, Karen, still hadn't fixed the broken coffee maker I mentioned on the second day. $600 for a view?",1,doomgrave/ministral-3:8b,short,negative,structured,zero_shot,"a time or occasion, such as a month, a season, or a trip event",short_negative_structured_zero_shot,0,255,41,200,1,2,1.0,12,2026-08-20T10:29:30.490062+00:00
fake,hardrock,Hotel,"I stayed here three nights in room 508--*supposedly* downtown, but the club's blaring music and drunks singing at 1 AM made it feel like I was trapped in a cheap frat party.",1,doomgrave/ministral-3:8b,short,negative,structured,zero_shot,"first person singular, starting with the word I",short_negative_structured_zero_shot,1,173,32,200,1,2,1.0,12,2026-08-20T10:29:32.622798+00:00
fake,hilton,Hotel,"We stayed four nights in room 512 at the Hilton in June, expecting comfort after long travel, but the room smelled faintly like mildew, and the breakfast--served at the buffet--had cold croissants by 7:30 AM.",1,doomgrave/ministral-3:8b,short,negative,structured,zero_shot,"first person plural, starting with the word We or Our",short_negative_structured_zero_shot,2,208,35,200,1,2,1.0,12,2026-08-20T10:29:34.996556+00:00
fake,homewood,Hotel,"We expected better after our two nights in 813--breakfast was sparse (just soggy muffins on 9/20, and the 'farm-fresh' label was a stretch), and the bathroom smelled faintly of mildew by the third morning.",1,doomgrave/ministral-3:8b,short,negative,structured,zero_shot,"first person plural, starting with the word We or Our",short_negative_structured_zero_shot,3,205,34,200,1,2,1.0,12,2026-08-20T10:29:36.993586+00:00
fake,hyatt,Hotel,"The shower in Room 512 ran cold for half an hour--no warning, no response when I asked the desk (Staff #423 was apologetic but useless)--and by the time maintenance came two hours after I checked in for a five-night stay, my towels were mildewed from the damp floor we'd been told to avoid for 'health reasons.' Sleep was impossible: thin walls amplified the noisy TV from Room 514 till 3 AM, and the front desk never transferred me to another floor, even after my third complaint to the manager, who sighed like this was normal. Hyatt promised a 'relaxing'",1,doomgrave/ministral-3:8b,short,negative,structured,zero_shot,a specific detail or small incident,short_negative_structured_zero_shot,4,557,99,200,0,2,1.0,12,2026-08-20T10:29:39.365687+00:00
fake,intercontinental,Hotel,"For a quiet New York City weekend in October (rooms 718, 10/13-10/15), I paid nearly $700 for InterContinental's 'luxury suite'--until the 5 AM fire alarm (and missing Wi-Fi password) made me book the second night at a boutique hostel instead.",1,doomgrave/ministral-3:8b,short,negative,structured,zero_shot,the reason for the trip,short_negative_structured_zero_shot,5,243,40,200,1,2,1.0,12,2026-08-20T10:29:41.692864+00:00
fake,james,Hotel,"My weekend at *James* for a birthday weekend in late April turned sour--Room 307 smelled faintly of damp towels the whole two nights, and the clerk at desk 1, Karen, told me to 'hold on' to check-in while she 'sorted something,' which ended up being 20 minutes of waiting for a single keycard. The third-story hallway's thin walls let the nightclub next door's bass throb until midnight--no noise-canceling panels mentioned in the amenity list. The one positive? The complimentary chocolates were fine. Still, for nearly $600 a night, I expected *some",1,doomgrave/ministral-3:8b,short,negative,structured,zero_shot,"a time or occasion, such as a month, a season, or a trip event",short_negative_structured_zero_shot,6,551,91,200,0,2,1.0,12,2026-08-20T10:29:43.959598+00:00
fake,knickerbocker,Hotel,"I stayed in room 521 at the Knickerbocker from April 21-23, and while the view from the 5th floor was fine, the $300 a night fee didn't feel justified--breakfast was basic (my toast was burned when Jason at the front desk 'forgot' to slide it under), and my room's towel hamper still had *last week's* crumbs when I got there. No apology, just excuses.",1,doomgrave/ministral-3:8b,short,negative,structured,zero_shot,"first person singular, starting with the word I",short_negative_structured_zero_shot,7,352,64,200,0,2,1.0,12,2026-08-20T10:29:45.916781+00:00
fake,monaco,Hotel,"After two nights in **Monaco's 'Ocean View' suite (RM 17B)**, I felt I'd been charged nearly €80 extra daily--only for cobwebs in the shower corner on May 12, staff (like *Maria* at check-in) who ignored my request for extra towels, and a location that's *technically* central but dead quiet by 10pm. The pool area smelled of chlorine, and the Wi-Fi cut out during a work call--hardly 'luxe' for €1,200. **Worth it?** For half the cost, I'd have booked the *Sun",1,doomgrave/ministral-3:8b,short,negative,structured,zero_shot,the room or the hotel itself as the subject,short_negative_structured_zero_shot,8,461,80,200,0,2,1.0,12,2026-08-20T10:29:47.976758+00:00
fake,omni,Hotel,"I came here for my anniversary weekend after booking months ago, and by June 3rd, my 'honeymoon suite' (702) felt anything but romantic--dust bunnies clung to the mini-bar fridge and cobwebs hugged the corner near the AC vents, while Manager Jake's excuse about 'spring cleaning' felt more like a cover-up than apologies. The spa-adjacent location promised tranquility, but the clatter of construction from the new condo across the alley turned our first night into a marathon of white noise. They overcharged $180 for the 'breakfast buffet' that left me with",1,doomgrave/ministral-3:8b,short,negative,structured,zero_shot,the reason for the trip,short_negative_structured_zero_shot,9,559,90,200,0,2,1.0,12,2026-08-20T10:29:50.025085+00:00
fake,palmer,Hotel,"I expected more from the Palmer after my last stay--this time, room 317 had damp stains on the carpet near the window, and the housekeeper, Maria, missed a few dust spots when she checked in on July 12.",1,doomgrave/ministral-3:8b,short,negative,structured,zero_shot,"first person singular, starting with the word I",short_negative_structured_zero_shot,10,202,38,200,1,2,1.0,12,2026-08-20T10:29:52.063924+00:00
fake,sheraton,Hotel,I stayed at Sheraton's downtown location for four nights (June 20-24) in room 312 and left with zero regrets--except how I let myself book it for twice the standard rate.,1,doomgrave/ministral-3:8b,short,negative,structured,zero_shot,"first person singular, starting with the word I",short_negative_structured_zero_shot,11,170,30,200,1,2,1.0,12,2026-08-20T10:29:54.141979+00:00
fake,sofitel,Hotel,"Our two-night stay at Sofitel Paris Montparnasse (March 2024, room 617) left us more frustrated than pampered--the $650/night premium seemed especially steep after the concierge, Sophie, misplaced our pre-booked tour vouchers and the room's free breakfast (a sad baguette and expired yogurt) barely justified the view.",1,doomgrave/ministral-3:8b,short,negative,structured,zero_shot,"first person plural, starting with the word We or Our",short_negative_structured_zero_shot,12,318,46,200,0,2,1.0,12,2026-08-20T10:29:56.302555+00:00
fake,swissotel,Hotel,"Took the kids up for my brother's graduation--promised them a 'swanky' stay (ugh). We got room 709 on the 7th floor, promised 'city views,' but all we saw was a grimy vent and a tower across the street.",1,doomgrave/ministral-3:8b,short,negative,unstructured,few_shot,the reason for the trip,short_negative_unstructured_few_shot,0,202,38,200,1,2,1.0,12,2026-08-20T10:29:58.593877+00:00
fake,talbott,Hotel,"After years staying at the Talbott during spring break with my family, we found the 713 room in disarray--bedding untouched, stale coffee cups on the nightstand from last night's cleaners.",1,doomgrave/ministral-3:8b,short,negative,unstructured,few_shot,"a time or occasion, such as a month, a season, or a trip event",short_negative_unstructured_few_shot,1,188,30,200,1,2,1.0,12,2026-08-20T10:30:00.902834+00:00
fake,affinia,Hotel,"I booked the Affinia because of the great photos online--turns out the hallway outside my 823 room was a sad mix of faded blue carpet and a door that wouldn't close all the way, and when I asked the night desk clerk (name tag said 'Carlos,' but he barely glanced up) for a fan in the July heat, he just said, 'We've got AC here,' like it was that simple. Then, at 3am, I heard my neighbor drop their suitcase twice in our wall; no response when I texted room service (ordered pizza at 9pm, still nothing at 11:30).",1,doomgrave/ministral-3:8b,short,negative,unstructured,few_shot,"first person singular, starting with the word I",short_negative_unstructured_few_shot,2,514,99,200,0,2,1.0,12,2026-08-20T10:30:03.176948+00:00
fake,allegro,Hotel,"I checked in on a Tuesday night for a weekend getaway--paid for a nice room, but got the one by the elevator, and it smelled like mildew even after I complained to the front desk (Name: Karen--*again*).",1,doomgrave/ministral-3:8b,short,negative,unstructured,few_shot,"first person singular, starting with the word I",short_negative_unstructured_few_shot,3,202,37,200,1,2,1.0,12,2026-08-20T10:30:05.384816+00:00
fake,amalfi,Hotel,"I got room 312 for my three nights, and by night two I was already writing this review--after I woke up at 4:30 AM to the maid knocking like she had personal access to my alarm clock.",1,doomgrave/ministral-3:8b,short,negative,unstructured,few_shot,a specific detail or small incident,short_negative_unstructured_few_shot,4,183,37,200,1,2,1.0,12,2026-08-20T10:30:07.516565+00:00
fake,ambassador,Hotel,"I checked in on the 28th for two nights and by the second morning, I was convinced the room had never been cleaned--dust bunnies under the bed and wet spots on the carpet that smelled like they'd been there since 2018. The front desk agent, Ms.",1,doomgrave/ministral-3:8b,short,negative,unstructured,few_shot,"first person singular, starting with the word I",short_negative_unstructured_few_shot,5,244,46,200,1,2,1.0,12,2026-08-20T10:30:09.562577+00:00
fake,conrad,Hotel,"I'm still fuming two nights in--room 518 smelled like stale cigarettes (despite no smoking policy), and when I texted the front desk, *Samantha* in concierge just ghosted me for hours.",1,doomgrave/ministral-3:8b,short,negative,unstructured,few_shot,a verdict stated up front,short_negative_unstructured_few_shot,6,184,30,200,1,2,1.0,12,2026-08-20T10:30:11.680802+00:00
fake,fairmont,Hotel,"Promised ourselves a quiet weekend in Montreal but our Fairmont room's *supposed* city views were lost to noise--a constant hum of construction next door, starting at 7 AM sharp, even though we requested early check-in.",1,doomgrave/ministral-3:8b,short,negative,unstructured,few_shot,"a time or occasion, such as a month, a season, or a trip event",short_negative_unstructured_few_shot,7,219,35,200,1,2,1.0,12,2026-08-20T10:30:13.662419+00:00
fake,hardrock,Hotel,Our room's AC finally kicked in after three calls to front desk--*four* hours late--while sweat soaked the sheets by 10 PM.,1,doomgrave/ministral-3:8b,short,negative,unstructured,few_shot,"first person plural, starting with the word We or Our",short_negative_unstructured_few_shot,8,123,21,200,0,2,1.0,12,2026-08-20T10:30:15.865206+00:00
fake,hilton,Hotel,Woke up at 6am to a water gushing from the bathtub--had to call maintenance at 7 while standing ankle-deep in water in room 312. The desk clerk just sighed and didn't even mention my request for a hand towel.,1,doomgrave/ministral-3:8b,short,negative,unstructured,few_shot,a verdict stated up front,short_negative_unstructured_few_shot,9,208,39,200,1,2,1.0,12,2026-08-20T10:30:17.924379+00:00
fake,homewood,Hotel,"I checked into the Homewood last weekend for a weekend in Chicago, expecting some historic charm--but room 417 smelled like a storage closet with mildew and the bedding smelled worse.",1,doomgrave/ministral-3:8b,short,negative,unstructured,few_shot,"a time or occasion, such as a month, a season, or a trip event",short_negative_unstructured_few_shot,10,183,30,200,1,2,1.0,12,2026-08-20T10:30:19.590063+00:00
fake,hyatt,Hotel,"I booked the Hyatt in downtown on 12/15th, thinking it'd be a nice quiet stay with decent service--turns out it was a total mess.",1,doomgrave/ministral-3:8b,short,negative,unstructured,few_shot,"first person singular, starting with the word I",short_negative_unstructured_few_shot,11,129,24,200,0,2,1.0,12,2026-08-20T10:30:21.690592+00:00
fake,intercontinental,Hotel,"Oh man, room 415 was supposed to be 'luxury' but the mattress sagged like I'd slept on a deflating inner tube after 1 a.m.--just as I'd finally dozed off.",1,doomgrave/ministral-3:8b,short,negative,unstructured,few_shot,the room or the hotel itself as the subject,short_negative_unstructured_few_shot,12,154,29,200,1,2,1.0,12,2026-08-20T10:30:23.659219+00:00
fake,james,Hotel,"I stayed in room 413 for the better part of four days--March 22-25--and honestly, the James Hotel made my experience *way* harder than it needed to be.",1,doomgrave/ministral-3:8b,short,negative,unstructured,zero_shot,"first person singular, starting with the word I",short_negative_unstructured_zero_shot,0,151,27,200,1,2,1.0,12,2026-08-20T10:30:25.801855+00:00
fake,knickerbocker,Hotel,"Attended a friend's birthday weekend in DC--thought staying at The Knickerbocker was going to be the classy, central spot to call home while I explored, but I'd have walked down the street for a decent room.",1,doomgrave/ministral-3:8b,short,negative,unstructured,zero_shot,the reason for the trip,short_negative_unstructured_zero_shot,1,207,36,200,1,2,1.0,12,2026-08-20T10:30:27.912221+00:00
fake,monaco,Hotel,"Our night at Monaco's suite 512 on April 3rd left us utterly disappointed--after waiting an hour for the elevator from the lobby, we were only told by housekeeping's Sarah that 'the main line was down' when our keycard didn't work half an hour later.",1,doomgrave/ministral-3:8b,short,negative,unstructured,zero_shot,"first person plural, starting with the word We or Our",short_negative_unstructured_zero_shot,2,250,44,200,1,2,1.0,12,2026-08-20T10:30:30.187869+00:00
fake,omni,Hotel,I checked into room 517 on 2nd floor--supposedly the 'premium' suite after a $75 upgrade fee--only to find a musty smell and a broken AC (replaced three times by staff) that still left my bed feeling like a swamp.,1,doomgrave/ministral-3:8b,short,negative,unstructured,zero_shot,a specific detail or small incident,short_negative_unstructured_zero_shot,3,213,39,200,1,2,1.0,12,2026-08-20T10:30:32.497173+00:00
fake,palmer,Hotel,"Arrived for a supposed 'family getaway' on June 24th for a weekend at Palmer, only to end up in Room 217, where the toilet flushed loudly at 3 AM every time my 7-year-old went--*every time*.",1,doomgrave/ministral-3:8b,short,negative,unstructured,zero_shot,the reason for the trip,short_negative_unstructured_zero_shot,4,190,35,200,1,2,1.0,12,2026-08-20T10:30:34.675514+00:00
fake,sheraton,Hotel,"My brother's surprise birthday weekend at the Sheraton in Chicago (June 2023, room 6217) turned into a total letdown--the Wi-Fi kept kicking me off during dinner reservations (thanks, Maria from front desk), my window faced a fire escape (slept with my eyes open), and the continental breakfast tray was missing yogurt *again*--now I've got to order avocado toast from the bar. Zero effort, zero charm. Stayed two nights, wished it was two fewer.",1,doomgrave/ministral-3:8b,short,negative,unstructured,zero_shot,the reason for the trip,short_negative_unstructured_zero_shot,5,446,73,200,0,2,1.0,12,2026-08-20T10:30:36.638476+00:00
fake,sofitel,Hotel,"Check in was a nightmare--my room (#207) had that new-plastic smell, and the AC barely worked. Then I asked about breakfast, and the hostess, Marie, shrugged like I'd asked for the moon instead of eggs. No shampoo, no coffee, just silence when I tried to complain.",1,doomgrave/ministral-3:8b,short,negative,unstructured,zero_shot,"first person singular, starting with the word I",short_negative_unstructured_zero_shot,6,264,46,200,1,2,1.0,12,2026-08-20T10:30:38.798481+00:00
fake,swissotel,Hotel,"This place was a letdown--room 324 was filthy when we got in after a late flight, sheets smelled like old soap, and the bathroom light wouldn't stay on half the night. Receptionist, Mark?",1,doomgrave/ministral-3:8b,short,negative,unstructured,zero_shot,the room or the hotel itself as the subject,short_negative_unstructured_zero_shot,7,187,33,200,1,2,1.0,12,2026-08-20T10:30:40.818124+00:00
fake,talbott,Hotel,"Our stay at The Talbott on 5/12 in room 413 was hit-or-miss, but way more miss than hit--our coffee cup leaked directly onto the sheets (still damp after checking in!",1,doomgrave/ministral-3:8b,short,negative,unstructured,zero_shot,"first person plural, starting with the word We or Our",short_negative_unstructured_zero_shot,8,166,30,200,1,2,1.0,12,2026-08-20T10:30:43.005370+00:00
fake,affinia,Hotel,I checked into room 213 on 6/15--promising views of the marina but way overpriced for what we got. The shower? Only tepid if you wait long enough (tried flushing the tank three times; Staff Carlos told me it's 'fine' but not). And the Wi-Fi?,1,doomgrave/ministral-3:8b,short,negative,unstructured,zero_shot,"first person singular, starting with the word I",short_negative_unstructured_zero_shot,9,241,44,200,1,2,1.0,12,2026-08-20T10:30:45.146072+00:00
fake,allegro,Hotel,"Bad stay at Allegro--my room (412) smelled like mildew even after I requested maintenance (March 5th), and the bellboy dropped my luggage *right in front of the pool* when we checked out.",1,doomgrave/ministral-3:8b,short,negative,unstructured,zero_shot,a verdict stated up front,short_negative_unstructured_zero_shot,10,187,32,200,1,2,1.0,12,2026-08-20T10:30:47.158285+00:00
fake,amalfi,Hotel,"I booked a week at Amalfi for our honeymoon on May 15, and what I got was a room (208) that smelled like mildew from the minute we checked in--no apology from Marco, just a 'we'll handle it.",1,doomgrave/ministral-3:8b,short,negative,unstructured,zero_shot,"first person singular, starting with the word I",short_negative_unstructured_zero_shot,11,190,38,200,1,2,1.0,12,2026-08-20T10:30:49.461536+00:00
fake,ambassador,Hotel,"I booked that mountain lodge for our anniversary last weekend--*romantic*, right?--but the Wi-Fi went dead at 3 AM every night, the staff forgot to check my room (422) for half the stay, and the hot tub was *frozen* by the time we tried it (even though it was *June*!).",1,doomgrave/ministral-3:8b,short,negative,unstructured,zero_shot,the reason for the trip,short_negative_unstructured_zero_shot,12,269,49,200,1,2,1.0,12,2026-08-20T10:30:51.701750+00:00
fake,conrad,Hotel,"This was my first time staying at the Conrad in Chicago, and honestly, I wasn't sure what to expect--until I checked into room 1212 on May 10th. The space was sleek but cozy, with that signature modern elegance that makes you feel like you've walked into a high-end urban loft. The king bed had plush duvets that still smelled like fresh linen, and even though I'm not big on ocean views (this was midtown, after all), the city lights reflecting off the glass windows added a soft glow to the room that was oddly relaxing. The bathroom had everything--from a dual-head shower that never ran out of hot water to mini toiletries that didn't feel like impersonal plastic samples. The AC was perfectly calibrated, and the Wi-Fi never slowed down during my work calls, which was a relief after my last stay in a hotel where the connection felt like it was trying to die every five minutes.

Breakfast was the real game-changer.",1,doomgrave/ministral-3:8b,long,positive,structured,few_shot,the room or the hotel itself as the subject,long_positive_structured_few_shot,0,922,163,700,1,2,1.0,12,2026-08-20T10:30:57.880657+00:00
fake,fairmont,Hotel,"Sticking to the Fairmont's reputation was a smart call--it delivered on every level during our five-night stay in room 714. The bed (and the feather-soft duvet) made me forget I was 12 floors up; mornings started easy with room-service coffee that hit the mark (thankfully, my usual order of two sugars and a splash of milk arrived exactly when I asked). Noise levels were surprisingly low even on a weekend, though the weekend next door who hosted a kitchen-bash around 3am on the second-to-last night jolted me awake--though honestly, that's a Chicago problem, not the hotel's. Our suite's balcony overlooked the hotel's signature garden patio (and if you're there for breakfast, their avocado toast is *the* deal, even if the fruit was still rock-firm) and the skyline. Cleanliness?",1,doomgrave/ministral-3:8b,long,positive,structured,few_shot,a verdict stated up front,long_positive_structured_few_shot,1,785,128,700,1,2,1.0,12,2026-08-20T10:31:03.445642+00:00
fake,hardrock,Hotel,"Stayed in room 624 for four nights, checking out June 9th, and--even on a Tuesday night--couldn't hear anything but the hum of the AC. The bedding smelled like fresh linen, and the mini-fridge held cold water, not that I had to use it; the showers were strong, and the blackout curtains blocked all but a sliver of dawn. The Beatles poster in the bathroom gave me *ideas* for my next vacation, though I've got to admit the Stones guy next door would've been a closer match for my taste.

Check-in at 1 PM was quick thanks to Lisa behind the desk, who gave me a floor plan with the best bar recommendations scribbled on it. The rooftop pool area was my favorite--even on a 68-degree evening, the heaters made it cozy, and the bartender, Mike, kept our margaritas topped up while we watched the lake.",1,doomgrave/ministral-3:8b,long,positive,structured,few_shot,a specific detail or small incident,long_positive_structured_few_shot,2,798,145,700,1,2,1.0,12,2026-08-20T10:31:08.021938+00:00
fake,hilton,Hotel,"After weeks of planning, my first trip to Seattle was finally here--March 2024--and I booked a week at the Hilton Downtown Seattle to have a central, comfortable home base. The check-in desk attendant, Maria (how does she always remember names so quickly?), made us feel right at home before we even reached our room. The suite on the 12th floor (1212) was spacious, with two queen beds and a little sitting area where my husband and I could spread out. There was even a little welcome basket with water and chocolates, which felt like a nice touch after a long drive from the airport.

Cleanliness was impeccable--our room (and the second bathroom I hadn't even noticed at first) were spotless, and the pillows smelled like fresh laundry. The room was bright in the daytime, but during the late afternoon, the curtains kept out the Seattle rain (a small miracle).",1,doomgrave/ministral-3:8b,long,positive,structured,few_shot,"a time or occasion, such as a month, a season, or a trip event",long_positive_structured_few_shot,3,864,149,700,1,2,1.0,12,2026-08-20T10:31:14.150919+00:00
fake,homewood,Hotel,"My husband and I stayed in a **Homewood Suites by Hilton in Rosemont** from April 22-26, and we'd do it again in a heartbeat--though next time, we might splurge for Room 403 (our current one, 308, had the window facing the road). The bed was firm, exactly how we like it, and the memory foam topper made up for the stiffness; we both slept like logs. The kitchenette was stocked with real dishes (no cheap plastic here), and while it was small, it was well-designed--enough space for two to prep side-by-side without elbowing.

Breakfast was the real standout. We went for the full spread on our last morning (April 25), and the omelets were fluffy with perfect runny yolks--they even let you pick your fillings in advance. The yogurt was fresh, the pastries still warm, and the sausage had that *just grilled* crisp at the edges. My usual order? Bacon (thick-cut, no nonsense), a strawberry scone, and black coffee black.",1,doomgrave/ministral-3:8b,long,positive,structured,few_shot,a verdict stated up front,long_positive_structured_few_shot,4,922,160,700,1,2,1.0,12,2026-08-20T10:31:20.091337+00:00
fake,hyatt,Hotel,"Arrived in San Francisco for our fourth anniversary getaway in May, and the Hyatt Regency's 22nd floor room (2217) delivered far more than we expected. The moment we stepped into 1129 Market Street's gleaming marble foyer, the staff set the tone--Gina at the desk remembered our reservation details (including the extra pillow we requested) and had our late checkout paperwork already prepared. The suite itself lived up to its 'Urban Suite' promises: a king bed swathed in hotel-fresh linen (I checked the tags twice, just in case) paired with pillows so fluffy they felt like we were sleeping on clouds. Even the bathroom, with its walk-in shower and 'rainfall' fixtures, wasn't just functional--it was *experiential*.",1,doomgrave/ministral-3:8b,long,positive,structured,few_shot,"a time or occasion, such as a month, a season, or a trip event",long_positive_structured_few_shot,5,720,115,700,1,2,1.0,12,2026-08-20T10:31:25.438037+00:00
fake,intercontinental,Hotel,"I'll be honest--I wasn't entirely sure what to expect when booking Room 712 at the InterContinental last week, but after checking in with Miguel at the front desk (who remembered my room preference for natural light), I was sold immediately. The room exceeded every expectation: the bed was the deepest I've ever slept in, and the view of Lake Michigan? Worth the price tag alone, even if the daily rate was a hair steep. (Still, $289 for a suite with a city skyline? That's solid value for a solo traveler, especially after I saved on nearby meals by requesting a welcome bottle of wine--small but thoughtful gesture.)

The staff--from the concierge who booked my table at *Sushi Momo* (perfectly timed for sunset) to the bellhop, Javier, who carried my bags like he'd done it a thousand times--made the stay feel less like a transaction and more like arriving home.",1,doomgrave/ministral-3:8b,long,positive,structured,few_shot,"first person singular, starting with the word I",long_positive_structured_few_shot,6,867,149,700,1,2,1.0,12,2026-08-20T10:31:31.108587+00:00
fake,james,Hotel,"Stayed here last week for my sister's wedding weekend in the city--turns out I was in for one of the best value hotels in the district. Booked Room 312 on a deal that slashed our rate nearly in half for a Saturday night, and for that price? Worth every penny. The room was spotless, with crisp bedding that smelled like fresh linen (I counted three handwritten notes on the pillow--nice touch) and a desk tidy with the *Today* newspaper already rolled, which was a small but appreciated gesture.

Location-wise, it's ideal if you're exploring downtown--the main drag is a five-minute walk with coffee shops like Blue Bottle right on your doorstep. One night I came back late and realized how quiet it was inside; no street noise, no elevator gossip--just the hum of a fan and the occasional chuckle from the front desk when I asked for an early checkout (they waved it through, thankfully). The only minor gripe?",1,doomgrave/ministral-3:8b,long,positive,structured,few_shot,"a time or occasion, such as a month, a season, or a trip event",long_positive_structured_few_shot,7,912,159,700,1,2,1.0,12,2026-08-20T10:31:36.698151+00:00
fake,knickerbocker,Hotel,"Stayed at the Knickerbocker on November 12th through the 15th for a quick but busy trip--three full days and two nights--but even though I didn't linger much in the room (I was out and about from 7 a.m. to midnight most days), it was a solid base. Room 805 was actually bigger than I expected for the price, with a little sitting area near the windows that let in great light if you opened them (just don't if you're a light sleeper--the nearby construction noise at 7:30 a.m. woke me up sharp that first morning). The bed was firm, though firm in a supportive way--my back appreciated it after a long day of walking the museum district.",1,doomgrave/ministral-3:8b,long,positive,structured,few_shot,the room or the hotel itself as the subject,long_positive_structured_few_shot,8,637,117,700,1,2,1.0,12,2026-08-20T10:31:41.711220+00:00
fake,monaco,Hotel,"Stayed at Hotel Monaco for a long weekend in June with my sister, and it easily lived up to expectations--and then some. From the moment we checked in at our downtown location near the Loop, with its easy access to the river and museum district, it felt like the perfect Chicago base. Our room, 1112 on the tenth floor, offered just the right balance: enough space for our bags and essentials, with a compact desk area that worked well for sketching quick notes about our itinerary. The linens smelled fresh (I checked), the air conditioning kept the humidity down even after that sweltering heatwave, and the soundproofing did a solid job muting the occasional street noise--we slept better here than in cheaper motels we'd tried earlier in the week.

Breakfast was the real standout.",1,doomgrave/ministral-3:8b,long,positive,structured,few_shot,the reason for the trip,long_positive_structured_few_shot,9,785,134,700,1,2,1.0,12,2026-08-20T10:31:48.195025+00:00
fake,omni,Hotel,"We stayed at the Omni over Labor Day weekend--August 29th to the 31st--and, honestly, could've been happy there every weekend. We checked into our room (203) around 1 p.m. after a slight delay (nothing too bad--front desk just called us when the previous guests vacated), and the space was already spotless. The room smelled fresh, not just like the usual generic hotel scent but something clean and neutral, which was a nice touch after weeks of road trips. The beds were *impossibly* comfortable--we both slept with the sheets tucked to our shoulders--and the blackout curtains really made a difference for morning light. (Yes, that was a thing. We're not early risers.)

The only sound we heard from the hall was the usual shuffling from other guests, and by 11 p.m. at night, the place was quiet enough to hear our own thoughts.",1,doomgrave/ministral-3:8b,long,positive,structured,few_shot,"first person plural, starting with the word We or Our",long_positive_structured_few_shot,10,832,142,700,1,2,1.0,12,2026-08-20T10:31:53.950891+00:00
fake,palmer,Hotel,"The moment we stepped into our room (336) at Palmer after a busy morning of sightseeing, we instantly regretted even considering an earlier check-in--mostly because our host, Alex in concierge, had arranged a late check-out until 4 PM for just $10 extra. That little upgrade turned what could've been a rushed exit into time to grab coffee at *Bread & Pickle* before heading to the airport. For that alone, the steep but fair $299 rate felt worth it. The room itself felt fresh, like it had been aired out just before we arrived: no stale smells, the linens crisp enough to hug your face, and not a speck of dust anywhere. Even the mini-fridge, stocked with chilled bottled water, had been wiped down spotlessly.",1,doomgrave/ministral-3:8b,long,positive,structured,few_shot,the room or the hotel itself as the subject,long_positive_structured_few_shot,11,712,124,700,1,2,1.0,12,2026-08-20T10:32:00.387732+00:00
fake,sheraton,Hotel,"I'll never forget waking up to the sound of rain tapping against our floor-to-ceiling windows at 2115 on Saturday--like being wrapped in a cozy blanket. The Sheraton in Atlanta really delivered on that city-center charm, tucked just steps from Piedmont Park with the tower's lit-up glass facade glowing as we walked to breakfast. The concierge, Elena, didn't just smile at our 'last-minute dinner request' for Tuesday night--she called her friend at a 90s-themed spot and got us in without a pause. Our room smelled like fresh linen and faint rain (which was suspiciously on-brand), but the TV in the living area's slight hum was the only noise that bothered us at 2 AM--not because it was bad, just... unexpected. Breakfast at the in-house *Coffee Shop* was underrated; their hash browns were crisp in the best way, and I nearly asked to take home the cinnamon rolls. The only small thing?",1,doomgrave/ministral-3:8b,long,positive,structured,zero_shot,a specific detail or small incident,long_positive_structured_zero_shot,0,890,150,700,1,2,1.0,12,2026-08-20T10:32:05.633939+00:00
fake,sofitel,Hotel,"The softness of the *SoFiTel*'s king bed--thick enough to sink into but with just the right give--made waking up after our five-night stay feel like a small luxury. Our room (238, by the way, not the quietest corner but perfectly balanced) stayed immaculate, with the maid, Lina, leaving fresh lemons in a bowl by the espresso maker like she'd just picked them. She also swapped out the towels mid-stay without us asking, a touch we didn't expect but appreciated--like they'd anticipated a shower from 6 p.m. to 8 p.m. on our last night. The noise level? Just enough street hum from the boulevard below, but our neighbors in 237 were quiet (we never met them, but the silence implied good manners). Breakfast at the in-house cafe was solid--try the ricotta frittata--though the coffee machine by our room never quite matched the baristas' skill. Still, the little things (like the spare toothbrushes by the sinks) saved the day.",1,doomgrave/ministral-3:8b,long,positive,structured,zero_shot,the room or the hotel itself as the subject,long_positive_structured_zero_shot,1,928,157,700,1,2,1.0,12,2026-08-20T10:32:09.804908+00:00
fake,swissotel,Hotel,"June brought me to Singapore for a week of business meetings, but my nights at Swissotel The Stamford were as much about comfort as they were about work. The room on the 32nd floor (3235, if you're curious) had that iconic skyline view--every morning, I'd see the sunrise over the harbor while sipping coffee, and it made even the early deadlines feel worth it. The cleaning staff, Michelle if I remember right, changed our towels halfway through the stay, and the sheets were crisp enough to pack in a briefcase. The room was spotless, with that faint hotel-scented freshness that says 'you're not just staying here, you're being pampered.'

Noise-wise, I'd woken up to the faint hum of the city rather than traffic, and my roommate (a friend visiting) didn't even stir from the queen-sized bed, so the double glazing works better than expected.",1,doomgrave/ministral-3:8b,long,positive,structured,zero_shot,"a time or occasion, such as a month, a season, or a trip event",long_positive_structured_zero_shot,2,846,144,700,1,2,1.0,12,2026-08-20T10:32:15.231160+00:00
fake,talbott,Hotel,"Our three-night stay at The Talbott in early June left us thoroughly impressed--mostly because the hotel's subtle elegance perfectly matched our expectations. Room 317 was immaculate upon arrival, the bed linens crisp (and we slept better than we had in weeks, despite being city folks). The bathroom's deep soak tub was a serendipitous find after a long day of exploring Dupont Circle--we turned it into a post-dinner ritual twice. The quiet (despite its central location) surprised us; we didn't hear street noise, and the wall between our room and the hallway was unusually soundproof (especially after we joked that the adjacent suite's guests were doing the Macarena at 2 a.m.).

The location was ideal--easy to roll out of bed for coffee at the French press down the block or a brisk walk to the Wharf. The front desk clerk, Liam, even directed us to a quieter Metro stop after we griped about weekday traffic.",1,doomgrave/ministral-3:8b,long,positive,structured,zero_shot,"first person plural, starting with the word We or Our",long_positive_structured_zero_shot,3,916,154,700,1,2,1.0,12,2026-08-20T10:32:19.489049+00:00
fake,affinia,Hotel,"Spring break 2024 had me split between island days and city escapes, so I split my stay between Affinia's midtown location and a beach club, but it was the Affinia where I really hit the reset button after a week of packed schedule. Checked in on a Tuesday--April 16th--to room 317, which I knew was their standard but not budget, and honestly, it felt like an upgrade. The floor-to-ceiling windows with city views? Perfect for sipping coffee before diving into the buffet breakfast. Not your usual bagel-and-creamer setup--more avocado toast, fruit platters that changed daily, and a stand-up egg station where I finally mastered my 'over easy' technique (thank you, Paul from room service, who kept checking in after I 'almost had it').",1,doomgrave/ministral-3:8b,long,positive,structured,zero_shot,"a time or occasion, such as a month, a season, or a trip event",long_positive_structured_zero_shot,4,738,123,700,1,2,1.0,12,2026-08-20T10:32:25.189836+00:00
fake,allegro,Hotel,"I stayed at Allegro for four nights in late May, and honestly, it was just what I needed after a long work trip. Room 217 was perfect--clean to a fault, with fresh linens and a shower that actually had hot water (something I can't always say). The price was fair given the location and amenities, especially since I snagged a last-minute deal for 20% off. Breakfast was a highlight, though. The cafe-style spread was surprisingly robust for a hotel--fluffy scones, fresh fruit, and even a selection of cold-pressed juices that stayed chilled despite the kitchen being right next to the lobby. Maria at the front desk was a lifesaver on check-out day when I lost my receipt; she didn't just wave it off but dug into the system to verify my booking. The only downside?",1,doomgrave/ministral-3:8b,long,positive,structured,zero_shot,"first person singular, starting with the word I",long_positive_structured_zero_shot,5,766,135,700,1,2,1.0,12,2026-08-20T10:32:29.968293+00:00
fake,amalfi,Hotel,"My stay at Amalfi on my April 17-19 itinerary was everything I hoped it would be--and more. Walking into room 307, I was immediately struck by how fresh the bed linens smelled (they'd been changed the day before my arrival, according to reception, and it showed--no stiff corners or dusty pillows). The AC hummed just right, never overpowering, and the minibar had been stocked with local sparkling water (a plus for someone who'd rather not drink tap water here). My only complaint was a tiny bit of road noise early in the morning--there's a construction site a block over, and it's been going strong since before 7:30--but I'd already planned to meet friends at 8 for brunch, so it didn't ruin my sleep.

Location-wise, it's the ideal spot: steps from the Piazza San Giorgio and a ten-minute stroll to the port.",1,doomgrave/ministral-3:8b,long,positive,structured,zero_shot,a specific detail or small incident,long_positive_structured_zero_shot,6,814,141,700,1,2,1.0,12,2026-08-20T10:32:34.742534+00:00
fake,ambassador,Hotel,"Staying in room 307 during our whirlwind two-day visit to San Francisco in late April was just what we needed to recharge before heading home--minus the usual hotel fatigue. First impressions? The location couldn't have been better; we were just a 10-minute Uber from the Ferry Building but nestled on a quiet side street in SoMa, away from the constant sirens and crowd. Breakfast at the on-site cafe, *The Grind*, hit the spot: the avocado toast with microgreens at 7:45 AM was still warm, the barista remembered our order ('usual with the extra chili flakes'), and the coffee had that rich, velvety texture only barista-brewed can achieve--no disposable cups here. (Side note: their apple cider donuts on Wednesdays are the real MVP.)

Room 307, by the way, was spotless--zero crumbs, no dust on the desk, and the pillows smelled like a quiet breeze on a sunny morning.",1,doomgrave/ministral-3:8b,long,positive,structured,zero_shot,"a time or occasion, such as a month, a season, or a trip event",long_positive_structured_zero_shot,7,872,147,700,1,2,1.0,12,2026-08-20T10:32:40.596312+00:00
fake,conrad,Hotel,"We had a truly splendid five nights at The Conrad, and every detail--from the first moment to the last--confirmed why this is a standout in Chicago. Our suite (1207, by the way--perfect views of the lake) was spotless, and the bed? Heavenly. But the staff was what truly made it: Maria at front desk remembered our coffee order on the third morning ('Two lattes, same as usual'), and Rafael from housekeeping discreetly replaced the chilled wine in our fridge mid-stay, even when we were out for dinner.

The noise? Nonexistent in our room--the soundproofing is surprisingly good for the city, even during that one weekend the neighborhood music spilled onto the boardwalk (luckily, the pool level drowned it out).",1,doomgrave/ministral-3:8b,long,positive,structured,zero_shot,"first person plural, starting with the word We or Our",long_positive_structured_zero_shot,8,714,119,700,1,2,1.0,12,2026-08-20T10:32:44.726438+00:00
fake,fairmont,Hotel,"Visiting Seattle for a long weekend with my sister, we chose Fairmont Olympic View because of its reputation--and wow, the hype was well-deserved. We were there from Friday, May 10th to Sunday, May 12th, staying in room 1518, which had a perfect, unobstructed view of the Space Needle. The hotel exceeded expectations at every turn.

From the moment we checked in, we were treated like family. Our concierge, Marcus, remembered my sister's birthday (which was the day after we arrived) and arranged a bottle of prosecco in our room--how thoughtful was that? Our room attendants, Linda and Miguel, kept the space spotless: fresh towels every morning, crisp linens, and even a quick wipe-down of the marble-topped vanity after I'd spilled my coffee (thanks again, Linda!). The bed was so comfy I honestly questioned whether we'd packed correctly.

The Olympic View's prime location can't be overstated.",1,doomgrave/ministral-3:8b,long,positive,structured,zero_shot,the reason for the trip,long_positive_structured_zero_shot,9,900,145,700,1,2,1.0,12,2026-08-20T10:32:48.994528+00:00
fake,hardrock,Hotel,"I stayed at Hard Rock Houston for two nights last weekend--May 12th and 13th--and the experience was perfect for what I needed: a quick but memorable break that felt worth every penny. My room (334, third floor--great views of the convention center!) was clean and cozy, and at $189 a night for two, it was *exactly* the value I expected for a hotel near the energy corridor. No frills, but everything worked (the shower pressure was strong, which matters more than you'd think), and the Wi-Fi was fast enough to handle my work calls without glitches. The concierge, Miguel, remembered my preference for black coffee from the in-room machine, which was a small but pleasant surprise.

Location-wise, it's ideal if you're here for work or seeing the convention center--just a five-minute walk--but I also loved how close it was to 610. On Saturday night, I grabbed a bite at The Starfish at 713, and the ride back was a breeze.",1,doomgrave/ministral-3:8b,long,positive,structured,zero_shot,"first person singular, starting with the word I",long_positive_structured_zero_shot,10,926,160,700,1,2,1.0,12,2026-08-20T10:32:53.903746+00:00
fake,hilton,Hotel,"I stayed in **Room 423** at Hilton Atlanta Perimeter (August 12-15, 2024), and honestly, for the price, it felt like getting a premium experience for the cost of a mid-range one. The check-in process with **Marcos** at the front desk was seamless--he not only expedited my early check-in (they held my room despite arriving at noon) but also gave a free upgrade after I mentioned I'd booked with points. (He told me that if I had 5K more, I could've snagged the penthouse--funny how he worded it like he was making it up. Guess Hilton's rewards are legit.)

The location? Perfect for both work and play. The in-room coffee tasted like it came from a barista (and it did--Starbucks' new corporate blend), which kept me going during my late-night spreadsheet updates. And being a five-minute Uber to Perimeter Mall meant I could grab a smoothie or forgotten charger *without* waking from the bed's heavenly, surprisingly deep-press-feel pillows.",1,doomgrave/ministral-3:8b,long,positive,structured,zero_shot,the room or the hotel itself as the subject,long_positive_structured_zero_shot,11,943,157,700,1,2,1.0,12,2026-08-20T10:32:59.603781+00:00
fake,homewood,Hotel,"The first morning I woke up to the scent of coffee and fresh pastries from the breakfast buffet, and I realized I'd made the right choice staying at the Homewood in Chicago. Room 312 (a perfect corner unit) had just enough natural light streaming in--no harsh glare from the blinds--so I could work at the little breakfast nook without eye strain, which saved me from squinting at my laptop all day. The little touches matter, like the mini fridge stocked with water when I got back at midnight from a late dinner, or the extra pillows someone had tucked in just the right way on my king bed.",1,doomgrave/ministral-3:8b,long,positive,unstructured,few_shot,a specific detail or small incident,long_positive_unstructured_few_shot,0,592,108,700,1,2,1.0,12,2026-08-20T10:33:04.498186+00:00
fake,hyatt,Hotel,"I'll admit I was skeptical when I saw the price for Hyatt Regency San Francisco's Downtown Suite, but after checking in, I was immediately impressed. The front desk agent, Marcus, actually remembered my name from my reservation--and not just because he checked his tablet--he pulled it up on his phone *while* I was talking. No small feat for a place this busy.

The room (2108) blew my expectations--think double glass doors leading to a balcony with skyline views that made you feel like you were a second-floor resident of the city. The bed had all the fluff I need, and the shower? No mold stains, just crisp towels and what smelled like fresh-baked sourdough instead of that generic soap-y scent so many hotels lean on.

The only hiccup was the coffee in the lobby (it was burnt), but the concierge, Sarah, was so sweet about it that she upgraded me to a free breakfast.",1,doomgrave/ministral-3:8b,long,positive,unstructured,few_shot,a specific detail or small incident,long_positive_unstructured_few_shot,1,875,154,700,1,2,1.0,12,2026-08-20T10:33:09.261299+00:00
fake,intercontinental,Hotel,"Staying at InterContinental on my recent birthday weekend in Vegas was nothing short of perfection--the kind of stay that makes you forget all the bad hotels from other trips. I arrived late on Saturday night after a long drive and the front desk staff at the Clark had that warm, 'we've got you' energy that sets this place apart. They even noticed it was my birthday (I'd mentioned it when booking) and left a tiny card and bottle of wine in the room--those small touches add up. The Grand Canal Room (417) was immaculate, with those huge floor-to-ceiling windows overlooking the Strip that made the space feel even more luxurious than the pictures. The bed was one of the best I've slept in--firm but not uncomfortable, with crisp cotton sheets that didn't wrinkle or trap heat.",1,doomgrave/ministral-3:8b,long,positive,unstructured,few_shot,"a time or occasion, such as a month, a season, or a trip event",long_positive_unstructured_few_shot,2,781,136,700,1,2,1.0,12,2026-08-20T10:33:15.086915+00:00
fake,james,Hotel,"I was staying in room 407 for a couple nights earlier this month, and honestly, this place has got me spoiled. The second I walked in, I noticed how crisp everything smelled--some fresh floral, maybe?--and that first sip of coffee from the little machine in the hallway was like a hug. The bed in my room was *amazing*, no joke. I woke up fully rested for the first time in months, and my husband swore his back felt like a million dollars (not that I'd ask him to pay me for the wordplay).

One of the best parts? The little touches--the mini bottles of perfume by the mirror, the extra towels stacked neatly under the bed (who does that?), and the chocolates by the nightstand. I ate three of them. The view from my window was so nice, I left the blinds open most of the morning just to soak up the city buzz, even if I wasn't out exploring.",1,doomgrave/ministral-3:8b,long,positive,unstructured,few_shot,"first person singular, starting with the word I",long_positive_unstructured_few_shot,3,843,160,700,1,2,1.0,12,2026-08-20T10:33:21.414827+00:00
fake,knickerbocker,Hotel,"I stayed at the Knickerbocker a few nights last week for a quick business trip, and I'm so glad I picked this spot--it really felt like stepping into another era without losing any of the modern conveniences. My room (1224) was clean, cozy, and had that classic mid-century charm with the walnut paneling and a fireplace I actually used for an evening. The bathroom had a deep soaking tub I didn't even realize I'd been craving until I sat in it, and the shower pressure was surprisingly good for a historic building.

What really made my stay special was the small details: the bellman, Javier, helped carry my bag up while explaining some of the hotel's history, and he even remembered I'd requested extra towels when I checked out. The night clerk, Marisol, was a total gem--she gave me recommendations for nearby spots (the rooftop bar at the Drake is *worth* the climb) and stayed late to hold my call when I ran late leaving.",1,doomgrave/ministral-3:8b,long,positive,unstructured,few_shot,"first person singular, starting with the word I",long_positive_unstructured_few_shot,4,931,165,700,1,2,1.0,12,2026-08-20T10:33:26.838570+00:00
fake,monaco,Hotel,"I booked two nights at the Hotel Monaco in October for a quick getaway to explore the waterfront--something my partner and I haven't done since grad school. The moment we pulled into the underground garage, though, I realized this place had way more personality than I expected. Our room (327, which faces the bay) had those classic Monaco touches--art deco lighting that cast a warm glow, soft rugs underfoot, and a bed so cozy I debated skipping the city tour. (Don't do that; the food cart by the pier is a must.)

Breakfast was a nice surprise--we weren't sure what to expect with continental offerings, but the fresh orange juice and pastries felt like a treat. Staff member, Jorge--he was the desk clerk--reminded me why I love returning to well-run hotels. He not only remembered we were anniversary travelers but also had a recommendation for a quiet dinner spot downtown that saved us from the usual touristy chaos.",1,doomgrave/ministral-3:8b,long,positive,unstructured,few_shot,the reason for the trip,long_positive_unstructured_few_shot,5,924,158,700,1,2,1.0,12,2026-08-20T10:33:32.060986+00:00
fake,omni,Hotel,"We had a terrific stay at Omni last weekend (April 22-25), especially after checking in on the late side--Sarah at the front desk went above and beyond when we showed up at 10 PM on a Friday, still fresh from a long flight, and had to juggle our luggage and extra guest for a family upgrade. The 2120 suite with a balcony was everything we hoped for: enough space for the kids to unwind after a day of museum hopping, with a pull-out sofa that surprisingly slept two without collapsing. (Mentioning this because, let's be honest, some budget suites lie--but not this one.) Our concierge, Marcus, arranged a private tour of the Art Institute that included skip-the-line access, and the hotel's welcome basket--with a local chocolatier's truffles and a handwritten note--was such a nice touch we still talk about it. The room service delivery around 1 AM when we were debating pizza vs.",1,doomgrave/ministral-3:8b,long,positive,unstructured,few_shot,"first person plural, starting with the word We or Our",long_positive_unstructured_few_shot,6,884,153,700,1,2,1.0,12,2026-08-20T10:33:37.386184+00:00
fake,palmer,Hotel,"Our night in 1500 was better than expected--especially after reading other reviews where people complained about the view or soundproofing. The moment we walked in, the quiet was refreshing; I slept straight through the night like I haven't in years. The king bed was just firm enough to avoid tossing and turning, and the sheets were so soft I swear I could've wrapped them around myself. The decor feels timeless--less soulless chain hotel, more like staying in someone's well-curated apartment. That fireplace in the common area? Soothing. The coffee in the morning was hot and smelled like home, which surprised me since some city hotels serve stuff that tastes like water with a hint of despair.

What really stood out was the staff--no generic 'nice' here. The desk clerk, Mr.",1,doomgrave/ministral-3:8b,long,positive,unstructured,few_shot,the room or the hotel itself as the subject,long_positive_unstructured_few_shot,7,782,130,700,1,2,1.0,12,2026-08-20T10:33:42.237311+00:00
fake,sheraton,Hotel,"Staying at the **Sheraton Times Square** for four nights with my partner felt like a perfect balance of convenience and comfort--especially since our room (3412) had that coveted corner view of the Broadway lights. Check-in was surprisingly seamless, with **Derrick** at the front desk already knowing we were checking in early (we did) and flagging a complimentary bottle of local wine for our suite. The bed--firm but supportive--felt like we'd been wrapped in clouds, and the quiet despite the city's pulse below was impressive. The concierge, **Lena**, set us up with reservation tables at the hotel's **Bar SixtyFive** (where we split a lobster roll) and a last-minute opera ticket, but her best touch was quietly arranging for our in-room breakfast trays the first morning since we had a late flight.",1,doomgrave/ministral-3:8b,long,positive,unstructured,few_shot,a verdict stated up front,long_positive_unstructured_few_shot,8,806,130,700,1,2,1.0,12,2026-08-20T10:33:46.289439+00:00
fake,sofitel,Hotel,"I can't stop talking about my stay at the Sofitel Paris Le Marais--the whole experience was like stepping into a sophisticated little world I didn't even know existed. Our room (425) was just *impeccable*--the bed had those little cotton tags tied around the pillows, and when I tossed one off, the linens were crisp, like they were just fresh out of the dryer. There's this thing they do with the towels (folded into a swan, but actually more like a little wave, which is way cuter), and the shower had dual rain showerheads that made my hair feel impossibly soft, even for my cheap drugstore conditioner. The room service menu looked like a five-star restaurant--pancakes with fresh berries or a charcuterie board you could order at any hour? How do they do that? We had the oatmeal creme caramel at midnight and it was still warm and delicious.

But the real magic wasn't just the room--it was the little details.",1,doomgrave/ministral-3:8b,long,positive,unstructured,few_shot,the room or the hotel itself as the subject,long_positive_unstructured_few_shot,9,916,160,700,1,2,1.0,12,2026-08-20T10:33:52.331182+00:00
fake,swissotel,Hotel,"I just returned from a week-long stay at the Swissotel in Seattle and honestly, I left feeling like I had discovered a little gem. The moment I checked in, I was impressed--Staff member Lisa, at the front desk, was warm and professional, already having my reservation pulled up and offering recommendations for things to do around the city. The check-in process felt personal, not rushed.

My room (1305) was *perfect*--cozy but with enough space to stretch out after a long day. The bed? So comfortable, with soft sheets and a mattress that hugged me in all the right ways. The desk was a solid work surface, and the free Wi-Fi was a lifesaver when I needed to send emails. The bathroom amenities were a nice surprise, especially the luxurious shower gel that lingered on the skin in the best way.

But what really took my breath away were the views.",1,doomgrave/ministral-3:8b,long,positive,unstructured,few_shot,"first person singular, starting with the word I",long_positive_unstructured_few_shot,10,851,150,700,1,2,1.0,12,2026-08-20T10:33:58.009231+00:00
fake,talbott,Hotel,"The Talbott absolutely lived up to its reputation as a serene escape in downtown Chicago. I booked room 312 for a three-night stay after reading rave reviews online, and it didn't disappoint--even the slightly musty scent in the hallway faded the second I walked into the sunlight-filled space. Check-in with Sarah at the desk was smooth; she had our reservations on her screen before I'd fully pulled my luggage into the lobby and gave me a heads-up about dinner reservations at the Marais (which we snagged last-minute). The room's decor was warm without being fussy--soft blues, real wood accents, and enough outlets to recharge all our gadgets without wrestling.",1,doomgrave/ministral-3:8b,long,positive,unstructured,few_shot,a verdict stated up front,long_positive_unstructured_few_shot,11,666,109,700,1,2,1.0,12,2026-08-20T10:34:03.191765+00:00
fake,affinia,Hotel,"My fiance and I were celebrating our 5-year anniversary in Denver this past weekend, and we picked Affinia Hotel because of its great location near Union Station and the central library--plus, the free afternoon happy hour sounded like a perfect way to ring in our anniversary. We were lucky enough to get room 329, which had a cozy, well-lit view of the Rockies (with a killer skyline sparkle at night), and the bed was one of the comfiest I've slept in in ages. The pillows alone were worth the upgrade.

We checked in on a Friday afternoon, and the front desk agent, Jason, actually took the time to handwrite us a little welcome note with local hotspots he thought we'd like, including a tiny Italian place he swore by (it was 100% accurate).",1,doomgrave/ministral-3:8b,long,positive,unstructured,zero_shot,the reason for the trip,long_positive_unstructured_zero_shot,0,746,133,700,1,2,1.0,12,2026-08-20T10:34:08.988953+00:00
fake,allegro,Hotel,"We stayed at Allegro Hotel on April 2nd for two nights, and from the moment we walked in, we knew it was going to be great--especially after the desk clerk, Maria, gave us a warm smile and a recommendation for the rooftop bar. Our room, 317, was even better than the pictures; the lighting was just perfect for reading before bed, and those little soaps by the sink? Pure luxury. Our favorite part? The breakfast spread--we kept going back to the buffet, especially for the fluffy croissants and fresh fruits.

There was a small hiccup when the shower drain got clogged one morning, and it took a while to fix, but Javier, our housekeeping, brought warm towels and an extra hand towel as an apology, and that went above and beyond. The night we went to the rooftop bar, the bartender, Carlos, remembered my love of craft sodas and had three flavors lined up for us before we even asked. The city views at night?",1,doomgrave/ministral-3:8b,long,positive,unstructured,zero_shot,"first person plural, starting with the word We or Our",long_positive_unstructured_zero_shot,1,911,165,700,1,2,1.0,12,2026-08-20T10:34:13.603702+00:00
fake,amalfi,Hotel,"I stayed at Amalfi for five nights over the summer--June 10th to June 15th--and it was one of those rare trips where everything just felt effortless. My room (217 on the third floor) overlooked the marina, and waking up to that view every morning was worth every penny. The balcony was perfect for my morning coffee (they've got a *great* espresso machine in the lobby cafe, by the way), and the sound of boats coming in at dusk was oddly soothing after the hustle of Positano.

The staff really made the experience special. Maria from front desk on my first night remembered my preference for dark chocolate in my welcome basket--the kind of small touch that matters. Then there was Giancarlo, who fixed the flickering lamp in my room within 15 minutes after I texted maintenance.",1,doomgrave/ministral-3:8b,long,positive,unstructured,zero_shot,"first person singular, starting with the word I",long_positive_unstructured_zero_shot,2,781,136,700,1,2,1.0,12,2026-08-20T10:34:17.969100+00:00
fake,ambassador,Hotel,"The room itself--the 328 on the 5th floor--made my stay feel like a tiny, luxurious escape. The moment I walked in, the lighting was just right, warm but bright, and that little desk by the window had a view of the city's skyline that was *exactly* the kind of postcard shot you'd frame later. The bed? Soft as a cloud but firm enough that you don't feel like you're drowning in it--perfect balance. And the shower pressure? My husband still jokes about how I spent an extra five minutes just because it was so perfect. The room service tray that showed up around 2 AM--complete with a note from *Samantha* at the front desk that she knew we'd appreciate the midnight snack because 'late flights are the worst'--turned a weirdly boring layover into one of those little moments you'll remember forever.

The hotel itself had this little details magic, too.",1,doomgrave/ministral-3:8b,long,positive,unstructured,zero_shot,the room or the hotel itself as the subject,long_positive_unstructured_zero_shot,3,855,150,700,1,2,1.0,12,2026-08-20T10:34:23.330041+00:00
fake,conrad,Hotel,"Our stay at the Conrad last weekend couldn't have been better--especially after weeks of researching the right downtown spot for our anniversary. Room 1212 (what a view!) had those soft linen bedding changes on the 3rd day, which felt like such a thoughtful detail. We ordered room service early--because, let's be honest, the pool area can be busy by noon--and the chef, who I thought was *maybe* the same one from last time (same name tag!), nailed the steak au poivre, paired with a chilled Bordeaux. No menu guesswork here; they remembered our usual.

Breakfast at 6am in the lobby lounge--still quiet, even on a Friday--had the best pastries I've had in years. The almond croissant? Chewy in all the right places. A waiter named Alex helped us with the coffee setup for our late breakfast, and he knew our usual sugar preferences from last year.",1,doomgrave/ministral-3:8b,long,positive,unstructured,zero_shot,"first person plural, starting with the word We or Our",long_positive_unstructured_zero_shot,4,850,146,700,1,2,1.0,12,2026-08-20T10:34:27.840449+00:00
fake,fairmont,Hotel,"I stayed at Fairmont Vancouver for four nights over the holidays and--honestly? The level of attention to detail made my trip feel like something out of a movie. Room 3112 was perfect: not just the cozy, modern layout but the little touches like the fluffy robe wrapped around the door and a basket of local chocolates that looked handcrafted (tasted even better than they did). Check-in with Elena at the front desk was a standout moment; she'd remember my name by morning *and* my daughter's because she'd seen me checking out a children's book earlier. The breakfasts at The River Cafe were consistently elevated--try the seasonal fruit plate; I've never seen anything like it. Even on my last night, I lingered too long over coffee downstairs because the barista (I think his name was Marco?) had the best latte art I've ever seen. The staff's warmth made me feel like I belonged in a place that felt both iconic and utterly lived-in.",1,doomgrave/ministral-3:8b,long,positive,unstructured,zero_shot,"first person singular, starting with the word I",long_positive_unstructured_zero_shot,5,938,162,700,1,2,1.0,12,2026-08-20T10:34:32.557773+00:00
fake,hardrock,Hotel,"Had to check into Hard Rock on a whim after missing my flight in Denver and ending up with a late-night hotel need--turned out to be the best surprise of my trip. Room 417 was tiny but spotless, with those retro Hard Rock vibes through every little detail: the rock poster by the door, the guitar-shaped coffee cup holder. The bed was firmer than I'd hoped, but after a couple days I was sleeping better than at home.

The concierge, Greg, helped me reschedule that flight the next morning with genuine patience while I fumbled through my travel chaos. Breakfast at the on-site eatery was solid--try the hash browns if you have them, they were crispy enough to make up for the coffee being slightly over-brewed.

Best part? The rooftop pool. It's right on the plaza, so you're basically in the middle of the action with live music playing from inside.",1,doomgrave/ministral-3:8b,long,positive,unstructured,zero_shot,a specific detail or small incident,long_positive_unstructured_zero_shot,6,851,151,700,1,2,1.0,12,2026-08-20T10:34:37.545088+00:00
fake,hilton,Hotel,"Our stay at Hilton's Austin downtown was everything we'd hoped for--and then some. We checked into room 312 on February 14th, and while the balcony view over Lady Bird Lake wasn't exactly *romantic* (though who needs the Red River to feel like it's Valentine's? we just ate too many chocolates from the in-room safe), the bed was the real star--cloud-like, no kidding. We tossed and turned for twenty minutes before realizing we weren't at home anymore.

Breakfast was a lovely surprise; the omelet station had options we hadn't tried since college, and the fruit platter was ridiculous. Our waitress, Lisa, kept us laughing when we spilled coffee on our third round--she had us laughing so hard we missed the shuttle time to the convention center. The hotel's Wi-Fi held up through a full 5Gb movie download, which, for a work trip, is nothing short of miraculous.

The only downside?",1,doomgrave/ministral-3:8b,long,positive,unstructured,zero_shot,"first person plural, starting with the word We or Our",long_positive_unstructured_zero_shot,7,885,149,700,1,2,1.0,12,2026-08-20T10:34:42.413323+00:00
fake,homewood,Hotel,"I got to stay at Homewood on June 28th, and honestly, they really set the bar for me--especially with their 714 room. It wasn't just that it had that great view of the river; the way the sunlight streamed in first thing in the morning, waking me up without needing an alarm, was just the kind of detail that makes a trip feel special. But even better was how quiet the room was, considering it was right by the lobby. I wrote in my notebook until midnight without hearing a peep.

What really made the experience though was the staff. The concierge, Miguel, helped me book that surprise birthday dinner for my partner on my return flight--he even double-checked to make sure they'd have room for us last-minute. And let's not forget how the room service guy, Marcus, always had a smile and brought my toast just a little less dry than I'd ordered.",1,doomgrave/ministral-3:8b,long,positive,unstructured,zero_shot,the room or the hotel itself as the subject,long_positive_unstructured_zero_shot,8,847,154,700,1,2,1.0,12,2026-08-20T10:34:46.908991+00:00
fake,hyatt,Hotel,"We recently spent four nights at the Hyatt Regency Seattle and left completely impressed by the thoughtful details that make such a big difference. Our room on the 14th floor (1420) had stunning views of the water and downtown skyline, and the bed--seriously, the memory foam topper was a game-changer after our late-night hikes--had us sleeping like rocks every night. But what really stood out was the level of service. The concierge, Carlos, went above and beyond to help us navigate the rainy weekend; he booked us a last-minute spot at *The Pink Door* (with prime seating by the fireplace!) and saved us from getting soaked by showing us the fastest indoor shortcuts to the Monorail stop. The breakfast at the Lobby Level was understated but perfect--think artisanal pastries still warm from the oven and coffee that wasn't the usual sad hotel variety.",1,doomgrave/ministral-3:8b,long,positive,unstructured,zero_shot,"first person plural, starting with the word We or Our",long_positive_unstructured_zero_shot,9,857,143,700,1,2,1.0,12,2026-08-20T10:34:51.484537+00:00
fake,intercontinental,Hotel,"I had a truly lovely stay at Intercontinental in February, and the little touches made all the difference. The moment I checked in at the front desk, I was greeted by Maria, who not only remembered my repeat reservation from last year but had even taken the time to note my preference for black coffee--I got my extra-sweet latte immediately. The room (308, by the way--perfect location near the lobby) was bright, spacious, and had one of the comfiest beds I've had in years. Not just flat-out comfortable, but with that little extra give that makes waking up feel like a treat.

The breakfast buffet on Saturday was outstanding; I made my usual play for the fruit display (no one could resist their dragon fruit cupcakes), but what really stood out was how they'd kept the pastries warm. My croissant, slightly charred on the bottom but flaky inside, was the kind of culinary magic that makes me reconsider hotel dining.",1,doomgrave/ministral-3:8b,long,positive,unstructured,zero_shot,"first person singular, starting with the word I",long_positive_unstructured_zero_shot,10,922,160,700,1,2,1.0,12,2026-08-20T10:34:57.305898+00:00
fake,james,Hotel,"We had the most delightful stay at James Hotel this weekend, especially in Room 1015 on April 6th. The minute we stepped inside, we knew we were in for a treat--the room was a perfect blend of sleek design and cozy comfort. Our sheets were fluffy beyond belief, and the soft light filtering through the sheer curtains made the space feel even more inviting. Little touches like the fresh cut flowers on the side table added that extra personal touch we always love.

Breakfast at the hotel was a highlight--we had the seasonal fruit platter with our coffee each morning, but the croissants were the real star, crispy on the outside and flaky inside. We even met a few regulars at the bar who raved about the same things we did. The staff here, from Karen at the front desk to Marco in housekeeping, went above and above.",1,doomgrave/ministral-3:8b,long,positive,unstructured,zero_shot,"first person plural, starting with the word We or Our",long_positive_unstructured_zero_shot,11,820,148,700,1,2,1.0,12,2026-08-20T10:35:01.340635+00:00
fake,knickerbocker,Hotel,"The Knickerbocker started off promising, but by the second night, I'd question whether I should've just taken the Marriott across the street. Checked in for a five-night stay over Fourth of July weekend--only to find our assigned room (517) had a damp smell like it hadn't been aired in weeks, and what I assumed was mold in the shower corner. I messaged the desk about it by the third day (they never responded to the in-room text, which was weird for a hotel that supposedly prioritizes service), and was eventually moved to 608--a 'quiet' floor, supposedly. The only thing quiet about it was the fact that every time someone else in the hall opened their door, the floorboards creaked loud enough to startle the cat I'd adopted from the shelter (long story). Breakfast was a letdown too--overpriced fruit cups with bruised strawberries and yogurt that tasted like it'd been sitting out since the previous morning.",1,doomgrave/ministral-3:8b,long,negative,structured,few_shot,a verdict stated up front,long_negative_structured_few_shot,0,916,155,700,1,2,1.0,12,2026-08-20T10:35:05.953463+00:00
fake,monaco,Hotel,"Arrived in Monaco on a whim after seeing its name flash on a cruise announcement--only to leave feeling like a guest in someone else's less-than-ideal Airbnb. Stayed in **Suite 412** for a long weekend (June 12-15), expecting the usual polished Monaco experience. Instead, my expectations were repeatedly outpaced by reality. The doorman, **Pierre**, barely glanced up as I requested a porter; no one lifted my bags to the elevator, and by the time I flagged him down again at checkout, my single overnight bag had been left in the hall for hours. That alone was a bad sign.

Check-in with **Marie** in the lobby was equally rushed. She'd handed me a key without so much as a 'Bonjour' or a suggestion to take coffee upstairs--standard practice in any halfway decent hotel, but here, it felt like a check-the-box formality. Our room smelled faintly musty, a detail you'd think they'd address in 2024.",1,doomgrave/ministral-3:8b,long,negative,structured,few_shot,the reason for the trip,long_negative_structured_few_shot,1,900,152,700,1,2,1.0,12,2026-08-20T10:35:11.905984+00:00
fake,omni,Hotel,"I checked into the Omni on 11/5 for a two-night stay, but by 3:00 a.m. on the first night, I wanted nothing more than to leave. The room--#517--had a musty scent the moment we walked in, like someone had left the drapes closed for weeks. I texted the front desk right away, citing the foul odor and the fact that the A/C was rattling like a broken fan; their reply, *'Apologies, we'll have maintenance come first thing in the morning,'* was a hollow promise. First thing in the morning became after lunch, and by then, the stench was worse--the vent was dripping on the carpet, and the bed sheets felt as thick as wet towels.",1,doomgrave/ministral-3:8b,long,negative,structured,few_shot,the room or the hotel itself as the subject,long_negative_structured_few_shot,2,625,115,700,1,2,1.0,12,2026-08-20T10:35:18.041888+00:00
fake,palmer,Hotel,"The Palmer didn't feel like a hotel at all--more like a relic from an era when budget came before comfort. My room, 3042, was promised 'city views' in the online photos, but by the time I unrolled the curtains at 10:30 PM (after a 20-minute wait to check in, because the front desk still hadn't finished shuffling through an hour-long line), all I saw was the neon glow of a gas station across the alley. The air smelled like damp carpets and something faintly chemical--like the last guests had spilled bleach in the shower, not the staff. The bed had a divot near the headboard that made sleep impossible, and the 'mini-fridge' was just a shoebox with a single expired water bottle left inside. I don't even know why I noticed the noise at first--it was the hum of the HVAC, the distant hiss of the hallway pipes, and, somehow, the clanging of a metal cart being wheeled through the corridor at 2 AM. I slept with earplugs.",1,doomgrave/ministral-3:8b,long,negative,structured,few_shot,the room or the hotel itself as the subject,long_negative_structured_few_shot,3,925,168,700,1,2,1.0,12,2026-08-20T10:35:23.578822+00:00
fake,sheraton,Hotel,"We checked into the **Sheraton Chicago** for three nights--April 15-18--and the experience was more frustration than rest. The room (3408, by the way) was supposed to be a 'standard' king, but the bed was lumpy, the sheets smelled faintly damp, and the AC only cycled on and off, never fully cooling. Our first night was miserable enough, but the real issue started with the noise: at 5 AM, the crew from room 3407 banged around for what felt like hours, then the poolside music from the bar downstairs pulsed straight into our walls. I messaged front desk via the app (took *two* messages to get a reply) and was told, 'It's standard hotel noise.' Standard?! That's what they charge over $300 a night for? Breakfast was a joke--soggy waffles, stale fruit, and a buffet that looked untouched since 6:30 AM.",1,doomgrave/ministral-3:8b,long,negative,structured,few_shot,"first person plural, starting with the word We or Our",long_negative_structured_few_shot,4,806,140,700,1,2,1.0,12,2026-08-20T10:35:28.971796+00:00
fake,sofitel,Hotel,"I thought the Sofitel in Paris, which I visited in early May for a quick city trip, would be a seamless luxury stop--but this place fell far short. Our room (312, by the way) was clean enough, I'll give it that, but it didn't feel *pristine*. The bathroom rug came out when I stepped on it, and I found a single hairsheet tangled on the bedside floor, as if a previous guest never bothered to pick it up. The bedding smelled faintly chemical, like new carpets--hardly relaxing after a long day of sightseeing. The sheets weren't even crisply pressed; they had slight creases, as though someone had rolled them halfway before laying them flat.

Worse was the noise. Between 3 AM and 6 AM, the hallway was *loud*--constantly--like someone dragging a chair across linoleum or slamming a door. It wasn't the classic 'city sounds' either; it was the creeping dread of knowing the next few hours would be ruined by someone's early start.",1,doomgrave/ministral-3:8b,long,negative,structured,few_shot,"first person singular, starting with the word I",long_negative_structured_few_shot,5,931,163,700,1,2,1.0,12,2026-08-20T10:35:34.923441+00:00
fake,swissotel,Hotel,"We checked into the Swissotel in late November for three nights, expecting a polished, upscale experience given the price tag--until we realized we'd been seriously misled. Our room, 821, was supposed to be a 'standard suite,' but upon arrival, we found the bedding caked with dust on the wooden headboard (despite the recent wash tag) and a stain on one pillow that looked suspiciously like dried food. When we mentioned this to our desk clerk, Mr. Chen, he shrugged and said, 'It's always busy, but we'll switch you.' The new room, 815, was no better--the towel still smelled faintly of air freshener and the mini-fridge had a faint brown ring where moisture seeped through the gasket. For three nights, we didn't once use the bathroom sink--it had a persistent greenish film, no matter how many times we scrubbed.

The food, advertised as 'Swiss-inspired,' felt more like a disappointment after the initial novelty wore off.",1,doomgrave/ministral-3:8b,long,negative,structured,few_shot,"first person plural, starting with the word We or Our",long_negative_structured_few_shot,6,927,154,700,1,2,1.0,12,2026-08-20T10:35:40.826030+00:00
fake,talbott,Hotel,"Stayed at the Talbott mid-March for a work trip, expecting a reliable, if mid-range, option after booking six weeks in advance. My second-floor corner room (2305)--supposedly the best they had--ended up anything but. From 6am sharp, the adjacent construction crew was drilling, hammering, and shouting through thin drywall until 6pm, even on Saturdays, forcing me to keep the window shut, sweltering despite the 45°F temps. The AC unit made a low, throbbing noise constantly, whether on or 'off,' and the 'quiet hours' rule seemed to apply only on paper.

The staff, when I managed to locate one, were painfully indifferent. At check-in, the front desk clerk (I'll call him Mike) ignored my requests for an earlier check-in--despite my flight landing at 2pm--and only conceded after I'd already sat in the lobby for two hours.",1,doomgrave/ministral-3:8b,long,negative,structured,few_shot,"a time or occasion, such as a month, a season, or a trip event",long_negative_structured_few_shot,7,826,134,700,1,2,1.0,12,2026-08-20T10:35:46.720602+00:00
fake,affinia,Hotel,"After a whirlwind weekend in New York, my girlfriend and I needed a quiet place to crash before flying out--so we booked the Affinia in Times Square for the night of June 18th. The location itself was convenient enough, right near our Broadway show, but the room we got left a lot to be desired.

When we checked in, the front desk clerk, whose name tag said 'Kevin,' assured us our view of the street would be 'nice,' but by 3am, the honking and sirens made it feel anything but serene. Our room (328) smelled faintly of mildew, like someone had opened the air vents without cleaning them first. The Wi-Fi password wasn't provided until I asked twice, and even then, it kept dropping every time my girlfriend tried to stream her makeup tutorial--something she's *obsessed* about after her last travel disaster.",1,doomgrave/ministral-3:8b,long,negative,structured,few_shot,"a time or occasion, such as a month, a season, or a trip event",long_negative_structured_few_shot,8,811,142,700,1,2,1.0,12,2026-08-20T10:35:51.404124+00:00
fake,allegro,Hotel,"Visited Allegro in late October, right after their seasonal rate drop--which should've been a red flag, but you know how eager you get to save. Our room (207) smelled faintly of something industrial, not like fresh linens, and that *scent* lingered long after I left the shower running to wash it off. The sink, in particular, was a hazard: no proper drain trap, so every time I turned on the tap, a thin spray sprayed half a foot across the counter. The towels, despite their crisp appearance, felt like sandpaper--another detail that stuck with me as I packed.

Breakfast was a disappointment. The pastries looked stale, the coffee tasted like it'd been brewed with old beans, and I was told, more than once, that the buffet was 'self-serve'--fine, but the yogurts were clumped, the fruit overripe, and no one checked to see if I'd finished my juice cup before it got swiped for the next guest.",1,doomgrave/ministral-3:8b,long,negative,structured,few_shot,"a time or occasion, such as a month, a season, or a trip event",long_negative_structured_few_shot,9,896,156,700,1,2,1.0,12,2026-08-20T10:35:57.358817+00:00
fake,amalfi,Hotel,"The Amalfi's 'family room' on the 7th floor (room 720) promised a cozy escape for my husband and I after a week in Chicago, but it turned out to be anything but. For starters, the walls were *thin*--not just paper-thin, but like someone had punched holes in the drywall. Between 7 AM and 9 AM every morning, the noise from the hallway hallway and the floor above became a relentless barrage: suitcase wheels, heels clicking, someone's dog barking, and, on the second day, a toddler's cries so loud I half expected a parent to storm in to ask for the hotel to move us. (Which they didn't.) The bed was actually comfortable--the mattress sagged just enough to make it feel like we were sharing a single twin--but that was the *only* decent thing about the room. The bathroom shower flooded during the first use, soaking half the floor and dripping onto the tile outside the stall.",1,doomgrave/ministral-3:8b,long,negative,structured,few_shot,the room or the hotel itself as the subject,long_negative_structured_few_shot,10,878,156,700,1,2,1.0,12,2026-08-20T10:36:03.435065+00:00
fake,ambassador,Hotel,"We booked a two-night stay at this hotel for our friend's wedding weekend last weekend (June 28-30) and--let's just say disappointment started before we even checked in. The location is decent, right off the main drag, but once you step inside, it's obvious this place hasn't been refreshed in decades. Our room (312, the 'deluxe suite,' per the online description) was anything but. When we arrived, the carpet still smelled like mildew despite the 'freshly laundered' sign taped to the door--we're pretty sure that's how we left it. The bedding was lumpy, with a few threads snagged in the sheets, and the pillow you'd want to throw across the room (the other one was flat like a brick). Worst of all, the 'king' bed we paid extra for?",1,doomgrave/ministral-3:8b,long,negative,structured,few_shot,"first person plural, starting with the word We or Our",long_negative_structured_few_shot,11,737,128,700,1,2,1.0,12,2026-08-20T10:36:09.261906+00:00
fake,conrad,Hotel,"For a place like The Conrad, you'd expect nothing less than flawless--but my two nights (room 517, booked June 10-12) made me question whether the hype lives up to the hype. The room itself was okay--fine for a weekender, with solid soundproofing (good, since neighbors were loud) and a great view, but that's where the positives end. The sheets were *rough*, as if washed in concrete, and despite leaving a tip for room service after a cold lobster roll (because *really?*), the next morning I found a single, limp napkin left on the bedside table as if it had forgotten what it was doing there. No towels were replaced despite two empty racks; I had to call down to housekeeping for extra, and the woman on the phone was so dismissive--'Oh, it's the same story every week!'--that I nearly hung up in frustration.

Breakfast was a letdown, too.",1,doomgrave/ministral-3:8b,long,negative,structured,zero_shot,the room or the hotel itself as the subject,long_negative_structured_zero_shot,0,845,148,700,1,2,1.0,12,2026-08-20T10:36:14.969034+00:00
fake,fairmont,Hotel,"We checked into the Fairmont Le Royal Cairo on October 15 for a week, expecting top-tier Egyptian hospitality--what we got felt like a high-end letdown. Our room, suite 412, promised 'canopy beds and Egyptian vistas,' but after settling in, we found the bedsheets had a faint mildew scent (still odd after the second wash), and though the 'view' was of an empty pool deck, the AC was so loud it drowned out any chatter. The front desk clerk, Ahmed--who kept slipping our name--assured us it was a 'luxury experience,' but 'luxury' doesn't include a towel that disintegrated after one use or a minibar stocked with overpriced sodas past their expiration date (we noted the labels).

The real kicker? Location.",1,doomgrave/ministral-3:8b,long,negative,structured,zero_shot,"first person plural, starting with the word We or Our",long_negative_structured_zero_shot,1,708,119,700,1,2,1.0,12,2026-08-20T10:36:19.406012+00:00
fake,hardrock,Hotel,"I stayed at the Hard Rock Hotel from September 10th to 12th in room 627, and while I'd expected better, I'd do it again *only* for the venue's reputation--not because I'd want to return. The location is *fine* for a tourist, but the surrounding area feels like a tourist trap, with restaurants serving overpriced, mediocre food just steps outside. Breakfast at the hotel's dining room? A half-hearted spread. I arrived at 7:45am for the buffet and found lukewarm coffee, sad omelets that tasted more like eggs mixed with sad, and a breakfast bar that seemed untouched since the day before. The staff didn't even notice me waiting at the pastry station until I waved a third time. At least the room had air conditioning (a miracle after the humid August trip), but the bedsheets had a strange, slightly chemical smell, and upon closer inspection, I found a hair in the towel from the previous guest--nice.",1,doomgrave/ministral-3:8b,long,negative,structured,zero_shot,"first person singular, starting with the word I",long_negative_structured_zero_shot,2,904,155,700,1,2,1.0,12,2026-08-20T10:36:24.870770+00:00
fake,hilton,Hotel,"I stayed at the Hilton in Downtown New Orleans last weekend (November 10-12) for a quick business trip and was genuinely disappointed by my experience--it's not the consistent reliability I expected for the price. The location, supposed to be central, was actually a short Uber ride from the French Quarter, a detail missing from the online map. The hotel claimed to be near Bourbon Street but was tucked behind a loud interstate exit, with construction noise from 7am until late every day. I booked a standard room (Room 324) expecting standard Hilton quality; instead, the sheets felt thin as dollar-store bedding, and the bathroom shower had weak pressure, almost forcing me to hold the nozzle to get any warmth. The Wi-Fi kept dropping at inopportune moments, leaving me scrambling to complete urgent emails mid-conversation.

The staff was the most unreliable part.",1,doomgrave/ministral-3:8b,long,negative,structured,zero_shot,"first person singular, starting with the word I",long_negative_structured_zero_shot,3,870,141,700,1,2,1.0,12,2026-08-20T10:36:30.002841+00:00
fake,homewood,Hotel,"Our one-night stay at Homewood (room 418) on November 12th felt like a sharp lesson in overpromising and underdelivery. For $329 a night--more than a decent boutique hotel would charge for twice the amenities--we were sold on the promise of 'elegant charm' and 'urban sophistication.' In reality, it felt like an overpriced, under-maintained relic clinging to relevance.

The front desk clerk, a harried-looking man named Jake who barely glanced up from his screen when we checked in, handed us a key card without a single smile or welcoming gesture. By midnight, we were already regretting the decision when the thin walls upstairs let in every sneeze, shuffle, and raised voice from the neighboring room (617, if you're curious). Sleep was impossible, and by 2 AM, we were wide awake, staring at the chipped paint near the doorframe--a detail no one should notice in a $300/night hotel.

The real kicker?",1,doomgrave/ministral-3:8b,long,negative,structured,zero_shot,"first person plural, starting with the word We or Our",long_negative_structured_zero_shot,4,906,149,700,1,2,1.0,12,2026-08-20T10:36:35.235288+00:00
fake,hyatt,Hotel,"I stayed at Hyatt Place Chicago-MidLoop on November 12-14, but the experience left me more frustrated than refreshed. The check-in was fine, but the room (1056) felt like a missed opportunity--basic amenities were overlooked. The bedsheets were damp with a faint musty scent, and while the shower drained well, the towels were so thin they could've doubled as napkins. The room service tag said *Housekeeping checked in*, but it was clear it hadn't actually been cleaned in days.

Breakfast at the on-site cafe was a disappointment. The omelet bar was sparse, the croissants were rock-hard, and my toast kept sliding off the plate like wet cardboard. After one attempt, I gave up. The staff was polite, but it felt like they'd forgotten how to run a functional kitchen.

The noise levels were the real killer. My neighbor above me stomped like an elephant at 6:30 AM, and the thin walls let every word filter through--noise, not comfort.",1,doomgrave/ministral-3:8b,long,negative,structured,zero_shot,"first person singular, starting with the word I",long_negative_structured_zero_shot,5,937,157,700,1,2,1.0,12,2026-08-20T10:36:40.429824+00:00
fake,intercontinental,Hotel,"I visited Intercontinental Kuala Lumpur for three nights last weekend (May 17-19) for a last-minute work trip, expecting the usual polished Intercontinental experience. Check-in was painfully slow at the front desk, and by the time I finally received my keys for room 513, the elevator had just stopped on my floor for the second time. The welcome basket promised 'indulgence'--but the chocolates tasted stale, the coffee sachets were empty, and the room key fob was stuck.

By the second day, the bathroom carpet showed significant damp spots under the sink, and despite my requests, no housekeeping arrived to address the issue--even after I messaged Front Desk with a photo at 11:30 AM.",1,doomgrave/ministral-3:8b,long,negative,structured,zero_shot,the reason for the trip,long_negative_structured_zero_shot,6,689,112,700,1,2,1.0,12,2026-08-20T10:36:45.971647+00:00
fake,james,Hotel,"We stayed at The James on March 16th in room 514, expecting a boutique escape after a long trip, but the experience felt more like an afterthought than a luxury stay. The moment we checked in, the front desk attendant, Karen, barely glanced up from her phone to ask for our names--no greeting, no eye contact--before waving us toward an elevator that sputtered halfway up like it had seen better decades. Noise was the real killer: at 6:30 AM, we were jolted awake by a construction crew banging outside our door, though the website promised 'quiet retreat.' The 'minibar' was stocked with overpriced bottled water and a half-empty soda can that hadn't been restocked in days. And the breakfast buffet? A sad array of stale pastries and lukewarm coffee from a machine that smelled like burnt oil--we left after 10 minutes. The pool area, our reason for choosing the hotel, was cluttered with empty cups and a broken umbrella chain.",1,doomgrave/ministral-3:8b,long,negative,structured,zero_shot,"first person plural, starting with the word We or Our",long_negative_structured_zero_shot,7,931,160,700,1,2,1.0,12,2026-08-20T10:36:50.380995+00:00
fake,knickerbocker,Hotel,"I stayed at the Knickerbocker in early June (Room 614) for three nights--something of a disaster given how much I paid for it. The location *is* central (a block off Times Square), but the reality is that every window rattled like a drum solo at 3 AM by the construction site across the street. The noise was constant: jackhammers, pile drivers, you name it--none of the usual 'city sounds' warning labels. I slept with earplugs in by day two, just so I could rest.

The room smelled vaguely of mildew, despite multiple requests to the night clerk, *Mr. Patel*, to change it. The towels were threadbare, the bath mat was disgusting (I saw a hair *from another guest*--not mine), and the TV screen had a permanent flicker near the edges. The shower head leaked in at least three places, and the air conditioner was on its last legs--62 degrees in June, please.",1,doomgrave/ministral-3:8b,long,negative,structured,zero_shot,the room or the hotel itself as the subject,long_negative_structured_zero_shot,8,859,152,700,1,2,1.0,12,2026-08-20T10:36:54.753157+00:00
fake,monaco,Hotel,"Our two-night stay at the Monaco on January 12-13th left us deeply frustrated--disproportionately so for the steep price we paid. Our room, 324 on the third floor, was promised 'quiet,' but it might as well have been in the middle of a construction zone; every time a guest down the hall slammed their door at 3 AM (yes, really), or the nearby air conditioner kicked on at full blast, the thin walls failed to muffle a thing. We politely mentioned it to the front desk clerk, Maria (who seemed exhausted and already had three other issues to solve), but no one ever came by--or even acknowledged the request.

Breakfast in the overly bright, sterile cafe was another letdown. The pastries had cooled by the time we got there at 8:15 AM, and the 'fresh fruit' was sad, waterlogged mango. I asked for coffee with less milk; the server, Jake, just sighed and told us to 'deal with it' before moving on.",1,doomgrave/ministral-3:8b,long,negative,structured,zero_shot,"first person plural, starting with the word We or Our",long_negative_structured_zero_shot,9,899,161,700,1,2,1.0,12,2026-08-20T10:36:58.964684+00:00
fake,omni,Hotel,"Our three-day stay at The Omni was marred by inconsistencies that made it hard to justify the high price. The room--417--was supposed to be a 'premium' suite, but upon arrival, we found a sticky mark on the bedside lamp that refused to wipe away no matter how much we scrubbed. The bedding smelled faintly of old fabric softener, and the towels looked like they'd been machine-dried in a hurry, with rough edges still sharp against our skin. By Day Two, we'd moved the bedsheets over twice just to avoid that clammy texture, which made me question if the housekeeping team had run out of fresh linens.

The breakfast buffet on Friday morning was another letdown--where were the fresh pastries? The croissants were still warm, but the bottoms were leaden, like they'd been microwaved instead of baked.",1,doomgrave/ministral-3:8b,long,negative,structured,zero_shot,"first person plural, starting with the word We or Our",long_negative_structured_zero_shot,10,800,136,700,1,2,1.0,12,2026-08-20T10:37:04.513315+00:00
fake,palmer,Hotel,"Visiting my niece's wedding in Palm Beach on May 12th--thought the Palmer at Breakers would be a nice, reliable choice, but between the broken AC and overpriced room, I left exhausted. Check-in was a mess; the agent at desk 5, whose name tag read 'Lena,' had my reservation wrong, swapping dates with another guest and wasting fifteen minutes. By the time we sorted it out, it was already 8:30 PM, and the bellboy tripped over his own bag rolling my suitcase down the hallway--luckily nothing hit, but his 'sorry' lacked the enthusiasm of a sincere apology.

My suite (1214) had a great view of the ocean, but the moment we walked in, the stench of mildew from the bath mat and an unwashed towel in the linen closet ruined it. We opened the window for fresh air, but the noise from the highway and nearby bars made even that unpleasant.",1,doomgrave/ministral-3:8b,long,negative,structured,zero_shot,the reason for the trip,long_negative_structured_zero_shot,11,836,150,700,1,2,1.0,12,2026-08-20T10:37:08.802211+00:00
fake,sheraton,Hotel,"I swear, my week at the Sheraton should have been a business retreat escape, not a reminder of why I avoid corporate chain hotels. Checked in on a Monday--room 427 (because even the room numbers felt like a vibe check)--and right away, the front desk agent, whose name tag said *Darla* but whose demeanor said *please go away*, told me breakfast was included in my rate, which was *exactly* what I paid attention to when booking. Two days in, I realized no one ever asked me if I wanted the complimentary breakfast (because, you know, it was free?), so I politely asked for it. Three responses: a blank stare, a shrug, and then a whispered *I'll check*. No check came. When I finally dug into my emails on day three, there it was--some 20-page PDF titled *'Terms & Conditions of Sheraton Guest Services'* where, buried in paragraph 7, was that breakfast was only guaranteed if I *pre-registered* within 24 hours.",1,doomgrave/ministral-3:8b,long,negative,unstructured,few_shot,"first person singular, starting with the word I",long_negative_unstructured_few_shot,0,912,160,700,1,2,1.0,12,2026-08-20T10:37:14.920980+00:00
fake,sofitel,Hotel,"I checked into the Sofitel on a Friday night for what I thought would be a quick stopover before an early morning flight, but from the start, things went horrendously wrong. The moment I handed over my key at reception, it was clear the team hadn't prepared for my booking--my reservation showed up on the screen as 'Vacant, check-out 15:00' even though it was a direct confirmation sent two weeks prior. The front desk agent, a woman named Ms. Patel, claimed she'd been on a break for three hours and hadn't seen it. She told me my room--supposedly the standard room 309 with a view of the lake--was 'double-booked,' which I found impossible to believe given how quiet the hall was. After a twenty-minute chase through the property to track down the assistant manager, we settled on a cramped, noisy room on the fifth floor with a bed that felt like it had been manufactured in the '80s.",1,doomgrave/ministral-3:8b,long,negative,unstructured,few_shot,"first person singular, starting with the word I",long_negative_unstructured_few_shot,1,888,158,700,1,2,1.0,12,2026-08-20T10:37:21.161650+00:00
fake,swissotel,Hotel,"Arrived at Swissotel Chicago for a short weekend getaway in November, expecting at least average mid-range luxury. First impression: overpriced for what you get. The room (1212, by the way--let me know if this was a fluke) looked fine upon entry--standard Swissotel decor, decent bed--but details like the TV remote batteries dying mid-movie and the showerhead spray turning spotty after 5 minutes made it clear we'd be paying extra for issues better handled elsewhere.

Breakfast at the lobby was underwhelming: the 'continental' spread was more like a sad assortment of soggy croissants, overcooked fruit, and weak coffee served in chipped mugs. The concierge, Michelle, was pleasant but completely baffled when we asked for a car service that worked after 9pm (she double-checked the list for *five* minutes). The pool, supposedly a highlight, closed at 6pm--*weekends*--because, apparently, 'staff training.' Noted.

Worst part? The keycard.",1,doomgrave/ministral-3:8b,long,negative,unstructured,few_shot,"a time or occasion, such as a month, a season, or a trip event",long_negative_unstructured_few_shot,2,945,143,700,1,2,1.0,12,2026-08-20T10:37:25.618228+00:00
fake,talbott,Hotel,"Forget everything you know about urban luxury hotels--the Talbott isn't it. My third-floor room (317, if you're tracking) felt like a demo unit from a home depot after a storm. The bedding was stiff as cardboard, and the 'upgraded' pillows--whatever that meant--left me wondering if they'd been sleeping on a mattress since the '80s. The towels were thin, and when I tried to hang one to dry in the dead humid morning, half the loop tore at the weak seam, making me look like I'd lost a small battle.

Then there's the staff--specifically, the two housekeeping ladies who treated our room like it belonged to someone else. They knocked at 10:15 on a Saturday (11/11, because dates matter here) like we were hoarding free water bottles at $4 a pop. The noise was deafening: slamming the fridge, banging drawers like they were being attacked, and that dreadful wheezing of the window AC when they'd set the temp to 'snow storm' while we slept.",1,doomgrave/ministral-3:8b,long,negative,unstructured,few_shot,the room or the hotel itself as the subject,long_negative_unstructured_few_shot,3,941,163,700,1,2,1.0,12,2026-08-20T10:37:31.579472+00:00
fake,affinia,Hotel,"I'll admit, the Affinia's exterior caught my eye--modern, sleek, right in the Loop--so I assumed the inside would match. But first impression was already off when the front desk clerk, named Lisa (she asked for her name badge), barely glanced up from her phone to take our reservation details. No 'welcome to Chicago' or even a smile, just a curt 'I'll put you in room 608--hope you don't need anything special.' Fine, we didn't. But by the time we settled in, I'd already had enough to question why we'd chosen this place over the Four Seasons, which we'd passed on the same block.

Room 608 wasn't bad--clean enough, the king bed was firm but not unbearable--but that's where the positives stopped. The shower's water pressure fluctuated like a teenager's mood: strong one minute, then barely a trickle.",1,doomgrave/ministral-3:8b,long,negative,unstructured,few_shot,"first person singular, starting with the word I",long_negative_unstructured_few_shot,4,805,137,700,1,2,1.0,12,2026-08-20T10:37:37.496040+00:00
fake,allegro,Hotel,"This place should be called *Allegro*--as in the musical, not the sleek, modern hotel it bills itself to be. Room 312 smelled faintly of damp laundry (not the hotel's fault, I guess, but the thin curtains did nothing to block the chilly draft that seeped in overnight). The bed was lumpy, and when I rolled over at 3 a.m. looking for a firmer surface, the mattress groaned like a tired friend. I texted room service at 10 p.m. to ask for a pillow--*one* of the ones in the drawer, please, the flat one--because the ones on the headboard were still pillowed from the last guest's slumber. No response until 11:30, by which time my neck had decided my spine was a personal enemy. I got a call from a front-desk agent (Javier? Jorge? The accent made it hard to tell) who said they'd send someone up with a pillow *in 20 minutes*--because, apparently, the ones in the drawer weren't up to snuff.

Breakfast was a letdown too.",1,doomgrave/ministral-3:8b,long,negative,unstructured,few_shot,the room or the hotel itself as the subject,long_negative_unstructured_few_shot,5,921,167,700,1,2,1.0,12,2026-08-20T10:37:42.969982+00:00
fake,amalfi,Hotel,"I stayed at the Amalfi for three nights this past weekend (May 18-20), and while the exterior looks stunning--especially in the photos--I was genuinely underwhelmed by almost everything. Check-in was fine, but I was given room 212, which they'd 'just cleaned'--by which I mean there was a smear of old toothpaste on the sink, a hair caught in the curtain rod, and the sheets smelled faintly musty, even after changing them. The maid, Marta, was nice, but her work was sloppy. I mentioned it to the front desk that evening, and they promised to alert the housekeeping manager, but nothing changed. By night two, I had to ask the receptionist (whose name tag said 'Carlos') to send up fresh towels because the ones in the closet were so damp they felt like bath towels.

Then there's the Wi-Fi--constant dropping, especially in my room's corner, no matter how many times I called the concierge desk.",1,doomgrave/ministral-3:8b,long,negative,unstructured,few_shot,"first person singular, starting with the word I",long_negative_unstructured_few_shot,6,897,154,700,1,2,1.0,12,2026-08-20T10:37:48.755759+00:00
fake,ambassador,Hotel,"Honestly, my stay here was so frustrating it overshadowed the whole trip. From the moment we checked in--Room 412, by the way, which was supposed to be quiet--the vibe was already off. The keycard didn't scan properly twice before someone named Greg at the desk just *tapped* my wrist with a pen like I was wasting his time (he said 'just a glitch' but I saw him frowning). That tiny detail bothered me more than anything--no apology, no effort to make it right.

The room itself felt like it was stuck in the '80s. The bedspread had some weird yellow stains, and the curtains were so thin that every time someone outside stepped on the sidewalk, the sun hit us in the face. The bathroom? The sink was cracked--you could stick a credit card between the porcelain and the baseboard, and the mirror fogged up so badly by morning that I couldn't see myself at all.",1,doomgrave/ministral-3:8b,long,negative,unstructured,few_shot,a verdict stated up front,long_negative_unstructured_few_shot,7,861,156,700,1,2,1.0,12,2026-08-20T10:37:54.444902+00:00
fake,conrad,Hotel,"We booked our room--318--for a 5-night stay in May, convinced the Conrad's reputation would justify the splurge after our last chaotic trip. From the moment we arrived, the experience fell far short of expectations. The doorman, Miguel, barely looked up from his tablet when I handed over our keys, and when I mentioned our room was booked with a balcony overlooking the river, he shrugged and said, *'Not sure, ma'am. Check the folder.'* It was the 8th-floor room without a view--no mention was made at check-in, and no refund was offered.

The room itself was clean, but the pillow menu was more joke than amenity; every option we picked was either stained, lumpy, or, in one case, *'just like this one'* (the house classic). Breakfast at the 65th-floor bar was overpriced, and our waiter, Carlos, ignored our repeated requests for ice in our coffee, despite his own mug being full. We didn't even finish ours. The worst offense?",1,doomgrave/ministral-3:8b,long,negative,unstructured,few_shot,"first person plural, starting with the word We or Our",long_negative_unstructured_few_shot,8,931,158,700,1,2,1.0,12,2026-08-20T10:37:59.793089+00:00
fake,fairmont,Hotel,"Arrived at the Fairmont Palm Beach at 11:30pm after a long drive with high hopes--first time in West Palm, after all--but the moment check-in started, I knew something was off. The hostess, whose name badge read *Michelle*, seemed more preoccupied with her phone than our reservation (B622, booked months ago). Told we'd have to wait until 2am for a key--*2am*, not even midnight--because of some 'system update,' even though the front desk looked busy and no one else was in line. That 'update' kept getting pushed back, so by the time we finally got in, it was 2:15am. Room was fine, I suppose--decent size, good bed--but the desk was too narrow for my laptop, and the Wi-Fi kept buffering every time I tried to send work emails. Next morning, I asked for breakfast and was directed to the *other* Fairmont across the street, which was fine, but the staff here acted like we were imposing on them.",1,doomgrave/ministral-3:8b,long,negative,unstructured,few_shot,a verdict stated up front,long_negative_unstructured_few_shot,9,899,157,700,1,2,1.0,12,2026-08-20T10:38:04.742836+00:00
fake,hardrock,Hotel,"I checked into the Hard Rock last weekend--specifically the 'Eddie Vedder' room on the 7th floor--and it was already letting me down before I even got my key. The front desk clerk, whose name badge said 'Rafael' (he kept correcting me when I called him 'Steve,' but whatever), seemed more interested in his phone than in handing me the keys. Turned out our room wasn't ready, and it took a full 20 minutes while we sat in a drafty lobby--no Wi-Fi, no coffee, not even an apology--before I got my key. By then, I was already mentally calculating how much cheaper a Motel 6 would've been.

The room itself? A 'vibe,' sure--Vedder posters and soundboard covers were nice, but they were plastered over thin carpet that had seen better decades. The bed was lumpy enough I woke up with a crick in my neck, and the shower curtain? Stuck halfway across the tub for the whole stay.",1,doomgrave/ministral-3:8b,long,negative,unstructured,few_shot,"first person singular, starting with the word I",long_negative_unstructured_few_shot,10,872,157,700,1,2,1.0,12,2026-08-20T10:38:09.704757+00:00
fake,hilton,Hotel,"I expected better for the price after reading so many glowing reviews online, but my three-night stay at Hilton Chicago was frustratingly disappointing. I checked in on April 18th, Room 674--right next to the elevators--and almost left immediately when I saw how dated the room was. The bedding had obvious stains, the shower curtain was dingy and smelled musty, and the remote controls didn't work. I texted the front desk to complain, and by the time Assistant Manager Patel showed up with a replacement TV remote, we were already running late for our meeting downtown. That's when the real problems started: our reservation at the hotel's restaurant was misplaced twice, the staff kept interrupting us with 'express service' (which was late, cold, and half the dishes were dirty), and the Wi-Fi cut out during crucial conference calls. The worst part? The valet forgot to return my car for three hours, leaving me stranded.",1,doomgrave/ministral-3:8b,long,negative,unstructured,few_shot,"first person singular, starting with the word I",long_negative_unstructured_few_shot,11,926,153,700,1,2,1.0,12,2026-08-20T10:38:13.731138+00:00
fake,homewood,Hotel,"I checked into Homewood Suites by Hilton on November 15 for a weeklong stay to escape the cold, but I ended up feeling more stressed than relieved. The room (328) was decent--clean but surprisingly small for the price, with the twin beds pushed together uncomfortably close. I never did get to use the kitchenette because the fridge in 328 was out of order the first night, and when I mentioned it to the desk clerk, Jason, he just shrugged and said they'd look into it by 10 AM--except it wasn't fixed until 4 PM on the third day. The worst part? The Wi-Fi in my room kept dropping at 3 AM, jolting me awake every time I needed it to book last-minute travel or check messages from my anxious relatives.

Then there was the maid, Maria, who showed up unannounced at 9 AM one morning while I was on the phone with a client.",1,doomgrave/ministral-3:8b,long,negative,unstructured,zero_shot,"first person singular, starting with the word I",long_negative_unstructured_zero_shot,0,822,154,700,1,2,1.0,12,2026-08-20T10:38:18.370215+00:00
fake,hyatt,Hotel,"Our stay at Hyatt on December 3rd-4th was a mess. The booking process itself was frustrating--when we checked in around 3:30 PM, we were shuffled between three different front desk agents, none of whom could confirm our reservation, despite multiple emails confirming. One agent, a nameless kid in a blue polo, insisted our room was already taken, even though our email had a block. Finally, another team member, Susan, pulled it up and gave us room 307, but by then we were an hour late for a wedding reception.

The room itself was supposed to be a suite, but we got a standard double with half the closet space--no mention of this in our original booking. The bed, a sad queen in a room that smelled faintly of mildew, had a single dent in the middle. We switched it over, and the other half was equally uneven.",1,doomgrave/ministral-3:8b,long,negative,unstructured,zero_shot,"first person plural, starting with the word We or Our",long_negative_unstructured_zero_shot,1,814,147,700,1,2,1.0,12,2026-08-20T10:38:24.280034+00:00
fake,intercontinental,Hotel,"I stayed at Intercontinental Los Angeles last weekend (June 12-14) and left thoroughly unimpressed. My room (328--though honestly, any number feels like a joke after this stay) was a disaster. When I walked in, the first thing I noticed was a stale, almost chemical odor--like damp drywall and cleaning products left to linger. I texted housekeeping at 3 PM that afternoon to report it, and while the attendant (her name tag read 'Maria') checked it in within 30 minutes, the smell didn't vanish. It just got stronger, almost suffocating by evening. The sheets were clean enough--too new, actually, like I was staying in a sample room--but the pillows felt flat, and the mattress groaned *loudly* every time I shifted.",1,doomgrave/ministral-3:8b,long,negative,unstructured,zero_shot,"first person singular, starting with the word I",long_negative_unstructured_zero_shot,2,718,119,700,1,2,1.0,12,2026-08-20T10:38:30.288248+00:00
fake,james,Hotel,"Honestly, my stay at James was a real letdown--especially for the price. My room (#209 on the third floor) was *supposed* to have a view of the marina, but when we checked in on June 15th, the 'ocean-view' wall was just a blank, dingy window looking into another building's side. The bed was a disaster: lumpy mattress with stains that looked like they'd been there for years, and the sheets--well, they were clearly washed in the same water as someone who'd eaten spicy wings for dinner. Even the 'fresh' towels smelled like mildew.

But the real kicker was the service--or lack thereof. I texted the front desk (name of my associate was Jamie, by the way--didn't bother learning her) on June 16th around 3 PM to report a leak under the sink in my bathroom. She said they'd send someone by 5 PM. Two hours later, still nothing.",1,doomgrave/ministral-3:8b,long,negative,unstructured,zero_shot,the room or the hotel itself as the subject,long_negative_unstructured_zero_shot,3,828,148,700,1,2,1.0,12,2026-08-20T10:38:35.485833+00:00
fake,knickerbocker,Hotel,"After nearly four days in Chicago--supposedly a trip to remember--I ended up stuck in this Knickerbocker experience more like a bad dream. Let's start with the room itself. When we checked in (May 12th, room 517, by the way), the 'welcome basket' was a sad joke--dry, stale cookies and an expired magazine. The AC barely kicked in at all; we sweated through half the stay until I finally called housekeeping and got some fan help. Speak of the devil: our housekeeper, Kim (I asked for her name), never returned my messages, despite the room's heat and my repeated calls.

The breakfast buffet was a letdown, too. The pastries tasted like cardboard, the coffee was either scalding or icy, and half the fruit was bruised. Worst of all? The staff ignored us like we were invisible--no smiles, no checks, no effort.",1,doomgrave/ministral-3:8b,long,negative,unstructured,zero_shot,"a time or occasion, such as a month, a season, or a trip event",long_negative_unstructured_zero_shot,4,811,140,700,1,2,1.0,12,2026-08-20T10:38:40.780750+00:00
fake,monaco,Hotel,"Arrived at the Monaco on May 17th expecting something sophisticated, but left feeling like we overpaid for a basic experience. Booked the Presidential Suite (1804) based on online photos--they looked stunning, but the reality was far from it. Our room was small, with walls so thin we heard every shuffle from the adjacent rooms--even the hotel's vacuuming crew around 6:30 AM on weekdays. The view was decent enough, but the floor-to-ceiling windows had a weird foggy film that wouldn't wipe off, making it feel like we were peering through a grungy barrier. Not to mention the bed--hard as a rock, with sheets that smelled faintly of damp. Room service was hit or miss; our first tray arrived lukewarm, and the waitress, Maria, barely looked at me when I asked for an extra pillow.

Dining at the Marigold was another letdown.",1,doomgrave/ministral-3:8b,long,negative,unstructured,zero_shot,the reason for the trip,long_negative_unstructured_zero_shot,5,828,140,700,1,2,1.0,12,2026-08-20T10:38:46.760618+00:00
fake,omni,Hotel,"We booked a weekend at The Omni in April for my partner's birthday, expecting the usual polished experience--you know, the kind you read about in magazines. Instead, our stay felt like a well-staged misstep, not quite matching the price tag or the hype. First off, the check-in was painfully slow; the concierge at the front desk, Mr. Carter (I checked his name badge), spent *15 minutes* explaining the 'premium bed upgrade' we hadn't requested, which we later learned was a typo (they'd charged us extra for a basic king we already had). We got a room (2317--*beautiful view, but the curtains stuck constantly*), but the Wi-Fi kept cutting out during breakfast at the *supposedly* award-winning lobby lounge. Our morning coffee was ice-cold from the self-serve station, and the muffins had been sitting out for hours--no excuse for that at a place this high-end.

Then came the spa.",1,doomgrave/ministral-3:8b,long,negative,unstructured,zero_shot,"first person plural, starting with the word We or Our",long_negative_unstructured_zero_shot,6,884,147,700,1,2,1.0,12,2026-08-20T10:38:52.871871+00:00
fake,palmer,Hotel,"Just got back from my 3-night stay at Palmer--supposed to be my last one after a work trip, since I heard it was a great spot for groups. Checked in Monday night to room 214, and let's just say it set a low bar. The first thing that struck me was the check-in: it felt rushed. My assistant's name wasn't even in the system when I arrived, so we had to wait five minutes while the front desk attendant, whose name tag read 'Marcus,' looked it up. When we finally got the room, the bed was covered in what I * swear * were cat hairs (we're allergic) and the sheets had a weird chemical smell like someone had just sprayed furniture polish in the room. I asked about housekeeping, and the clerk said they'd just redone it, but... yeah, no.

Then there's the food. We reserved a room for four and ordered room service Thursday evening (birthday dinner, big deal) between 7:30-9 PM. By 8:30, we'd given up. No call, no text, nothing.",1,doomgrave/ministral-3:8b,long,negative,unstructured,zero_shot,"a time or occasion, such as a month, a season, or a trip event",long_negative_unstructured_zero_shot,7,928,174,700,1,2,1.0,12,2026-08-20T10:38:58.845070+00:00
fake,sheraton,Hotel,"Our recent stay at the Sheraton was far from the polished, attentive experience we expected--especially for the price. From the moment we checked in on a Friday afternoon at 3:15 PM, the room's readiness made us wary. We'd reserved room 412 after checking the online photos (which *promised* a spacious balcony), but when we arrived, the air conditioning felt weak--we asked to switch rooms, and after five minutes of fruitless searching, a clerk called us to '1417,' only to reveal a cramped, outdated unit with a window that wouldn't fully close. The balcony? A tiny ledge overlooking the parking lot, not even screened. We told the front desk, but they promised 'something better'--what followed was another shuffle, this time to 518, where the floor was sagging, the bed frame groaned with every movement, and the shower head clogged half the time.

Worst of all was the service.",1,doomgrave/ministral-3:8b,long,negative,unstructured,zero_shot,"first person plural, starting with the word We or Our",long_negative_unstructured_zero_shot,8,883,147,700,1,2,1.0,12,2026-08-20T10:39:04.602537+00:00
fake,sofitel,Hotel,"I checked into the Sofitel in Paris recently--expectations were high after all the hype, but wow, what a letdown. I'd booked the room (318) specifically for the supposed 'artistic flair' and 'charming Parisian vibe' for a weekend getaway with my partner, but let's just say it fell far short.

From the moment we arrived, the staff--especially the concierge, Mr. Dubois--struggled to manage the basics. I asked for directions to a nearby cafe (La Maison Rose) around noon, and he double-checked twice before scribbling directions that led us on a 15-minute detour through a construction zone. When I finally asked for coffee refills, my waiter, Laurent, kept apologizing and bringing the same lukewarm pot over, like he thought I'd settle for stale stuff. I didn't even want to ask for the *proper* French press--the barista at the lobby cafe had it down in minutes.

The room itself? Disappointing.",1,doomgrave/ministral-3:8b,long,negative,unstructured,zero_shot,"first person singular, starting with the word I",long_negative_unstructured_zero_shot,9,899,147,700,1,2,1.0,12,2026-08-20T10:39:10.378307+00:00
fake,swissotel,Hotel,"My trip to Swissotel earlier this year during peak season left me with nothing but disappointment. Let me just say this--it's not what I expected from a supposedly luxury hotel. When I checked in at room 327 on June 10th, the room was barely adequate. The towels smelled like chlorine, and the sheets felt stiff and rough under my fingers. I had been looking forward to the in-room coffee station, but the beans were stale, and the machine barely pushed out lukewarm, bitter sludge. I texted front desk about it--my name's Emma, by the way--and they promised to fix it by morning. Spoiler: they didn't.

Then there was the bathroom. The shower's water pressure was laughable, and the curtain kept slipping, making the floor slippery. I stepped out and--thanks to the soap residue--slid right into the sink, which *nearly* knocked me out. Staff member Linda apologized profusely but assured me it was 'totally fine.' Fine?",1,doomgrave/ministral-3:8b,long,negative,unstructured,zero_shot,"a time or occasion, such as a month, a season, or a trip event",long_negative_unstructured_zero_shot,10,921,155,700,1,2,1.0,12,2026-08-20T10:39:15.939644+00:00
fake,talbott,Hotel,"The Talbott's front desk on Saturday night couldn't have been more off-putting. First off, I never even got to meet our assigned room's 'concierge' (the signout sheet had their name, but I was told later they'd gone home early), and the clerk who checked me in, Greg--who *claimed* to know his job--tripped over his own feet when he tried to explain the Wi-Fi password. Said it was 'supposed to be 'TheCove1234'' (not a thing) before realizing I'd already got it on my own. Small stuff, you'd think, but it set a tone: like a room full of people who had their head in the sand about basic service.

We were in 514--supposedly the quiet corner, right? Wrong. From 2am to 4am, the couple in 515 *hammered* at the wall like they were trying to redefine heavy metal. (I texted the hotel: 'Is there any way to cover that wall?' Answer: no, because apparently 'acoustic paneling' only applies to certain floors and not the ones they assign first-come.",1,doomgrave/ministral-3:8b,long,negative,unstructured,zero_shot,the room or the hotel itself as the subject,long_negative_unstructured_zero_shot,11,945,167,700,1,2,1.0,12,2026-08-20T10:39:22.072444+00:00
