Binary_label,Category,domain,text,is_synthetic,source,length,sentiment,structure,example_mode,opener_move,cell_id,rep_index,n_chars,n_words,target_chars,in_length_band,n_attempts,gen_temperature,gen_seed,timestamp
fake,affinia,Hotel,"During our three-night stay at Affinia, we were impressed by the quiet rooms despite being in the city. The value for money was excellent, and the breakfast offerings were both varied and delicious.",1,qwen2.5:32b,short,positive,structured,few_shot,"a time or occasion, such as a month, a season, or a trip event",short_positive_structured_few_shot,0,198,33,200,1,1,1.0,12,2026-08-14T17:58:26.511818+00:00
fake,allegro,Hotel,"We had a fantastic stay at Hotel Allegro; the staff were incredibly helpful, especially Jane at the front desk. The location was perfect for exploring the city, and breakfast offered a nice variety without being too noisy.",1,qwen2.5:32b,short,positive,structured,few_shot,"first person plural, starting with the word We or Our",short_positive_structured_few_shot,1,222,37,200,1,2,1.0,12,2026-08-14T17:58:28.624188+00:00
fake,amalfi,Hotel,"The Amalfi truly impressed with its prime location right by the sea, friendly staff who went out of their way to help (special shoutout to Giovanni at the front desk), and a delightful breakfast spread that kept us fueled for our day's adventures.",1,qwen2.5:32b,short,positive,structured,few_shot,a verdict stated up front,short_positive_structured_few_shot,2,247,43,200,1,2,1.0,12,2026-08-14T17:58:31.416846+00:00
fake,ambassador,Hotel,"Visited for a business conference and stayed four nights. The staff, especially receptionist Sarah, was incredibly helpful and friendly. Room 305 was quiet, and the location near downtown made it easy to explore after meetings.",1,qwen2.5:32b,short,positive,structured,few_shot,the reason for the trip,short_positive_structured_few_shot,3,227,35,200,1,1,1.0,12,2026-08-14T17:58:32.530671+00:00
fake,conrad,Hotel,"I stayed at Conrad for three nights recently, and the location was impeccable--right next to some great shopping and dining spots. The staff was incredibly helpful, and my room was super quiet, making it a perfect retreat after busy days exploring the city.",1,qwen2.5:32b,short,positive,structured,few_shot,"first person singular, starting with the word I",short_positive_structured_few_shot,4,257,43,200,1,2,1.0,12,2026-08-14T17:58:34.911672+00:00
fake,fairmont,Hotel,"We stayed at the Fairmont for three nights, and our room was pristine--spotless floors and shiny surfaces. The location was ideal for exploring downtown, and surprisingly, it remained quiet despite being in a bustling area.",1,qwen2.5:32b,short,positive,structured,few_shot,"first person plural, starting with the word We or Our",short_positive_structured_few_shot,5,223,35,200,1,1,1.0,12,2026-08-14T17:58:36.047742+00:00
fake,hardrock,Hotel,"I had an amazing stay at Hard Rock for three nights; the staff were incredibly helpful and friendly. The breakfast was delicious and plentiful, and despite being close to the action, my room on the 7th floor was surprisingly quiet.",1,qwen2.5:32b,short,positive,structured,few_shot,"first person singular, starting with the word I",short_positive_structured_few_shot,6,231,40,200,1,1,1.0,12,2026-08-14T17:58:37.225973+00:00
fake,hilton,Hotel,"We stayed for three nights and enjoyed a fantastic breakfast each morning by the hotel's atrium. The location was perfect for exploring downtown, and the staff, especially the front desk team led by John, made our stay exceptionally comfortable.",1,qwen2.5:32b,short,positive,structured,few_shot,"first person plural, starting with the word We or Our",short_positive_structured_few_shot,7,245,39,200,1,1,1.0,12,2026-08-14T17:58:38.352901+00:00
fake,homewood,Hotel,"The Homewood Suites offered a comfortable stay during our three-night visit. The room was spotlessly clean, and the complimentary breakfast was quite tasty, providing a good start to each day. Located conveniently near downtown, it made exploring the area a breeze.",1,qwen2.5:32b,short,positive,structured,few_shot,the room or the hotel itself as the subject,short_positive_structured_few_shot,8,265,41,200,1,1,1.0,12,2026-08-14T17:58:39.552632+00:00
fake,hyatt,Hotel,"Stayed for three nights and found the room immaculately clean each morning. Breakfast was delightful with fresh pastries and coffee. Only minor issue was some hallway noise late at night, but it didn't significantly impact my sleep.",1,qwen2.5:32b,short,positive,structured,few_shot,a specific detail or small incident,short_positive_structured_few_shot,9,232,37,200,1,1,1.0,12,2026-08-14T17:58:40.721416+00:00
fake,intercontinental,Hotel,"Our stay at the InterContinental was wonderful for our three-night visit; the staff, especially front desk manager John, were incredibly helpful and friendly. The room was quiet despite being in a busy area, making it a perfect base to explore the city.",1,qwen2.5:32b,short,positive,structured,zero_shot,"first person plural, starting with the word We or Our",short_positive_structured_zero_shot,0,253,42,200,1,1,1.0,12,2026-08-14T17:58:41.858587+00:00
fake,james,Hotel,"During my two-night stay in December, I found the James to be a fantastic value; the room was quiet and comfortable, and the breakfast spread was impressive given the price.",1,qwen2.5:32b,short,positive,structured,zero_shot,"a time or occasion, such as a month, a season, or a trip event",short_positive_structured_zero_shot,1,173,30,200,1,1,1.0,12,2026-08-14T17:58:42.729193+00:00
fake,knickerbocker,Hotel,"We stayed at the Hotel Knickerbocker for three nights and found it to be a fantastic value with its central location near so many attractions. The breakfast was also top-notch, with a good variety that kept us energized all day.",1,qwen2.5:32b,short,positive,structured,zero_shot,"first person plural, starting with the word We or Our",short_positive_structured_zero_shot,2,228,40,200,1,1,1.0,12,2026-08-14T17:58:43.811210+00:00
fake,monaco,Hotel,"We had a fantastic stay at Hotel Monaco; the rooms were quiet despite being in a bustling area, and the breakfast was both delicious and plentiful. The value for money was excellent, especially considering our prime location right downtown.",1,qwen2.5:32b,short,positive,structured,zero_shot,"first person plural, starting with the word We or Our",short_positive_structured_zero_shot,3,240,39,200,1,1,1.0,12,2026-08-14T17:58:44.811038+00:00
fake,omni,Hotel,"I stayed in room 312 and found it spotless; the silence was welcome after a long day exploring downtown. The breakfast buffet was impressive, with fresh fruit and fluffy pancakes, making my stay at Omni truly enjoyable.",1,qwen2.5:32b,short,positive,structured,zero_shot,"first person singular, starting with the word I",short_positive_structured_zero_shot,4,219,37,200,1,1,1.0,12,2026-08-14T17:58:45.843543+00:00
fake,palmer,Hotel,"The Palmer was a quiet oasis for my three-night stay; the room was pristine, and the breakfast selection was both generous and delicious, hitting all the right spots in the morning.",1,qwen2.5:32b,short,positive,structured,zero_shot,the room or the hotel itself as the subject,short_positive_structured_zero_shot,5,181,31,200,1,1,1.0,12,2026-08-14T17:58:46.725549+00:00
fake,sheraton,Hotel,"During my week-long stay in October, the Sheraton was a quiet haven. The staff, particularly receptionist Sarah, were incredibly helpful and friendly. Considering the amenities and comfort, I felt it was well worth the price.",1,qwen2.5:32b,short,positive,structured,zero_shot,"a time or occasion, such as a month, a season, or a trip event",short_positive_structured_zero_shot,6,225,35,200,1,1,1.0,12,2026-08-14T17:58:47.751557+00:00
fake,sofitel,Hotel,"The Sofitel room was spacious and comfortable, with a prime location near all the city highlights. The staff, especially Jane at the front desk, was incredibly helpful. Breakfast was delightful and the price was more than fair for such quality.",1,qwen2.5:32b,short,positive,structured,zero_shot,the room or the hotel itself as the subject,short_positive_structured_zero_shot,7,244,40,200,1,1,1.0,12,2026-08-14T17:58:48.801064+00:00
fake,swissotel,Hotel,"During my stay in November, the Swissotel impressed with its impeccable room cleanliness and friendly staff who went above and beyond to assist me. The prime location and delicious breakfast only enhanced my comfortable experience.",1,qwen2.5:32b,short,positive,structured,zero_shot,"a time or occasion, such as a month, a season, or a trip event",short_positive_structured_zero_shot,8,231,35,200,1,1,1.0,12,2026-08-14T17:58:49.737492+00:00
fake,talbott,Hotel,"I had a fantastic stay at the Talbott for three nights; the room was pristine and quiet, and the breakfast offerings were delicious and plentiful. The attention to detail in cleanliness really stood out.",1,qwen2.5:32b,short,positive,structured,zero_shot,"first person singular, starting with the word I",short_positive_structured_zero_shot,9,203,34,200,1,1,1.0,12,2026-08-14T17:58:50.674789+00:00
fake,affinia,Hotel,The Affinia Hotel exceeded my expectations with its modern amenities and prime location near Central Park. The staff's friendly service and the room's comfort made for a truly enjoyable stay.,1,qwen2.5:32b,short,positive,unstructured,few_shot,the room or the hotel itself as the subject,short_positive_unstructured_few_shot,0,191,30,200,1,1,1.0,12,2026-08-14T17:58:51.642168+00:00
fake,allegro,Hotel,My stay at Allegro was fantastic--the room was spacious and stylishly decorated. The staff was incredibly helpful; especially Sarah at the front desk who went above and beyond to ensure we had a great experience.,1,qwen2.5:32b,short,positive,unstructured,few_shot,the room or the hotel itself as the subject,short_positive_unstructured_few_shot,1,212,35,200,1,2,1.0,12,2026-08-14T17:58:56.668828+00:00
fake,amalfi,Hotel,"We had an amazing stay at the Amalfi this past weekend. The staff, especially Maria at reception, was incredibly helpful and friendly. Our room was spacious and clean, with a beautiful view that made our trip truly unforgettable.",1,qwen2.5:32b,short,positive,unstructured,few_shot,"first person plural, starting with the word We or Our",short_positive_unstructured_few_shot,2,229,38,200,1,1,1.0,12,2026-08-14T17:58:57.819064+00:00
fake,ambassador,Hotel,"We had a fantastic stay at the Ambassador Hotel last week; the staff went above and beyond, especially the front desk manager, Sarah. Our room was cozy and spotless, and the breakfast buffet was delicious!",1,qwen2.5:32b,short,positive,unstructured,few_shot,"first person plural, starting with the word We or Our",short_positive_unstructured_few_shot,3,205,35,200,1,1,1.0,12,2026-08-14T17:58:58.916012+00:00
fake,conrad,Hotel,"We had an amazing stay at Conrad Chicago. The room was spacious and comfortable, and the service we received was top-notch--especially from John at the front desk who made our check-in seamless and enjoyable.",1,qwen2.5:32b,short,positive,unstructured,few_shot,"first person plural, starting with the word We or Our",short_positive_unstructured_few_shot,4,208,34,200,1,1,1.0,12,2026-08-14T17:58:59.975041+00:00
fake,fairmont,Hotel,"We had an incredible stay at the Fairmont! The room was beautifully appointed and the service was impeccable--we were greeted by name every time we entered the lobby. The breakfast buffet at Cafe B5 was outstanding, with a great variety of fresh options.",1,qwen2.5:32b,short,positive,unstructured,few_shot,"first person plural, starting with the word We or Our",short_positive_unstructured_few_shot,5,254,43,200,1,1,1.0,12,2026-08-14T17:59:01.230604+00:00
fake,hardrock,Hotel,"Visited for a music festival, and the Hard Rock delivered with its cool vibe and comfy rooms. The staff was super helpful, especially Mark at the front desk who sorted out an early check-in for us. Can't beat waking up to rock memorabilia!",1,qwen2.5:32b,short,positive,unstructured,few_shot,the reason for the trip,short_positive_unstructured_few_shot,6,239,43,200,1,1,1.0,12,2026-08-14T17:59:02.467025+00:00
fake,hilton,Hotel,"For a business conference, the Hilton delivered top-notch service and comfortable rooms. The staff went above and beyond to help with all my meeting setups, and the location was perfect for exploring the city after hours.",1,qwen2.5:32b,short,positive,unstructured,few_shot,the reason for the trip,short_positive_unstructured_few_shot,7,221,36,200,1,1,1.0,12,2026-08-14T17:59:03.521742+00:00
fake,homewood,Hotel,"The staff greeted me with big smiles when I arrived late on a Friday night, which made all the difference. My room was clean and comfy, and the location couldn't have been better for exploring downtown. Highly recommend!",1,qwen2.5:32b,short,positive,unstructured,few_shot,a specific detail or small incident,short_positive_unstructured_few_shot,8,220,38,200,1,1,1.0,12,2026-08-14T17:59:04.657229+00:00
fake,hyatt,Hotel,"The room was spacious and incredibly comfortable, with a great view of the city skyline. The staff were exceptionally helpful, especially Jane at the front desk who went above and beyond to make our stay enjoyable.",1,qwen2.5:32b,short,positive,unstructured,few_shot,the room or the hotel itself as the subject,short_positive_unstructured_few_shot,9,214,36,200,1,1,1.0,12,2026-08-14T17:59:05.697670+00:00
fake,intercontinental,Hotel,"The room at InterContinental was spacious and incredibly comfortable, with a fantastic view of the city skyline. The staff went above and beyond to ensure we had a great stay, especially the front desk manager, Sarah, who helped us with last-minute dinner reservations.",1,qwen2.5:32b,short,positive,unstructured,zero_shot,the room or the hotel itself as the subject,short_positive_unstructured_zero_shot,0,269,43,200,1,3,1.0,12,2026-08-14T17:59:13.890717+00:00
fake,james,Hotel,"We had an amazing stay at The James; the staff was incredibly helpful and friendly. Our room, 307, was clean and comfortable, and the location was perfect for exploring the city.",1,qwen2.5:32b,short,positive,unstructured,zero_shot,"first person plural, starting with the word We or Our",short_positive_unstructured_zero_shot,1,178,31,200,1,1,1.0,12,2026-08-14T17:59:14.815416+00:00
fake,knickerbocker,Hotel,"The Knickerbocker room was cozy and comfortable, with a prime location that made exploring the city a breeze. The staff's friendly welcome truly set the tone for a fantastic stay.",1,qwen2.5:32b,short,positive,unstructured,zero_shot,the room or the hotel itself as the subject,short_positive_unstructured_zero_shot,2,179,30,200,1,1,1.0,12,2026-08-14T17:59:15.691258+00:00
fake,monaco,Hotel,"We had an incredible stay at Hotel Monaco recently! The staff, especially check-in clerk Sarah, was incredibly helpful and friendly. Our room (214) had a fantastic view of the city and was super comfortable.",1,qwen2.5:32b,short,positive,unstructured,zero_shot,"first person plural, starting with the word We or Our",short_positive_unstructured_zero_shot,3,207,34,200,1,1,1.0,12,2026-08-14T17:59:16.681934+00:00
fake,omni,Hotel,"I had an amazing stay at Omni last week. The staff, especially Jane at the front desk, was incredibly helpful and friendly. My room was spotless and comfortable, making my business trip much more enjoyable.",1,qwen2.5:32b,short,positive,unstructured,zero_shot,"first person singular, starting with the word I",short_positive_unstructured_zero_shot,4,206,35,200,1,1,1.0,12,2026-08-14T17:59:17.632861+00:00
fake,palmer,Hotel,"We had an amazing stay at Hotel Palmer last weekend. The room was clean and comfortable, and the staff, particularly Jane at reception, went above and beyond to ensure our needs were met. A fantastic experience overall!",1,qwen2.5:32b,short,positive,unstructured,zero_shot,"first person plural, starting with the word We or Our",short_positive_unstructured_zero_shot,5,219,37,200,1,1,1.0,12,2026-08-14T17:59:18.612210+00:00
fake,sheraton,Hotel,"Had an amazing stay at Sheraton! The room was comfortable and clean, and the staff, especially front desk Alex, was incredibly helpful and friendly. Perfect location for my business trip in early June.",1,qwen2.5:32b,short,positive,unstructured,zero_shot,a verdict stated up front,short_positive_unstructured_zero_shot,6,201,33,200,1,1,1.0,12,2026-08-14T17:59:19.521193+00:00
fake,sofitel,Hotel,"Our stay at Sofitel was absolutely delightful; the room was spacious and impeccably clean. The staff, especially Maria at the front desk, went above and beyond to ensure we had a fantastic time.",1,qwen2.5:32b,short,positive,unstructured,zero_shot,"first person plural, starting with the word We or Our",short_positive_unstructured_zero_shot,7,194,33,200,1,1,1.0,12,2026-08-14T17:59:20.447994+00:00
fake,swissotel,Hotel,"We had an amazing stay at Swissotel; the room was comfortable and the view from our 23rd-floor window was spectacular. The staff, especially Emma at the front desk, was incredibly helpful and friendly.",1,qwen2.5:32b,short,positive,unstructured,zero_shot,"first person plural, starting with the word We or Our",short_positive_unstructured_zero_shot,8,201,33,200,1,1,1.0,12,2026-08-14T17:59:21.421232+00:00
fake,talbott,Hotel,"We had an incredibly comfortable stay at Talbott, especially appreciating the personalized service from the front desk team. The room was cozy and perfectly located for our sightseeing adventures.",1,qwen2.5:32b,short,positive,unstructured,zero_shot,"first person plural, starting with the word We or Our",short_positive_unstructured_zero_shot,9,196,29,200,1,1,1.0,12,2026-08-14T17:59:22.288467+00:00
fake,affinia,Hotel,"My stay at Affinia was disappointing. The noise levels were unbearable, especially late at night, and the location didn't make up for it. Breakfast was subpar, and after three nights, I was ready to leave.",1,qwen2.5:32b,short,negative,structured,few_shot,a verdict stated up front,short_negative_structured_few_shot,0,205,35,200,1,1,1.0,12,2026-08-14T17:59:23.478124+00:00
fake,allegro,Hotel,"Stayed for three nights and found the Allegro overpriced for what was offered. The room was surprisingly dirty with visible dust and stains, while the staff seemed uninterested in addressing concerns. Not worth the money at all.",1,qwen2.5:32b,short,negative,structured,few_shot,the room or the hotel itself as the subject,short_negative_structured_few_shot,1,228,37,200,1,1,1.0,12,2026-08-14T17:59:24.651336+00:00
fake,amalfi,Hotel,"During our weekend stay at the Amalfi, the noise levels were unbearable, and the staff seemed disinterested in addressing our concerns. The breakfast was also lackluster, with limited options that barely sustained us through the day.",1,qwen2.5:32b,short,negative,structured,few_shot,"a time or occasion, such as a month, a season, or a trip event",short_negative_structured_few_shot,2,233,36,200,1,1,1.0,12,2026-08-14T17:59:25.893246+00:00
fake,ambassador,Hotel,"The Ambassador Hotel was a letdown after a three-night stay. The room was dirty, with stains on the sheets, and located near the elevators, making for constant noise. Its central location wasn't worth the discomfort.",1,qwen2.5:32b,short,negative,structured,few_shot,the room or the hotel itself as the subject,short_negative_structured_few_shot,3,216,35,200,1,1,1.0,12,2026-08-14T17:59:27.152197+00:00
fake,conrad,Hotel,"Stayed at Conrad for three nights and found it overpriced for the lackluster service. The room was dusty and noisy, with elevators constantly rumbling throughout the night, making sleep nearly impossible. Not worth the cost.",1,qwen2.5:32b,short,negative,structured,few_shot,the room or the hotel itself as the subject,short_negative_structured_few_shot,4,224,35,200,1,1,1.0,12,2026-08-14T17:59:28.402653+00:00
fake,fairmont,Hotel,"Attended a conference nearby, but found the Fairmont overpriced for what it offered. The room was dusty and breakfast lacked variety. Its prime location couldn't compensate for the subpar cleanliness and disappointing value.",1,qwen2.5:32b,short,negative,structured,few_shot,the reason for the trip,short_negative_structured_few_shot,5,224,33,200,1,1,1.0,12,2026-08-14T17:59:29.531333+00:00
fake,hardrock,Hotel,"The room was overpriced and noisy, especially at night when it felt like I was staying next to the elevators. The staff didn't seem to care much about addressing my concerns, even after a three-night stay. It was disappointing overall.",1,qwen2.5:32b,short,negative,structured,few_shot,the room or the hotel itself as the subject,short_negative_structured_few_shot,6,235,40,200,1,3,1.0,12,2026-08-14T17:59:35.887452+00:00
fake,hilton,Hotel,"I stayed at the Hilton for three nights and had a disappointing experience. The location was convenient, but the staff was unfriendly and unhelpful, making my stay feel rushed and unwelcome. The price did not match the value; it felt overpriced for such poor service.",1,qwen2.5:32b,short,negative,structured,few_shot,"first person singular, starting with the word I",short_negative_structured_few_shot,7,267,45,200,1,1,1.0,12,2026-08-14T17:59:37.298048+00:00
fake,homewood,Hotel,"I had a disappointing stay at Homewood Suites. The noise levels were unbearable, with constant chatter and footsteps echoing through the halls. Breakfast was bland and uninspiring, and the location felt off-puttingly industrial.",1,qwen2.5:32b,short,negative,structured,few_shot,"first person singular, starting with the word I",short_negative_structured_few_shot,8,228,33,200,1,2,1.0,12,2026-08-14T17:59:39.786545+00:00
fake,hyatt,Hotel,"I had high hopes for my stay at Hyatt, but it fell short on multiple fronts. The location was convenient, yet the noise levels were unbearable, especially late at night. The breakfast was mediocre, and the price didn't justify the subpar experience.",1,qwen2.5:32b,short,negative,structured,few_shot,"first person singular, starting with the word I",short_negative_structured_few_shot,9,249,42,200,1,1,1.0,12,2026-08-14T17:59:41.143986+00:00
fake,intercontinental,Hotel,"During my week-long stay in August, the Intercontinental let me down with its lackluster cleanliness and overpriced rooms. The location was convenient, but it couldn't make up for the dirt on the bathroom sink and the steep price tag that didn't match the quality.",1,qwen2.5:32b,short,negative,structured,zero_shot,"a time or occasion, such as a month, a season, or a trip event",short_negative_structured_zero_shot,0,264,44,200,1,1,1.0,12,2026-08-14T17:59:42.447354+00:00
fake,james,Hotel,"I stayed at The James for three nights and was disappointed by the location, which was noisy despite being central. At the price, I expected more peace and quiet, but late-night street noise made it hard to sleep.",1,qwen2.5:32b,short,negative,structured,zero_shot,"first person singular, starting with the word I",short_negative_structured_zero_shot,1,213,38,200,1,2,1.0,12,2026-08-14T17:59:44.615289+00:00
fake,knickerbocker,Hotel,"We stayed for three nights and found the room cleanliness to be subpar; dust was evident on surfaces. The staff seemed overwhelmed, and breakfast was lackluster, with limited options and cold food.",1,qwen2.5:32b,short,negative,structured,zero_shot,"first person plural, starting with the word We or Our",short_negative_structured_zero_shot,2,197,32,200,1,1,1.0,12,2026-08-14T17:59:45.582341+00:00
fake,monaco,Hotel,"Our stay at Hotel Monaco was disappointing. The room we had on the third floor was dusty and smelled musty, and the complimentary breakfast lacked variety and freshness despite its prime location near downtown.",1,qwen2.5:32b,short,negative,structured,zero_shot,"first person plural, starting with the word We or Our",short_negative_structured_zero_shot,3,210,34,200,1,1,1.0,12,2026-08-14T17:59:46.521199+00:00
fake,omni,Hotel,"My stay at Omni was disappointing from the start. The staff seemed uninterested; check-in took over 30 minutes despite having a reservation. Room 412 was noisy, with constant hallway disturbances, and the cleanliness left much to be desired after just one night.",1,qwen2.5:32b,short,negative,structured,zero_shot,a specific detail or small incident,short_negative_structured_zero_shot,4,262,42,200,1,1,1.0,12,2026-08-14T17:59:47.741738+00:00
fake,palmer,Hotel,"We stayed at Hotel Palmer for a weekend conference and were thoroughly disappointed. The room was extremely noisy despite paying a premium rate, and the breakfast lacked variety and quality. Not worth the price or experience.",1,qwen2.5:32b,short,negative,structured,zero_shot,the reason for the trip,short_negative_structured_zero_shot,5,225,36,200,1,1,1.0,12,2026-08-14T17:59:48.707571+00:00
fake,sheraton,Hotel,"During my recent weekend stay at Sheraton, the noise from the hallways was relentless, making it hard to rest. The room cleanliness was disappointing, and the staff seemed uninterested in addressing any concerns.",1,qwen2.5:32b,short,negative,structured,zero_shot,"a time or occasion, such as a month, a season, or a trip event",short_negative_structured_zero_shot,6,212,33,200,1,1,1.0,12,2026-08-14T17:59:49.690692+00:00
fake,sofitel,Hotel,"I had high hopes for Sofitel, but the experience was a letdown. The staff seemed disinterested, breakfast was subpar despite the hefty price tag, and my room smelled musty, making it clear the cleanliness standards were lacking.",1,qwen2.5:32b,short,negative,structured,zero_shot,"first person singular, starting with the word I",short_negative_structured_zero_shot,7,228,37,200,1,1,1.0,12,2026-08-14T17:59:50.777603+00:00
fake,swissotel,Hotel,"The room at Swissotel was overpriced for its cleanliness issues; dust everywhere despite paying a premium. The staff seemed indifferent, and while centrally located, it couldn't make up for the poor service and conditions.",1,qwen2.5:32b,short,negative,structured,zero_shot,the room or the hotel itself as the subject,short_negative_structured_zero_shot,8,222,34,200,1,1,1.0,12,2026-08-14T17:59:51.783803+00:00
fake,talbott,Hotel,"Business trip to DC, stayed in Room 312. The location was convenient, but the room wasdirty and smelled musty. Staff seemed indifferent, and the high price didn't match the subpar experience.",1,qwen2.5:32b,short,negative,structured,zero_shot,the reason for the trip,short_negative_structured_zero_shot,9,191,31,200,1,1,1.0,12,2026-08-14T17:59:52.804225+00:00
fake,affinia,Hotel,"For a business trip in early October, I had high hopes for Affinia but was sorely disappointed. The room smelled musty, the Wi-Fi was spotty at best, and the front desk staff seemed uninterested in addressing our concerns. Definitely not worth the price tag.",1,qwen2.5:32b,short,negative,unstructured,few_shot,the reason for the trip,short_negative_unstructured_few_shot,0,258,44,200,1,1,1.0,12,2026-08-14T17:59:54.133383+00:00
fake,allegro,Hotel,"During our winter trip, the room was dreadfully cold despite multiple requests to fix it. The front desk staff seemed indifferent, and breakfast was mediocre at best. Overall, a disappointing stay that didn't live up to expectations.",1,qwen2.5:32b,short,negative,unstructured,few_shot,"a time or occasion, such as a month, a season, or a trip event",short_negative_unstructured_few_shot,1,233,37,200,1,1,1.0,12,2026-08-14T17:59:55.407729+00:00
fake,amalfi,Hotel,"i had a terrible stay at the amalfi last week. my room was 317, and it was incredibly noisy--could hear everything from the hall--and the bed felt like sleeping on a rock. the bathroom was also dirty with stains in the shower. disappointing overall.",1,qwen2.5:32b,short,negative,unstructured,few_shot,"first person singular, starting with the word I",short_negative_unstructured_few_shot,2,249,44,200,1,1,1.0,12,2026-08-14T17:59:56.896806+00:00
fake,ambassador,Hotel,"I had a terrible stay at this hotel; the room was extremely dirty and the staff barely acknowledged my complaints. The location wasn't as convenient as advertised, making it frustrating to explore the area. Not worth the price or disappointment.",1,qwen2.5:32b,short,negative,unstructured,few_shot,"first person singular, starting with the word I",short_negative_unstructured_few_shot,3,245,40,200,1,1,1.0,12,2026-08-14T17:59:58.172764+00:00
fake,conrad,Hotel,"I had high hopes for my stay at Conrad, but it was a letdown. The room was musty and the staff seemed disinterested; my request for extra towels took forever to be addressed. Not worth the price tag.",1,qwen2.5:32b,short,negative,unstructured,few_shot,a specific detail or small incident,short_negative_unstructured_few_shot,4,199,38,200,1,1,1.0,12,2026-08-14T17:59:59.417470+00:00
fake,fairmont,Hotel,"I recently stayed at Fairmont and had a thoroughly disappointing experience. The room was outdated, the staff unhelpful, and the amenities subpar for what I paid. It felt like a step back in terms of comfort and service.",1,qwen2.5:32b,short,negative,unstructured,few_shot,"first person singular, starting with the word I",short_negative_unstructured_few_shot,5,220,38,200,1,1,1.0,12,2026-08-14T18:00:00.665491+00:00
fake,hardrock,Hotel,"I had such high hopes for my stay at Hard Rock, but it was a huge letdown. The room smelled musty, the sheets were barely changed, and the noise from the hall kept me awake all night. Not worth the price at all.",1,qwen2.5:32b,short,negative,unstructured,few_shot,a verdict stated up front,short_negative_unstructured_few_shot,6,211,43,200,1,1,1.0,12,2026-08-14T18:00:02.010887+00:00
fake,hilton,Hotel,"Visited during the holiday season and was thoroughly disappointed. The room smelled musty, the service was lackluster, and the staff seemed disinterested. Definitely not worth the price, and I won't be back.",1,qwen2.5:32b,short,negative,unstructured,few_shot,"a time or occasion, such as a month, a season, or a trip event",short_negative_unstructured_few_shot,7,207,32,200,1,1,1.0,12,2026-08-14T18:00:03.185952+00:00
fake,homewood,Hotel,"We had a disappointing stay at the Homewood; the room was musty, and the free breakfast was uninspiring. The staff seemed disengaged, and our complaints about the air conditioning went unaddressed. Overall, not worth the cost.",1,qwen2.5:32b,short,negative,unstructured,few_shot,"first person plural, starting with the word We or Our",short_negative_unstructured_few_shot,8,226,36,200,1,2,1.0,12,2026-08-14T18:00:05.804669+00:00
fake,hyatt,Hotel,"My stay at the Hyatt was disappointing; the room smelled musty, and the bed wasn't very comfortable. The staff tried to be helpful, but it couldn't make up for the overall subpar experience.",1,qwen2.5:32b,short,negative,unstructured,few_shot,a verdict stated up front,short_negative_unstructured_few_shot,9,190,33,200,1,1,1.0,12,2026-08-14T18:00:06.982227+00:00
fake,intercontinental,Hotel,"I had high hopes for my stay at the Intercontinental, but it was a letdown. The room smelled musty, and the service was lackluster; the concierge barely made eye contact when I asked about local restaurants. Disappointing all around.",1,qwen2.5:32b,short,negative,unstructured,zero_shot,"first person singular, starting with the word I",short_negative_unstructured_zero_shot,0,233,39,200,1,1,1.0,12,2026-08-14T18:00:08.194059+00:00
fake,james,Hotel,"Stayed here for a business trip, and it was a huge letdown. The room smelled musty, and there were issues with the air conditioning that never got fixed despite multiple requests. Disappointing service too; felt like they didn't care.",1,qwen2.5:32b,short,negative,unstructured,zero_shot,the reason for the trip,short_negative_unstructured_zero_shot,1,234,39,200,1,1,1.0,12,2026-08-14T18:00:09.297356+00:00
fake,knickerbocker,Hotel,"We had high hopes for The Knickerbocker, but unfortunately, our stay was a letdown. The room smelled musty, and the service was lackluster--our requests for towels went unaddressed for hours.",1,qwen2.5:32b,short,negative,unstructured,zero_shot,"first person plural, starting with the word We or Our",short_negative_unstructured_zero_shot,2,191,30,200,1,1,1.0,12,2026-08-14T18:00:10.323510+00:00
fake,monaco,Hotel,"Checked into room 307 expecting a cozy stay, but the WiFi was spotty and the front desk staff seemed disinterested. Breakfast was overpriced and lacked variety--definitely not worth the cost.",1,qwen2.5:32b,short,negative,unstructured,zero_shot,a specific detail or small incident,short_negative_unstructured_zero_shot,3,191,30,200,1,1,1.0,12,2026-08-14T18:00:11.292955+00:00
fake,omni,Hotel,"Business trip to Seattle, stayed at Omni and was thoroughly disappointed. Room 412 had mold issues, front desk barely acknowledged me, and breakfast was cold and unappetizing. Not worth the price.",1,qwen2.5:32b,short,negative,unstructured,zero_shot,the reason for the trip,short_negative_unstructured_zero_shot,4,196,31,200,1,1,1.0,12,2026-08-14T18:00:12.265697+00:00
fake,palmer,Hotel,"Business trip to Seattle and stayed at Palmer Hotel. Room was dusty and outdated, and the front desk staff seemed uninterested in addressing any issues. Disappointing experience overall.",1,qwen2.5:32b,short,negative,unstructured,zero_shot,the reason for the trip,short_negative_unstructured_zero_shot,5,186,28,200,1,1,1.0,12,2026-08-14T18:00:13.103364+00:00
fake,sheraton,Hotel,"I had high hopes for my stay at the Sheraton, but unfortunately, it fell short. The room was stuffy and the staff seemed uninterested in addressing my complaints about the air conditioning on the third floor.",1,qwen2.5:32b,short,negative,unstructured,zero_shot,"first person singular, starting with the word I",short_negative_unstructured_zero_shot,6,208,36,200,1,1,1.0,12,2026-08-14T18:00:14.065833+00:00
fake,sofitel,Hotel,"The room at Sofitel was underwhelming and not as luxurious as advertised. The service was lackluster, with staff barely acknowledging our presence during our stay last week in early March.",1,qwen2.5:32b,short,negative,unstructured,zero_shot,the room or the hotel itself as the subject,short_negative_unstructured_zero_shot,7,188,30,200,1,1,1.0,12,2026-08-14T18:00:14.941452+00:00
fake,swissotel,Hotel,"We were extremely disappointed with our stay at Swissotel. The room was outdated and uncomfortable, and the service fell short of expectations despite the high price tag.",1,qwen2.5:32b,short,negative,unstructured,zero_shot,"first person plural, starting with the word We or Our",short_negative_unstructured_zero_shot,8,170,27,200,1,1,1.0,12,2026-08-14T18:00:15.726186+00:00
fake,talbott,Hotel,"I had high hopes for my stay at Talbott, but it fell short. The room smelled musty, and the front desk staff seemed disinterested when I mentioned it. Disappointing overall.",1,qwen2.5:32b,short,negative,unstructured,zero_shot,"first person singular, starting with the word I",short_negative_unstructured_zero_shot,9,173,30,200,1,1,1.0,12,2026-08-14T18:00:16.665962+00:00
fake,affinia,Hotel,"The Affinia was an absolute delight for our recent weekend getaway. Situated right on 42nd Street, it's conveniently close to everywhere we wanted to explore in Midtown. Our room, number 513, was impeccable; spotless and well-organized with plenty of space to unpack and relax after a long day out. The staff deserves major props for their warmth and efficiency--special shoutout to the front desk team, particularly Emily, who went above and beyond to make our stay memorable.

The complimentary breakfast in the morning was surprisingly good, offering an array of fresh pastries, yogurt, cereal, and even eggs cooked to order at the station. The price was also quite reasonable given the quality of service and comfort we experienced--definitely worth every penny for its prime location and friendly vibe.",1,qwen2.5:32b,long,positive,structured,few_shot,the room or the hotel itself as the subject,long_positive_structured_few_shot,0,807,128,700,1,1,1.0,12,2026-08-14T18:00:19.793262+00:00
fake,allegro,Hotel,"Stayed at Hotel Allegro for three nights during my recent trip to Boston, and I must say it was a fantastic experience overall. The room cleanliness was impeccable; everything felt fresh and well-maintained each morning when I woke up. As for noise levels, they were impressively low considering the bustling area around the hotel. Even with city sounds outside, I had no trouble sleeping soundly at night.

The price was reasonable given what we received--comfortable beds, a fully stocked minibar (which came in handy), and excellent room service. The staff, particularly John from housekeeping and Sarah at reception, were very friendly and went above and beyond to ensure our stay was pleasant.

Would definitely choose this hotel again for future visits.",1,qwen2.5:32b,long,positive,structured,few_shot,a verdict stated up front,long_positive_structured_few_shot,1,759,121,700,1,1,1.0,12,2026-08-14T18:00:22.823450+00:00
fake,amalfi,Hotel,"During my three-night stay at the Amalfi Hotel, I was struck by how attentive and helpful the staff was. On my first day, Concierge Marco went above and beyond to help me plan an itinerary for my sightseeing trips around Chicago. My room on the fifth floor was spotless, with fresh linens and neatly arranged amenities. The only slight annoyance was a faint echo from the hallway in the evening, but it never disturbed sleep or daily activities. Overall, I felt very comfortable and well-cared-for during my stay.",1,qwen2.5:32b,long,positive,structured,few_shot,a specific detail or small incident,long_positive_structured_few_shot,2,513,88,700,1,1,1.0,12,2026-08-14T18:00:25.200028+00:00
fake,ambassador,Hotel,"During my week-long stay at the Ambassador East, I was thoroughly impressed by the warmth and attentiveness of the staff. Everyone from the front desk to housekeeping went out of their way to ensure a comfortable experience. My room, 312, was impeccable--clean with crisp linens and an inviting ambiance. One notable detail was the whisper-quiet environment; I never encountered any noise disturbances, which made for restful nights.

The hotel's location added to my enjoyment, being right in the heart of Chicago's vibrant neighborhood. The Pump Room bar served as a perfect spot to unwind after busy days exploring the city. Overall, it felt like home away from home, and I would happily return for another stay.",1,qwen2.5:32b,long,positive,structured,few_shot,"a time or occasion, such as a month, a season, or a trip event",long_positive_structured_few_shot,3,715,116,700,1,1,1.0,12,2026-08-14T18:00:28.223872+00:00
fake,conrad,Hotel,"I had an absolutely fantastic stay at Conrad for three nights last week. From the moment I checked in, the service was top-notch and the room was impeccable; it felt like home away from home. The cleanliness was outstanding--everything sparkled, from the bathroom to the plush linens on the bed.

Breakfast was a real treat; I opted for the buffet one day and was amazed at the variety and freshness of the options. The other days, I had an a la carte breakfast in the restaurant, which was equally delightful with attentive service that made the experience even more enjoyable.

The noise levels were surprisingly low considering it's located in such a bustling area. Even late at night, there wasn't any disturbance from outside or neighboring rooms. Overall, it was a peaceful and luxurious stay.",1,qwen2.5:32b,long,positive,structured,few_shot,a verdict stated up front,long_positive_structured_few_shot,4,799,135,700,1,1,1.0,12,2026-08-14T18:00:31.456407+00:00
fake,fairmont,Hotel,"During our stay at the Fairmont last fall for my sister's wedding, we were thoroughly impressed with everything about the hotel. We had a room on the higher floors, which kept things quiet throughout the night. Our stay was four days, and during that time, the staff went above and beyond--particularly the concierge who helped us navigate the city and find the best places to eat nearby. Breakfast in their dining room was exceptional; the variety of dishes, from fresh pastries to a hearty omelet station, made it a delightful way to start each day.",1,qwen2.5:32b,long,positive,structured,few_shot,"a time or occasion, such as a month, a season, or a trip event",long_positive_structured_few_shot,5,551,95,700,1,1,1.0,12,2026-08-14T18:00:33.935747+00:00
fake,hardrock,Hotel,"I had a fantastic stay at the Hard Rock Hotel last week. The staff was incredibly friendly and attentive; the front desk guy, Tom, even helped me book tickets for a show at the House of Blues right from the lobby. The price was quite reasonable given the amenities, with plush bedding that made my night's sleep one of the best I've had in ages. As far as noise levels went, it was surprisingly quiet despite being right downtown. One morning, though, the breakfast buffet left something to be desired--it felt a bit limited compared to other places I've stayed at. Still, it didn't detract from my overall satisfaction with the hotel.",1,qwen2.5:32b,long,positive,structured,few_shot,"first person singular, starting with the word I",long_positive_structured_few_shot,6,635,112,700,1,1,1.0,12,2026-08-14T18:00:36.716965+00:00
fake,hilton,Hotel,"In March, my family and I stayed at the Hilton for our annual spring break getaway. The location was fantastic--we were just steps away from all the major attractions like Millennium Park and the Magnificent Mile. Our room on the 17th floor was spotless; you could tell they take cleanliness seriously here. We were impressed with how well-maintained everything looked, from the shiny bathroom fixtures to the plush carpeting.

The price was reasonable for what we got--a spacious suite with a view that made waking up every morning enjoyable. Plus, we appreciated not having to deal with noisy neighbors or disruptive construction sounds; it was remarkably quiet in our area of the hotel. The staff went above and beyond to make sure everything was perfect for us--especially the front desk team who helped us book a tour of the Art Institute of Chicago. It felt like home away from home, and we thoroughly enjoyed every moment.",1,qwen2.5:32b,long,positive,structured,few_shot,"a time or occasion, such as a month, a season, or a trip event",long_positive_structured_few_shot,7,929,156,700,1,1,1.0,12,2026-08-14T18:00:40.348392+00:00
fake,homewood,Hotel,"I recently stayed at Homewood Suites for three nights during a business trip, and I must say it was a comfortable stay overall. The hotel itself is well-maintained with a clean and modern feel that makes you feel right at home. My room on the 5th floor was spotlessly clean, and I especially appreciated how quiet it remained despite being in a busy area. The staff were incredibly friendly; the front desk team greeted me warmly every morning, and housekeeping did an excellent job keeping everything tidy. Breakfast was a nice touch too, with a decent selection of options to choose from each day. One minor issue was that the elevator got quite congested during peak times, but it didn't detract much from my overall experience.",1,qwen2.5:32b,long,positive,structured,few_shot,the room or the hotel itself as the subject,long_positive_structured_few_shot,8,731,126,700,1,1,1.0,12,2026-08-14T18:00:43.422991+00:00
fake,hyatt,Hotel,"I was in town for a conference at the convention center last week and decided to stay at the Hyatt. The location couldn't have been better--just a short walk from my meeting venue. My room on the 15th floor was spotless, with crisp linens and sparkling surfaces. I appreciated how quiet it was too.

The breakfast buffet in the morning was impressive. It had all the standard offerings plus fresh fruit, yogurt parfaits, and even a waffle station. The price for my stay seemed fair considering everything included, like free Wi-Fi and access to the fitness center.

Overall, the experience was top-notch, and I felt well taken care of by the friendly staff. A truly great place to stay!",1,qwen2.5:32b,long,positive,structured,few_shot,the reason for the trip,long_positive_structured_few_shot,9,686,119,700,1,1,1.0,12,2026-08-14T18:00:46.439998+00:00
fake,intercontinental,Hotel,"The moment I checked into Room 315 at the InterContinental last weekend, I knew it was going to be a great stay. The location is unbeatable, right in the heart of the city with easy access to public transport and all the main attractions. The staff were absolutely fantastic--receptionist Sarah went above and beyond by recommending some hidden gem restaurants for dinner. Noise levels were minimal; even on busy days, my room remained peaceful. Breakfast was a delight, offering a wide array of options that catered to different dietary needs, from fresh pastries to savory omelets. A true highlight was the live cooking station--it felt like a small festival of flavors every morning!",1,qwen2.5:32b,long,positive,structured,zero_shot,a specific detail or small incident,long_positive_structured_zero_shot,0,686,113,700,1,1,1.0,12,2026-08-14T18:00:49.122103+00:00
fake,james,Hotel,"The James was my home for a blissful weekend getaway in late October. Tucked away on W 29th St, it offered an unexpected oasis of calm amid the bustling city. My room, 507, was impeccably clean--white sheets crisp enough to rival hospital corners, and the bathroom sparkled like new. The staff, especially the front desk's Samantha, went above and beyond; her warmth and efficiency made check-in a breeze. Nighttime was equally serene, with virtually no noise seeping through the thick windows, allowing for uninterrupted sleep. A touch of character was added by an interestingly mismatched bathroom light fixture, but it didn't detract from the overall experience.",1,qwen2.5:32b,long,positive,structured,zero_shot,the room or the hotel itself as the subject,long_positive_structured_zero_shot,1,665,106,700,1,1,1.0,12,2026-08-14T18:00:51.789964+00:00
fake,knickerbocker,Hotel,"Our stay at The Knickerbocker in early September was a delight from start to finish. Our room on the fourth floor was pristine and spotless, with fresh linens and neatly arranged toiletries. We were pleased by how quiet it remained despite being downtown; we never heard a peep from neighboring rooms or the streets below. At around $250 per night, it offered great value considering the impeccable condition of our room and the prime location near all the best restaurants.

Breakfast in the hotel's cafe was a standout experience as well. They had a nice selection of fresh fruits, pastries, and hot dishes like eggs and bacon that were cooked to perfection. It was a fantastic way to start each day exploring Boston.

Overall, the attention to detail and comfortable setting made our stay truly enjoyable.",1,qwen2.5:32b,long,positive,structured,zero_shot,"a time or occasion, such as a month, a season, or a trip event",long_positive_structured_zero_shot,2,808,136,700,1,1,1.0,12,2026-08-14T18:00:54.812724+00:00
fake,monaco,Hotel,"We stayed at Hotel Monaco for a long weekend and were thoroughly impressed with our experience. The room, number 308, was spotlessly clean and elegantly decorated, which made our time there very comfortable. Located in the heart of downtown, it was incredibly convenient for exploring the city. Noise levels were impressively low despite being in such a bustling area; we didn't hear anything from other guests or outside disturbances during our stay. The staff went above and beyond to ensure our comfort--special thanks to Sarah at the front desk for her friendly service and prompt assistance with our requests.",1,qwen2.5:32b,long,positive,structured,zero_shot,"first person plural, starting with the word We or Our",long_positive_structured_zero_shot,3,614,99,700,1,1,1.0,12,2026-08-14T18:00:57.092465+00:00
fake,omni,Hotel,"During our recent business trip in March, we stayed at the Omni for three nights and had a thoroughly enjoyable experience. The location was perfect, right in the heart of downtown with easy access to both the conference center and popular restaurants. Breakfast was an outstanding affair, offering a diverse array of options from fresh pastries to savory omelets. While the price was on the higher side, the quality of service and amenities definitely justified it. We especially appreciated the attentive staff who made our stay comfortable and memorable.",1,qwen2.5:32b,long,positive,structured,zero_shot,"a time or occasion, such as a month, a season, or a trip event",long_positive_structured_zero_shot,4,557,89,700,1,1,1.0,12,2026-08-14T18:00:59.070661+00:00
fake,palmer,Hotel,"I recently stayed at Hotel Palmer for three nights in early October and was thoroughly impressed with my experience. The room cleanliness was impeccable; daily housekeeping ensured everything was spotless. The breakfast offerings were a pleasant surprise - a variety of fresh pastries, fruits, and hot dishes made starting the day easy. For the price, I found the value to be excellent, especially considering the central location and comfortable rooms. My stay in Room 214 felt like home away from home, thanks to the friendly staff, particularly the front desk clerk Maria, who was incredibly helpful.",1,qwen2.5:32b,long,positive,structured,zero_shot,"first person singular, starting with the word I",long_positive_structured_zero_shot,5,603,96,700,1,1,1.0,12,2026-08-14T18:01:01.292126+00:00
fake,sheraton,Hotel,"During our stay at the Sheraton, we were particularly impressed by how conveniently located it was near all the major attractions in downtown. Our room on the 12th floor was spotless when we arrived on a Wednesday evening, and the daily housekeeping service kept it that way throughout our three-night stay. The staff, especially receptionist Lisa, went above and beyond to ensure our needs were met; she even recommended some hidden gems for dinner. One thing worth noting is that despite staying in a bustling area, noise levels inside the room remained low thanks to thick windows and soundproofing. It was such a peaceful experience we didn't want to check out!",1,qwen2.5:32b,long,positive,structured,zero_shot,a specific detail or small incident,long_positive_structured_zero_shot,6,665,111,700,1,1,1.0,12,2026-08-14T18:01:03.805821+00:00
fake,sofitel,Hotel,"Visited Sofitel last month for a weekend getaway and had an absolutely fantastic time. The location is prime, right in the heart of the city with easy access to all major attractions. Breakfast was exquisite, offering a variety of options that catered to everyone's tastes. My room on the 5th floor was impeccably clean and comfortable, providing a perfect retreat after a long day of exploring. The staff deserves special mention; they went above and beyond to ensure our stay was enjoyable. Particularly memorable was Alex from the front desk, who helped us book tickets for an event last minute with ease. Overall, my experience at Sofitel was top-notch and I can't wait to return.",1,qwen2.5:32b,long,positive,structured,zero_shot,"a time or occasion, such as a month, a season, or a trip event",long_positive_structured_zero_shot,7,684,115,700,1,1,1.0,12,2026-08-14T18:01:06.432874+00:00
fake,swissotel,Hotel,"Our stay at Swissotel was a delight from start to finish, spanning four nights in early October. The staff were incredibly accommodating and friendly; specifically, Rita at the front desk went above and beyond to help us with our late check-out request. We felt that the price point was well-justified by the quality of service and amenities provided. Our room on the seventh floor was quiet, allowing for a peaceful sleep despite being in the heart of the city. The only minor inconvenience was a brief plumbing issue which was swiftly addressed the same day. Overall, it made for a memorable trip.",1,qwen2.5:32b,long,positive,structured,zero_shot,"first person plural, starting with the word We or Our",long_positive_structured_zero_shot,8,599,102,700,1,1,1.0,12,2026-08-14T18:01:08.711749+00:00
fake,talbott,Hotel,"I stayed at The Talbott for a weekend getaway with my partner, and it was truly fantastic from start to finish. We had a room on the fourth floor (412), which overlooked a charming garden view. The cleanliness of our room was impeccable--towels freshly laundered daily, bed linens spotless. The staff was exceptionally helpful; particularly memorable was the front desk clerk, Sarah, who went above and beyond to ensure we had everything we needed. From recommending local dining spots to promptly addressing any small issues, her service was top-notch. Location-wise, it's perfectly situated near all the attractions in DC, making exploring a breeze. Our two-night stay flew by, but every moment was thoroughly enjoyable thanks to this gem of a hotel and its stellar team.",1,qwen2.5:32b,long,positive,structured,zero_shot,the reason for the trip,long_positive_structured_zero_shot,9,773,125,700,1,1,1.0,12,2026-08-14T18:01:11.644606+00:00
fake,affinia,Hotel,"I checked into room 315 last weekend for a business trip, and right away, I was impressed by how modern and comfortable everything felt. The staff greeted me with genuine warmth; particularly memorable was the front desk attendant named Sarah who made sure all my requests were handled promptly. The bed was incredibly cozy, perfect after long days of meetings. The hotel's central location made it easy to explore downtown Chicago; I walked to Millennium Park one afternoon and loved how convenient everything was. In the morning, a quick espresso from the hotel's cafe got me going for the day. Overall, Affinia felt like home away from home.",1,qwen2.5:32b,long,positive,unstructured,few_shot,a specific detail or small incident,long_positive_unstructured_few_shot,0,644,108,700,1,1,1.0,12,2026-08-14T18:01:14.262261+00:00
fake,allegro,Hotel,"During my stay at the Allegro last month, one thing that stood out was the friendly welcome I received from the receptionist, Sarah. She made sure to answer all my questions about the local attractions and even gave me a few tips on hidden gems in the area. My room, 312, was cozy yet spacious, with large windows offering a nice view of the city skyline. The bathroom was quite modern, and I especially appreciated the complimentary toiletries. The wine reception each evening was a delightful touch, with a good selection of local wines. While the location isn't bustling at night, it's convenient for getting around via cab or public transit. Overall, my stay was quite comfortable and enjoyable.",1,qwen2.5:32b,long,positive,unstructured,few_shot,a specific detail or small incident,long_positive_unstructured_few_shot,1,699,119,700,1,1,1.0,12,2026-08-14T18:01:17.123887+00:00
fake,amalfi,Hotel,"Staying at the Amalfi Hotel last fall was truly a highlight of our trip. The room we had on the 12th floor offered stunning views of Lake Michigan, especially during sunset--it was absolutely breathtaking. The staff were exceptionally attentive; John from housekeeping even remembered our preferences after just one visit, which was really impressive. The breakfast in the morning was also fantastic, with a variety of options that kept us fueled for exploring the city. Overall, it felt like home away from home--comfortable and welcoming. Can't wait to go back!",1,qwen2.5:32b,long,positive,unstructured,few_shot,"a time or occasion, such as a month, a season, or a trip event",long_positive_unstructured_few_shot,2,563,90,700,1,1,1.0,12,2026-08-14T18:01:19.468256+00:00
fake,ambassador,Hotel,"I recently stayed at the Ambassador East Hotel for a weekend getaway, and I must say it was fantastic. The location is unbeatable--just steps away from the beach and within walking distance to all the major attractions on the Gold Coast. The staff deserves a huge shoutout; they were incredibly accommodating and made my stay so comfortable. One standout moment was when Sofie at the front desk went above and beyond, even helping me book last-minute tickets for a show downtown. My room, 312, was clean and cozy, with a lovely view of the city skyline. Overall, it felt like staying in a charmingly historic building that still maintains all modern conveniences. Can't wait to return!",1,qwen2.5:32b,long,positive,unstructured,few_shot,"first person singular, starting with the word I",long_positive_unstructured_few_shot,3,685,116,700,1,1,1.0,12,2026-08-14T18:01:22.341546+00:00
fake,conrad,Hotel,"I had an incredible stay at the Conrad. My room on the 17th floor offered a fantastic city view, and the space was beautifully decorated with modern touches that made it feel both luxurious and cozy. The staff was incredibly attentive--particularly John from the front desk who went out of his way to ensure my stay was comfortable. Breakfast was outstanding; I particularly enjoyed the fresh juice bar and the array of pastries. The fitness center is top-notch, well-equipped and spotlessly clean. Overall, it exceeded my expectations, making my visit to Chicago truly memorable.",1,qwen2.5:32b,long,positive,unstructured,few_shot,"first person singular, starting with the word I",long_positive_unstructured_few_shot,4,580,94,700,1,1,1.0,12,2026-08-14T18:01:24.749578+00:00
fake,fairmont,Hotel,"I stayed at the Fairmont for my sister's wedding this past weekend, and it was absolutely perfect. The staff went above and beyond to ensure everything ran smoothly. My favorite moment was when the concierge arranged a private car to take us around town since we missed our last train back to the hotel one night. The room on the 15th floor offered stunning views of the city skyline, and the bed was incredibly comfortable--I slept like a baby each night. In the mornings, I enjoyed the continental breakfast in the cafe; it had all my favorites--fresh pastries and eggs. One small suggestion would be to add more local recommendations for dining since we ended up eating out most nights and loved exploring nearby spots. Overall, everything else was flawless.",1,qwen2.5:32b,long,positive,unstructured,few_shot,the reason for the trip,long_positive_unstructured_few_shot,5,761,130,700,1,1,1.0,12,2026-08-14T18:01:27.835710+00:00
fake,hardrock,Hotel,"We had an amazing stay at the Hard Rock Hotel during our recent trip to Chicago. The location was unbeatable, right in the heart of everything, with easy access to Michigan Avenue and the lakefront. Our room on the 12th floor offered fantastic views, and the decor was a great mix of rock 'n' roll memorabilia and modern comfort. The staff were incredibly friendly; we particularly appreciated the help from concierge Alex who made our dinner reservations at a local favorite. One evening, we even spotted Slash wandering through the lobby! Overall, it felt like more than just a hotel stay--it was an experience.",1,qwen2.5:32b,long,positive,unstructured,few_shot,"first person plural, starting with the word We or Our",long_positive_unstructured_few_shot,6,613,104,700,1,1,1.0,12,2026-08-14T18:01:30.464045+00:00
fake,hilton,Hotel,"The room at the Hilton was absolutely stunning, with expansive windows that offered a breathtaking view of the city skyline. During my stay last month, I particularly enjoyed how quiet and comfortable it was. The bed was incredibly plush, which made for some much-needed rest after long days of exploring. One standout moment was when the front desk staff recognized me on my second day and remembered my name, which was surprisingly heartening. Their small courtesy didn't go unnoticed. The breakfast buffet in the morning was a great start to each day--plenty of options from eggs to fresh fruit. I had a quick lunch at their cafe one afternoon; the turkey sandwich was top-notch. All in all, the stay was exceptional, and the attention to detail made me feel right at home.",1,qwen2.5:32b,long,positive,unstructured,few_shot,the room or the hotel itself as the subject,long_positive_unstructured_few_shot,7,776,132,700,1,1,1.0,12,2026-08-14T18:01:33.548025+00:00
fake,homewood,Hotel,"I had an excellent stay at Homewood Suites recently for a business trip. The room was comfortable, with plenty of space to work and unwind after meetings. The staff at the front desk were incredibly helpful; Karen even recommended some great nearby restaurants. Breakfast in the morning was a highlight--great selection and always fresh. It's a bit noisy on weekends since it's near the action, but that's a minor detail. I really appreciated having access to both the gym and outdoor seating areas. All in all, a satisfying experience and would definitely stay here again if visiting Chicago.",1,qwen2.5:32b,long,positive,unstructured,few_shot,a verdict stated up front,long_positive_unstructured_few_shot,8,593,98,700,1,1,1.0,12,2026-08-14T18:01:35.980381+00:00
fake,hyatt,Hotel,"My stay at the Hyatt Regency was absolutely fantastic. The room itself was quite spacious, with a view of the city that was simply breathtaking, especially during sunset. I particularly appreciated how clean everything was--spotless bathrooms and crisp linens made me feel right at home. The staff were incredibly helpful too; the front desk team directed me to some great local restaurants and even arranged for an early check-in which saved my day after a long flight. Breakfast in their restaurant was also top-notch, with a wide variety of options to choose from. Overall, it's clear why this place is so popular among travelers.",1,qwen2.5:32b,long,positive,unstructured,few_shot,the room or the hotel itself as the subject,long_positive_unstructured_few_shot,9,633,104,700,1,1,1.0,12,2026-08-14T18:01:38.568615+00:00
fake,intercontinental,Hotel,"We stayed at the InterContinental for our weekend getaway and it was absolutely delightful. The staff, especially receptionist Maria, went above and beyond to make us feel welcome; she even suggested some local attractions we hadn't considered. Our room--number 307--was spacious and immaculate, with a fantastic view of the city skyline. The bed was incredibly comfortable, which made for great sleep after our sightseeing adventures. Breakfast in the morning was a treat, offering a variety of options from fresh pastries to a healthy selection of fruits and yogurt. Overall, a pleasant experience that surpassed our expectations.",1,qwen2.5:32b,long,positive,unstructured,zero_shot,the reason for the trip,long_positive_unstructured_zero_shot,0,632,96,700,1,1,1.0,12,2026-08-14T18:01:40.983912+00:00
fake,james,Hotel,"Our stay at The James was truly delightful, from our arrival on a chilly December night to our departure just three days later. The warmth and hospitality of the staff immediately set the tone for an exceptional visit. Our room, 407, offered stunning city views and was impeccably clean. The bed was incredibly comfortable - we barely noticed the occasional street noise filtering through. We particularly enjoyed the rooftop bar, where the bartenders mixed some of the best cocktails we've had in ages. Overall, a fantastic experience that made our trip memorable.",1,qwen2.5:32b,long,positive,unstructured,zero_shot,"first person plural, starting with the word We or Our",long_positive_unstructured_zero_shot,1,565,92,700,1,1,1.0,12,2026-08-14T18:01:43.114604+00:00
fake,knickerbocker,Hotel,"I had an incredibly pleasant stay at the Hotel Knickerbocker recently. The room (312) was beautifully appointed, with comfortable beds and a delightful view of the city skyline at night. The staff, particularly the front desk manager Sarah, went above and beyond to ensure I felt welcome and well taken care of. She even recommended some local spots for dinner that were fantastic. The breakfast in the morning was also a highlight; the omelet station was impressive with fresh ingredients. Overall, it was a standout experience that surpassed my expectations.",1,qwen2.5:32b,long,positive,unstructured,zero_shot,"first person singular, starting with the word I",long_positive_unstructured_zero_shot,2,560,90,700,1,1,1.0,12,2026-08-14T18:01:45.265175+00:00
fake,monaco,Hotel,"The room at Hotel Monaco was absolutely charming - a perfect blend of modern and vintage decor that made me feel right at home during my stay in October. The king-sized bed was incredibly comfortable after long days of exploring downtown DC. One standout moment was checking out from Room 325; the front desk agent, Jamie, went above and beyond to ensure we had maps for our day trip to Old Town Alexandria. The hotel's location can't be beat - just steps away from some fantastic restaurants like Rose's Luxury. Overall, it was a delightful stay filled with small touches that made all the difference.",1,qwen2.5:32b,long,positive,unstructured,zero_shot,the room or the hotel itself as the subject,long_positive_unstructured_zero_shot,3,602,105,700,1,1,1.0,12,2026-08-14T18:01:47.605091+00:00
fake,omni,Hotel,"We had an absolutely fantastic stay at Omni last week and were thoroughly impressed with every aspect of our visit. Our room, number 312, was beautifully appointed with all modern amenities and a stunning view of the city skyline. The attention to detail in the decor was impeccable, from the plush bedding to the stylish furnishings.

The staff truly went above and beyond--Alex at the front desk made sure we had everything we needed upon arrival and was incredibly helpful when we asked about local dining options. Breakfast was a delight; the buffet offered a great variety of fresh fruits, pastries, and hot items that were all deliciously prepared. We especially enjoyed our evening cocktails in the lounge, where the ambiance was cozy and the service impeccable.

Overall, our stay at Omni exceeded expectations, and we can't wait to return for another visit soon.",1,qwen2.5:32b,long,positive,unstructured,zero_shot,"first person plural, starting with the word We or Our",long_positive_unstructured_zero_shot,4,871,144,700,1,1,1.0,12,2026-08-14T18:01:50.740660+00:00
fake,palmer,Hotel,"I had an absolutely fantastic stay at Hotel Palmer last week in room 215. From the moment I checked in with the friendly receptionist Sarah, everything felt so smooth and welcoming. The room was impeccably clean, with a comfortable bed that made for some great nights of sleep. One evening, I enjoyed a delightful dinner at their on-site restaurant, where Chef John crafted an exquisite seafood platter that stood out particularly. The location couldn't have been better either, just steps away from the main attractions of the city. It was a perfect blend of comfort and convenience, and I truly felt like I had found a home away from home during my stay.",1,qwen2.5:32b,long,positive,unstructured,zero_shot,"first person singular, starting with the word I",long_positive_unstructured_zero_shot,5,656,113,700,1,1,1.0,12,2026-08-14T18:01:53.295825+00:00
fake,sheraton,Hotel,"My stay at the Sheraton was nothing short of fantastic. Upon arrival, the front desk staff welcomed us with genuine smiles and made sure we were settled into our room quickly. I stayed in Room 312, which had a lovely view of the city skyline. The room was spotlessly clean and very comfortable--the bed was like sleeping on clouds! One standout moment was when I accidentally left my phone in the hotel restaurant. I called to ask about it, and within minutes, Alex from the front desk found it and returned it without any hassle. The breakfast buffet was also a treat, with a variety of fresh options that kept me energized for the day. Overall, everything felt well-coordinated and truly cared for by the staff.",1,qwen2.5:32b,long,positive,unstructured,zero_shot,a specific detail or small incident,long_positive_unstructured_zero_shot,6,713,126,700,1,1,1.0,12,2026-08-14T18:01:56.118666+00:00
fake,sofitel,Hotel,"We had an absolutely wonderful stay at Sofitel last weekend for our anniversary. The staff went above and beyond to make our trip special; we were greeted with a bottle of champagne in our room by the ever-smiling Giovanni from housekeeping. Our suite on the 17th floor was stunning, complete with floor-to-ceiling windows offering breathtaking views of the city skyline. The beds were incredibly comfortable, and the attention to detail in the decor made us feel like true guests of honor. We especially enjoyed dining at their signature restaurant where the seafood platter was a standout--it was fresh and beautifully presented. Everything about our stay surpassed expectations, making it truly memorable.",1,qwen2.5:32b,long,positive,unstructured,zero_shot,"first person plural, starting with the word We or Our",long_positive_unstructured_zero_shot,7,708,111,700,1,1,1.0,12,2026-08-14T18:01:58.682731+00:00
fake,swissotel,Hotel,"The room at Swissotel was simply stunning, with large windows offering a breathtaking view of the city skyline. I stayed in Room 407 last month and was particularly impressed by how quiet it was despite being in the heart of the bustling downtown area. The staff went above and beyond; especially Maria from the front desk who arranged for an early check-in when my flight landed earlier than expected. Breakfast was a delightful affair, with a wide array of fresh options that catered to all dietary preferences. Overall, a fantastic stay filled with small touches that made me feel truly pampered.",1,qwen2.5:32b,long,positive,unstructured,zero_shot,the room or the hotel itself as the subject,long_positive_unstructured_zero_shot,8,599,101,700,1,1,1.0,12,2026-08-14T18:02:00.982344+00:00
fake,talbott,Hotel,"We had an absolutely delightful stay at The Talbott this past weekend for our anniversary. From the moment we walked in, the staff made us feel incredibly welcome and took great care to ensure everything was perfect for our celebration. Our room on the 4th floor offered a cozy and modern ambiance, with comfortable beds that provided us with a restful night's sleep. The breakfast buffet was outstanding, with an impressive variety of fresh options that we enjoyed each morning in the sunlit dining area. We particularly appreciated the attentive service from Concierge Emily, who helped arrange a memorable dinner reservation for us at a nearby restaurant. Overall, our experience was beyond expectations, and we feel grateful for the care and attention to detail shown throughout our stay.",1,qwen2.5:32b,long,positive,unstructured,zero_shot,"first person plural, starting with the word We or Our",long_positive_unstructured_zero_shot,9,792,128,700,1,1,1.0,12,2026-08-14T18:02:03.784442+00:00
fake,affinia,Hotel,"My stay at Affinia was thoroughly disappointing. I booked for three nights, hoping for a pleasant city break, but the reality was far from it. The room cleanliness was subpar; upon arrival, we found dust on the nightstand and even noticed what looked like old stains on the carpet. 

Noise levels were unbearable too--constant chatter and thudding from neighboring rooms made getting any sleep nearly impossible. I ended up using earplugs every night.

As for breakfast, it was uninspiring and overpriced. The buffet lacked variety, with mostly stale bread options and mediocre eggs. It felt like a missed opportunity for such an upscale hotel.

Overall, it's hard to recommend Affinia when the basics aren't handled well.",1,qwen2.5:32b,long,negative,structured,few_shot,a verdict stated up front,long_negative_structured_few_shot,0,722,116,700,1,1,1.0,12,2026-08-14T18:02:06.743807+00:00
fake,allegro,Hotel,"We stayed at Hotel Allegro for a business conference in early October. The room was tiny and felt cramped with just one person in it. The cleaning standards were far from what I expected; there was an odd musty smell lingering, and the sheets had faint stains that suggested they hadn't been properly washed. To make matters worse, noise levels were incredibly high--seems like the walls are paper thin as you could hear everything going on next door. As for the staff, while they were polite, their response to issues was slow; it took a long time just to get someone to clean up the mess from my room. The price we paid certainly didn't match the subpar experience I had here. Overall, disappointing and not worth the money.",1,qwen2.5:32b,long,negative,structured,few_shot,the reason for the trip,long_negative_structured_few_shot,1,726,129,700,1,1,1.0,12,2026-08-14T18:02:09.839614+00:00
fake,amalfi,Hotel,"The Amalfi Hotel was a major letdown despite its prime location near Millennium Park. The moment we checked into Room 402, it was clear that something wasn't right. The noise from the nearby streets and alleyway was incessant, ranging from late-night fights to early morning dumpster clatter. It felt like the hustle of Chicago seeped through every crevice.

The staff at the front desk were courteous enough, but they seemed overwhelmed and weren't particularly helpful with local recommendations beyond generic tourist spots. They didn't seem very familiar with the neighborhood beyond their standard script. Given that we paid a premium rate for this 'boutique' experience, the value felt pretty off. For the price of luxury, we got basic amenities and a lot of noise.

This hotel isn't worth the splurge if you're sensitive to sound or seeking a tranquil stay.",1,qwen2.5:32b,long,negative,structured,few_shot,the room or the hotel itself as the subject,long_negative_structured_few_shot,2,864,140,700,1,1,1.0,12,2026-08-14T18:02:13.358340+00:00
fake,ambassador,Hotel,"The Ambassador Hotel felt like it was falling apart at times. I booked room 214, and upon arrival, we were greeted with an overly noisy hallway where conversations and stomping could be heard through thin walls. The cleanliness left much to be desired; there were random hairs in the bathtub and what looked like old food particles in the corners of the room. Location-wise, it was centrally located, but the noise from nearby streets made for restless nights.

Breakfast was a letdown too. It felt more like a buffet straight out of an airport diner--bland eggs, dry toast, and lukewarm juice that tasted like watered-down concentrate. Service was indifferent at best; I had to ask multiple times before anyone took my order. Overall, it was a disappointing experience.",1,qwen2.5:32b,long,negative,structured,few_shot,the room or the hotel itself as the subject,long_negative_structured_few_shot,3,770,128,700,1,1,1.0,12,2026-08-14T18:02:16.556976+00:00
fake,conrad,Hotel,"We had high hopes for our stay at Conrad but were sorely disappointed. The noise levels were unbearable; every conversation from adjacent rooms carried over with crystal clarity. Despite being advertised as luxurious accommodations, we found our room to be less than spotless, with dust visible on the dresser and an outdated bathroom. Breakfast was a letdown too--limited options that didn't justify the hefty price tag. For what we paid, we expected a much better experience. We won't be returning anytime soon.",1,qwen2.5:32b,long,negative,structured,few_shot,"first person plural, starting with the word We or Our",long_negative_structured_few_shot,4,513,82,700,1,1,1.0,12,2026-08-14T18:02:18.752650+00:00
fake,fairmont,Hotel,"I had such high hopes for my stay at Fairmont, but unfortunately, it was quite disappointing. My room, 407, was not cleaned properly despite daily requests. Dust lingered on surfaces, and the bathroom had visible stains on the sink. The noise levels were unbearable, especially from the hallway; I could hear every conversation going by late into the night. For a hotel in this price range, the value just wasn't there. Staff seemed uninterested in addressing my concerns; when I spoke to receptionist Sarah, she was curt and dismissive. The experience left me feeling frustrated and regretful about my choice of accommodation.",1,qwen2.5:32b,long,negative,structured,few_shot,"first person singular, starting with the word I",long_negative_structured_few_shot,5,627,102,700,1,1,1.0,12,2026-08-14T18:02:21.452636+00:00
fake,hardrock,Hotel,"We stayed at Hard Rock for three nights last week and were disappointed with our experience overall. The room we had was supposed to be cleaned daily, but by the second day, the trash hadn't been emptied and there were dirty towels left on the floor. For $250 a night, we expected much better maintenance. As for the staff, the front desk agent, John, seemed overwhelmed and couldn't provide simple directions without getting flustered. The breakfast buffet was also underwhelming; it felt like we were eating at a generic hotel chain rather than something with Hard Rock's reputation. We won't be returning anytime soon.",1,qwen2.5:32b,long,negative,structured,few_shot,"first person plural, starting with the word We or Our",long_negative_structured_few_shot,6,621,104,700,1,1,1.0,12,2026-08-14T18:02:24.167639+00:00
fake,hilton,Hotel,"I stayed at the Hilton during my business trip last month, and it was a rather disappointing experience overall. I had booked for three nights, hoping for some respite after long days of meetings. Unfortunately, the room was far too noisy; the thin walls offered little protection from the constant chatter in the hallway and the elevator's incessant ding. As for value for money, I found it lacking. The nightly rate seemed steep considering the issues we faced. Despite these problems, the staff did try to help. However, their responses felt slow and unsatisfying when we complained about the noise levels. The manager, Sarah, attempted to provide complimentary room upgrades but ultimately failed to resolve our concerns adequately.",1,qwen2.5:32b,long,negative,structured,few_shot,"a time or occasion, such as a month, a season, or a trip event",long_negative_structured_few_shot,7,736,118,700,1,1,1.0,12,2026-08-14T18:02:27.071205+00:00
fake,homewood,Hotel,"During my recent business trip in late March, I stayed at the Homewood Suites for five nights. While the location was convenient, right near downtown, the overall experience felt disappointingly lackluster. The price point seemed higher than justified by the dated room decor and amenities. Breakfast was subpar, with limited options that were hardly fresh or appetizing. The complimentary eggs and toast felt like a routine assembly line rather than a welcome start to the day. All things considered, I found little value for money here, and I doubt I'll be returning anytime soon.",1,qwen2.5:32b,long,negative,structured,few_shot,"a time or occasion, such as a month, a season, or a trip event",long_negative_structured_few_shot,8,582,94,700,1,1,1.0,12,2026-08-14T18:02:29.476870+00:00
fake,hyatt,Hotel,"Last summer, I stayed at the Hyatt for a week-long business trip, and unfortunately, my experience was far from satisfactory. The room cleanliness was noticeably lacking; there were stains on the carpet, and the bathroom felt less than sparkling. As for the staff, they seemed overwhelmed and inattentive to our needs. When we requested additional towels, it took multiple calls just to get a response.

The breakfast buffet left much to be desired as well. The food options were limited, and the quality was mediocre at best, with some items tasting cold or bland. Given that we paid a premium price for this stay, the overall value felt disappointing. It's hard to justify the expense when the basics like cleanliness and service are not met to a high standard.

The hotel itself is in a good location, but the internal experience didn't match up to what I expected from a Hyatt.",1,qwen2.5:32b,long,negative,structured,few_shot,"a time or occasion, such as a month, a season, or a trip event",long_negative_structured_few_shot,9,881,151,700,1,1,1.0,12,2026-08-14T18:02:33.054127+00:00
fake,intercontinental,Hotel,"The InterContinental was a major letdown for our stay in late July. Our room, 412, was supposed to be cleaned daily but had dirty towels and scattered hair on the carpet even by day three. The staff seemed indifferent; I asked for extra soap twice and never got it. When I mentioned this to reception, they just shrugged it off without any apology. Breakfast was hit or miss - some mornings the omelet station was running late, leaving a bare table with only dry toast. Considering the high price tag, around $250 per night, we really didn't get what we paid for. It feels like there's no attention to detail here; even small requests weren't fulfilled. Not something I'd recommend unless you're looking for overpriced mediocrity.",1,qwen2.5:32b,long,negative,structured,zero_shot,the room or the hotel itself as the subject,long_negative_structured_zero_shot,0,730,126,700,1,1,1.0,12,2026-08-14T18:02:36.153012+00:00
fake,james,Hotel,"Our stay at The James was a significant letdown. We booked Room 312 expecting a cozy getaway but found it far from clean; the bathroom had visible mold and the sheets felt as if they hadn't been changed in days. The staff's lack of attentiveness didn't help matters. Despite our complaints, no one seemed particularly interested in rectifying the issues. While the location is decent, within walking distance to some attractions, it was hard to enjoy that when feeling let down by the service and cleanliness. At $250 a night, we couldn't justify the price for what we received. It's clear this hotel needs serious improvements to be worth its asking rate.",1,qwen2.5:32b,long,negative,structured,zero_shot,"first person plural, starting with the word We or Our",long_negative_structured_zero_shot,1,656,112,700,1,1,1.0,12,2026-08-14T18:02:38.797395+00:00
fake,knickerbocker,Hotel,"I had high hopes for my stay at the Hotel Knickerbocker, but it turned out to be quite disappointing. The room, 307, was noticeably dusty and had a lingering smell that couldn't be ignored. The location is centrally located, which is good in theory, but the noise from the street below was relentless, especially late into the night. As for breakfast, it felt like a missed opportunity; the selection was limited, and much of what was available was lukewarm at best. The few interactions I had with staff were polite, but not nearly enough to make up for the subpar conditions. Overall, a letdown after looking forward to my stay.",1,qwen2.5:32b,long,negative,structured,zero_shot,"first person singular, starting with the word I",long_negative_structured_zero_shot,2,630,110,700,1,1,1.0,12,2026-08-14T18:02:41.433073+00:00
fake,monaco,Hotel,"I stayed at Hotel Monaco recently and found the experience quite disappointing overall. The location is prime, right in the heart of downtown, but unfortunately, that comes with a lot of city noise filtering into the rooms. My stay was cut short by incessant traffic sounds despite being on an upper floor (room 412). As for value, I felt the price was steep for what was offered. The room was adequately clean but not particularly well-stocked or comfortable. Interactions with staff were hit and miss; while the concierge, Sarah, was helpful in recommending local spots, the front desk staff seemed rushed and indifferent during check-in. Overall, a disappointing experience that didn't justify the cost.",1,qwen2.5:32b,long,negative,structured,zero_shot,"first person singular, starting with the word I",long_negative_structured_zero_shot,3,706,114,700,1,1,1.0,12,2026-08-14T18:02:44.124669+00:00
fake,omni,Hotel,"We recently stayed at Omni for a long weekend and unfortunately, it was a rather disappointing experience. From the moment we checked in, the staff seemed overwhelmed and less than attentive; one employee even got our room number wrong twice. The noise levels were unbearable, with what sounded like construction work going on late into the night, making sleep nearly impossible. Given the price tag, we expected much better service and a quieter environment. Overall, it felt like we didn't get good value for our money, especially considering how short our stay was.",1,qwen2.5:32b,long,negative,structured,zero_shot,"first person plural, starting with the word We or Our",long_negative_structured_zero_shot,4,568,93,700,1,1,1.0,12,2026-08-14T18:02:46.239236+00:00
fake,palmer,Hotel,"I had high hopes for my stay at Hotel Palmer, but it turned out to be quite disappointing. I was in room 203 and found it dusty despite daily housekeeping services. The noise levels were unbearable, especially late into the night when all the halls echoed with loud voices. As for breakfast, it was barely sufficient with limited options, making mornings rather unpleasant. Given that I paid a premium rate of $150 per night, I expected much better value for my money. Sadly, Hotel Palmer fell short in multiple areas and did not justify its price tag at all.",1,qwen2.5:32b,long,negative,structured,zero_shot,"first person singular, starting with the word I",long_negative_structured_zero_shot,5,559,99,700,1,1,1.0,12,2026-08-14T18:02:48.550217+00:00
fake,sheraton,Hotel,"I stayed at the Sheraton for a business conference in early November and was quite disappointed overall. My room, 314, seemed to be neglected; there were smudges on the furniture and lint stuck to the carpet. The bathroom was no better, with grime around the sink and tiles. Speaking of neglect, the breakfast buffet lacked variety and freshness, with most items looking rather stale by mid-morning. I had hoped for a more lively experience after traveling all that way.

The staff, while polite enough, didn't go above and beyond to make my stay enjoyable. When I reported issues about the room's cleanliness to the front desk (specifically, the night manager named Sarah), there was no follow-up or apology offered. Overall, it felt like a wasted opportunity for the Sheraton to impress their guests.",1,qwen2.5:32b,long,negative,structured,zero_shot,the reason for the trip,long_negative_structured_zero_shot,6,802,133,700,1,1,1.0,12,2026-08-14T18:02:51.668590+00:00
fake,sofitel,Hotel,"We were disappointed with our stay at Sofitel recently. Our room, 307, was right next to the elevator, which made for very noisy nights, waking us up multiple times. The location wasn't as convenient as we hoped; it took us nearly 25 minutes just to get to the metro station during rush hour. While the staff at the front desk were friendly, they seemed overwhelmed and couldn't provide much help when we asked about local attractions. Breakfast was underwhelming too; the options felt limited, especially for a hotel of this caliber. It lacked that special touch you'd expect from a Sofitel.",1,qwen2.5:32b,long,negative,structured,zero_shot,"first person plural, starting with the word We or Our",long_negative_structured_zero_shot,7,592,101,700,1,1,1.0,12,2026-08-14T18:02:54.108013+00:00
fake,swissotel,Hotel,"Swissotel was quite disappointing overall. I stayed in room 412 for three nights, and unfortunately, the noise levels were unbearable. Even with earplugs, I could still hear constant chatter from the hallways late into the night. The room cleanliness left much to be desired; there was an unpleasant musty smell that lingered despite multiple requests for housekeeping. While the location near the city center is convenient on paper, the area felt unsafe after dark. It's a shame because Swissotel had so much potential, but my stay was far from enjoyable.",1,qwen2.5:32b,long,negative,structured,zero_shot,the room or the hotel itself as the subject,long_negative_structured_zero_shot,8,556,90,700,1,1,1.0,12,2026-08-14T18:02:56.368652+00:00
fake,talbott,Hotel,"We stayed at The Talbott over the weekend and unfortunately had a disappointing experience overall. Our room was extremely noisy; we could hear other guests walking around in the hallway all night long. It's hard to justify the price when you're not even getting a good night's sleep. The breakfast buffet, while offering some variety, lacked quality--the eggs were rubbery, and most items felt reheated rather than freshly prepared. The staff was friendly enough but didn't seem able to address our concerns about the noise level or the less-than-stellar food. For the price we paid, we expected much better service and amenities.",1,qwen2.5:32b,long,negative,structured,zero_shot,"first person plural, starting with the word We or Our",long_negative_structured_zero_shot,9,631,102,700,1,1,1.0,12,2026-08-14T18:02:58.807992+00:00
fake,affinia,Hotel,"I had high hopes for my stay at the Affinia but ended up feeling quite disappointed. The room itself was decent enough, but there were significant issues with cleanliness--my bathroom had visible grime on the tub and streaks on the mirror despite multiple requests for housekeeping. Moreover, the Wi-Fi barely worked, which made it almost impossible to do any remote work during my stay. I also found the staff to be less than helpful; when I asked about restaurant recommendations, the concierge seemed indifferent and gave vague answers. To top it off, the room was extremely uncomfortable--the mattress was stiff and the pillows weren't supportive at all. It felt like a step down from even some mid-range hotels.",1,qwen2.5:32b,long,negative,unstructured,few_shot,"first person singular, starting with the word I",long_negative_unstructured_few_shot,0,716,118,700,1,1,1.0,12,2026-08-14T18:03:01.708258+00:00
fake,allegro,Hotel,"I had high hopes for the Allegro after reading so many good reviews online, but my stay was quite disappointing. My room, 314, had an overpowering smell that never went away despite airing it out. The air conditioning was loud and inefficient; even with it on full blast, I woke up in a sweat. What's worse, there were only two old hangers in the closet, no bath mat in the shower, and the complimentary toiletries looked like they had been around for ages. Service wasn't much better--when I asked for a different room, reception simply shrugged it off. The breakfast on the last day was stale and uninspired. This experience has dampened my enthusiasm about returning or recommending Allegro to others.",1,qwen2.5:32b,long,negative,unstructured,few_shot,"first person singular, starting with the word I",long_negative_unstructured_few_shot,1,704,121,700,1,1,1.0,12,2026-08-14T18:03:04.888115+00:00
fake,amalfi,Hotel,"My stay at the Amalfi Hotel was anything but delightful. I checked in on a dreary Wednesday night after a long day of travel, only to be greeted by a less-than-enthusiastic front desk clerk who seemed entirely disinterested in my arrival. My room was supposed to be on the higher floors for a better view, but instead, I got a cramped space with no natural light and a bathroom smaller than most closets. To make matters worse, there were issues with the Wi-Fi connection throughout my stay, and when I reached out to maintenance, it took three days to resolve. The promised city views were non-existent from my room. The breakfast was barely passable, lacking variety and quality. Overall, it was a disappointing experience that left me regretting not booking somewhere else.",1,qwen2.5:32b,long,negative,unstructured,few_shot,"a time or occasion, such as a month, a season, or a trip event",long_negative_unstructured_few_shot,2,776,132,700,1,1,1.0,12,2026-08-14T18:03:08.201510+00:00
fake,ambassador,Hotel,"The Ambassador East was an absolute letdown. We arrived expecting a comfortable stay, but our room on the 6th floor felt more like stepping into the past. The decor was so outdated it could've been from the '80s, and the carpet had seen better days. To make matters worse, the complimentary Wi-Fi was barely functional. I couldn't even stream music to pass the time.

The staff's lack of attentiveness didn't help either. When we checked in at 4 PM, they were quite brusque and made no effort to make us feel welcome. Later, when I tried to request a quiet room due to construction noise from nearby, the front desk clerk was dismissive and unhelpful.

The location was decent near the Clark/Division stop on the red line, but that's about it. Overall, this trip left a sour taste in my mouth, and I doubt we'll be back anytime soon.",1,qwen2.5:32b,long,negative,unstructured,few_shot,the room or the hotel itself as the subject,long_negative_unstructured_few_shot,3,833,149,700,1,1,1.0,12,2026-08-14T18:03:11.979592+00:00
fake,conrad,Hotel,"I had high hopes for my stay at the Conrad but was left feeling quite disappointed. My room, number 512, smelled faintly of smoke despite being a non-smoking hotel. The air conditioning was also hit-or-miss, often making it too cold in the middle of summer. I reached out to housekeeping multiple times, but the issues persisted throughout my stay. On top of that, the staff seemed disengaged--room service took over an hour to deliver what should have been a quick snack order. The gym was underwhelming as well, with outdated equipment and no view. It felt like paying premium rates for subpar accommodations.",1,qwen2.5:32b,long,negative,unstructured,few_shot,"first person singular, starting with the word I",long_negative_unstructured_few_shot,4,611,103,700,1,1,1.0,12,2026-08-14T18:03:14.742875+00:00
fake,fairmont,Hotel,"My stay at the Fairmont was a significant letdown. Room 324 had peeling wallpaper and an ancient television that barely worked. The first night, we were awakened by a loud construction noise until midnight--clearly not maintenance expected in such a high-end hotel. When I called housekeeping about the sticky door lock, it took them three attempts over two days to finally fix it. The staff seemed overwhelmed; one of the concierges was rude and dismissive when I asked for recommendations on local dining options. Even worse, the complimentary Wi-Fi, advertised as reliable and fast, was barely functional. Breakfast at the in-house restaurant felt like a buffet from a mid-tier hotel with subpar food quality. For the price point, I expected much better service and attention to detail. This experience left me disappointed and unlikely to return.",1,qwen2.5:32b,long,negative,unstructured,few_shot,the room or the hotel itself as the subject,long_negative_unstructured_few_shot,5,850,136,700,1,1,1.0,12,2026-08-14T18:03:18.191245+00:00
fake,hardrock,Hotel,"I had high hopes for my stay at the Hard Rock, but it was one disappointment after another. First off, my room--207--was supposed to have a balcony with city views, but when I checked in, there wasn't even a door leading out to anything. The staff tried to make it up by offering free drinks at the bar, but that didn't fix the fact that the bed was uncomfortable and the air conditioning barely worked. To top it all off, my breakfast buffet experience was underwhelming; the food was lukewarm and there weren't many options. I really wanted to enjoy myself, but this trip was a letdown from start to finish.",1,qwen2.5:32b,long,negative,unstructured,few_shot,a verdict stated up front,long_negative_unstructured_few_shot,6,609,111,700,1,1,1.0,12,2026-08-14T18:03:21.031080+00:00
fake,hilton,Hotel,"We stayed at the Hilton last weekend for a business trip, and it was quite disappointing overall. Our room on the 12th floor was not as clean as we expected; there were loose tiles in the bathroom that hadn't been fixed despite our request. The air conditioning unit made an unusual noise all night long, making sleep nearly impossible. Additionally, the free Wi-Fi promised during booking turned out to be a premium service costing $15 per day--quite frustrating for guests expecting what was advertised.

The front desk staff, particularly Sarah and Michael, were friendly but couldn't seem to resolve our issues efficiently. It took three attempts just to get basic toiletries replaced in the room. For such an upscale brand, we hoped for much better service and cleanliness. This experience has made us rethink choosing Hilton for future stays.",1,qwen2.5:32b,long,negative,unstructured,few_shot,"first person plural, starting with the word We or Our",long_negative_unstructured_few_shot,7,848,139,700,1,1,1.0,12,2026-08-14T18:03:24.346161+00:00
fake,homewood,Hotel,"I had high hopes for my stay at Homewood Suites by Marriott in Chicago, but unfortunately, it was a letdown from start to finish. I booked room 214, expecting a comfortable space after a long trip, only to find the room under renovation with loud construction noise throughout the night. The front desk agent, named Brian, seemed overwhelmed and couldn't provide any alternatives despite my requests. The next morning, the breakfast was lukewarm at best, and the staff member serving food appeared disinterested in ensuring a pleasant experience for guests. All in all, it was disappointing and not what I expected from a chain hotel known for its amenities and service.",1,qwen2.5:32b,long,negative,unstructured,few_shot,a verdict stated up front,long_negative_unstructured_few_shot,8,670,111,700,1,1,1.0,12,2026-08-14T18:03:27.128611+00:00
fake,hyatt,Hotel,"I had high hopes for my stay at Hyatt, but unfortunately, it was an absolute disappointment. I arrived on Thursday expecting a comfortable room and excellent service, only to find that check-in took over 30 minutes despite being a platinum member. When I finally got up to my room, the bed was uncomfortable and the minibar charges were exorbitant--$15 for a bottle of water? Moreover, there was loud construction noise throughout the night from what seemed like renovations in an adjacent space, making sleep impossible. The next morning, when I tried to have breakfast at the hotel restaurant, they told me it was closed for renovation. For the rates they charge, this level of inconvenience is unacceptable. Overall, a deeply disappointing experience that left much to be desired.",1,qwen2.5:32b,long,negative,unstructured,few_shot,"first person singular, starting with the word I",long_negative_unstructured_few_shot,9,783,128,700,1,1,1.0,12,2026-08-14T18:03:30.318524+00:00
fake,intercontinental,Hotel,"I had high hopes for my stay at the InterContinental last week, but unfortunately, it was a major letdown. Room 405 was cluttered and smelled musty despite being supposedly cleaned. The air conditioning was broken, leaving me sweating through most of my night there. To make matters worse, when I tried to resolve this with reception, they were utterly unhelpful and dismissive. The manager, Sarah, eventually came up but took almost an hour just to acknowledge the issue. Breakfast was a disappointment too--limited choices and lukewarm food that barely tasted fresh. Overall, my expectations were completely shattered; definitely not worth the price I paid.",1,qwen2.5:32b,long,negative,unstructured,zero_shot,"first person singular, starting with the word I",long_negative_unstructured_zero_shot,0,659,104,700,1,1,1.0,12,2026-08-14T18:03:32.942475+00:00
fake,james,Hotel,"We were really looking forward to staying at The James for our anniversary, but unfortunately, it turned out to be quite a letdown. Our room on the 7th floor was not cleaned properly; there were dirty towels and used glasses from the previous guests. When we complained to the front desk, the staff seemed uninterested and only changed our linens without addressing other issues. The noise levels were also disturbing--loud parties in nearby rooms kept us awake late into the night. Breakfast at the hotel was overpriced and underwhelming, with limited options and indifferent service. We expected more from a place that's supposed to be trendy yet comfortable.",1,qwen2.5:32b,long,negative,unstructured,zero_shot,"first person plural, starting with the word We or Our",long_negative_unstructured_zero_shot,1,661,108,700,1,1,1.0,12,2026-08-14T18:03:35.457972+00:00
fake,knickerbocker,Hotel,"I had high hopes for my stay at The Knickerbocker, but it fell short in so many ways. My room was 507, and while the decor tried to be classic and charming, it felt outdated and a bit worn. The bed was uncomfortable, making for restless nights. During my stay, I encountered some staff members who were friendly, like the front desk clerk named Sarah, but others seemed disinterested or even rude. One evening, room service took over an hour to bring me my dinner, which was cold by the time it arrived. To top it off, there was a strange smell in the hallway that lingered throughout my stay. It's a shame because the hotel has potential, but until they address these issues, I wouldn't recommend it for a relaxing getaway.",1,qwen2.5:32b,long,negative,unstructured,zero_shot,"first person singular, starting with the word I",long_negative_unstructured_zero_shot,2,724,132,700,1,1,1.0,12,2026-08-14T18:03:38.494486+00:00
fake,monaco,Hotel,"The Hotel Monaco in downtown really let me down on my recent trip. My room, 312, was supposed to be stylish but felt more like a dated knockoff with peeling wallpaper and an oddly placed light fixture that kept falling out of its socket. The front desk staff, including a woman named Sarah who seemed clueless about the hotel's own amenities, only added to my frustration. The WiFi cut in and out constantly, making it nearly impossible to work from my room. To top it off, there was a persistent odor I couldn't pinpoint, like someone forgot to take out the trash for weeks. Definitely not worth the price tag or the hype; hoping for much better next time.",1,qwen2.5:32b,long,negative,unstructured,zero_shot,the room or the hotel itself as the subject,long_negative_unstructured_zero_shot,3,657,119,700,1,1,1.0,12,2026-08-14T18:03:41.195471+00:00
fake,omni,Hotel,"My stay at Omni in January was a major letdown. I booked the hotel for my sister's wedding, expecting top-notch service and comfort, but what I got was far from ideal. My room, 407, had stains on the carpet and the shower was clogged. The front desk staff seemed overwhelmed; when I asked for extra towels, it took nearly an hour to receive them. During my stay, the air conditioning broke multiple times, leaving the room unbearably hot. Despite mentioning these issues to a manager named Sarah, nothing improved. It's unfortunate because the wedding venue was perfect, but the hotel left much to be desired.",1,qwen2.5:32b,long,negative,unstructured,zero_shot,"a time or occasion, such as a month, a season, or a trip event",long_negative_unstructured_zero_shot,4,609,105,700,1,1,1.0,12,2026-08-14T18:03:43.741469+00:00
fake,palmer,Hotel,"We stayed at Hotel Palmer for our anniversary, hoping for a romantic getaway, but it was far from ideal. The room was numbered 312, and upon arrival, we found the decor to be outdated and quite worn down. During our stay, there were constant issues with the heating; even in early October, the room felt chilly. To add insult to injury, when we reached out to maintenance for help, they took their time responding--our request went to a technician named Mark who seemed disinterested and inefficient.

The restaurant on-site was another letdown. The food lacked flavor, and our waiter, Sarah, was barely attentive. Our dinner experience, which should have been memorable, left us feeling underwhelmed. The overall service felt lackluster and the staff could use some training in customer interaction. It's a shame because the location itself is good, but it wasn't enough to salvage what turned out to be an unsatisfactory stay.",1,qwen2.5:32b,long,negative,unstructured,zero_shot,the reason for the trip,long_negative_unstructured_zero_shot,5,928,153,700,1,1,1.0,12,2026-08-14T18:03:47.324637+00:00
fake,sheraton,Hotel,"We had high hopes for our stay at the Sheraton, but unfortunately, it fell short in several areas. Our room, 407, was cleanliness-wise lackluster; there were spots on the bathroom tiles and dusty corners that hadn't seen a thorough cleaning. The air conditioning was also erratic, leaving us sweltering one night and freezing the next. To make matters worse, we encountered issues with the Wi-Fi connectivity throughout our stay, which made it challenging to work remotely as planned. The front desk staff seemed overworked; on several occasions, they were slow to respond or distracted. It's a shame because the location was prime, but the service and room quality didn't match up to expectations.",1,qwen2.5:32b,long,negative,unstructured,zero_shot,"first person plural, starting with the word We or Our",long_negative_unstructured_zero_shot,6,698,113,700,1,1,1.0,12,2026-08-14T18:03:50.077115+00:00
fake,sofitel,Hotel,"My stay at Sofitel last month was disappointing to say the least. Room 412 was supposed to be one of their premier suites, but it felt more like a budget motel with outdated decor and stains on the carpet that should have never seen daylight. The service promised so much but fell short; the front desk attendant, Sarah, seemed disinterested when I asked about local dining options. Breakfast was a letdown too--hardly anything fresh and way overpriced for what it was. It's unfortunate because the location was prime, but that wasn't enough to salvage the experience.",1,qwen2.5:32b,long,negative,unstructured,zero_shot,"a time or occasion, such as a month, a season, or a trip event",long_negative_unstructured_zero_shot,7,568,96,700,1,1,1.0,12,2026-08-14T18:03:52.402588+00:00
fake,swissotel,Hotel,"We had high hopes for our stay at Swissotel, but unfortunately, it was a letdown from start to finish. Our room on the 12th floor was dusty and the minibar prices were outrageous--way beyond what we expected for such a well-known brand. The service wasn't much better; the front desk staff seemed disinterested when we inquired about local attractions. The breakfast buffet was lackluster too, with only a few options that felt more like leftovers than fresh choices. To make matters worse, our request to adjust the thermostat went unnoticed for hours. It's a shame because the location is prime, but overall, it didn't meet our standards at all.",1,qwen2.5:32b,long,negative,unstructured,zero_shot,"first person plural, starting with the word We or Our",long_negative_unstructured_zero_shot,8,647,109,700,1,1,1.0,12,2026-08-14T18:03:55.066636+00:00
fake,talbott,Hotel,"I had high hopes for my stay at The Talbott but unfortunately, it fell short in several areas. The room I stayed in, 312, smelled musty despite being on a non-smoking floor. When I mentioned this to the front desk staff, including a particularly unhelpful person named Sarah, they offered no solution other than apologizing. Breakfast was bland and the selection limited, which was disappointing given the price point. The Wi-Fi connection in my room was spotty, making it difficult to work remotely as I had planned. Overall, the experience left me feeling let down by a hotel that promised so much but delivered very little.",1,qwen2.5:32b,long,negative,unstructured,zero_shot,"first person singular, starting with the word I",long_negative_unstructured_zero_shot,9,626,106,700,1,1,1.0,12,2026-08-14T18:03:57.640634+00:00
