Binary_label,Category,domain,text,is_synthetic,model,length,sentiment,structure,example_mode,opener_move,cell_id,rep_index,n_chars,n_words,target_chars,in_length_band,n_attempts,gen_temperature,gen_seed,timestamp
fake,affinia,Hotel,"We spent a long weekend at the Affinia in October, and it was a great base for exploring the city. Room 1415 was cozy, with a lovely view of the rooftops, and the staff took excellent care of us, including arranging a great dinner at a nearby restaurant.",1,llama3.2:3b,short,positive,structured,few_shot,"a time or occasion, such as a month, a season, or a trip event",short_positive_structured_few_shot,0,254,48,200,1,1,1.0,12,2026-08-20T10:40:50.219652+00:00
fake,allegro,Hotel,"We spent three nights at the Allegro, and it was a great midtown retreat, with staff like Maria at the front desk being particularly friendly and helpful.",1,llama3.2:3b,short,positive,structured,few_shot,"first person plural, starting with the word We or Our",short_positive_structured_few_shot,1,154,27,200,1,2,1.0,12,2026-08-20T10:40:51.333083+00:00
fake,amalfi,Hotel,"The Amalfi exceeded my expectations, even with a pre-arranged room upgrade. Staff member, Alessandro, helped me navigate the property and its excellent breakfast spread, which included fresh fruit and made-to-order omelets, on my last morning.",1,llama3.2:3b,short,positive,structured,few_shot,a verdict stated up front,short_positive_structured_few_shot,2,243,35,200,1,1,1.0,12,2026-08-20T10:40:51.844936+00:00
fake,ambassador,Hotel,"I stayed at the Ambassador on a girls' weekend in July, room 1401, and it was a perfect base for our city explorations. The staff, especially Alex at the front desk and Sophia in the morning coffee, were friendly and attentive, making us feel at home.",1,llama3.2:3b,short,positive,structured,few_shot,the reason for the trip,short_positive_structured_few_shot,3,251,46,200,1,1,1.0,12,2026-08-20T10:40:52.357116+00:00
fake,conrad,Hotel,"I spent a weekend at the Conrad and was thoroughly charmed by its understated elegance. Our room on the 12th floor, 1412, had a stunning view of the city, and the staff, especially concierge, Alex, went above and beyond with recommendations and insider tips.",1,llama3.2:3b,short,positive,structured,few_shot,"first person singular, starting with the word I",short_positive_structured_few_shot,4,258,44,200,1,2,1.0,12,2026-08-20T10:40:53.449260+00:00
fake,fairmont,Hotel,"We spent three nights at the Fairmont, and the only thing that surprised us was how quickly we settled in.",1,llama3.2:3b,short,positive,structured,few_shot,"first person plural, starting with the word We or Our",short_positive_structured_few_shot,5,106,20,200,0,2,1.0,12,2026-08-20T10:40:54.559821+00:00
fake,hardrock,Hotel,"I stayed at the Hard Rock Hotel in August with my family and had an amazing time, thanks to the friendly staff, especially Alex at the front desk who helped me with a last-minute room upgrade.",1,llama3.2:3b,short,positive,structured,few_shot,"first person singular, starting with the word I",short_positive_structured_few_shot,6,192,36,200,1,2,1.0,12,2026-08-20T10:40:55.758523+00:00
fake,hilton,Hotel,"We spent four nights here and loved the convenience of being steps away from the Loop. The breakfast spread was plentiful and the staff, like Karen in the lobby, were always cheerful and helpful.",1,llama3.2:3b,short,positive,structured,few_shot,"first person plural, starting with the word We or Our",short_positive_structured_few_shot,7,195,34,200,1,2,1.0,12,2026-08-20T10:40:57.003386+00:00
fake,homewood,Hotel,"I stayed at the Homewood for four nights in room 304, just off the highway, which suited our road trip plans. The staff, especially Maria, went above and beyond with the free breakfast, especially when my 8-year-old got a tummy ache and we needed some crackers.",1,llama3.2:3b,short,positive,structured,few_shot,the room or the hotel itself as the subject,short_positive_structured_few_shot,8,261,46,200,1,2,1.0,12,2026-08-20T10:40:58.155470+00:00
fake,hyatt,Hotel,"I arrived on a Sunday, booked a river-view room for a short weekend getaway, and was pleasantly surprised by the spaciousness.",1,llama3.2:3b,short,positive,structured,few_shot,a specific detail or small incident,short_positive_structured_few_shot,9,126,21,200,0,2,1.0,12,2026-08-20T10:40:59.277729+00:00
fake,intercontinental,Hotel,"I stayed in room 1412 for four nights and the location is everything - a block away from Navy Pier and a short walk to Millennium Park. The breakfast buffet was a highlight, with a surprisingly good selection of eggs and pastries.",1,llama3.2:3b,short,positive,structured,few_shot,"first person singular, starting with the word I",short_positive_structured_few_shot,10,230,42,200,1,2,1.0,12,2026-08-20T10:41:00.487153+00:00
fake,james,Hotel,"I was delighted with my stay at the James in April, room 1204 was cozy and spotless, thanks to the meticulous housekeeping. Despite the chaos of rush hour, the concierge team expertly juggled my requests, including a great breakfast spot recommendation from Emily.",1,llama3.2:3b,short,positive,structured,few_shot,a specific detail or small incident,short_positive_structured_few_shot,11,264,43,200,1,2,1.0,12,2026-08-20T10:41:01.485373+00:00
fake,knickerbocker,Hotel,"We checked in on a chilly January morning, and the warm lobby immediately put us at ease. Our room 1202 had a plush king bed and a stylish decor that set the tone for a cozy stay, and we appreciated the generous window space to let in the afternoon sun.",1,llama3.2:3b,short,positive,structured,few_shot,"a time or occasion, such as a month, a season, or a trip event",short_positive_structured_few_shot,12,253,50,200,1,1,1.0,12,2026-08-20T10:41:02.071725+00:00
fake,monaco,Hotel,"We spent four nights in the luxurious Ocean Suite 605, and the staff, led by our friendly bellhop, Leo, made us feel like royalty.",1,llama3.2:3b,short,positive,structured,zero_shot,"first person plural, starting with the word We or Our",short_positive_structured_zero_shot,0,130,24,200,1,2,1.0,12,2026-08-20T10:41:03.123721+00:00
fake,omni,Hotel,"I spent a weekend at the Omni in December, and for a pricey rate, I got exactly what I paid for - top-notch service and amenities.",1,llama3.2:3b,short,positive,structured,zero_shot,"a time or occasion, such as a month, a season, or a trip event",short_positive_structured_zero_shot,1,130,26,200,1,2,1.0,12,2026-08-20T10:41:04.387892+00:00
fake,palmer,Hotel,"We spent a wonderful 4-night stay at the Hotel Palmer, conveniently located near the city's vibrant nightlife and upscale shopping district.",1,llama3.2:3b,short,positive,structured,zero_shot,"first person plural, starting with the word We or Our",short_positive_structured_zero_shot,2,140,21,200,1,2,1.0,12,2026-08-20T10:41:05.624462+00:00
fake,sheraton,Hotel,"We were thoroughly impressed with our stay at the Sheraton, especially considering the affordable price, which offered great value for money.",1,llama3.2:3b,short,positive,structured,zero_shot,"first person plural, starting with the word We or Our",short_positive_structured_zero_shot,3,141,21,200,1,2,1.0,12,2026-08-20T10:41:06.866812+00:00
fake,sofitel,Hotel,"I was delighted with my two-night stay at the Sofitel, particularly in room 1411, where the beds were supremely comfortable and the staff - like my concierge, Julian - went above and beyond to make me feel at home.",1,llama3.2:3b,short,positive,structured,zero_shot,"first person singular, starting with the word I",short_positive_structured_zero_shot,4,214,39,200,1,2,1.0,12,2026-08-20T10:41:08.089672+00:00
fake,swissotel,Hotel,"I was thoroughly impressed with my two-night stay at the Swissotel, staying in room 1420, which offered stunning views of the city.",1,llama3.2:3b,short,positive,structured,zero_shot,the room or the hotel itself as the subject,short_positive_structured_zero_shot,5,131,22,200,1,2,1.0,12,2026-08-20T10:41:09.519406+00:00
fake,talbott,Hotel,"I just spent a perfect long weekend at Talbott (Sept 15-18) and had a great stay in room 1407, where the staff, particularly Emily and Ryan, were warm and helpful.",1,llama3.2:3b,short,positive,structured,zero_shot,"a time or occasion, such as a month, a season, or a trip event",short_positive_structured_zero_shot,6,163,30,200,1,2,1.0,12,2026-08-20T10:41:10.591192+00:00
fake,affinia,Hotel,"I recently spent a lovely night at the Affinia Hotel, staying in room 1201.",1,llama3.2:3b,short,positive,structured,zero_shot,the room or the hotel itself as the subject,short_positive_structured_zero_shot,7,75,14,200,0,2,1.0,12,2026-08-20T10:41:11.666775+00:00
fake,allegro,Hotel,"During our summer solstice trip to Rome, I was pleased to find the Allegro's rooms consistently spotless, thanks to diligent housekeeping that kept my room number 314 remarkably tidy.",1,llama3.2:3b,short,positive,structured,zero_shot,"a time or occasion, such as a month, a season, or a trip event",short_positive_structured_zero_shot,8,183,29,200,1,2,1.0,12,2026-08-20T10:41:12.753402+00:00
fake,amalfi,Hotel,"I spent a blissful week in room 314 at the Hotel Amalfi, where my family and I unwound amidst lemon groves and crystal waters.",1,llama3.2:3b,short,positive,structured,zero_shot,"first person singular, starting with the word I",short_positive_structured_zero_shot,9,126,24,200,0,2,1.0,12,2026-08-20T10:41:14.103393+00:00
fake,ambassador,Hotel,"The Hotel Ambassador exceeded my expectations during my 4-night stay in room 314, where the cleanliness and comfort were top-notch.",1,llama3.2:3b,short,positive,structured,zero_shot,the room or the hotel itself as the subject,short_positive_structured_zero_shot,10,131,20,200,1,2,1.0,12,2026-08-20T10:41:15.120041+00:00
fake,conrad,Hotel,"I was delighted with my stay at the Hotel Conrad, staying in room 1418. The staff, especially the concierge, Daniel, were accommodating and attentive, but the noise level from the nearby bars was a brief distraction, especially on a Friday night.",1,llama3.2:3b,short,positive,structured,zero_shot,"first person singular, starting with the word I",short_positive_structured_zero_shot,11,246,41,200,1,1,1.0,12,2026-08-20T10:41:15.611650+00:00
fake,fairmont,Hotel,"Staying at the Fairmont during a mid-January ski trip was a perfect antidote to winter blues, thanks to its prime location steps from a bustling ski lift and lively apres-ski scene.",1,llama3.2:3b,short,positive,structured,zero_shot,"a time or occasion, such as a month, a season, or a trip event",short_positive_structured_zero_shot,12,181,31,200,1,2,1.0,12,2026-08-20T10:41:16.749855+00:00
fake,hardrock,Hotel,I checked in for a quick weekend getaway and landed on the iconic floor with views of the lake and city lights. Staff remembered me from my last visit and handed me a bottle of champagne to kick off our stay.,1,llama3.2:3b,short,positive,unstructured,few_shot,the room or the hotel itself as the subject,short_positive_unstructured_few_shot,0,208,41,200,1,1,1.0,12,2026-08-20T10:41:17.301312+00:00
fake,hilton,Hotel,"I just spent four nights at the Hilton in downtown and it was a solid choice for my conference - the staff were accommodating and the rooms were comfy, even if the ac didn't quite keep up on the second night. The coffee in the lounge was a nice touch too.",1,llama3.2:3b,short,positive,unstructured,few_shot,the room or the hotel itself as the subject,short_positive_unstructured_few_shot,1,255,51,200,1,2,1.0,12,2026-08-20T10:41:18.402637+00:00
fake,homewood,Hotel,"We stayed in room 704 for four nights in June and loved the spaciousness and comfy beds. The staff, especially Karen on the front desk, were super friendly and helpful, even when we had a minor issue with the AC not cooling our room properly.",1,llama3.2:3b,short,positive,unstructured,few_shot,"first person plural, starting with the word We or Our",short_positive_unstructured_few_shot,2,242,45,200,1,1,1.0,12,2026-08-20T10:41:18.942803+00:00
fake,hyatt,Hotel,"We splurged for a night at the Hyatt Regency Chicago's presidential suite on our anniversary. Our server, Maria, remembered my birthday and brought us cake and champagne.",1,llama3.2:3b,short,positive,unstructured,few_shot,"first person plural, starting with the word We or Our",short_positive_unstructured_few_shot,3,170,27,200,1,2,1.0,12,2026-08-20T10:41:19.979749+00:00
fake,intercontinental,Hotel,"We spent a weekend here and had a fantastic stay, our room 1417 had a lovely view of the city. The staff were friendly and helpful, especially Rachel at the front desk who went out of her way to help us find a great spot for brunch on Sunday.",1,llama3.2:3b,short,positive,unstructured,few_shot,"first person plural, starting with the word We or Our",short_positive_unstructured_few_shot,4,242,49,200,1,1,1.0,12,2026-08-20T10:41:20.533656+00:00
fake,james,Hotel,"We were blown away by the warm welcome from the concierge team, who went above and beyond to tailor our stay to our needs.",1,llama3.2:3b,short,positive,unstructured,few_shot,"first person plural, starting with the word We or Our",short_positive_unstructured_few_shot,5,122,24,200,0,2,1.0,12,2026-08-20T10:41:21.658443+00:00
fake,knickerbocker,Hotel,"We ended up staying for 4 nights from March 12th to 16th. I was a bit worried about the infamous bar at the Blue Devil Room, but it was surprisingly quiet during my evening visits.",1,llama3.2:3b,short,positive,unstructured,few_shot,the reason for the trip,short_positive_unstructured_few_shot,6,180,35,200,1,2,1.0,12,2026-08-20T10:41:23.030363+00:00
fake,monaco,Hotel,I booked the hotel for my birthday bash in September with friends and we had a blast celebrating on the spacious rooftop.,1,llama3.2:3b,short,positive,unstructured,few_shot,the reason for the trip,short_positive_unstructured_few_shot,7,121,22,200,0,2,1.0,12,2026-08-20T10:41:24.189838+00:00
fake,omni,Hotel,"I was blown away by the complimentary chocolate tart served at the Omni's evening reception, it was sublime. The room I stayed in was immaculate and had a great view of the city, which made the long flight home even more bearable.",1,llama3.2:3b,short,positive,unstructured,few_shot,a specific detail or small incident,short_positive_unstructured_few_shot,8,230,42,200,1,1,1.0,12,2026-08-20T10:41:24.701877+00:00
fake,palmer,Hotel,"We stayed in room 1402 on our anniversary weekend, celebrated with a sunset view of Lake Michigan. The staff knew it was special and even arranged a complimentary bottle of champagne in the room, complete with a handwritten note congratulating us.",1,llama3.2:3b,short,positive,unstructured,few_shot,the room or the hotel itself as the subject,short_positive_unstructured_few_shot,9,247,41,200,1,2,1.0,12,2026-08-20T10:41:25.790159+00:00
fake,sheraton,Hotel,"Stayed at the Sheraton last weekend, room 1412, and it was perfect. Walked out of my floor at 8am to the lobby, where I ran into Alex from housekeeping, and she had already started prepping my room for the day.",1,llama3.2:3b,short,positive,unstructured,few_shot,a verdict stated up front,short_positive_unstructured_few_shot,10,210,40,200,1,2,1.0,12,2026-08-20T10:41:27.102183+00:00
fake,sofitel,Hotel,"I checked into the Sofitel in Paris on a Tuesday, room 314, and was impressed by the Eiffel Tower view from my fifth-floor balcony. The continental breakfast was a lovely surprise, with fresh pastries and a cappuccino machine that worked like magic.",1,llama3.2:3b,short,positive,unstructured,few_shot,a specific detail or small incident,short_positive_unstructured_few_shot,11,249,42,200,1,2,1.0,12,2026-08-20T10:41:28.375988+00:00
fake,swissotel,Hotel,"I checked in on a Tuesday in mid-January, room 1404, and was greeted by the friendly front desk staff. The lobby was cozy and inviting, and I was impressed by the elegant decor throughout the hotel.",1,llama3.2:3b,short,positive,unstructured,few_shot,the room or the hotel itself as the subject,short_positive_unstructured_few_shot,12,198,36,200,1,1,1.0,12,2026-08-20T10:41:28.842808+00:00
fake,talbott,Hotel,"I stayed in room 1012, and from the moment I walked in, I felt like I was in for a treat - the modern decor and comfy bed had me kicking back in no time, especially after a long drive on my solo road trip.",1,llama3.2:3b,short,positive,unstructured,zero_shot,the room or the hotel itself as the subject,short_positive_unstructured_zero_shot,0,205,45,200,1,1,1.0,12,2026-08-20T10:41:29.364367+00:00
fake,affinia,Hotel,"We loved our three-night stay at the Affinia, from the moment we checked in with friendly hostess Maria to the evening we sipped craft cocktails by the Hudson River. Our room 17A had a lovely view, plush linens, and a comfortable king bed - what more could we ask?",1,llama3.2:3b,short,positive,unstructured,zero_shot,"first person plural, starting with the word We or Our",short_positive_unstructured_zero_shot,1,264,49,200,1,1,1.0,12,2026-08-20T10:41:29.878324+00:00
fake,allegro,Hotel,"Staying in room 1403, I was pleasantly surprised by the Allegro's modern amenities and comfy beds, perfect for a solo business trip. The concierge, Maria, helped me score tickets to the opera just around the corner, a sweet bonus on a Friday night.",1,llama3.2:3b,short,positive,unstructured,zero_shot,the room or the hotel itself as the subject,short_positive_unstructured_zero_shot,2,248,43,200,1,2,1.0,12,2026-08-20T10:41:30.901891+00:00
fake,amalfi,Hotel,"We absolutely loved our stay at the Hotel Amalfi, our room 214 was stunning with a private balcony overlooking the sea, perfect for sipping limoncello before bed.",1,llama3.2:3b,short,positive,unstructured,zero_shot,"first person plural, starting with the word We or Our",short_positive_unstructured_zero_shot,3,162,27,200,1,2,1.0,12,2026-08-20T10:41:32.119683+00:00
fake,ambassador,Hotel,"I had a great stay at the Ambassador Hotel from March 10th to 12th, room 1412, and the staff went above and beyond to make my trip special, especially our friendly housekeeper Maria who always had a smile and a fresh towel waiting for me.",1,llama3.2:3b,short,positive,unstructured,zero_shot,"first person singular, starting with the word I",short_positive_unstructured_zero_shot,4,238,45,200,1,1,1.0,12,2026-08-20T10:41:32.643622+00:00
fake,conrad,Hotel,"We just spent a lovely 5-night stay at the Conrad in Honolulu, room 1403, and it truly exceeded our expectations - the staff, particularly concierge Jen, made us feel like VIPs with insider tips on local hidden gems, and the room itself had a stunning city view from the 14th floor.",1,llama3.2:3b,short,positive,unstructured,zero_shot,"first person plural, starting with the word We or Our",short_positive_unstructured_zero_shot,5,282,51,200,0,2,1.0,12,2026-08-20T10:41:33.643679+00:00
fake,fairmont,Hotel,"Impeccable service and stunning views made my 4-night stay in a luxurious room 1412 truly unforgettable, from friendly concierge Alex who helped with dinner reservations to the morning paper delivered to my doorstep on the last day - a lovely touch.",1,llama3.2:3b,short,positive,unstructured,zero_shot,a verdict stated up front,short_positive_unstructured_zero_shot,6,249,41,200,1,2,1.0,12,2026-08-20T10:41:34.763597+00:00
fake,hardrock,Hotel,"We spent a fantastic weekend at Hard Rock, my friend's birthday bash was a blast in room 1414, staff like Jen in the front desk were super friendly and helpful.",1,llama3.2:3b,short,positive,unstructured,zero_shot,"first person plural, starting with the word We or Our",short_positive_unstructured_zero_shot,7,160,30,200,1,2,1.0,12,2026-08-20T10:41:36.102480+00:00
fake,hilton,Hotel,We stayed at the Hilton for a weekend in August and had a fantastic time.,1,llama3.2:3b,short,positive,unstructured,zero_shot,"first person plural, starting with the word We or Our",short_positive_unstructured_zero_shot,8,73,15,200,0,2,1.0,12,2026-08-20T10:41:37.354405+00:00
fake,homewood,Hotel,"We spent a long weekend at the Homewood and really enjoyed our stay. Our room 1414 was comfortable with a lovely view of the lake, and Emily at the front desk helped us with a last-minute reservation, even offering to book us a cab after we checked out.",1,llama3.2:3b,short,positive,unstructured,zero_shot,"first person plural, starting with the word We or Our",short_positive_unstructured_zero_shot,9,253,48,200,1,1,1.0,12,2026-08-20T10:41:37.803143+00:00
fake,hyatt,Hotel,"We had an incredible stay at the Hyatt, our third floor room 314 was spotless and spacious, perfect for our family of four.",1,llama3.2:3b,short,positive,unstructured,zero_shot,"first person plural, starting with the word We or Our",short_positive_unstructured_zero_shot,10,123,23,200,0,2,1.0,12,2026-08-20T10:41:38.907174+00:00
fake,intercontinental,Hotel,"I recently spent a weekend in room 1412 at the Intercontinental, and it was a lovely stay.",1,llama3.2:3b,short,positive,unstructured,zero_shot,"first person singular, starting with the word I",short_positive_unstructured_zero_shot,11,90,17,200,0,2,1.0,12,2026-08-20T10:41:39.973151+00:00
fake,james,Hotel,"The Hotel James exceeded my expectations - from the plush lobby to the spacious 514 room where I stayed, it felt like a 5-star retreat in the heart of downtown.",1,llama3.2:3b,short,positive,unstructured,zero_shot,the room or the hotel itself as the subject,short_positive_unstructured_zero_shot,12,160,30,200,1,2,1.0,12,2026-08-20T10:41:41.345453+00:00
fake,knickerbocker,Hotel,"One star - Would not stay again. Our room on the 10th floor was plagued by loud thumping and shouting from the 9th floor party, despite our request for a quiet room. The breakfast buffet was a mess, with cold pastries and soggy eggs.",1,llama3.2:3b,short,negative,structured,few_shot,a verdict stated up front,short_negative_structured_few_shot,0,233,44,200,1,2,1.0,12,2026-08-20T10:41:42.694301+00:00
fake,monaco,Hotel,"The Hotel Monaco's high price tag felt like a rip-off, especially considering the mediocre room cleanliness and slow service from the staff. I was particularly disappointed with the lack of attention from the concierge team during my 3-night stay.",1,llama3.2:3b,short,negative,structured,few_shot,the room or the hotel itself as the subject,short_negative_structured_few_shot,1,247,39,200,1,1,1.0,12,2026-08-20T10:41:43.194166+00:00
fake,omni,Hotel,"I visited the Omni in August, and despite its excellent location, our stay was a letdown. The staff seemed overwhelmed, and our server took 20 minutes to take our breakfast order, which was subpar and overpriced - we had to wait in line again to get our check paid for.",1,llama3.2:3b,short,negative,structured,few_shot,"a time or occasion, such as a month, a season, or a trip event",short_negative_structured_few_shot,2,269,50,200,1,2,1.0,12,2026-08-20T10:41:44.396118+00:00
fake,palmer,Hotel,"I spent two nights in room 1212, expecting a peaceful retreat but what I got was a constant buzz of traffic on Wabash and a cramped bathroom with a hair clogged shower.",1,llama3.2:3b,short,negative,structured,few_shot,the room or the hotel itself as the subject,short_negative_structured_few_shot,3,168,32,200,1,2,1.0,12,2026-08-20T10:41:45.601154+00:00
fake,sheraton,Hotel,"I booked room 1412 for three nights, and what a letdown - the room was tiny and musty, with a weird smell lingering in the air. Paid top dollar for the privilege, too, but the only great value I got was in the bill.",1,llama3.2:3b,short,negative,structured,few_shot,the room or the hotel itself as the subject,short_negative_structured_few_shot,4,215,44,200,1,2,1.0,12,2026-08-20T10:41:46.700110+00:00
fake,sofitel,Hotel,"I booked the Sofitel for a business conference in Paris, but the location proved to be a major letdown - the hotel's streets were congested and noisy, a far cry from the peaceful atmosphere I expected.",1,llama3.2:3b,short,negative,structured,few_shot,the reason for the trip,short_negative_structured_few_shot,5,201,36,200,1,2,1.0,12,2026-08-20T10:41:47.949316+00:00
fake,swissotel,Hotel,"Staying at the Swissotel last month was a letdown - $450 for a 3-night stay feels like highway robbery. Our room was tiny, despite the 'deluxe' label, and the aircon unit was so loud it kept us awake all night, even on a hot summer evening.",1,llama3.2:3b,short,negative,structured,few_shot,the room or the hotel itself as the subject,short_negative_structured_few_shot,6,240,46,200,1,2,1.0,12,2026-08-20T10:41:49.129617+00:00
fake,talbott,Hotel,"I stayed in room 304 from March 15th to 18th, and the only thing that exceeded my expectations was the front desk receptionist, Rachel, who politely offered to reschedule my wake-up call despite the chaotic atmosphere.",1,llama3.2:3b,short,negative,structured,few_shot,"first person singular, starting with the word I",short_negative_structured_few_shot,7,218,36,200,1,2,1.0,12,2026-08-20T10:41:50.160894+00:00
fake,affinia,Hotel,"I booked a room for my sister's birthday, but the weekend was a letdown. The staff seemed overwhelmed, I asked Emily at the front desk for a refill on my coffee and it took 20 minutes. The location is nice, but it's not enough to make up for the issues.",1,llama3.2:3b,short,negative,structured,few_shot,"first person singular, starting with the word I",short_negative_structured_few_shot,8,253,50,200,1,2,1.0,12,2026-08-20T10:41:51.336953+00:00
fake,allegro,Hotel,"I spent a weekend in room 1222, hoping for a relaxing stay, but was disappointed. The lobby's attempt at a upscale vibe falls flat, and the 'Allegro' name feels like a cheap nod to luxury.",1,llama3.2:3b,short,negative,structured,few_shot,"first person singular, starting with the word I",short_negative_structured_few_shot,9,188,35,200,1,1,1.0,12,2026-08-20T10:41:51.837305+00:00
fake,amalfi,Hotel,"I was excited to stay at the Amalfi Hotel, but my 4th floor room fell short on cleanliness. Last night's spill on the carpet was only partly wiped, and the bedside trash still had an unsettling layer of dust.",1,llama3.2:3b,short,negative,structured,few_shot,"first person singular, starting with the word I",short_negative_structured_few_shot,10,208,39,200,1,2,1.0,12,2026-08-20T10:41:53.219624+00:00
fake,ambassador,Hotel,"I booked the Ambassador East for a work trip in March, room 1203, but the stains on the carpet in my room, 3 ft away from the air vent, kept me awake all night.",1,llama3.2:3b,short,negative,structured,few_shot,"first person singular, starting with the word I",short_negative_structured_few_shot,11,160,34,200,1,2,1.0,12,2026-08-20T10:41:54.443241+00:00
fake,conrad,Hotel,"I'm still fuming about my stay in room 1413, where I was promised a luxurious oasis. The realty was a dull grey room with a phone that didn't work and a lightbulb that refused to turn on, even with a frantic call to maintenance.",1,llama3.2:3b,short,negative,structured,few_shot,a specific detail or small incident,short_negative_structured_few_shot,12,228,44,200,1,2,1.0,12,2026-08-20T10:41:55.839148+00:00
fake,fairmont,Hotel,"I spent a week at the Fairmont in December, but the only thing that was festive was the price tag, which was still too high for what we got - stale room air and a hair dryer that wouldn't even dry my hair.",1,llama3.2:3b,short,negative,structured,zero_shot,"a time or occasion, such as a month, a season, or a trip event",short_negative_structured_zero_shot,0,205,43,200,1,1,1.0,12,2026-08-20T10:41:56.369108+00:00
fake,hardrock,Hotel,"I spent a long weekend at Hard Rock Hotel in Vegas, but it felt like an eternity in room 1417, where I was woken up by constant bass thumping till 3am from the adjacent room.",1,llama3.2:3b,short,negative,structured,zero_shot,"first person singular, starting with the word I",short_negative_structured_zero_shot,1,174,35,200,1,2,1.0,12,2026-08-20T10:41:57.758450+00:00
fake,hilton,Hotel,"We booked room 1412 for a 4-night stay and left feeling let down, the carpet was stained and the bathroom mirror was streaked with soap scum, a far cry from the luxurious hotel I expect from Hilton.",1,llama3.2:3b,short,negative,structured,zero_shot,"first person plural, starting with the word We or Our",short_negative_structured_zero_shot,2,198,37,200,1,2,1.0,12,2026-08-20T10:41:58.753396+00:00
fake,homewood,Hotel,"We stayed at Homewood Suites for four nights in late March, room 1412, and were thoroughly unimpressed.",1,llama3.2:3b,short,negative,structured,zero_shot,"first person plural, starting with the word We or Our",short_negative_structured_zero_shot,3,103,17,200,0,2,1.0,12,2026-08-20T10:42:00.005203+00:00
fake,hyatt,Hotel,"I was looking forward to a quiet getaway, but my two-night stay at the Hyatt was marred by noisy neighbors and a room that wasn't spotless - a missed vacuuming in room 1413 left me to navigate a trail of dusty footprints.",1,llama3.2:3b,short,negative,structured,zero_shot,a specific detail or small incident,short_negative_structured_zero_shot,4,221,42,200,1,1,1.0,12,2026-08-20T10:42:00.517347+00:00
fake,intercontinental,Hotel,"I paid a king's ransom for a two-night stay at the InterContinental in July, only to be treated like an afterthought.",1,llama3.2:3b,short,negative,structured,zero_shot,the reason for the trip,short_negative_structured_zero_shot,5,117,21,200,0,2,1.0,12,2026-08-20T10:42:01.720989+00:00
fake,james,Hotel,"I was really looking forward to a relaxing weekend at the James in April, but what arrived was a lukewarm disappointment - our room 314 was tiny and the staff seemed disconnected, like nameless machines, when I asked for an extra pillow.",1,llama3.2:3b,short,negative,structured,zero_shot,"a time or occasion, such as a month, a season, or a trip event",short_negative_structured_zero_shot,6,237,42,200,1,1,1.0,12,2026-08-20T10:42:02.209636+00:00
fake,knickerbocker,Hotel,"I was thoroughly disappointed with my stay at the Knickerbocker, particularly on my last night when the staff seemed put off by my request for an extra blanket, and took a long time to deliver it.",1,llama3.2:3b,short,negative,structured,zero_shot,"first person singular, starting with the word I",short_negative_structured_zero_shot,7,196,36,200,1,2,1.0,12,2026-08-20T10:42:03.351769+00:00
fake,monaco,Hotel,"I recently stayed at The Bellagio Hotel and Casino on the 14th of March, room 345, and was thoroughly underwhelmed.",1,llama3.2:3b,short,negative,structured,zero_shot,the room or the hotel itself as the subject,short_negative_structured_zero_shot,8,115,20,200,0,2,1.0,12,2026-08-20T10:42:04.750925+00:00
fake,omni,Hotel,"Staying here over New Year's Eve was a pricey mistake - our room 1417 was spotless, but that's about the only clean thing about this place. The staff seemed like they were still on winter break, and our valet, Jorge, looked like he'd rather be at home.",1,llama3.2:3b,short,negative,structured,zero_shot,the reason for the trip,short_negative_structured_zero_shot,9,252,47,200,1,2,1.0,12,2026-08-20T10:42:06.140980+00:00
fake,palmer,Hotel,"I'm disappointed with my stay at Hotel Palmer from March 12-14, staying in room 314, which was barely cleaned between visits - a crumpled blanket and empty water bottle were left on my bed.",1,llama3.2:3b,short,negative,structured,zero_shot,"first person singular, starting with the word I",short_negative_structured_zero_shot,10,189,34,200,1,2,1.0,12,2026-08-20T10:42:07.275370+00:00
fake,sheraton,Hotel,"I booked the Sheraton for three nights, expecting a comfortable stay, but what I got was a mediocre experience marred by incessant noise and dirty room (room 1411) where I found a used tissue in the bathroom on the first evening.",1,llama3.2:3b,short,negative,structured,zero_shot,"first person singular, starting with the word I",short_negative_structured_zero_shot,11,229,41,200,1,1,1.0,12,2026-08-20T10:42:07.856286+00:00
fake,sofitel,Hotel,"We were expecting a seamless stay at the Sofitel, but our four-night trip in late August was marred by subpar service from the front desk staff, particularly a gruff evening concierge who seemed put off by our questions.",1,llama3.2:3b,short,negative,structured,zero_shot,"first person plural, starting with the word We or Our",short_negative_structured_zero_shot,12,220,38,200,1,2,1.0,12,2026-08-20T10:42:08.780010+00:00
fake,swissotel,Hotel,"I booked a room here for my sister's birthday in August, hoping to impress her. Instead, the air conditioning unit was ridiculously loud and kept us awake all night.",1,llama3.2:3b,short,negative,unstructured,few_shot,the reason for the trip,short_negative_unstructured_few_shot,0,165,29,200,1,2,1.0,12,2026-08-20T10:42:10.173716+00:00
fake,talbott,Hotel,"I booked room 217 for a solo night in April and was looking forward to a quiet evening, but my plan was ruined when the AC unit failed, and the staff offered a free upgrade to a different room instead of fixing the issue right away.",1,llama3.2:3b,short,negative,unstructured,few_shot,"a time or occasion, such as a month, a season, or a trip event",short_negative_unstructured_few_shot,1,232,46,200,1,2,1.0,12,2026-08-20T10:42:11.237517+00:00
fake,affinia,Hotel,"I'm still fuming about my stay last weekend, room 1402. The 'helpful' concierge told me the lobby bar was 'private' and wouldn't serve me because I wasn't a guest at a 'booked event', despite being a paying customer. Took an eternity to get my drink.",1,llama3.2:3b,short,negative,unstructured,few_shot,"first person singular, starting with the word I",short_negative_unstructured_few_shot,2,250,45,200,1,1,1.0,12,2026-08-20T10:42:11.740461+00:00
fake,allegro,Hotel,"I booked room 314 for a week in February and was thoroughly unimpressed. The aircon unit made a racket every time I turned it up and the bed creaked ominously with every move, it felt like the whole thing was going to collapse under me.",1,llama3.2:3b,short,negative,unstructured,few_shot,"first person singular, starting with the word I",short_negative_unstructured_few_shot,3,236,45,200,1,2,1.0,12,2026-08-20T10:42:12.928306+00:00
fake,amalfi,Hotel,"I booked room 314 for two nights in July, looking forward to a relaxing break, but the first day's heatwave had other plans - the air conditioning unit in our room was loud enough to hear in the bathroom.",1,llama3.2:3b,short,negative,unstructured,few_shot,a specific detail or small incident,short_negative_unstructured_few_shot,4,204,39,200,1,2,1.0,12,2026-08-20T10:42:14.142192+00:00
fake,ambassador,Hotel,"I booked room 304 for a weekend getaway but it felt more like a week's stay. The bed was comfortable, but the bathroom was a mini-fridge's worth of soap, and the shower's constant lukewarm water was a bummer.",1,llama3.2:3b,short,negative,unstructured,few_shot,"first person singular, starting with the word I",short_negative_unstructured_few_shot,5,208,38,200,1,2,1.0,12,2026-08-20T10:42:15.181612+00:00
fake,conrad,Hotel,Stayed in room 1412 for three nights in early February and was thoroughly underwhelmed by the service.,1,llama3.2:3b,short,negative,unstructured,few_shot,a verdict stated up front,short_negative_unstructured_few_shot,6,102,17,200,0,2,1.0,12,2026-08-20T10:42:16.471904+00:00
fake,fairmont,Hotel,"We checked in for a romantic anniversary getaway in late October and were excited to spend the weekend in Chicago, but our stay at the Fairmont was a letdown.",1,llama3.2:3b,short,negative,unstructured,few_shot,"a time or occasion, such as a month, a season, or a trip event",short_negative_unstructured_few_shot,7,158,29,200,1,2,1.0,12,2026-08-20T10:42:17.531756+00:00
fake,hardrock,Hotel,"We were looking forward to a girls' trip to Chicago, but our stay at the Hard Rock was a letdown - our room had a weird smell that lingered all weekend, and the bathroom was perpetually foggy.",1,llama3.2:3b,short,negative,unstructured,few_shot,"first person plural, starting with the word We or Our",short_negative_unstructured_few_shot,8,192,37,200,1,1,1.0,12,2026-08-20T10:42:18.029435+00:00
fake,hilton,Hotel,"Got the basics, but fell short in every department - dated decor, long wait times for breakfast, and our room was literally next to a construction zone that went all night.",1,llama3.2:3b,short,negative,unstructured,few_shot,a verdict stated up front,short_negative_unstructured_few_shot,9,172,31,200,1,2,1.0,12,2026-08-20T10:42:19.031575+00:00
fake,homewood,Hotel,"I booked room 314 for a long weekend in March, expecting a mid-range hotel experience. Instead, the musty smell from the room above was audible throughout the day, and the outdated furniture in the lobby made me question the hotel's investment in maintenance.",1,llama3.2:3b,short,negative,unstructured,few_shot,"a time or occasion, such as a month, a season, or a trip event",short_negative_unstructured_few_shot,10,259,43,200,1,1,1.0,12,2026-08-20T10:42:19.543822+00:00
fake,hyatt,Hotel,"I was looking forward to a relaxing stay at the Hyatt, but my room on the 10th floor was a letdown - the air conditioning wasn't working properly and it felt like a sauna in there.",1,llama3.2:3b,short,negative,unstructured,few_shot,"first person singular, starting with the word I",short_negative_unstructured_few_shot,11,180,36,200,1,2,1.0,12,2026-08-20T10:42:20.645037+00:00
fake,intercontinental,Hotel,"I booked the presidential suite thinking I'd wake up to luxury, but what I got was a cramped space with a wonky TV and a lingering scent of smoke from the previous occupant's cigar.",1,llama3.2:3b,short,negative,unstructured,few_shot,the room or the hotel itself as the subject,short_negative_unstructured_few_shot,12,181,34,200,1,2,1.0,12,2026-08-20T10:42:21.762987+00:00
fake,james,Hotel,"I was really looking forward to my 3-night stay at the James hotel, but it ended up being a letdown.",1,llama3.2:3b,short,negative,unstructured,zero_shot,"first person singular, starting with the word I",short_negative_unstructured_zero_shot,0,100,20,200,0,2,1.0,12,2026-08-20T10:42:22.885922+00:00
fake,knickerbocker,Hotel,"Stayed here in mid-January, room 1412, was really looking forward to a quick weekend getaway after the holidays, but it was a total letdown.",1,llama3.2:3b,short,negative,unstructured,zero_shot,the reason for the trip,short_negative_unstructured_zero_shot,1,140,24,200,1,2,1.0,12,2026-08-20T10:42:24.081940+00:00
fake,monaco,Hotel,"We booked the Monaco for my family's 10th anniversary weekend and were thoroughly underwhelmed - our room on the 14th floor felt like a cramped box with a lovely view of the adjacent fire escape, and our requests for extra towels were met with a snooty tone from the harried housekeeping staff, who told us 'we're all out' despite multiple passes on our door.",1,llama3.2:3b,short,negative,unstructured,zero_shot,"first person plural, starting with the word We or Our",short_negative_unstructured_zero_shot,2,359,64,200,0,2,1.0,12,2026-08-20T10:42:25.339024+00:00
fake,omni,Hotel,"I was really looking forward to a relaxing stay at the Omni, but it started with the hotel's 'exclusive' club lounge being closed for a staff meeting on the first night, no warning on the app, and they wouldn't reschedule for me.",1,llama3.2:3b,short,negative,unstructured,zero_shot,a specific detail or small incident,short_negative_unstructured_zero_shot,3,229,42,200,1,2,1.0,12,2026-08-20T10:42:26.530170+00:00
fake,palmer,Hotel,"I was really looking forward to a relaxing getaway at the Palmer last weekend, but unfortunately, our stay was a letdown. Our room 1412 was supposed to have a city view, but it was actually just a wall and we had to ask for a different chair that was broken.",1,llama3.2:3b,short,negative,unstructured,zero_shot,the reason for the trip,short_negative_unstructured_zero_shot,4,258,50,200,1,1,1.0,12,2026-08-20T10:42:27.095743+00:00
fake,sheraton,Hotel,"I booked a room here for a business conference that took place last Monday and I was really looking forward to it, but from the moment I arrived at the Sheraton it felt off.",1,llama3.2:3b,short,negative,unstructured,zero_shot,the reason for the trip,short_negative_unstructured_zero_shot,5,173,34,200,1,2,1.0,12,2026-08-20T10:42:28.400687+00:00
fake,sofitel,Hotel,"I was really looking forward to my weekend stay at the Sofitel, but everything fell flat.",1,llama3.2:3b,short,negative,unstructured,zero_shot,"first person singular, starting with the word I",short_negative_unstructured_zero_shot,6,89,16,200,0,2,1.0,12,2026-08-20T10:42:29.475011+00:00
fake,swissotel,Hotel,"Stayed at the Swissotel in Dubai for three nights in December, room 1412, and it was a letdown from the get-go.",1,llama3.2:3b,short,negative,unstructured,zero_shot,the room or the hotel itself as the subject,short_negative_unstructured_zero_shot,7,111,21,200,0,2,1.0,12,2026-08-20T10:42:30.916029+00:00
fake,talbott,Hotel,"We booked room 304 for a long weekend, but the only long stay our stuff got was in the lobby due to no housekeeping - had to ask twice for a clean room. The front desk staff, Rachel, seemed overwhelmed and unfriendly, too.",1,llama3.2:3b,short,negative,unstructured,zero_shot,"first person plural, starting with the word We or Our",short_negative_unstructured_zero_shot,8,222,43,200,1,1,1.0,12,2026-08-20T10:42:31.460363+00:00
fake,affinia,Hotel,"I was looking forward to my weekend at Affinia, but it was a letdown from start to finish.",1,llama3.2:3b,short,negative,unstructured,zero_shot,"first person singular, starting with the word I",short_negative_unstructured_zero_shot,9,90,18,200,0,2,1.0,12,2026-08-20T10:42:32.623019+00:00
fake,allegro,Hotel,"Underwhelming stay at the Allegro, room 1411 - the bed was lumpy, the aircon didn't work on the first night and I had to ask for a fan, then on the second, it was too hot. Breakfast was just okay, nothing special.",1,llama3.2:3b,short,negative,unstructured,zero_shot,a verdict stated up front,short_negative_unstructured_zero_shot,10,213,42,200,1,2,1.0,12,2026-08-20T10:42:33.842748+00:00
fake,amalfi,Hotel,"I was really looking forward to my stay at the Hotel amalfi, but from the moment I arrived on a chilly spring morning, everything felt off - my room 314 was freezing, and the 'welcome' from the staff, just a curt greeting from the bellhop, made me feel more like a luggage cart than a guest.",1,llama3.2:3b,short,negative,unstructured,zero_shot,"first person singular, starting with the word I",short_negative_unstructured_zero_shot,11,291,56,200,0,2,1.0,12,2026-08-20T10:42:34.850922+00:00
fake,ambassador,Hotel,"Booked the Ambassador for a long weekend in May, was really looking forward to a relaxing getaway, but ended up checking out after one night due to issues with the aircon in my room 304 - kept getting cold and the staff just kept telling me it was working properly, felt like I was at war with the machine!",1,llama3.2:3b,short,negative,unstructured,zero_shot,the reason for the trip,short_negative_unstructured_zero_shot,12,306,59,200,0,2,1.0,12,2026-08-20T10:42:36.014919+00:00
fake,conrad,Hotel,"I booked the Conrad hotel for a weekend getaway from downtown and was pleasantly surprised by the experience. My king room on the 10th floor had a comfortable layout, with a large flat-screen TV and ample storage space. The bathroom was clean and well-appointed, with a rainfall showerhead that was a lovely touch. One minor quibble was the lukewarm water pressure on the third day, but the staff apologized and replaced the water heater promptly.

The staff, however, were the real standout - particularly a friendly concierge named Alex who helped me plan a day trip to the Art Institute of Chicago. The breakfast spread was impressive, with a wide variety of pastries, eggs, and hot dishes. On the second morning, I tried the hotel's signature waffles, which were crispy and delicious.

While the room rate was a bit steeper than I'd like, I felt that the Conrad offered excellent value for the price.",1,llama3.2:3b,long,positive,structured,few_shot,the room or the hotel itself as the subject,long_positive_structured_few_shot,0,904,154,700,1,2,1.0,12,2026-08-20T10:42:38.223118+00:00
fake,fairmont,Hotel,"I recently stayed at the Fairmont in Vancouver and had a thoroughly enjoyable experience. The hotel's fitness center was one of my favorite amenities - I took advantage of the 24-hour access during my three-night stay. I was booked into room 1412, which offered a stunning view of the city skyline. 

While the room itself was modern and clean, I did notice a slight issue with the noise level. On the third night, I could hear the distant hum of a highway, which was slightly distracting. However, this was a minor complaint in an otherwise comfortable room. 

I did take a trip to the hotel's spa, where I was treated to a rejuvenating massage. The staff, particularly the concierge, Emma, were extremely friendly and knowledgeable, and made recommendations that were spot on. 

One area where the hotel could improve is with parking.",1,llama3.2:3b,long,positive,structured,few_shot,a verdict stated up front,long_positive_structured_few_shot,1,836,142,700,1,2,1.0,12,2026-08-20T10:42:40.585702+00:00
fake,hardrock,Hotel,"I walked into the Hard Rock's lobby on a crisp autumn evening and was immediately charmed by the retro vibe, the hum of guitars and the aroma of cigar smoke. The staff, sporting band tees and sunglasses, greeted me with a warm smile. I was assigned room 1412, a spacious suite with a balcony overlooking the Magnificent Mile. The bed was plush, and I spent the evening relaxing with a bottle of whiskey and a vinyl playing on my laptop. The next morning, I strolled out to the pool, where I spotted a tattooed barista serving up craft coffee to a crowd of bleary-eyed rock fans. The location is perfect - a short walk to the Art Institute, and a short cab ride to Navy Pier. I even scored a decent deal on a cheesecake at the John Hancock Center's restaurant. When I left on a Saturday morning, the staff had already begun prepping for the weekend's concerts, and the atmosphere was electric.",1,llama3.2:3b,long,positive,structured,few_shot,a specific detail or small incident,long_positive_structured_few_shot,2,892,163,700,1,2,1.0,12,2026-08-20T10:42:42.739706+00:00
fake,hilton,Hotel,"I spent a week at the Hilton in December, and while it wasn't the most memorable stay, it was comfortable enough to get the job done. I was upgraded to a higher floor on the second night, which was a nice surprise, and the view from my room on the 14th floor was stunning, especially during the sunset. The staff, led by a friendly woman named Karen in the front desk, were helpful and accommodating, even when I asked for extra towels. The room was tidy, though not spotless, and the bed was comfortable. I did notice that the air conditioning unit was a bit loud, but it wasn't a major issue. One thing that was a bit of a hassle was trying to get the internet to work - it kept disconnecting, and I had to call the hotel twice to get it sorted out. The breakfast buffet was a bit pricey, $25 for the full meal, but the food was decent and the selection was good.",1,llama3.2:3b,long,positive,structured,few_shot,"a time or occasion, such as a month, a season, or a trip event",long_positive_structured_few_shot,3,865,168,700,1,2,1.0,12,2026-08-20T10:42:44.870534+00:00
fake,homewood,Hotel,"I stayed at the Homewood Suites from September 1-8, and my only complaint was the sound of the air conditioner humming through the night, which made it hard to fall asleep sometimes. However, it wasn't a dealbreaker, and I got used to it. The room itself was spacious, with a full kitchen that I used to whip up quick breakfasts and snacks. The staff, especially the one checking me in, Rachel, were super friendly and helpful. I also appreciated the free dinner on Monday, which was a nice change of pace from cooking my own meals. One minor issue with the room cleanliness was the crumbs and dust bunnies that accumulated under the couch, but it wasn't a major problem.",1,llama3.2:3b,long,positive,structured,few_shot,a verdict stated up front,long_positive_structured_few_shot,4,671,120,700,1,1,1.0,12,2026-08-20T10:42:45.670193+00:00
fake,hyatt,Hotel,"I checked in on a chilly winter morning, eager to kick off a birthday celebration in Chicago. My room, 1412, was a serene oasis after a long flight. The staff had left a thoughtful note with a sweet welcome message, which only added to the hotel's charm. I appreciated the attention to detail, from the plush towels to the crisp linens. The room was tastefully decorated, with a modern feel that made me feel right at home. I took a short stroll to the nearby Riverwalk, which offered stunning views of the city. For breakfast, I headed to the hotel's Great American Bagel Bakery Cafe, where I indulged in a delicious breakfast sandwich and a warm pastry. The staff was friendly and accommodating, especially Emily, who helped me with a special birthday dessert arrangement.",1,llama3.2:3b,long,positive,structured,few_shot,"a time or occasion, such as a month, a season, or a trip event",long_positive_structured_few_shot,5,774,134,700,1,1,1.0,12,2026-08-20T10:42:46.625044+00:00
fake,intercontinental,Hotel,"I spent a weekend at the InterContinental Chicago in late February, and while the cold weather wasn't ideal, the hotel's sleek modernity and excellent service made up for it. Our room, located on a high floor, had stunning views of the frozen lakefront and the snow-covered cityscape. The staff, particularly the concierge, Maria, were incredibly helpful and accommodating, even providing us with recommendations for off-the-beaten-path spots to explore. When we checked in, the lobby's polished marble floors and soaring ceiling left a lasting impression. As for the price, I felt it was very reasonable considering the hotel's prime location and luxurious amenities. One minor quibble was the noise from the bar on the floor below our room, but earplugs made quick work of that. For breakfast, the spread was vast and varied, with everything from made-to-order omelets to artisanal pastries.",1,llama3.2:3b,long,positive,structured,few_shot,"first person singular, starting with the word I",long_positive_structured_few_shot,6,893,140,700,1,2,1.0,12,2026-08-20T10:42:48.835672+00:00
fake,james,Hotel,"I checked into the James on a Friday afternoon in October, returning to the city after a week-long road trip. Our junior suite on the 12th floor had a lovely view of the Hudson River, and the room itself was clean and well-appointed, with a comfortable king-sized bed and a decent-sized closet. I was pleased to find that the hotel had taken steps to reduce waste and improve sustainability, including a recycling program and energy-efficient lighting. The only thing that kept the room from feeling truly exceptional was the occasional creak of the old building, which could be heard through the walls. We did take advantage of the hotel's fitness center and spa services, which were both high-quality and reasonably priced. The staff was friendly and accommodating, and we received a warm welcome at check-in. Overall, I was happy with our stay at the James, and I think it's a great value for the price, especially for the downtown location.",1,llama3.2:3b,long,positive,structured,few_shot,"a time or occasion, such as a month, a season, or a trip event",long_positive_structured_few_shot,7,944,160,700,1,1,1.0,12,2026-08-20T10:42:49.736879+00:00
fake,knickerbocker,Hotel,"I stepped into the lobby of the Knickerbocker on a crisp spring morning, and the grandeur of the space immediately struck me. I'd booked a room for a three-night stay, and from the get-go, I was impressed by the attentiveness of the staff, particularly my concierge, Rachel, who helped me navigate the city's top attractions. My room, a lovely fourth-floor suite, boasted stunning views of the Chicago River and was tastefully decorated, if a bit on the smaller side for my taste. While I wasn't blown away by the in-room amenities - no mini-bar or 24-hour room service - the hotel's central location proved to be a major draw, with the Magnificent Mile and Navy Pier mere blocks away. One minor quibble: the in-room Wi-Fi was occasionally finicky, but a quick call to the front desk resolved the issue. Overall, I was delighted with my stay, and I'd definitely consider returning to this elegant, if slightly pricey, hotel.",1,llama3.2:3b,long,positive,structured,few_shot,the room or the hotel itself as the subject,long_positive_structured_few_shot,8,924,158,700,1,1,1.0,12,2026-08-20T10:42:50.711106+00:00
fake,monaco,Hotel,"I spent a long weekend at the Hotel Monaco in August, celebrating a friend's wedding. I was thoroughly impressed with the hotel's warm hospitality from the moment I arrived. Our room, 1413, was impeccably clean and well-appointed, with a plush king-sized bed and a large window seat that offered stunning views of the city. I particularly enjoyed the morning coffee service in the lobby, which served as a lovely antidote to the excitement of the previous night. The hotel's location on North Michigan Avenue proved to be perfect for exploring the city's shopping and dining scene, and the staff's recommendations for local restaurants and bars were spot on. While the room rate was a bit steeper than I'd like to pay, I felt the hotel's excellent service and amenities made it a worthwhile splurge, especially considering I was celebrating a special occasion.",1,llama3.2:3b,long,positive,structured,few_shot,the reason for the trip,long_positive_structured_few_shot,9,860,142,700,1,2,1.0,12,2026-08-20T10:42:52.688703+00:00
fake,omni,Hotel,"We spent a lovely weekend at the Omni Chicago Hotel, celebrating a friend's birthday in the vibrant Loop. Our room, a spacious suite with a separate living area, was immaculately cleaned every morning and replenished with fresh towels and amenities. The staff, particularly the friendly concierge, Emma, helped us navigate the city's hidden gems, including a fantastic jazz club tucked away in a side alley. While our suite was situated near the elevators, the noise wasn't too bothersome, especially since we were out exploring the city most of the day. In fact, we took a leisurely stroll along the Lake Michigan shoreline just steps from the hotel, enjoying the serene views and cooler evening air. The hotel's restaurant served up delicious breakfast options, and our room service requests were met promptly and with a smile.",1,llama3.2:3b,long,positive,structured,few_shot,"first person plural, starting with the word We or Our",long_positive_structured_few_shot,10,829,135,700,1,2,1.0,12,2026-08-20T10:42:54.822639+00:00
fake,palmer,Hotel,"I settled into room 14A, a cozy space with a comfortable king bed and plush carpeting, just a block from the bustling Palmer Street. After checking in on a chilly autumn evening, the friendly concierge, Rachel, recommended a nearby cafe for a pre-dinner drink. As I sipped my coffee, I took in the hotel's ornate details, from the sweeping staircase to the elegant chandeliers. The staff's warm welcome and accommodating nature set the tone for my stay. When I asked for extra towels, Rachel promptly delivered them with a smile. Although the street outside could be lively, the room's windows were expertly soundproofed, allowing me a restful sleep. On my final morning, I took advantage of the late checkout, using the extra time to enjoy the hotel's tranquil courtyard.",1,llama3.2:3b,long,positive,structured,few_shot,the room or the hotel itself as the subject,long_positive_structured_few_shot,11,772,129,700,1,1,1.0,12,2026-08-20T10:42:55.688374+00:00
fake,sheraton,Hotel,"I still chuckle when I think about my room key getting stuck in the lock on check-in day - the staff laughed along with me and quickly got it sorted, thanks to Maria in the front desk. The Sheraton's location is perfect - within a 10-minute walk to the city center and plenty of great restaurants nearby. The room itself was spacious and clean, with a comfortable bed and a great view of the city from the 14th floor. Speaking of the staff, they were incredibly friendly and helpful throughout my stay. Our server, Alex, made sure our breakfast was always full and the pastries were always fresh. As for noise levels, our room was nice and quiet, even with the highway nearby. The only minor complaint I have is the slightly dated decor, but it didn't detract from my stay at all.",1,llama3.2:3b,long,positive,structured,zero_shot,a specific detail or small incident,long_positive_structured_zero_shot,0,780,143,700,1,2,1.0,12,2026-08-20T10:42:57.967785+00:00
fake,sofitel,Hotel,"I spent three nights at the Sofitel, and from the moment I stepped into the lobby, I felt a sense of luxury and sophistication that set the tone for the rest of my stay. Room 1415 was a tranquil oasis, with plush carpet and a king-sized bed that made for a perfect night's sleep. The staff, led by the friendly and attentive concierge, Jean-Luc, were always willing to go the extra mile to make me feel welcome. 

The room itself was immaculately clean, with fresh towels and amenities replenished daily. One notable exception was the shower, which, despite its gleaming tile, could have done with a bit more water pressure. On the quieter side of things, I appreciated the discreet nature of the room's location, tucked away from the hustle and bustle of the city.",1,llama3.2:3b,long,positive,structured,zero_shot,the room or the hotel itself as the subject,long_positive_structured_zero_shot,1,765,135,700,1,1,1.0,12,2026-08-20T10:42:58.870757+00:00
fake,swissotel,Hotel,"I've been staying at the Swissotel for a week now, during the peak summer season, and I'm thoroughly enjoying it. My room, 1401, is a lovely corner suite with a stunning city view - the staff even upgraded me on my first night, which was a nice touch. The room itself is spotlessly clean, with crisp linens and a comfortable bed. I've had no issues with noise levels, despite being on a higher floor - the hotel's soundproofing seems to be top-notch.

The price, considering the amenities and location, is very reasonable - I'd say it's a great value for money. I've been eating at the hotel's breakfast buffet, and while it's not the most extensive spread, the quality of the food is excellent, with a wide selection of international options.",1,llama3.2:3b,long,positive,structured,zero_shot,"a time or occasion, such as a month, a season, or a trip event",long_positive_structured_zero_shot,2,743,131,700,1,2,1.0,12,2026-08-20T10:43:01.503723+00:00
fake,talbott,Hotel,"We spent a delightful weekend at the Talbott, and our stay was a perfect blend of relaxation and convenience. Our room, 304, was spotless, with fresh towels and a crisp linen every morning, a lovely touch that made the space feel even more inviting. The Talbott's prime location, just a block from downtown, allowed us to easily stroll to top-notch shops and restaurants. We arrived on a Thursday and left on a Monday, so we had a good amount of time to explore the city. The staff, particularly Emily at the front desk and Alex in the restaurant, were incredibly friendly and helpful, making sure we had everything we needed. One minor note - the hallway noise from other rooms carried over into our room a bit, but a quick word with the staff and a new room assignment resolved the issue. All in all, we'd return to this lovely hotel in a heartbeat.",1,llama3.2:3b,long,positive,structured,zero_shot,"first person plural, starting with the word We or Our",long_positive_structured_zero_shot,3,851,154,700,1,1,1.0,12,2026-08-20T10:43:02.354301+00:00
fake,affinia,Hotel,"I spent a weekend at the Affinia in October and it truly felt like a home away from home. From the moment I checked in, the staff - led by the warm and knowledgeable front desk manager, Sarah - made me feel welcome and at ease. My room, on the 10th floor, had a stunning view of Central Park, which was a perfect antidote to the chaotic streets below. The bed was ridiculously comfortable and the marble bathroom was a spa-like oasis. But the real standout was the breakfast: the spread of pastries, breads, and eggs was endless and always impeccably replenished by the friendly servers. At $500 a night, I was a bit hesitant about the price, but in hindsight, it felt like a total value for the high-end amenities and service I received. Even with a $50 valet parking fee, I'd say it was worth every penny - the location, a short walk from Carnegie Hill and the Met, was unbeatable.",1,llama3.2:3b,long,positive,structured,zero_shot,"a time or occasion, such as a month, a season, or a trip event",long_positive_structured_zero_shot,4,883,163,700,1,2,1.0,12,2026-08-20T10:43:04.349843+00:00
fake,allegro,Hotel,"I stayed at the Allegro hotel from the 22nd to the 25th of March, and I must say, it was a fantastic experience. The price was very reasonable, especially considering the quality of service and amenities provided. I booked a room with a city view, and it was just what I needed to take in the sights while staying indoors. Room 304 was spotlessly clean, with fresh towels and a comfortable bed every day. The staff were friendly and attentive, with a particular shout-out to concierge Alessandro, who helped me plan my itinerary and even booked a last-minute table at a popular restaurant. Breakfast was also a highlight - the spread was generous and delicious, with a great selection of pastries and hot food options. One minor quibble was with the air con, which didn't seem to be working properly in my room, but it was quickly sorted out by maintenance.",1,llama3.2:3b,long,positive,structured,zero_shot,"first person singular, starting with the word I",long_positive_structured_zero_shot,5,857,151,700,1,2,1.0,12,2026-08-20T10:43:06.495718+00:00
fake,amalfi,Hotel,"I still chuckle when I recall the chaotic morning of checking in, with my luggage nearly lost in the whirlwind of luggage carts. But that was just the beginning of a wonderful stay at the Hotel Amalfi. Our room, 304, offered breathtaking views of the Amalfi Coast - every morning was like waking up in a postcard. Cleaning staff was meticulous, reorganizing our closet space to fit our belongings perfectly. One staff member, in particular, stood out - Alessia, the friendly concierge, who not only helped us navigate the town but also provided insider tips for the best seafood restaurants. As for noise levels, we experienced only a gentle hum of the hotel's central heating system, a pleasant accompaniment to our evenings sipping limoncello on our balcony. With the town at our doorstep, it was the perfect blend of tranquility and proximity to local treasures.",1,llama3.2:3b,long,positive,structured,zero_shot,a specific detail or small incident,long_positive_structured_zero_shot,6,865,145,700,1,1,1.0,12,2026-08-20T10:43:07.409738+00:00
fake,ambassador,Hotel,"I'm writing this review after a week-long stay at the Ambassador hotel during the spring break season, and I must say, it was a truly enjoyable experience. The location was perfect - just a short walk from the city center and close to public transportation options. The room I was assigned, room 314, was spacious and clean, with a comfortable bed and a lovely view of the city.

The breakfast spread at the hotel's restaurant was one of the highlights of my stay - I particularly enjoyed the fresh fruit and yogurt options, which were always replenished by the friendly breakfast staff. I did have to ask for extra coffee a few times, but the staff was always happy to oblige.

One small incident that caught my attention was when I accidentally locked myself out of my room - luckily, the staff quickly came to my rescue and let me back in with minimal delay.",1,llama3.2:3b,long,positive,structured,zero_shot,"a time or occasion, such as a month, a season, or a trip event",long_positive_structured_zero_shot,7,861,155,700,1,2,1.0,12,2026-08-20T10:43:09.296518+00:00
fake,conrad,Hotel,"We spent four nights at the Hotel Conrad in late March and were thoroughly impressed. From the moment we arrived, the staff were warm and welcoming, particularly our front desk attendant, Juan, who helped us navigate the hotel's layout and offered us a refreshing glass of juice upon check-in. Our room, 1412, was modern and spacious, with a comfortable king-size bed and a lovely view of the city. The hotel's location, just a short stroll from the convention center, was ideal for our event. We paid around $250 per night, which we felt was a fair price considering the high quality of the accommodations and amenities. We did encounter some noise from the neighboring room on the second night, but a quick call to management and the issue was resolved promptly. The breakfast buffet, served until 10 am, offered a delightful mix of international cuisine and fresh fruit.",1,llama3.2:3b,long,positive,structured,zero_shot,"first person plural, starting with the word We or Our",long_positive_structured_zero_shot,8,873,148,700,1,2,1.0,12,2026-08-20T10:43:11.704379+00:00
fake,fairmont,Hotel,"I stopped by the Fairmont for a 3-day business retreat in February and had a solid stay. The staff was friendly, particularly our hotel concierge, Emily, who helped us plan a fantastic dinner at a nearby restaurant. My room was clean and spacious, with a comfortable king bed and great views of the city from the 23rd floor. The room service menu was limited but reliable. The hotel's central location made it easy to get to meetings and explore the city, and the fitness center was a nice bonus. One minor annoyance was the extra charge for Wi-Fi, but it was worth it in the end.",1,llama3.2:3b,long,positive,structured,zero_shot,the reason for the trip,long_positive_structured_zero_shot,9,580,106,700,1,1,1.0,12,2026-08-20T10:43:12.376996+00:00
fake,hardrock,Hotel,"I recently spent four nights at the Hard Rock Hotel and had an absolutely fantastic time. The price was a steal for what we got - spacious rooms, great amenities, and a location that was perfect for our plans. Our room, number 1413, was clean and comfortable, with a fantastic view of the Strip. The staff were super friendly and helpful, especially Alex at the front desk who went above and beyond to accommodate our requests. One minor quibble was with the Wi-Fi, which kept dropping in and out, but it was never a major issue. We did hit the jackpot on our first night, though, as we caught the live music show in the Rock Shop and even got to meet the band. I was particularly impressed with the hotel's attention to detail, from the complimentary room service to the awesome decor in the lobby. If you're looking for a great place to stay in Vegas, I'd highly suggest the Hard Rock - it's definitely lived up to its rockstar reputation!",1,llama3.2:3b,long,positive,structured,zero_shot,"first person singular, starting with the word I",long_positive_structured_zero_shot,10,941,172,700,1,2,1.0,12,2026-08-20T10:43:14.396506+00:00
fake,hilton,Hotel,"I was pleasantly surprised by the Hilton on my recent trip from 24th to 31st January. My room on the 10th floor was clean and spacious, with a comfortable king-sized bed and a decent workspace. The price was very reasonable considering the hotel's amenities, especially the excellent breakfast spread. The staff were friendly and accommodating, particularly Emily at the front desk, who helped me arrange a tour of the nearby city centre. One small mishap was when I spilled coffee on my shirt in the lobby, but the housekeeping team quickly provided me with a fresh change of clothes. The hotel's location was ideal, close to the metro and a short walk from some great restaurants. I had a fantastic stay and would definitely book here again for any future business or leisure trips.",1,llama3.2:3b,long,positive,structured,zero_shot,the room or the hotel itself as the subject,long_positive_structured_zero_shot,11,784,134,700,1,1,1.0,12,2026-08-20T10:43:15.234663+00:00
fake,homewood,Hotel,"I booked room 1212, and as soon as I walked in, I felt like I was in for a treat. My husband and I were celebrating our anniversary, and the suite felt like a cozy retreat from the city chaos. The staff had left a lovely note and a plate of fresh cookies on our doorstep, and when I mentioned it to the front desk, they smiled and said it was their way of making sure we felt welcome. The breakfast spread was incredible - I had a hard time deciding between the scrambled eggs and the made-to-order omelette. I also loved that we could order groceries online and have them delivered right to our door, it saved us so much time and money. One day the AC unit in our room didn't work properly, but the maintenance team showed up within 20 minutes and fixed it for us. The only thing I would suggest is to add more pillows to the beds, they were a bit flat.",1,llama3.2:3b,long,positive,unstructured,few_shot,a specific detail or small incident,long_positive_unstructured_few_shot,0,854,168,700,1,1,1.0,12,2026-08-20T10:43:16.187990+00:00
fake,hyatt,Hotel,"I checked in on a Wednesday evening, and the automatic check-in kiosk was surprisingly user-friendly. As I waited for the room key to be emailed to me, I noticed the lobby's modern decor and the friendly chatter of the staff, who were all chatting with each other between checking in guests. My room on the 14th floor was quiet and spacious, with a great view of the city from the 5th floor observatory. I was a bit surprised to see the hotel's fitness center was open 24/7, but it did feel like a weird compromise - too quiet, and also not quite quiet enough. I ended up working out in my room instead. On Friday morning, I met up with a colleague at the hotel's rooftop restaurant, which served a decent but overpriced breakfast. Our server, Maria, was particularly attentive and made sure we had everything we needed.",1,llama3.2:3b,long,positive,unstructured,few_shot,a specific detail or small incident,long_positive_unstructured_few_shot,1,820,148,700,1,1,1.0,12,2026-08-20T10:43:17.102416+00:00
fake,intercontinental,Hotel,"I stumbled upon this hotel on a chilly November morning, just as the city was waking up. I'd been exploring the Magnificent Mile for hours, and the thought of a warm lobby and a decent cup of coffee was all I could think about. The Intercontinental did not disappoint. As I stepped into the lobby, I was greeted by a friendly doorman who showed me to my room. It was a decent-sized space, with a king-size bed and a great view of the street. I spent most of the afternoon lounging on the couch, watching the world go by. The staff were friendly and attentive, and the concierge desk were really knowledgeable about the local scene. I ended up booking tickets to a jazz show at the Green Mill, which was fantastic. One minor quibble - the elevator was a bit slow, and I had to wait for a few minutes for it to arrive on my floor. But that's a tiny thing in the grand scheme.",1,llama3.2:3b,long,positive,unstructured,few_shot,"a time or occasion, such as a month, a season, or a trip event",long_positive_unstructured_few_shot,2,873,167,700,1,2,1.0,12,2026-08-20T10:43:19.085194+00:00
fake,james,Hotel,"I stumbled upon The James while searching for a place to stay in Chicago, and I'm so glad I took a chance on it. I booked a room with a city view, which was a lovely surprise when I walked in. The room was cozy, with a plush area rug that added a pop of color to the space. I appreciated the thoughtful touches, like the fresh fruit and granola bars on the dresser, which were a nice touch for a quick breakfast. The staff were friendly and attentive, especially when I asked for a late check-out on my second day. One minor quirk was that the air conditioning unit was a bit loud, but I figured it was a small price to pay for the convenience of being able to open the window for some fresh air. I ended up spending a lovely afternoon exploring the rooftop bar, where I enjoyed a perfectly crafted old fashioned and took in the stunning views of the city. The James is definitely a hidden gem in the midst of all the hustle and bustle.",1,llama3.2:3b,long,positive,unstructured,few_shot,"first person singular, starting with the word I",long_positive_unstructured_few_shot,3,936,182,700,1,1,1.0,12,2026-08-20T10:43:20.065377+00:00
fake,knickerbocker,Hotel,"I was immediately charmed by the Knickerbocker's vintage charm, from the ornate lobby to the cozy bar. During my 3-night stay, I upgraded to a room with a stunning view of the city skyline. The staff, particularly the front desk attendant, Maria, were incredibly accommodating and helpful. One day, I accidentally left my laptop in the room, and the porter, Alex, tracked me down and brought it back to my desk. The room itself was immaculate, with a delightful surprise of fresh flowers and chocolates on arrival. The bathroom was small, but its classic design added to the hotel's nostalgic appeal. The only drawback was the slightly finicky coffee machine, but it was a minor quibble. I'd highly recommend the Knickerbocker to anyone seeking a quintessential Chicago experience.",1,llama3.2:3b,long,positive,unstructured,few_shot,"first person singular, starting with the word I",long_positive_unstructured_few_shot,4,781,128,700,1,2,1.0,12,2026-08-20T10:43:22.146305+00:00
fake,monaco,Hotel,"I spent a solo week here in February, escaping the cold and exploring the city. I was upgraded to a suite on the 10th floor, which had a stunning view of the lake and the city skyline. The room was spacious and comfortable, with a great desk for working on my laptop. I appreciated the little touches, like the fresh fruit and pastries delivered to my room each morning. The staff were all incredibly friendly and helpful, especially Alex in the concierge who made some great recommendations for restaurants and attractions. One minor quirk was that the elevator was a bit slow, but I didn't mind the extra time to take in the views on the way up. I ended up staying here a bit longer than I expected, and I would definitely come back to Chicago again - this hotel made it feel like a great place to stay.",1,llama3.2:3b,long,positive,unstructured,few_shot,the reason for the trip,long_positive_unstructured_few_shot,5,805,150,700,1,1,1.0,12,2026-08-20T10:43:23.167954+00:00
fake,omni,Hotel,"We stumbled upon the Omni Chicago Hotel during a busy weekend in March, and we were pleasantly surprised by the warm welcome from the staff. As we entered our room, number 1411 on the 14th floor, I was struck by the generous marble bathroom, which included a separate shower and tub. The bed was incredibly comfortable, and we enjoyed the room's quiet, peaceful atmosphere despite being close to the bustling streets. I took advantage of the hotel's free Wi-Fi and was able to work efficiently. One afternoon, I took a walk to the rooftop bar, where I enjoyed a cocktail and watched the sunset over the city. On our final evening, we were offered a complimentary dessert in the lobby, a lovely touch that ended our stay on a sweet note.",1,llama3.2:3b,long,positive,unstructured,few_shot,"first person plural, starting with the word We or Our",long_positive_unstructured_few_shot,6,736,131,700,1,1,1.0,12,2026-08-20T10:43:24.023912+00:00
fake,palmer,Hotel,"I was pleasantly surprised by how easy it was to get settled into my room at The Palmer House Hilton. I arrived an hour early and was handed my key by a smiling staff member who showed me to my room without hesitation. The lobby's elegant chandelier caught my eye as I took in the grandeur of the space. After a quick dinner at the hotel's restaurant, I decided to explore State Street, and I was relieved to find that it was just a short stroll away. The room itself was cozy, with a comfortable bed and a lovely city view from the 14th floor. What struck me most, however, was the kindness of the housekeeping staff, who left me a sweet note and a bottle of water to help me settle in after a long drive. My only minor quibble was with the TV, which was a bit finicky, but that didn't detract from an otherwise wonderful stay. I ended up sleeping in, as the room was so peaceful, and woke up feeling refreshed and ready to take on the city.",1,llama3.2:3b,long,positive,unstructured,few_shot,the room or the hotel itself as the subject,long_positive_unstructured_few_shot,7,942,182,700,1,2,1.0,12,2026-08-20T10:43:26.106045+00:00
fake,sheraton,Hotel,"I stayed at the Sheraton Chicago on a Saturday night after a concert at the nearby United Center, room 1412. The location was perfect, right on the river and just a short walk to the Navy Pier. The room was spacious and clean, with a great view of the river and the city skyline. The bed was super comfy and I had a great night's sleep. I did have to wait a bit for the bellhop to arrive, but they were friendly and helped me with my bags quickly. On Sunday morning, I had breakfast at the hotel restaurant and the service was top-notch, our server was attentive and knowledgeable. I would definitely stay here again, the staff went above and beyond to make my stay special.",1,llama3.2:3b,long,positive,unstructured,few_shot,a verdict stated up front,long_positive_unstructured_few_shot,8,674,127,700,1,1,1.0,12,2026-08-20T10:43:27.021471+00:00
fake,sofitel,Hotel,"I checked in at the Sofitel on a Friday evening, after a long drive from out of town, and was struck by the elegance of the lobby and the spaciousness of the lounge area. As I made my way to the elevator, I noticed the artwork on display and the carefully curated plant arrangements that added a touch of sophistication to the decor. I was on the 14th floor and my room had a great view of the city, which was a lovely bonus. The bed was extremely comfortable and I slept soundly for the first time in hours, waking up feeling refreshed and rejuvenated. The staff were friendly and attentive, especially the concierge who made excellent recommendations for dinner and activities. On my last day, I took advantage of the complimentary continental breakfast and was impressed by the variety of pastries, breads, and fresh fruit on offer.",1,llama3.2:3b,long,positive,unstructured,few_shot,the room or the hotel itself as the subject,long_positive_unstructured_few_shot,9,835,148,700,1,2,1.0,12,2026-08-20T10:43:29.166856+00:00
fake,swissotel,Hotel,"I stayed at the Swissotel on a conference trip and was really impressed. I was a bit hesitant about booking a hotel in the city centre, but the Swissotel exceeded my expectations. The lobby was stunning, with a modern design and a great bar area that served up some tasty cocktails. My room was lovely, with a big bed and plenty of storage space - I was happy to find a plug for my laptop in the desk. I think the best thing about the hotel was the staff, though - the receptionist, Rachel, was super helpful and friendly, and the concierge arranged a great tour of the city. I did have a bit of a mishap with the minibar, though - I came back to find that my water had been accidentally switched with a diet version, which was a bit of a surprise. Still, the rest of my stay was fantastic, and I'd definitely stay at the Swissotel again.",1,llama3.2:3b,long,positive,unstructured,few_shot,"first person singular, starting with the word I",long_positive_unstructured_few_shot,10,838,161,700,1,1,1.0,12,2026-08-20T10:43:30.212105+00:00
fake,talbott,Hotel,"We stumbled upon the Talbott while searching for a last-minute room. The front desk staff, Rachel, was so accommodating, showing us to room 314 and making sure we had everything we needed. The room itself was a pleasant surprise - the decor was modern and sleek, and the bed was incredibly comfortable. I loved the double sinks, too - a little luxury that made a big difference. We ended up spending most of our stay just lounging around the hotel, taking advantage of the quiet atmosphere and the bar's happy hour specials. The Basil Cafe breakfast was also a highlight - we grabbed a table by the window and enjoyed a leisurely meal. One minor quirk: the elevator seemed to take forever to fix itself after a short delay. But that's a tiny complaint in an otherwise excellent stay. I'd definitely recommend the Talbott to friends and family, and I'd be happy to come back myself.",1,llama3.2:3b,long,positive,unstructured,few_shot,a verdict stated up front,long_positive_unstructured_few_shot,11,881,156,700,1,1,1.0,12,2026-08-20T10:43:31.264393+00:00
fake,affinia,Hotel,"I'm still reeling from our amazing weekend getaway to New York City, courtesy of a stay at the Affinia Hotel in Manhattan. We checked in on a Friday evening, exhausted from a week of meetings in the city, and were immediately charmed by the warm welcome from the staff, particularly room service coordinator, Maria, who took the time to explain the room's features and made us feel at home. Our room, 1701, was modern and spacious, with a comfortable king-size bed and a gorgeous city view from the 17th floor. We enjoyed a few lovely mornings sipping coffee on the balcony, taking in the sights and sounds of the bustling streets below. The hotel's location, just steps from Central Park and a short walk to Fifth Avenue, was unbeatable. One minor quibble: our air conditioning unit seemed a tad temperamental, but the team was prompt in fixing the issue.",1,llama3.2:3b,long,positive,unstructured,zero_shot,the reason for the trip,long_positive_unstructured_zero_shot,0,856,149,700,1,2,1.0,12,2026-08-20T10:43:33.592573+00:00
fake,allegro,Hotel,"We were blown away by the warm welcome at the Allegro - I'm still not sure how they managed to make us feel so at home in just 30 minutes after check-in. Our room, 1423, had a lovely view of the city and the bed was ridiculously comfortable. We spent most of our stay lounging by the pool, which was surprisingly quiet given the hotel's central location. Staff like Maria at the bar and the breakfast team were always cheerful and accommodating. One minor quibble - the Wi-Fi could've been faster, but we managed just fine with the iPad. We even stumbled upon a great local restaurant, Bella Vita, that was recommended by one of the hotel's staff - their pasta dishes were sublime. We were there for four nights, and even the housekeeping team (Raj, specifically, did a fantastic job keeping our room tidy). All in all, our stay at the Allegro was spot on, and we'd definitely be back.",1,llama3.2:3b,long,positive,unstructured,zero_shot,"first person plural, starting with the word We or Our",long_positive_unstructured_zero_shot,1,885,161,700,1,2,1.0,12,2026-08-20T10:43:36.004725+00:00
fake,amalfi,Hotel,"I still can't stop thinking about our 4-night stay at the Hotel Amalfi. We checked in on a warm summer evening, room 314, a lovely junior suite with a view of the sea that took my breath away. The staff, particularly Alessandro at the front desk, were incredibly friendly and welcoming. On our first night, we had a bit of a misadventure with the air con not working, but the manager, Marco, came up to our room and fixed it pronto. The breakfast spread was always abundant and delicious, with a great selection of pastries, bread, and fresh fruit.

One evening, I stumbled upon the hotel's hidden bar, tucked away behind a bookshelf in the lobby, and had the best Campari soda of my life. The bartender, Luca, was a font of knowledge on Italian drinks. Our room was spotless and spacious, with a comfortable king-size bed and a lovely marble-tiled bathroom.",1,llama3.2:3b,long,positive,unstructured,zero_shot,"first person singular, starting with the word I",long_positive_unstructured_zero_shot,2,858,152,700,1,2,1.0,12,2026-08-20T10:43:38.550920+00:00
fake,ambassador,Hotel,"I just got back from a 4-night stay at the Ambassador Hotel and I'm still grinning from ear to ear. I was a bit skeptical about booking a room without a window on the 14th floor, but the team convinced me it would be a unique experience. And boy, were they right! I was a bit hesitant at first, but the city views were actually a highlight - I spotted the most gorgeous sunset on my last evening from the 14th floor lounge.

The staff were top-notch, especially Rachel in the front desk, who went above and beyond to get me extra pillows for a late night snack. The room itself was cozy, but a bit smaller than I expected. However, the amenities more than made up for it - the in-room massage was heavenly and the complimentary breakfast buffet was incredible.

One minor quibble: the elevator broke down on the second day, so I had to take the stairs to the top floor for a morning run.",1,llama3.2:3b,long,positive,unstructured,zero_shot,the room or the hotel itself as the subject,long_positive_unstructured_zero_shot,3,887,168,700,1,2,1.0,12,2026-08-20T10:43:41.126791+00:00
fake,conrad,Hotel,"We spent four nights at the Conrad, and it was honestly one of the best hotel stays we've had in a while. Our room was a stunning oceanview suite with a huge balcony - perfect for sipping coffee or cocktails while watching the sunrise. The staff was incredibly friendly and helpful, especially our bellhop, Juan, who helped us navigate the airport and even offered some great recommendations for local eats. The hotel itself is sleek and modern, with a chic lobby that's perfect for relaxing after a long day. We did experience a minor hiccup with the air conditioning in our room, but the staff fixed it quickly and efficiently. When we got back from our evening stroll, we found a lovely complimentary amenity - a box of artisanal chocolates and a bottle of champagne - which was such a thoughtful touch. We also loved the hotel's rooftop bar, which offered breathtaking views of the city and a tasty happy hour menu.",1,llama3.2:3b,long,positive,unstructured,zero_shot,"first person plural, starting with the word We or Our",long_positive_unstructured_zero_shot,4,919,162,700,1,2,1.0,12,2026-08-20T10:43:43.218377+00:00
fake,fairmont,Hotel,"I was blown away by my stay at the Fairmont from March 10th to 17th. Our room, 1412, was spacious and beautifully decorated, with a stunning view of the city. The staff were incredibly friendly and welcoming, particularly the front desk staff who went above and beyond to assist us with our luggage. On the second day, I asked to speak to the manager, who turned out to be the hotel's general manager, and he kindly addressed our concerns about the noise from the adjacent room.

The hotel's location was also a huge plus, within walking distance to some of the city's top attractions. We took advantage of the hotel's evening shuttle service, which dropped us off at a nearby restaurant for a lovely dinner. The food was exquisite, and the service was top-notch.",1,llama3.2:3b,long,positive,unstructured,zero_shot,"first person singular, starting with the word I",long_positive_unstructured_zero_shot,5,763,134,700,1,2,1.0,12,2026-08-20T10:43:45.556694+00:00
fake,hardrock,Hotel,"I was a bit hesitant to try the Hard Rock Cafe hotel in Vegas after hearing some mixed reviews, but we stayed in room 1423 and had a blast. What really stood out to us was the staff - our bellhop, Juan, was super friendly and helped us get settled in with a cold drink before we even got to the room. The lobby was also totally immersive, from the Guitar Shop to the huge Rock Wall - it's clear they've got a ton of memorabilia on display. Our room itself was comfy, if a bit small, and the bed was super comfy after a long night of partying at the casino downstairs. The breakfast buffet was a great spread, too - we hit it hard on our last morning before leaving. The only downside was when we tried to check out, they got our room number wrong and had to call it in again - but our checkout staff, Rachel, apologized profusely and had everything sorted out in no time.",1,llama3.2:3b,long,positive,unstructured,zero_shot,a specific detail or small incident,long_positive_unstructured_zero_shot,6,871,171,700,1,1,1.0,12,2026-08-20T10:43:46.601787+00:00
fake,hilton,Hotel,"We spent four nights at the Hilton and overall had a fantastic stay. Our room was on the 10th floor, 1211, which had a great view of the city. The bed was super comfy and the staff were so friendly, especially Emma at the front desk who helped us check in on the first day. The room was clean and modern, with a great mini-fridge for storing our snacks. We also appreciated the free breakfast, which had a great selection of pastries, eggs, and sausage. One minor hiccup was when we left the room key on the counter and had to wait a bit for it to be cut back to us. However, the staff were apologetic and it didn't delay our plans. On our last night, we met the concierge, Michael, who helped us book a great restaurant recommendation and even sent us a gift basket to our room. It's the little touches like these that make this hotel truly stand out.",1,llama3.2:3b,long,positive,unstructured,zero_shot,"first person plural, starting with the word We or Our",long_positive_unstructured_zero_shot,7,852,163,700,1,2,1.0,12,2026-08-20T10:43:48.671134+00:00
fake,homewood,Hotel,"I just spent a weekend at the Homewood, and I have to say, it exceeded my expectations in every way. The room I was in, 304, was spacious and clean, with a comfortable king-size bed and a huge flat-screen TV. I was there with friends for a girls' trip, and we spent most of our time lounging by the pool or catching up in the room. One of the staff members, a lovely woman named Rachel, checked us in and made sure we had everything we needed. The breakfast buffet was also a highlight - fresh fruit, made-to-order omelets, and even a selection of gluten-free options. We accidentally booked a room with a connecting door, but the staff moved us to a quieter room without a fuss. On our second night, we had a bit of a misadventure with the air con, but the maintenance guy was super apologetic and got it fixed in no time. Despite the hiccup, we had an amazing stay and can't wait to come back to the Homewood.",1,llama3.2:3b,long,positive,unstructured,zero_shot,the room or the hotel itself as the subject,long_positive_unstructured_zero_shot,8,911,173,700,1,2,1.0,12,2026-08-20T10:43:50.743970+00:00
fake,hyatt,Hotel,"We spent three nights at the Hyatt and had an amazing experience from start to finish. From the moment we walked in on arrival day, October 1st, the staff were friendly and welcoming. We were greeted with a warm smile by the concierge, Alex, who showed us to our room on the 23rd floor. Our room, 2307, was spotless and had a stunning view of the city. We took advantage of the rooftop pool and bar during our stay and the staff were always happy to provide us with refreshing drinks and snacks. One evening, we received a complimentary upgrade to a suite, thanks to the kindness of the hotel manager, Rachel. It was the perfect way to cap off our trip. The breakfast spread at the hotel was also incredible - we especially loved the made-to-order omelets and fresh fruit.",1,llama3.2:3b,long,positive,unstructured,zero_shot,"first person plural, starting with the word We or Our",long_positive_unstructured_zero_shot,9,772,141,700,1,2,1.0,12,2026-08-20T10:43:52.831382+00:00
fake,intercontinental,Hotel,"I stayed at the InterContinental on a Friday in late March, room 1414, and had a lovely weekend. From the moment I checked in, the staff were friendly and efficient, our check-in process was smooth and quick. Room 1414 was on the 14th floor with a great view of the city, the bed was super comfy and the amenities were all top-notch. I had asked for extra towels and extra pillows when I checked in, and they were promptly delivered to my room by housekeeping. I met Emily, the morning concierge, who helped me plan my itinerary and even made a reservation at a great restaurant. One minor quirk - I was a bit surprised that the aircon in my room wasn't as responsive as some of the other hotel's I've stayed in, but it didn't detract from my stay. The hotel is also great for business, I met a few colleagues in the lounge on the first floor and the food was delicious.",1,llama3.2:3b,long,positive,unstructured,zero_shot,"first person singular, starting with the word I",long_positive_unstructured_zero_shot,10,870,164,700,1,2,1.0,12,2026-08-20T10:43:54.872253+00:00
fake,james,Hotel,"We were blown away by our stay at the Hotel James from Friday to Sunday. Our room, 214, was spacious and clean, with a lovely city view. The bed was incredibly comfy, and the staff were so friendly - our room service guy, Carlos, kept our drinks topped up without us even asking. We had a bit of a hiccup on Saturday morning when the shower didn't work, but the lovely receptionist, Rachel, fixed it ASAP and even offered us a complimentary breakfast voucher. The hotel's location is perfect, just a short walk from some of the best restaurants and bars. We took a tour of the city on Saturday morning, and the staff even gave us a fantastic map with recommendations. Our only minor complaint is that the room aircon didn't work as well as we'd hoped - but we got some great tips from Carlos on how to stay cool instead.",1,llama3.2:3b,long,positive,unstructured,zero_shot,"first person plural, starting with the word We or Our",long_positive_unstructured_zero_shot,11,820,153,700,1,2,1.0,12,2026-08-20T10:43:56.866450+00:00
fake,knickerbocker,Hotel,"I left the Knickerbocker after three nights, feeling thoroughly underwhelmed. I had booked a king room in advance, but upon arrival, I was allocated a smaller space on the opposite side of the building. The hotel's breakfast spread was uninspired and overpriced - the selection of eggs and meats was sparse, and the pastries were stale. Room 1414, where I stayed, reeked of stale air and moisture accumulated in the corners. On my second morning, I spilled coffee on the carpet, which was not cleaned promptly. The front desk staff seemed distracted and disorganized, and when I requested a newspaper, I was told it would be delivered to my room 'in a bit.' The paper never arrived. Despite its prime location, the hotel's elevator seemed to be stuck in an endless cycle of ascending and descending, which made my brief stays on the floor below infuriating.",1,llama3.2:3b,long,negative,structured,few_shot,a verdict stated up front,long_negative_structured_few_shot,0,857,146,700,1,1,1.0,12,2026-08-20T10:43:57.910601+00:00
fake,monaco,Hotel,"I was in town for a conference and booked a room here, expecting a convenient stay, but the Chicago Monoco fell far short. The room was smaller than I anticipated, and when I requested an extra blanket, the staff seemed put off, taking a while to provide it. The real letdown was the price - $450 a night for a cramped room with limited amenities was steep, especially considering the standard at other hotels in the area. Throughout the stay, I could hear the bar crowd from my room, and the constant thumping made it difficult to sleep. When I asked the front desk about the noise, they just shrugged and told me it was part of the hotel's atmosphere.",1,llama3.2:3b,long,negative,structured,few_shot,the reason for the trip,long_negative_structured_few_shot,1,653,120,700,1,1,1.0,12,2026-08-20T10:43:58.672136+00:00
fake,omni,Hotel,"I'm still trying to process the mixed signals I received during my recent stay at the Omni. The exterior facade and lobby were sleek and modern, a perfect reflection of the hotel's upscale reputation. However, my room on the 15th floor was a different story altogether. The air conditioning unit rumbled loudly throughout the night, making it impossible to get a good night's sleep. What really got my blood boiling, though, was the state of the bathroom. The tile was cracked and worn, with a particularly gross-looking crack in the shower that looked like it hadn't been cleaned in weeks. I brought it up with the front desk staff, but they just apologized and said maintenance would look into it. For the price, I expected so much more. And don't even get me started on the valet service - it took an absurdly long time to get my car back, with a $50 'convenience fee' to boot.",1,llama3.2:3b,long,negative,structured,few_shot,the room or the hotel itself as the subject,long_negative_structured_few_shot,2,880,157,700,1,1,1.0,12,2026-08-20T10:43:59.752399+00:00
fake,palmer,Hotel,"I checked into room 1428 at the Palmer House Hilton on a Friday evening, and I was immediately struck by the sheer size of the lobby, which seemed to be from a different era altogether. Our check-in process was slow, with a friendly but harried staff member apologizing for the delay. Once we had our room key, we made our way to our room, which was decorated in a warm, vintage style that I initially found charming.

However, upon entering the room, I was underwhelmed by the lack of attention to detail. The carpet was stained, and the bedspread was rumpled. I mentioned this to the housekeeping team, who apologized and promised to rectify the situation. Unfortunately, they never quite managed it. The breakfast buffet on Saturday morning was a disaster - the scrambled eggs were overcooked, the sausage was soggy, and the fruit was wilted.

To make matters worse, the hotel's location proved to be a major drawback.",1,llama3.2:3b,long,negative,structured,few_shot,the room or the hotel itself as the subject,long_negative_structured_few_shot,3,921,159,700,1,2,1.0,12,2026-08-20T10:44:02.524170+00:00
fake,sheraton,Hotel,"We booked the Sheraton on a Monday night, our first stay at the hotel, and were excited to try it out. Unfortunately, our enthusiasm was short-lived. Our room, 14th floor, corner suite, was a decent space, but the beds were surprisingly hard and the pillows lacked any real comfort. The real letdown was the noise level - we could hear the adjacent rooms talking loudly and the air conditioning unit was a bit too loud for our liking. 

The next morning, we headed down to the breakfast buffet, which was a typical corporate spread - endless carbs, tired eggs, and mediocre sausage. The quality was clearly not a priority, and we left our plates mostly empty. Later that evening, we checked out and found a note from housekeeping stating that our room would be cleaned by 11 am the next day, but we were not woken up at that time - in fact, we had to wait until around 1 pm for them to finally arrive.",1,llama3.2:3b,long,negative,structured,few_shot,"first person plural, starting with the word We or Our",long_negative_structured_few_shot,4,901,166,700,1,2,1.0,12,2026-08-20T10:44:04.829239+00:00
fake,sofitel,Hotel,"I checked into room 1412 on a Thursday evening, expecting a comfortable stay after a long drive. The room itself was small and lacked the luxury I'd hoped for, with a worn-out carpet and a mini-bar that seemed to have been neglected for weeks. The 'amenities' included a single pillow that felt like it had been sat on by a hundred people before, and a 'luxurious' bedspread that looked like it belonged in a thrift store. I brought it up with the housekeeping staff, who seemed overwhelmed and unapologetic. When I asked to speak to a manager, I was told they were 'unavailable' and would 'get back to me later'. It was clear that the staff didn't prioritize guest satisfaction, and the price for this subpar experience was simply too high.",1,llama3.2:3b,long,negative,structured,few_shot,"first person singular, starting with the word I",long_negative_structured_few_shot,5,741,131,700,1,1,1.0,12,2026-08-20T10:44:05.827568+00:00
fake,swissotel,Hotel,"We spent three nights at the Swissotel, hoping to kick off our vacation on a high note. Unfortunately, the experience fell short. Upon checking into our room, we were disappointed to find that the carpets and upholstered furniture could have used a deeper clean. A few stray hairs and dust bunnies were a letdown after the stress of traveling. The price tag, however, seemed steep for what we got. 

For dinner, we tried the hotel restaurant twice and were underwhelmed each time. The first night, our filet mignon was overcooked and the accompanying vegetables tasted like they'd been sitting out for hours. The second night, the pasta dish was lukewarm and overpriced. The staff, when we brought our complaints to their attention, seemed somewhat dismissive and uninterested. One of the waitresses, however, did apologize sincerely and offered a discount on our bill.",1,llama3.2:3b,long,negative,structured,few_shot,"first person plural, starting with the word We or Our",long_negative_structured_few_shot,6,869,142,700,1,2,1.0,12,2026-08-20T10:44:08.144920+00:00
fake,talbott,Hotel,"I spent a week at the Talbott last autumn, and my experience was a mixed bag. The first room I was given was spacious, with a comfortable bed and decent natural light, but the air conditioning unit was making a constant, ear-piercing whine that kept me awake at night. I asked to be reassigned to a different room, and after a wait, I was given a room that was just about the same size, but with a tiny window that let in cold drafts. 

The staff seemed friendly enough, but they didn't do much to help me when I was struggling with the AC unit. One day, I came back to the lobby to find out that they had run out of coffee cups, so I ended up having to buy my own. It's not a big deal, but it's the little things like that which can make or break a stay at a hotel.

I was a bit surprised when I was told that the hotel was in the middle of a construction project, and that the noise started at 7:30am every day, including weekends.",1,llama3.2:3b,long,negative,structured,few_shot,"a time or occasion, such as a month, a season, or a trip event",long_negative_structured_few_shot,7,933,186,700,1,2,1.0,12,2026-08-20T10:44:10.648356+00:00
fake,affinia,Hotel,"I spent a long weekend at the Affinia in January, and unfortunately, the experience was a letdown. Upon arrival, I was handed a room key for a standard room, not the upscale suite I had booked online. I was told the discrepancy would be corrected, but the process was slow and inattentive. The room itself was not particularly spacious, and the bed was firm, which was a far cry from my usual comfort level. I also struggled to get the air conditioning working, having to call multiple times before a staff member arrived to fix the issue. To add insult to injury, the hotel charged extra for the smallest amenities, such as a paper towel and a coffee refill. One bright spot was the breakfast spread, which was abundant and varied. However, the chaos of the buffet area and long lines made it more of a frustrating experience than a pleasant one.",1,llama3.2:3b,long,negative,structured,few_shot,"a time or occasion, such as a month, a season, or a trip event",long_negative_structured_few_shot,8,847,152,700,1,2,1.0,12,2026-08-20T10:44:12.775973+00:00
fake,allegro,Hotel,"I stayed at the Hotel Allegro last month during a weekend trip to Chicago, but it was a thoroughly underwhelming experience. As soon as I checked in, I was struck by the lack of attention from the staff. My room was assigned without a smile, and I had to ask twice for the key card to work. The bathroom was also a letdown - the showerhead was constantly leaking, and the towels were scratchy and thin. The breakfast buffet was a disaster, with old pastries and lukewarm coffee. I paid $250 a night, which I felt was way overpriced for the subpar service and amenities. The room itself was clean, but the tiny closet was a joke, and the lack of a microwave or fridge was a major inconvenience. To make matters worse, the parking fee was an additional $50 per day. As I was leaving, I noticed a staff member scowling at a guest for not having a reservation, which set the tone for the rest of my stay.",1,llama3.2:3b,long,negative,structured,few_shot,"a time or occasion, such as a month, a season, or a trip event",long_negative_structured_few_shot,9,900,170,700,1,2,1.0,12,2026-08-20T10:44:15.340822+00:00
fake,amalfi,Hotel,"We spent a weekend at the Amalfi Hotel in late March, and it felt like a fleeting moment of disappointment amidst a bustling Italian town. Our room on the third floor, 304, was tiny, with a bed that seemed to have been shrunk to fit the space. The noise from the street below was constant, with the sound of cars and pedestrians drumming against the thin walls throughout the night. It didn't help that the adjacent restaurant's loudspeaker system was blasting music at 2 am.

The breakfast buffet was a letdown, with wilted vegetables and a sad selection of pastries. We paid extra for the 'continental' option, which felt like a marketing gimmick rather than a genuine attempt to cater to our needs. The staff seemed overwhelmed, with our server dropping dishes and forgetting orders during our stay.",1,llama3.2:3b,long,negative,structured,few_shot,the room or the hotel itself as the subject,long_negative_structured_few_shot,10,802,138,700,1,2,1.0,12,2026-08-20T10:44:17.617514+00:00
fake,ambassador,Hotel,"We booked the Ambassador for a week-long anniversary trip, hoping to celebrate in style. Unfortunately, our stay was a letdown from the start. Our room, located on the 10th floor, had a beautiful view of the city, but that's where the positives ended. The bed was lumpy and the linens felt like they'd seen better days. We were supposed to get a king bed, but were given two doubles instead. The 'upgrade' promise was broken, and we never got the king bed despite being told it would be arranged. 

The real issue, however, was the bathroom. The shower was clogged and the tub wouldn't drain. We had to wait over an hour for it to clear, which was humiliating. When we reported the problem to the staff, they seemed unbothered and apologetic, but not truly concerned. One of the receptionists, whose name tag read 'Lily', told us she'd 'look into it', but never did.",1,llama3.2:3b,long,negative,structured,few_shot,"first person plural, starting with the word We or Our",long_negative_structured_few_shot,11,866,154,700,1,2,1.0,12,2026-08-20T10:44:19.843304+00:00
fake,conrad,Hotel,"The Conrad hotel in New York City left me underwhelmed by its promise. On a recent business trip, I was assigned room 1412, a supposedly 'modern' king-size room on the 14th floor. Unfortunately, the cleanliness was nowhere near what I've come to expect from a luxury hotel like this. The bathroom tile grout was stained, and a used tissue had been carelessly discarded on the floor, still dry from its earlier use.

While the staff seemed friendly enough, the concierge, a woman named Karen, couldn't provide me with even the most basic directions to the nearest subway station. 'Just take a left at 5th Avenue,' she said, as if it were a straightforward question. When I mentioned this to the front desk staff, they just shrugged it off and told me they'd 'pass it along.'

The breakfast spread was uninspired, with a lackluster selection of pastries and fruit. The eggs were lukewarm, and the coffee had a strange, burnt flavor.",1,llama3.2:3b,long,negative,structured,zero_shot,the room or the hotel itself as the subject,long_negative_structured_zero_shot,0,930,160,700,1,2,1.0,12,2026-08-20T10:44:22.424466+00:00
fake,fairmont,Hotel,"We recently spent a night at the Fairmont and were left feeling underwhelmed. Our room, 1412, was tidy enough, but the cleanliness felt a notch below par. I found a used tissue on the bedside table on the first evening, and it took two requests to the room service team to get the bed changed. The staff, while polite, seemed disorganized. When I asked for an extra towel, I was told it would be 'delivered' - a vague term that implied a wait of several minutes, not seconds. The price of this luxury hotel felt extortionate - the same rate as other comparable properties with better amenities. The location, while central, wasn't particularly unique or special. The room's window looked out onto a concrete wall, rather than the promised 'panoramic view'. The only redeeming quality was the excellent breakfast spread, but that was a small consolation in an otherwise disappointing stay.",1,llama3.2:3b,long,negative,structured,zero_shot,"first person plural, starting with the word We or Our",long_negative_structured_zero_shot,1,888,151,700,1,1,1.0,12,2026-08-20T10:44:23.470170+00:00
fake,hardrock,Hotel,"I'm still trying to process the letdown that was my recent stay at the Hard Rock Hotel in Las Vegas. I booked a room for four nights, staying in room 1413, which promised a 'rockstar' experience, but what I got was a mediocre stay that fell flat. From the moment I checked in on the 20th, the staff seemed unfazed and apathetic, which set the tone for the rest of my trip. The room itself was cramped and cluttered, with a lingering smell of smoke that made me wonder if the previous occupant had a burning habit. The noise levels were atrocious - the constant thumping of the club below made it impossible to get a wink of sleep. I asked the staff to move me to a quieter room, but they just shrugged and told me that the club was a 'nightlife' venue. Speaking of which, the location is a major draw, but be warned: it's right on top of the Strip, which means you'll be subjected to non-stop chaos.",1,llama3.2:3b,long,negative,structured,zero_shot,"first person singular, starting with the word I",long_negative_structured_zero_shot,2,899,171,700,1,2,1.0,12,2026-08-20T10:44:26.185374+00:00
fake,hilton,Hotel,"I recently stayed at the Hilton on a business trip from March 10th to 12th, room 1412. The location was a major letdown, being far from the city center and requiring a 20-minute taxi ride to the nearest decent restaurant. The hotel's attempt to pass itself off as 'upscale' fell flat, with worn carpets and dated furniture.

The room itself was a bit of a disaster, the air conditioning struggled to keep up with the sweltering heat, and the constant hum of the machinery made for a poor night's sleep. I remember distinctly lying awake at 3 AM, listening to the sound of the air conditioning unit rattling away, completely disrupting my rest.

To add insult to injury, I was charged a whopping $250 per night, for a hotel that clearly doesn't live up to its prices. When I brought it up with the receptionist, Karen, she just shrugged and told me it was the 'current market rate'. Market rate?",1,llama3.2:3b,long,negative,structured,zero_shot,"first person singular, starting with the word I",long_negative_structured_zero_shot,3,894,160,700,1,2,1.0,12,2026-08-20T10:44:29.203814+00:00
fake,homewood,Hotel,"We were looking forward to a relaxing weekend at the Homewood, but our stay was a letdown from the start. From the moment we checked in on a Saturday morning, we were greeted by a unfriendly front desk staff member who seemed put off by our arrival. Room 304 was supposed to be a quiet one, but we were kept awake by the sound of loud laughter and shouting coming from the adjacent room, despite the airlock. We mentioned it to the staff, who shrugged it off and said it was probably just a bunch of rowdy teenagers. 

We were shocked when we got the bill - the price seemed ridiculous, especially considering the subpar service we received. When we tried to speak to the manager about it, he was evasive and dismissive. We ended up checking out a day early, feeling frustrated and overcharged. For a hotel of this caliber, the Homewood fell woefully short on both service and value.",1,llama3.2:3b,long,negative,structured,zero_shot,"first person plural, starting with the word We or Our",long_negative_structured_zero_shot,4,883,161,700,1,1,1.0,12,2026-08-20T10:44:30.269343+00:00
fake,hyatt,Hotel,"I was thoroughly underwhelmed with my recent stay at the Hyatt, specifically at the Manhattan location. The breakfast spread was a letdown, with stale pastries and lukewarm eggs. I ordered the scrambled eggs at 8 am and ended up with a congealed, rubbery mess. Room 1417, which I booked for three nights, was a tiny cube with a perpetually noisy air conditioning unit. Staff were friendly, but the receptionist seemed overwhelmed, and it took an eternity to check-in. When I mentioned the issue, she offered a half-hearted apology. The price tag of over $500 for a night was steep, considering the subpar amenities. The bathroom was spotless, but that was about the only redeeming quality. On my third morning, I discovered a lost hair tie on the floor, which spoke volumes about the housekeeping standards. Needless to say, I won't be returning to this Hyatt anytime soon.",1,llama3.2:3b,long,negative,structured,zero_shot,"first person singular, starting with the word I",long_negative_structured_zero_shot,5,873,147,700,1,2,1.0,12,2026-08-20T10:44:32.453983+00:00
fake,intercontinental,Hotel,"I was in town for a conference at the Hilton Midtown, but a last-minute change in plans had me booked at the InterContinental on Friday the 13th. The dated lobby was a clear sign of things to come. My room, 1702, was a mediocre oasis with a stained carpet and a view of the construction site next door. I was hoping for a comfortable stay, but the cleaning schedule seemed to be based on the principle of 'if it's broken, just add more dust.' The bed was lumpy, the shower clogged, and I was surprised to find a used tissue in the bathroom trash. I gave the staff, particularly the unfriendly front desk clerk, Ms. Patel, a wide berth. At breakfast, the eggs were overcooked and the coffee lukewarm, a far cry from the upscale experience I'd been expecting. My stay was a mere three nights, but it felt like an eternity. As I checked out on Sunday, I couldn't help but wonder how this place had managed to remain in business for so long.",1,llama3.2:3b,long,negative,structured,zero_shot,the reason for the trip,long_negative_structured_zero_shot,6,937,175,700,1,1,1.0,12,2026-08-20T10:44:33.407342+00:00
fake,james,Hotel,"We arrived at the Hotel James on a Wednesday, excited for a weekend getaway, only to be disappointed by the lackluster experience that followed. Our room, 14, was small and dimly lit, with a faint scent of mildew clinging to the air. The first night was disrupted by loud music from the nightclub below, which seemed to go on for hours. When we complained to the front desk, they offered little consolation, and the staff seemed apathetic. 

The next day, we headed to the rooftop bar, expecting a panoramic view of the city, but were instead met with a soggy, cramped space and a barista who seemed put off by our request for a simple coffee. For breakfast, we opted for the continental spread, but the offerings were uninspiring and stale. A particularly frustrating moment came when we asked for a refill on our juice, only to be told that it was an extra charge, despite the room rate already including breakfast.",1,llama3.2:3b,long,negative,structured,zero_shot,"first person plural, starting with the word We or Our",long_negative_structured_zero_shot,7,917,162,700,1,2,1.0,12,2026-08-20T10:44:35.535143+00:00
fake,knickerbocker,Hotel,"I'm still trying to process my two-night stay at the Knickerbocker Hotel, which unfortunately didn't live up to my expectations. Our room, 1411, was a cozy corner space, but the constant rumble of the elevators and chatter of the lobby made for a sleepless night. It seemed like every 10 minutes, the noise from the bar below echoed up through the floor, punctuated by the occasional shout.

The next morning, I was dismayed to find the room not spotless - a stray hair on the bedside table and a faint smudge on the mirror - and the towels felt like they'd been through the wash a few too many times. A quick call to housekeeping and they apologized, but the damage was done. The location was decent, I'll admit, with plenty of great restaurants and shops within walking distance. But after a long commute from Midtown, I wasn't in the mood for sightseeing.",1,llama3.2:3b,long,negative,structured,zero_shot,the room or the hotel itself as the subject,long_negative_structured_zero_shot,8,858,153,700,1,2,1.0,12,2026-08-20T10:44:37.761468+00:00
fake,monaco,Hotel,"We spent a long weekend at The Bellagio Hotel, staying in room 1432, but our experience was a far cry from the opulence we'd expected. The constant thumping from the nightclub downstairs made it impossible to sleep until 3 am every night. Our first morning, we headed to the hotel's breakfast buffet, only to be disappointed by the meager selection and inedible pastries. The prices were steep, considering what we were getting, especially when we saw the quality of food being served at the hotel's rival, The Cosmopolitan. Our server, however, did go out of her way to offer us complimentary pastries, and the friendly concierge, Mario, helped us arrange a late check-out without extra fees.",1,llama3.2:3b,long,negative,structured,zero_shot,"first person plural, starting with the word We or Our",long_negative_structured_zero_shot,9,693,116,700,1,1,1.0,12,2026-08-20T10:44:38.638117+00:00
fake,omni,Hotel,"We booked the Omni for a quick weekend getaway, staying in room 1412 for two nights. The initial excitement quickly wore off as we discovered the room was smaller than advertised. The beds were comfortable, but the cleanliness left much to be desired - a few stray hairs on the sheets and a noticeable dust speck on the nightstand. On the second morning, we made our way to the breakfast buffet, which promised a lavish spread. Unfortunately, the selection was lackluster, with only a few warm options and a meager selection of fresh fruit. The noise levels in the hotel were also a concern - we were woken up both nights by loud laughter from a group of rowdy guests in the adjacent room. When we spoke to the front desk about the issue, they offered a half-hearted apology and a token discount on our bill.",1,llama3.2:3b,long,negative,structured,zero_shot,"first person plural, starting with the word We or Our",long_negative_structured_zero_shot,10,808,146,700,1,1,1.0,12,2026-08-20T10:44:39.514732+00:00
fake,palmer,Hotel,"I recently spent a miserable night at the Palmer hotel, checking in on a whim for a quick business trip on February 10th. I was expecting a comfortable stay, but what I got was a frustrating experience. Our room, 214, was tiny and poorly ventilated, with a thin layer of dust coating every surface. I had to call the front desk twice to get a towel, and the housekeeping staff seemed as apathetic as possible. When I requested an extra blanket, I was told it would take 20 minutes, an eternity considering I was already exhausted. The breakfast buffet, usually a redeeming quality, was a soggy, uninspired mess, with cold eggs and burnt toast. Throughout the night, the constant thumping from the floors above me made sleep impossible. I tried to mention it to the staff, but my requests for a room change were met with dismissive shrugs from receptionist, Sarah.",1,llama3.2:3b,long,negative,structured,zero_shot,the reason for the trip,long_negative_structured_zero_shot,11,863,151,700,1,2,1.0,12,2026-08-20T10:44:41.551188+00:00
fake,sheraton,Hotel,"I was excited to stay at the Sheraton on my business trip, but my experience was a letdown from the moment I checked in. I arrived at the hotel around 3 pm and was greeted by a long line of people waiting to check in. I was asked to fill out a paper form instead of using the self-service kiosk like I had expected. When I finally made it to the front of the line, I was given a room that wasn't ready, despite being told it would be ready by 3:30 pm. The staff offered me a complimentary drink while I waited, but that was about it. When my room was finally ready, I was assigned room 1412, which was a standard king room that seemed old and outdated. The bed creaked and the air conditioner didn't seem to be working very well. I also asked the front desk if they had a gym and was told that it was an extra $20 per day. I'm not sure why they wouldn't include it in the price of the room.",1,llama3.2:3b,long,negative,unstructured,few_shot,"first person singular, starting with the word I",long_negative_unstructured_few_shot,0,890,180,700,1,2,1.0,12,2026-08-20T10:44:44.211074+00:00
fake,sofitel,Hotel,"I booked a room at the Sofitel Chicago Water Tower for a weekend getaway with my partner. We had high hopes, but the experience was a letdown. I'd booked a room with a view of the city, but the actual view was of the fire escape across the street. Not exactly what I paid for. The room itself was stylish, but the AC unit was woefully inefficient, leaving us sweating on a warm night. We asked the front desk for a fan, and they brought us a tiny box of air that I'm pretty sure was just the same air from the vents. The staff seemed overwhelmed, and it took ages to get a simple request like extra towels fulfilled. The breakfast buffet was decent, but the pastries were lukewarm and the coffee was burnt. I'd heard great things about this hotel, but our experience fell flat. Maybe we just caught them on a bad day, but it was clear that they were understaffed and struggling to keep up.",1,llama3.2:3b,long,negative,unstructured,few_shot,"first person singular, starting with the word I",long_negative_unstructured_few_shot,1,889,169,700,1,1,1.0,12,2026-08-20T10:44:45.200431+00:00
fake,swissotel,Hotel,"I checked in at the Swissotel on a drizzly November afternoon, after a long train ride from the airport. As I waited for my room, I couldn't help but feel a sense of letdown. The lobby's sleek decor and modern furniture seemed to promise a high-end experience, but the actual room I was given felt tired and dated. The carpet was stained, the bed creaked when I moved, and the air conditioning unit rattled ominously. 

The concierge, a well-meaning but clueless woman named Sophia, took an hour to help me navigate the hotel's wi-fi, which refused to connect. She kept promising to 'try again' only to fail again, until I finally managed to get online after calling the front desk myself. I asked her about the best place to get a decent breakfast around the hotel, and she recommended the hotel's own restaurant, but warned me that it would be 'expensive'.",1,llama3.2:3b,long,negative,unstructured,few_shot,"a time or occasion, such as a month, a season, or a trip event",long_negative_unstructured_few_shot,2,858,151,700,1,2,1.0,12,2026-08-20T10:44:48.217900+00:00
fake,talbott,Hotel,"I checked into room 314, expecting a comfortable stay, but what I got was a subpar experience from the start. The lobby area was sleek and modern, but that's where the luxury ended. The air conditioning unit in my room was so loud, I could barely sleep, and the fan in the bathroom was on the fritz. I called the front desk, room 314, to request an alternative, and they promised to send someone over within 20 minutes. It took 45 minutes, and by the time the staff arrived, I was already checking out. The room itself was small and the bed was lumpy. I had booked this stay for four nights, but after one, I knew I had to leave. The staff's apologetic attitude was the only redeeming quality, but it wasn't enough to salvage the experience. I won't be returning to the Talbott anytime soon.",1,llama3.2:3b,long,negative,unstructured,few_shot,the room or the hotel itself as the subject,long_negative_unstructured_few_shot,3,791,147,700,1,1,1.0,12,2026-08-20T10:44:49.157567+00:00
fake,affinia,Hotel,"I checked in on a Thursday evening in early December, expecting a warm welcome at the Affinia after being told it was one of the city's top boutique hotels. What I got was a chilly reception from the front desk staff, who seemed put off by our presence. My partner and I were booked for two nights, but the lobby was in full disarray, with scaffolding and construction noise blaring throughout our stay. Our room on the 12th floor was cozy, but the real letdown was room service, which was supposed to be a highlight. Instead, the kitchen was closed, and all they had was a sad selection of pastries and sandwiches. The elevators were slow and cramped, too, which made navigating the building a chore. The worst part was when I asked the concierge, Rachel, about a restaurant recommendation, and she seemed annoyed that I was taking up her time.",1,llama3.2:3b,long,negative,unstructured,few_shot,"first person singular, starting with the word I",long_negative_unstructured_few_shot,4,845,151,700,1,2,1.0,12,2026-08-20T10:44:51.352765+00:00
fake,allegro,Hotel,"I had high hopes for my stay at the Allegro, but unfortunately, it fell flat. The first thing I noticed was the outdated decor in the lobby - it looked like it hadn't been renovated in years. When I checked in, the front desk staff seemed overwhelmed, and it took them a while to get my room keys sorted out. They finally handed me my key to room 14, but when I arrived, I found the air conditioning wasn't working, making the room feel stuffy and uncomfortable. I called the front desk to report the issue, and they sent someone up to fix it after what felt like an hour. On a more positive note, the staff did offer me a complimentary breakfast, which was a nice gesture. However, the room itself was smaller than I expected, and the bed creaked under my weight. To make matters worse, I got a parking ticket right outside the hotel.",1,llama3.2:3b,long,negative,unstructured,few_shot,the room or the hotel itself as the subject,long_negative_unstructured_few_shot,5,835,157,700,1,2,1.0,12,2026-08-20T10:44:53.671612+00:00
fake,amalfi,Hotel,"I was really looking forward to my stay at the Amalfi Hotel last week, but unfortunately, it didn't live up to my expectations. I booked a room with a sea view and was told it would be ready by 3 pm, but when I arrived at 3:30, the room still hadn't been prepared. I waited for 20 minutes and still had to ask multiple times to get my key. I was exhausted from the flight and just wanted to drop off my bags, but that wasn't an option. The room itself was clean, I'll give it that, but the bed was ridiculously hard and the pillows were flat. The bathroom was modern and nice, but the water temperature was all over the place - sometimes it was scalding hot, other times freezing cold. I was also surprised that there was no free water or bottled water in the room, considering the hotel's prices. When I asked the front desk staff for a water, they told me it was $5 a bottle, which seemed ridiculous.",1,llama3.2:3b,long,negative,unstructured,few_shot,"first person singular, starting with the word I",long_negative_unstructured_few_shot,6,902,174,700,1,2,1.0,12,2026-08-20T10:44:56.070587+00:00
fake,ambassador,Hotel,"The Ambassador East Hotel fell flat for me, with the exception of a few staff members who seemed genuinely interested in my stay. The doormen, Juan and Maria, were warm and welcoming, and the concierge, a friendly woman named Rachel, helped me book a restaurant reservation, but not much else. I was booked into room 1222, which was a letdown. The air conditioning unit was loud and didn't seem to be working at full capacity, and the bed creaked with every movement. The bathroom was smaller than expected, and the shower was awkward to navigate. I was also surprised to find that the coffee maker in my room wasn't functioning properly. On the other hand, the free breakfast buffet was a nice touch, with a decent spread of options. Our server, Carlos, was attentive and friendly, but the hotel's location, while convenient for some, was a bit of a trek to most popular attractions.",1,llama3.2:3b,long,negative,unstructured,few_shot,a verdict stated up front,long_negative_unstructured_few_shot,7,884,154,700,1,2,1.0,12,2026-08-20T10:44:58.270701+00:00
fake,conrad,Hotel,"We booked the Conrad for its supposed upscale vibe and prime location, but what we got was a far cry from the luxurious experience we were expecting. We were given a room on the 10th floor with a view of the city, but the only time we could actually use the rooftop was for a few minutes on the first day before some private event started. The bartender at the bar was surly and unfriendly, especially considering we were just trying to grab a drink after a long day of sightseeing. The breakfast buffet was a joke, with only a few options to choose from, and the 'convenience' charge for internet and breakfast was a rip-off. To make matters worse, our room came with an empty minibar and the housekeeping team seemed completely overwhelmed when we mentioned it to them. On our last night, the heating system in our room decided to malfunction, making the room feel like an oven. We won't be back.",1,llama3.2:3b,long,negative,unstructured,few_shot,"first person plural, starting with the word We or Our",long_negative_unstructured_few_shot,8,898,164,700,1,1,1.0,12,2026-08-20T10:44:59.380098+00:00
fake,fairmont,Hotel,"I was really looking forward to a relaxing stay at the Fairmont, but unfortunately, it didn't quite live up to my expectations. We arrived on a chilly autumn evening and checked in around 9 PM, only to be informed that the air conditioning wasn't working in our room, which was a major bummer. The receptionist seemed apologetic, but the glitchy reservation system had already caused a 45-minute wait at check-in, and we were still waiting for our room key. The room itself was cozy, but the shower was incredibly slow to fill, and the Wi-Fi kept dropping out. I did manage to get a decent meal at the hotel's restaurant, but the service was a bit spotty. When I mentioned the AC issues to the housekeeping staff, they promised to send someone over right away, but it took them an hour to arrive.",1,llama3.2:3b,long,negative,unstructured,few_shot,a verdict stated up front,long_negative_unstructured_few_shot,9,796,143,700,1,2,1.0,12,2026-08-20T10:45:01.950904+00:00
fake,hardrock,Hotel,"I booked a room on the floor with the memorabilia from Elton John's record collection, which sounded cool in theory, but in reality felt like a tourist trap. The hallway carpet was stained and frayed, and the room itself was small and cramped. I've stayed in bigger dorm rooms. The mini-bar came with a long list of 'mandatory' charges, including a $2 surcharge for 'using the ice machine,' which is basically a lie. I was charged $5 just for leaving my drink alone on the counter for an hour. When I complained, the bartender told me it was a 'new policy.' When I got to the pool, it was covered in a thick layer of scum and smelled like a public restroom. The staff seemed like they were just going through the motions, too - our server didn't even notice we were there until we asked for the check.",1,llama3.2:3b,long,negative,unstructured,few_shot,"first person singular, starting with the word I",long_negative_unstructured_few_shot,10,801,149,700,1,2,1.0,12,2026-08-20T10:45:04.096548+00:00
fake,hilton,Hotel,"I was really looking forward to my stay at the Hilton, but unfortunately, it ended up being a letdown. I checked in on a Saturday and was assigned a room on the 23rd floor, which took ages to get to the elevator, it was ridiculously slow. The room itself was tiny, I mean, I've stayed in better ones at this price point before. I tried to order room service, but they got my order wrong, and when I asked for it to be remade, the waiter got my number wrong again. I had to go to the concierge to get them to fix the mistake. One of the staff members, who claimed to be the manager, came to my room to offer a 'complimentary' upgrade to a higher floor, but all it was was a different room with a slightly better view.",1,llama3.2:3b,long,negative,unstructured,few_shot,"first person singular, starting with the word I",long_negative_unstructured_few_shot,11,716,142,700,1,2,1.0,12,2026-08-20T10:45:06.210265+00:00
fake,homewood,Hotel,"I stayed at the Homewood in room 304 from March 10th to 12th, and unfortunately, it was a forgettable trip. I was excited to visit the city, but the hotel's location made it difficult to explore. The staff seemed overwhelmed, and I had to ask multiple times for help with directions. Our check-in process was slow, and the receptionist, Rachel, apologized profusely, which made me feel bad for holding her up. When I requested an extra blanket, she forgot to deliver it, and I had to ask twice. 

The room itself was small, and I expected a Homewood to be more spacious. The air conditioning unit was loud, and I had to wear earplugs at night. Breakfast was just okay - nothing special, and the selection was limited. 

On the third morning, I accidentally knocked over my glass of water on the carpet, and when I went to clean it, I realized the carpet was stained.",1,llama3.2:3b,long,negative,unstructured,zero_shot,"first person singular, starting with the word I",long_negative_unstructured_zero_shot,0,866,156,700,1,2,1.0,12,2026-08-20T10:45:08.416954+00:00
fake,hyatt,Hotel,"We stayed at the Hyatt for a weekend in mid-August and unfortunately, it was a bit of a letdown. Our room, 1412, was supposed to be an upgraded king suite, but it felt more like a regular king room to us. The bed was comfortable, I'll give them that, but the temperature control was wonky and we ended up sweating buckets in the middle of the night. 

I brought up the issue with the housekeeping staff on our second day, but they just shrugged it off and told us to use the thermostat more efficiently. We did that, but the noise from the hallway and the neighboring room kept us awake. I asked the front desk for extra pillows, and the receptionist just apologetically told me it would take a few minutes, which felt like an eternity.

One good thing was the breakfast spread in the lobby, but it was chaotic and took forever to get a table.",1,llama3.2:3b,long,negative,unstructured,zero_shot,"first person plural, starting with the word We or Our",long_negative_unstructured_zero_shot,1,843,158,700,1,2,1.0,12,2026-08-20T10:45:10.931962+00:00
fake,intercontinental,Hotel,"I'm still trying to wrap my head around my disappointing stay at the InterContinental hotel in Dubai. I arrived on a Sunday evening in room 1401, expecting a luxurious oasis after a long flight from the US. What I got was a cramped, outdated space with a tiny bathroom that felt more like a glorified cubicle. The air conditioning struggled to keep up with the sweltering summer heat, leaving me drenched and miserable. 

The real kicker was when I asked the concierge, Rohan, for a simple bottle opener and he told me it wasn't included in the 'deluxe' package. I asked to speak to a manager, and was finally directed to a stuffy, poorly lit room where I was told the opener was indeed supposed to be available. When I politely expressed my frustration, the manager, Ali, seemed more interested in defending the hotel's policies than apologizing for the inconvenience.",1,llama3.2:3b,long,negative,unstructured,zero_shot,"first person singular, starting with the word I",long_negative_unstructured_zero_shot,2,869,150,700,1,2,1.0,12,2026-08-20T10:45:13.335330+00:00
fake,james,Hotel,"I was really looking forward to staying at the Hotel James, but unfortunately, my stay was a total letdown. We arrived on Friday, checked into room 1402, and were greeted by the unfriendly front desk staff. Our room itself was small and dated, with a tiny desk that seemed to be an afterthought. The bed was comfortable, I'll give them that, but the air conditioning unit was so loud I thought it was going to fall off the ceiling. 

The first night was okay, but on Saturday morning, I woke up to find that the towels in our room were threadbare and stained. I brought it to the attention of the housekeeping staff, but it took them an eternity to replace them. By the time they arrived, I was too tired to care. That evening, I asked the concierge for a restaurant recommendation, and he just shrugged and told me to try the one next door.",1,llama3.2:3b,long,negative,unstructured,zero_shot,the room or the hotel itself as the subject,long_negative_unstructured_zero_shot,3,841,156,700,1,2,1.0,12,2026-08-20T10:45:16.079052+00:00
fake,knickerbocker,Hotel,"I was really looking forward to my stay at the Knickerbocker during the winter holiday season, but unfortunately, it was a bit of a letdown. I booked a room with a great view of the city, but the first thing I noticed when I arrived on December 23rd was that the heating wasn't working properly in my room - it was freezing! The staff apologized and sent someone to fix it, but it took over an hour to get the temperature right. By the time it was warm, I was exhausted from traveling. The next day, I asked the concierge, Rachel, if there were any good restaurants nearby, and she recommended a place called The Dead Rabbit, which was amazing, but then she got my reservation all mixed up and we ended up waiting 30 minutes for a table. To top it off, when I asked the housekeeping staff to freshen up my room, they forgot the fresh towels, which was a real bummer.",1,llama3.2:3b,long,negative,unstructured,zero_shot,"a time or occasion, such as a month, a season, or a trip event",long_negative_unstructured_zero_shot,4,866,164,700,1,2,1.0,12,2026-08-20T10:45:18.436566+00:00
fake,monaco,Hotel,"I'm still trying to process my disappointing stay at the Hotel Monaco in San Francisco, which I booked for my birthday trip with my partner in early March. We had been looking forward to it for weeks, but unfortunately, it was a letdown from the moment we checked in. Our room, 1415, was supposed to be a luxurious king suite, but it felt more like a dated, mid-range hotel room. The bed was firm and uncomfortable, and the air conditioning unit was so loud it sounded like a jet engine. We had to ask for extra towels and the housekeeping staff didn't seem to care that we were still waiting for them after 30 minutes. Our server, Alex, at the bar was friendly but the cocktails were overpriced and lackluster. The real kicker was when we went to get breakfast and were told that the breakfast buffet was sold out, despite our having a 'deluxe' room package.",1,llama3.2:3b,long,negative,unstructured,zero_shot,the reason for the trip,long_negative_unstructured_zero_shot,5,859,157,700,1,2,1.0,12,2026-08-20T10:45:20.858097+00:00
fake,omni,Hotel,"We checked into room 1412 on a Tuesday in late August, expecting a comfortable stay at the Omni. Unfortunately, our stay was marred by subpar service and a leaky air conditioner that seemed to be on the fritz the entire time. Our check-in staff, Alex, seemed nice but apologetic, telling us the AC was being repaired. That wasn't the only issue - the beds were stiff and the pillows flat, and we had to request extra blankets and towels due to the lack of housekeeping. The hotel's food options were hit-or-miss, with overpriced room service and underseasoned breakfast buffets. We even caught a staff member, a harried-looking bartender named Samantha, reusing a dirty mug from the bar at the poolside bar. When we brought it to her attention, she seemed taken aback but apologized promptly. Despite the oddities, we were hoping for a relaxing weekend. What we got was a series of small disappointments that added up to a underwhelming stay.",1,llama3.2:3b,long,negative,unstructured,zero_shot,"first person plural, starting with the word We or Our",long_negative_unstructured_zero_shot,6,942,161,700,1,1,1.0,12,2026-08-20T10:45:21.852846+00:00
fake,palmer,Hotel,"I'm still trying to process our disastrous 3-night stay at the Hotel Palmer in late April. The hotel was booked for our family's spring break vacation, but from the moment we checked in, it was clear that things weren't going to go well. The front desk staff seemed overwhelmed and disorganized, and our room on the 5th floor was already dirty and in need of a fresh change of sheets. Room 314, if you're interested. We were told it would be ready within an hour, but of course, that never happened. After waiting for 2 hours, we finally got in and found the bed was still unmade, the air conditioning was on the fritz, and the Wi-Fi was spotty at best. The following days were more of the same - broken elevator, slow water, and constant noise from the construction next door. I had to speak with two different managers before they finally offered us a half-hearted apology and a discount on our stay.",1,llama3.2:3b,long,negative,unstructured,zero_shot,"a time or occasion, such as a month, a season, or a trip event",long_negative_unstructured_zero_shot,7,902,164,700,1,2,1.0,12,2026-08-20T10:45:24.164790+00:00
fake,sheraton,Hotel,"We were excited to spend a long weekend at the Sheraton, but unfortunately, our experience fell short of expectations. We arrived on a Friday and were given room 1412, which had a beautiful view of the city. However, the air conditioning wasn't working properly, and we had to request the room to be adjusted twice. The front desk staff, especially Emma, were friendly and apologetic, but it was clear they were understaffed. 

On the second night, our mini-fridge stopped working, and we had to leave our drinks unattended on the counter. We reported it to the maintenance staff, but it took them a while to fix. We did appreciate the hotel's free breakfast, but the selection was limited, and the quality was mediocre. We also had issues with the Wi-Fi, which kept dropping out. Despite the staff's efforts, we couldn't seem to get it to work consistently.",1,llama3.2:3b,long,negative,unstructured,zero_shot,"first person plural, starting with the word We or Our",long_negative_unstructured_zero_shot,8,858,147,700,1,2,1.0,12,2026-08-20T10:45:26.862348+00:00
fake,sofitel,Hotel,"I stayed at the Sofitel in Paris for three nights last September, and honestly, it was a total letdown. I was excited to explore the city from the comfort of my room, but from the moment I checked in, I knew something was off. The front desk staff seemed completely disinterested, and when I asked for a room with a view, I was given a number on the 15th floor that turned out to be directly adjacent to the air vent. I could hear the hissing and clanging all night long. I moved to room 1411 the next day, but the bed was like sleeping on a deflated balloon - I swear I must have asked three times for extra pillows, but they never seemed to arrive. Breakfast was a disaster - the eggs were lukewarm and the coffee was weak. I even saw a few of the staff arguing in hushed tones by the elevators.",1,llama3.2:3b,long,negative,unstructured,zero_shot,"first person singular, starting with the word I",long_negative_unstructured_zero_shot,9,797,156,700,1,2,1.0,12,2026-08-20T10:45:29.107829+00:00
fake,swissotel,Hotel,"I'm still trying to figure out what happened on our family's spring break trip to Singapore last month. We stayed at the Swissotel Banyulieu for five nights and I'm sad to say it was a major letdown. Our room on the 25th floor was small and had a weird layout that made it hard to unpack. The beds were also surprisingly firm, even for my partner who loves a soft mattress. 

The real kicker was when we asked for extra towels and the staff seemed put out about it, like we were asking for the moon. Our server, Ramesh, was the only redeeming quality - he was friendly and attentive, but I don't think that can compensate for the rest of the issues. One night the AC unit in our room wasn't working, and we had to sit in the stuffy lobby to cool off. The breakfast spread was lackluster too, with a weird selection of pastries that seemed like an afterthought. We ended up eating at a nearby hawker center most mornings instead.",1,llama3.2:3b,long,negative,unstructured,zero_shot,"a time or occasion, such as a month, a season, or a trip event",long_negative_unstructured_zero_shot,10,928,174,700,1,1,1.0,12,2026-08-20T10:45:30.195422+00:00
fake,talbott,Hotel,"I'm still trying to process my recent stay at the Talbott Hotel, which ended up being a major letdown. We checked in on a Friday night, room 1214, and were immediately disappointed by the stale air and worn-out furniture. The staff seemed overwhelmed, and our check-in was slow and impersonal. 

The next morning, I requested an extra blanket for my wife, but when we asked for a refill on our coffee, we were told the machine was out of order. Later that day, I spilled wine on the carpet, and while the staff apologized and offered to clean it, it never got done. 

When I went to the front desk to complain, I was met with a dismissive tone from the receptionist, who seemed put off by my frustration. She offered a half-hearted apology and a voucher for a future stay. It's not exactly the kind of service I pay for when I shell out over $200 a night.",1,llama3.2:3b,long,negative,unstructured,zero_shot,the room or the hotel itself as the subject,long_negative_unstructured_zero_shot,11,855,159,700,1,2,1.0,12,2026-08-20T10:45:32.789212+00:00
