Binary_label,Category,domain,text,is_synthetic,model,length,sentiment,structure,example_mode,cell_id,rep_index,n_chars,n_words,target_chars,in_length_band,n_attempts,gen_temperature,gen_seed,timestamp
fake,affinia,Hotel,"My room at Affinia overlooked a lively avenue, but it was quiet enough for deep sleep. Everything was spotless, and the Wi-Fi stayed reliable throughout my visit.",1,custom_review-luna-gpt,short,positive,structured,few_shot,short_positive_structured_few_shot,0,162,27,200,1,1,1.0,12,2026-09-01T14:23:45.973179+00:00
fake,allegro,Hotel,"The city view from my room was lovely, and the bed was quiet and comfortable enough for a great night's sleep. Breakfast was fresh and varied, making the stay feel well worth the price.",1,custom_review-luna-gpt,short,positive,structured,few_shot,short_positive_structured_few_shot,1,185,34,200,1,1,1.0,12,2026-09-01T14:23:49.896776+00:00
fake,amalfi,Hotel,"My two-night stay at Hotel Amalfi felt far too short; the quiet room delivered a great night's sleep, and the balcony view was lovely. Excellent value for the price, and I'd happily return.",1,custom_review-luna-gpt,short,positive,structured,few_shot,short_positive_structured_few_shot,2,189,33,200,1,1,1.0,12,2026-09-01T14:23:56.526172+00:00
fake,ambassador,Hotel,"Breakfast had plenty of fresh choices and good coffee, while the room was spotless and the decor pleasantly updated. I only wish our stay had been longer.",1,custom_review-luna-gpt,short,positive,structured,few_shot,short_positive_structured_few_shot,3,154,27,200,1,1,1.0,12,2026-09-01T14:24:01.105796+00:00
fake,conrad,Hotel,"The Conrad felt worth the rate, with fresh, understated decor, dependable Wi-Fi, and a very convenient location near restaurants and transit. I'd gladly book it again.",1,custom_review-luna-gpt,short,positive,structured,few_shot,short_positive_structured_few_shot,4,167,26,200,1,1,1.0,12,2026-09-01T14:24:11.584170+00:00
fake,fairmont,Hotel,"My weekend at the Fairmont felt too short; the bed was exceptionally comfortable, Wi-Fi worked reliably, and the room's view over the city was a lovely bonus.",1,custom_review-luna-gpt,short,positive,structured,few_shot,short_positive_structured_few_shot,5,158,27,200,1,1,1.0,12,2026-09-01T14:24:21.530964+00:00
fake,hardrock,Hotel,"Hard Rock was a fun, comfortable base: breakfast offered plenty of choice, the bathroom was spotless with strong water pressure, and the central location was ideal. I only wish our stay had been longer.",1,custom_review-luna-gpt,short,positive,structured,few_shot,short_positive_structured_few_shot,6,202,34,200,1,1,1.0,12,2026-09-01T14:24:25.489155+00:00
fake,hilton,Hotel,"The Hilton was a comfortable stay: the bathroom was spotless, Wi-Fi worked reliably, and the central location made getting around easy. Breakfast offered plenty of fresh, tasty choices.",1,custom_review-luna-gpt,short,positive,structured,few_shot,short_positive_structured_few_shot,7,185,28,200,1,1,1.0,12,2026-09-01T14:24:30.312642+00:00
fake,homewood,Hotel,"Homewood was a comfortable stay: the room was spotless, the bathroom fresh and well-kept, breakfast had plenty of hot choices, and the friendly staff made check-in easy.",1,custom_review-luna-gpt,short,positive,structured,few_shot,short_positive_structured_few_shot,8,169,27,200,1,1,1.0,12,2026-09-01T14:24:34.531470+00:00
fake,hyatt,Hotel,"Hyatt was a solid value for the rate: the room was comfortable and remarkably quiet, breakfast had plenty of fresh choices, and the staff were warm, quick, and helpful throughout.",1,custom_review-luna-gpt,short,positive,structured,few_shot,short_positive_structured_few_shot,9,179,30,200,1,1,1.0,12,2026-09-01T14:24:38.217843+00:00
fake,intercontinental,Hotel,"The InterContinental's decor felt fresh without being flashy, and the price seemed fair for the comfort. The spotless bathroom was excellent, though my two-night stay passed far too quickly.",1,custom_review-luna-gpt,short,positive,structured,few_shot,short_positive_structured_few_shot,10,190,29,200,1,1,1.0,12,2026-09-01T14:24:45.594566+00:00
fake,james,Hotel,"The James felt fresh and thoughtfully designed, with a pleasant city view from my room. Breakfast was tasty and well organized, and the Wi-Fi stayed reliable throughout my visit.",1,custom_review-luna-gpt,short,positive,structured,few_shot,short_positive_structured_few_shot,11,178,29,200,1,1,1.0,12,2026-09-01T14:24:49.665664+00:00
fake,knickerbocker,Hotel,"My stay at The Knickerbocker felt a little too short; the room was surprisingly quiet, Wi-Fi worked reliably, and breakfast was fresh with plenty of satisfying choices.",1,custom_review-luna-gpt,short,positive,structured,few_shot,short_positive_structured_few_shot,12,168,27,200,1,1,1.0,12,2026-09-01T14:24:54.328852+00:00
fake,monaco,Hotel,"Breakfast was fresh and varied, and the central location made exploring easy. My room overlooked the lively street, while the friendly, attentive staff made check-in and every request pleasantly effortless.",1,custom_review-luna-gpt,short,positive,structured,few_shot,short_positive_structured_few_shot,13,206,30,200,1,1,1.0,12,2026-09-01T14:25:02.559693+00:00
fake,omni,Hotel,"Our room overlooked lively city streets, and the updated decor felt bright rather than dated. Staff were warm and quick to help, while the central location made exploring wonderfully easy.",1,custom_review-luna-gpt,short,positive,structured,few_shot,short_positive_structured_few_shot,14,188,30,200,1,1,1.0,12,2026-09-01T14:25:06.650975+00:00
fake,palmer,Hotel,"The staff were warm and quick to help, while the Palmer's classic decor felt charming rather than dated. My room overlooked the city, and the clean bathroom had plenty of space.",1,custom_review-luna-gpt,short,positive,structured,few_shot,short_positive_structured_few_shot,15,177,31,200,1,1,1.0,12,2026-09-01T14:25:10.365569+00:00
fake,sheraton,Hotel,"I slept soundly in the comfortable Sheraton bed, with barely any hallway noise. Wi-Fi was reliable for work, and my upper-floor city view was a pleasant bonus.",1,custom_review-luna-gpt,short,positive,structured,few_shot,short_positive_structured_few_shot,16,159,27,200,1,1,1.0,12,2026-09-01T14:25:14.979082+00:00
fake,sofitel,Hotel,"At Sofitel, the bathroom was spotless with a great shower, and the room stayed wonderfully quiet despite the central setting. Its convenient location made the price feel worthwhile.",1,custom_review-luna-gpt,short,positive,structured,few_shot,short_positive_structured_few_shot,17,181,28,200,1,1,1.0,12,2026-09-01T14:25:19.576473+00:00
fake,swissotel,Hotel,"Swissotel's decor is a little dated but still comfortable, and the Wi-Fi worked reliably throughout my stay. For the price, it felt like good value, and the bed made for excellent sleep.",1,custom_review-luna-gpt,short,positive,structured,few_shot,short_positive_structured_few_shot,18,186,32,200,1,1,1.0,12,2026-09-01T14:25:23.912127+00:00
fake,talbott,Hotel,"The Talbott was a pleasant stay: reliable Wi-Fi, a spotless and comfortable room, and an easy walk to restaurants and shopping. It felt like excellent value for the price.",1,custom_review-luna-gpt,short,positive,structured,few_shot,short_positive_structured_few_shot,19,171,29,200,1,1,1.0,12,2026-09-01T14:25:28.548868+00:00
fake,affinia,Hotel,"The Affinia staff were warm and quick to help, while the decor felt fresh rather than dated. Breakfast had plenty of choices, and our room stayed pleasantly quiet despite the central location.",1,custom_review-luna-gpt,short,positive,structured,few_shot,short_positive_structured_few_shot,20,192,32,200,1,1,1.0,12,2026-09-01T14:25:31.709574+00:00
fake,allegro,Hotel,"My stay at Hotel Allegro felt a little too short, but I slept soundly in the spotless room. The bathroom was compact, though fresh, bright, and perfectly comfortable.",1,custom_review-luna-gpt,short,positive,structured,few_shot,short_positive_structured_few_shot,21,166,28,200,1,1,1.0,12,2026-09-01T14:25:34.499374+00:00
fake,amalfi,Hotel,"Hotel Amalfi was pleasantly quiet at night, and I slept soundly. The Wi-Fi stayed reliable throughout my visit, while my room offered a lovely view of the city.",1,custom_review-luna-gpt,short,positive,structured,few_shot,short_positive_structured_few_shot,22,160,28,200,1,1,1.0,12,2026-09-01T14:25:39.403878+00:00
fake,ambassador,Hotel,"The room was wonderfully quiet, and our two-night stay felt far too short. The bathroom was spotless with a strong shower, while the city view made mornings especially enjoyable.",1,custom_review-luna-gpt,short,positive,structured,few_shot,short_positive_structured_few_shot,23,178,29,200,1,1,1.0,12,2026-09-01T14:25:42.598432+00:00
fake,conrad,Hotel,"My stay at the Conrad felt too short, but I slept wonderfully in the quiet, comfortable bed. The fresh, polished decor and spotless marble bathroom made it easy to relax.",1,custom_review-luna-gpt,short,positive,structured,few_shot,short_positive_structured_few_shot,24,170,30,200,1,1,1.0,12,2026-09-01T14:25:45.764943+00:00
fake,fairmont,Hotel,"Spent a restful night at the Fairmont; the city view was beautiful, the marble bathroom felt luxurious, and the comfortable room made the price seem well worth it.",1,custom_review-luna-gpt,short,positive,structured,zero_shot,short_positive_structured_zero_shot,0,163,28,200,1,1,1.0,12,2026-09-01T14:25:50.919356+00:00
fake,hardrock,Hotel,"Had a great stay at Hard Rock: breakfast had plenty of fresh choices, the price felt fair, Wi‐Fi was reliable, and I only wished we could have stayed longer.",1,custom_review-luna-gpt,short,positive,structured,zero_shot,short_positive_structured_zero_shot,1,157,29,200,1,1,1.0,12,2026-09-01T14:25:55.565342+00:00
fake,hilton,Hotel,"My Hilton room was spotless, with crisp linens that made for a restful night. The decor felt fresh and polished, and the bright, modern bathroom was a real plus.",1,custom_review-luna-gpt,short,positive,structured,zero_shot,short_positive_structured_zero_shot,2,161,29,200,1,1,1.0,12,2026-09-01T14:25:59.607251+00:00
fake,homewood,Hotel,"Homewood felt fresh and welcoming rather than dated, with a clean, well-kept bathroom and a convenient location near restaurants. I only wish our stay had been a little longer.",1,custom_review-luna-gpt,short,positive,structured,zero_shot,short_positive_structured_zero_shot,3,176,29,200,1,1,1.0,12,2026-09-01T14:26:03.136253+00:00
fake,hyatt,Hotel,"Hyatt's central location made exploring effortless, and although my stay felt too short, the friendly staff and spotless room made it a comfortable, hassle-free visit.",1,custom_review-luna-gpt,short,positive,structured,zero_shot,short_positive_structured_zero_shot,4,167,25,200,1,1,1.0,12,2026-09-01T14:26:06.438774+00:00
fake,intercontinental,Hotel,"The room was spotless, and the bathroom felt modern and well-maintained. Our stay was too short to enjoy everything, but the comfort and service made it feel worth the price.",1,custom_review-luna-gpt,short,positive,structured,zero_shot,short_positive_structured_zero_shot,5,174,30,200,1,1,1.0,12,2026-09-01T14:26:13.736803+00:00
fake,james,Hotel,"Breakfast was fresh and varied, the staff genuinely welcoming, and our room overlooked the city skyline. For the comfortable stay and central location, Hotel James felt well worth the price.",1,custom_review-luna-gpt,short,positive,structured,zero_shot,short_positive_structured_zero_shot,6,190,30,200,1,1,1.0,12,2026-09-01T14:26:17.532727+00:00
fake,knickerbocker,Hotel,"The Knickerbocker's Times Square location made getting around effortless, and the staff were welcoming and efficient. Our bathroom was spotless with a great shower, while the room stayed surprisingly quiet at night.",1,custom_review-luna-gpt,short,positive,structured,zero_shot,short_positive_structured_zero_shot,7,215,32,200,1,1,1.0,12,2026-09-01T14:26:21.153824+00:00
fake,monaco,Hotel,"Hotel Monaco was a pleasant stay: the bathroom was spotless with good water pressure, the room stayed wonderfully quiet, Wi‐Fi was reliable, and I slept deeply in the comfortable bed.",1,custom_review-luna-gpt,short,positive,structured,zero_shot,short_positive_structured_zero_shot,8,183,30,200,1,1,1.0,12,2026-09-01T14:26:32.314128+00:00
fake,omni,Hotel,"The room was spotless, with a lovely city view, and our two-night stay felt far too short. Omni's central location made restaurants and attractions wonderfully convenient.",1,custom_review-luna-gpt,short,positive,structured,zero_shot,short_positive_structured_zero_shot,9,171,26,200,1,1,1.0,12,2026-09-01T14:26:35.937568+00:00
fake,palmer,Hotel,"Fresh, stylish decor and a bright city view made our stay at Hotel Palmer feel special. The central location was wonderfully convenient, though our two-night visit ended far too soon.",1,custom_review-luna-gpt,short,positive,structured,zero_shot,short_positive_structured_zero_shot,10,183,30,200,1,1,1.0,12,2026-09-01T14:26:40.691891+00:00
fake,sheraton,Hotel,"The Sheraton was worth the price, with a spotless, modern bathroom and a generous breakfast spread. Staff were consistently warm and helpful, making the whole stay easy and comfortable.",1,custom_review-luna-gpt,short,positive,structured,zero_shot,short_positive_structured_zero_shot,11,185,29,200,1,1,1.0,12,2026-09-01T14:26:44.795004+00:00
fake,sofitel,Hotel,"A wonderfully quiet stay at Sofitel, with a lovely city view and a price that felt justified. The marble bathroom was spotless, spacious, and stocked with quality toiletries.",1,custom_review-luna-gpt,short,positive,structured,zero_shot,short_positive_structured_zero_shot,12,174,28,200,1,1,1.0,12,2026-09-01T14:26:48.965031+00:00
fake,swissotel,Hotel,"Swissotel delivered a comfortable stay: reliable Wi‐Fi, genuinely friendly staff, and a bright city view from my room. The price felt fair for the location and overall service.",1,custom_review-luna-gpt,short,positive,structured,zero_shot,short_positive_structured_zero_shot,13,176,28,200,1,1,1.0,12,2026-09-01T14:26:52.165656+00:00
fake,talbott,Hotel,"My stay at The Talbott felt a little too short; breakfast was fresh and satisfying, the central location made exploring easy, and the quiet, comfortable room gave me an excellent night's sleep.",1,custom_review-luna-gpt,short,positive,structured,zero_shot,short_positive_structured_zero_shot,14,193,32,200,1,1,1.0,12,2026-09-01T14:27:03.368356+00:00
fake,affinia,Hotel,"My room had a pleasant city view, and the Affinia's central location made exploring easy. The decor felt fresh and inviting, while the quiet room and comfortable bed made for excellent sleep.",1,custom_review-luna-gpt,short,positive,structured,zero_shot,short_positive_structured_zero_shot,15,191,32,200,1,1,1.0,12,2026-09-01T14:27:07.172507+00:00
fake,allegro,Hotel,"Hotel Allegro was pleasantly quiet, and the Wi-Fi worked reliably throughout my stay. I only wish I'd booked another night--the comfortable room and attentive service made it well worth the price.",1,custom_review-luna-gpt,short,positive,structured,zero_shot,short_positive_structured_zero_shot,16,196,31,200,1,1,1.0,12,2026-09-01T14:27:10.422590+00:00
fake,amalfi,Hotel,"Hotel Amalfi was a pleasant stay: the room was spotless, the sea view was lovely, and the modern bathroom had good water pressure. Wi-Fi worked reliably throughout.",1,custom_review-luna-gpt,short,positive,structured,zero_shot,short_positive_structured_zero_shot,17,164,27,200,1,1,1.0,12,2026-09-01T14:27:13.280937+00:00
fake,ambassador,Hotel,"Loved the city skyline view from our room; the decor felt fresh and stylish, the rate seemed fair, and breakfast had plenty of tasty hot and continental choices.",1,custom_review-luna-gpt,short,positive,structured,zero_shot,short_positive_structured_zero_shot,18,161,28,200,1,1,1.0,12,2026-09-01T14:27:29.637782+00:00
fake,conrad,Hotel,"Our stay at the Conrad felt too short, but the spotless room, polished bathroom, and genuinely warm staff made it easy to leave impressed and eager to return.",1,custom_review-luna-gpt,short,positive,structured,zero_shot,short_positive_structured_zero_shot,19,158,28,200,1,1,1.0,12,2026-09-01T14:27:33.457919+00:00
fake,fairmont,Hotel,"The Fairmont room was spotless, with a bright bathroom and excellent shower. The bed was wonderfully comfortable, I slept soundly, and the courteous staff made everything feel effortless.",1,custom_review-luna-gpt,short,positive,structured,zero_shot,short_positive_structured_zero_shot,20,187,28,200,1,1,1.0,12,2026-09-01T14:27:36.352719+00:00
fake,hardrock,Hotel,"The Hard Rock felt worth the price, with a lively city view, spotless room, and fresh, music-inspired decor that gave the stay a fun, modern feel.",1,custom_review-luna-gpt,short,positive,structured,zero_shot,short_positive_structured_zero_shot,21,146,26,200,1,1,1.0,12,2026-09-01T14:27:40.233406+00:00
fake,hilton,Hotel,"The Hilton felt fresh and thoughtfully decorated, making the rate seem worthwhile. Staff were warm and efficient, and our high-floor room offered a lovely city view, especially at sunset.",1,custom_review-luna-gpt,short,positive,structured,zero_shot,short_positive_structured_zero_shot,22,187,29,200,1,1,1.0,12,2026-09-01T14:27:44.318048+00:00
fake,homewood,Hotel,"Homewood felt worth the price, with a clean bathroom, reliable Wi-Fi, and a tasty breakfast with plenty of choices. A comfortable, convenient stay overall.",1,custom_review-luna-gpt,short,positive,structured,zero_shot,short_positive_structured_zero_shot,23,155,24,200,1,1,1.0,12,2026-09-01T14:27:48.015185+00:00
fake,hyatt,Hotel,"Really enjoyed my stay at Hyatt: breakfast had plenty of fresh choices, the Wi-Fi was reliable, and the friendly staff were helpful. My room was wonderfully quiet at night.",1,custom_review-luna-gpt,short,positive,structured,zero_shot,short_positive_structured_zero_shot,24,172,29,200,1,1,1.0,12,2026-09-01T14:27:51.908820+00:00
fake,intercontinental,Hotel,"Had a really comfortable stay at the Intercontinental--our room was quiet, the bed was excellent, and everyone at reception was genuinely helpful. The lobby bar was a nice bonus.",1,custom_review-luna-gpt,short,positive,unstructured,few_shot,short_positive_unstructured_few_shot,0,178,29,200,1,1,1.0,12,2026-09-01T14:27:56.137117+00:00
fake,james,Hotel,"The James was a comfortable base for our Chicago weekend--the room was quiet, the bed was excellent, and the staff were genuinely helpful. Its location made exploring easy.",1,custom_review-luna-gpt,short,positive,unstructured,few_shot,short_positive_unstructured_few_shot,1,172,28,200,1,1,1.0,12,2026-09-01T14:28:06.233316+00:00
fake,knickerbocker,Hotel,"The Knickerbocker was a comfortable base for exploring Midtown, with a quiet, well-kept room and genuinely friendly staff. The rooftop views at sunset were a lovely bonus, too.",1,custom_review-luna-gpt,short,positive,unstructured,few_shot,short_positive_unstructured_few_shot,2,176,28,200,1,1,1.0,12,2026-09-01T14:28:09.802771+00:00
fake,monaco,Hotel,"Hotel Monaco was a lovely base for our weekend, with a cheerful front desk, comfortable bed, and surprisingly quiet room. The downtown location made getting around easy, too.",1,custom_review-luna-gpt,short,positive,unstructured,few_shot,short_positive_unstructured_few_shot,3,174,28,200,1,1,1.0,12,2026-09-01T14:28:15.418369+00:00
fake,omni,Hotel,"We had a comfortable stay at the Omni, with a quiet, spotless room and genuinely friendly service. Its central location made it easy to walk to shops, restaurants, and nearby attractions.",1,custom_review-luna-gpt,short,positive,unstructured,few_shot,short_positive_unstructured_few_shot,4,187,31,200,1,1,1.0,12,2026-09-01T14:28:18.975685+00:00
fake,palmer,Hotel,"Had a really pleasant stay at Hotel Palmer--the room was comfortable, the staff were warm and quick to help, and being close to everything made getting around effortless. I'd happily return.",1,custom_review-luna-gpt,short,positive,unstructured,few_shot,short_positive_unstructured_few_shot,5,190,31,200,1,1,1.0,12,2026-09-01T14:28:23.476982+00:00
fake,sheraton,Hotel,"Had a really comfortable stay at the Sheraton--the room was quiet, the bed was excellent, and the front desk handled my late check-in without any fuss. I'd happily return.",1,custom_review-luna-gpt,short,positive,unstructured,few_shot,short_positive_unstructured_few_shot,6,171,29,200,1,1,1.0,12,2026-09-01T14:28:26.895647+00:00
fake,sofitel,Hotel,"Sofitel made our weekend in the city wonderfully easy, with a quiet, comfortable room, polished service, and a surprisingly good breakfast. I'd happily stay here again.",1,custom_review-luna-gpt,short,positive,unstructured,few_shot,short_positive_unstructured_few_shot,7,168,26,200,1,1,1.0,12,2026-09-01T14:28:30.112019+00:00
fake,swissotel,Hotel,"Swissotel was a comfortable base for our trip, with a bright, spotless room, quick check-in, and genuinely helpful staff. The city views from breakfast were a lovely bonus.",1,custom_review-luna-gpt,short,positive,unstructured,few_shot,short_positive_unstructured_few_shot,8,172,28,200,1,1,1.0,12,2026-09-01T14:28:33.969705+00:00
fake,talbott,Hotel,"Had a really comfortable stay at the Talbott--the room was quiet, the bed was excellent, and everyone at the front desk was genuinely helpful. Great location for exploring Chicago on foot.",1,custom_review-luna-gpt,short,positive,unstructured,few_shot,short_positive_unstructured_few_shot,9,188,31,200,1,1,1.0,12,2026-09-01T14:28:39.307242+00:00
fake,affinia,Hotel,"Affinia was a comfortable base for our city trip, with a friendly front desk and a quiet, roomy suite. The neighborhood made getting around easy, and I'd happily return.",1,custom_review-luna-gpt,short,positive,unstructured,few_shot,short_positive_unstructured_few_shot,10,169,29,200,1,1,1.0,12,2026-09-01T14:28:43.247611+00:00
fake,allegro,Hotel,"Hotel Allegro made for an easy weekend downtown--the room was comfortable, staff genuinely friendly, and the lobby had a fun old-school Chicago feel. I'd happily return.",1,custom_review-luna-gpt,short,positive,unstructured,few_shot,short_positive_unstructured_few_shot,11,169,26,200,1,1,1.0,12,2026-09-01T14:28:47.338634+00:00
fake,amalfi,Hotel,"Hotel Amalfi was a comfortable choice for our weekend, with a quiet room, genuinely friendly staff, and an easy location for getting around. Breakfast was fresh, and everything felt clean and well cared for.",1,custom_review-luna-gpt,short,positive,unstructured,few_shot,short_positive_unstructured_few_shot,12,207,34,200,1,1,1.0,12,2026-09-01T14:28:50.886435+00:00
fake,ambassador,Hotel,"The Ambassador made our weekend easy from the start, with a quick check-in, a comfortable room, and staff who were genuinely helpful when we needed dinner suggestions.",1,custom_review-luna-gpt,short,positive,unstructured,few_shot,short_positive_unstructured_few_shot,13,167,27,200,1,1,1.0,12,2026-09-01T14:28:54.301685+00:00
fake,conrad,Hotel,"Our stay at the Conrad was wonderfully easy, with a quiet, comfortable room, quick check-in, and genuinely friendly staff. The location made getting around simple, and we'd happily return.",1,custom_review-luna-gpt,short,positive,unstructured,few_shot,short_positive_unstructured_few_shot,14,188,29,200,1,1,1.0,12,2026-09-01T14:28:57.722707+00:00
fake,fairmont,Hotel,"The Fairmont made our weekend feel effortless, with a quiet, comfortable room, quick check-in, and genuinely friendly staff. The lobby bar was a nice spot for a late drink.",1,custom_review-luna-gpt,short,positive,unstructured,few_shot,short_positive_unstructured_few_shot,15,172,29,200,1,1,1.0,12,2026-09-01T14:29:00.351234+00:00
fake,hardrock,Hotel,"Had a great stay at the Hard Rock Hotel--our room was comfortable, the staff were upbeat and helpful, and the live music downstairs made the whole weekend feel fun without being overwhelming.",1,custom_review-luna-gpt,short,positive,unstructured,few_shot,short_positive_unstructured_few_shot,16,191,32,200,1,1,1.0,12,2026-09-01T14:29:10.175815+00:00
fake,hilton,Hotel,"Hilton made our weekend easy, with a smooth check-in, quiet room, and genuinely friendly staff. The bed was comfortable, and breakfast was better than expected; I'd happily stay here again.",1,custom_review-luna-gpt,short,positive,unstructured,few_shot,short_positive_unstructured_few_shot,17,189,30,200,1,1,1.0,12,2026-09-01T14:29:20.820850+00:00
fake,homewood,Hotel,"Homewood was a comfortable surprise--our room was clean and quiet, the bed slept well, and the staff made check-in easy. The complimentary breakfast was a nice start each morning.",1,custom_review-luna-gpt,short,positive,unstructured,few_shot,short_positive_unstructured_few_shot,18,179,29,200,1,1,1.0,12,2026-09-01T14:29:23.625480+00:00
fake,hyatt,Hotel,"Had a really easy stay at the Hyatt--the room was quiet, the bed comfortable, and everyone I dealt with was genuinely helpful. Great location too, with plenty nearby.",1,custom_review-luna-gpt,short,positive,unstructured,few_shot,short_positive_unstructured_few_shot,19,166,28,200,1,1,1.0,12,2026-09-01T14:29:26.846366+00:00
fake,intercontinental,Hotel,"Really enjoyed my stay at the InterContinental--my room was quiet, the bed was excellent, and everyone at reception was genuinely helpful. The central location made getting around effortless, too.",1,custom_review-luna-gpt,short,positive,unstructured,few_shot,short_positive_unstructured_few_shot,20,196,29,200,1,1,1.0,12,2026-09-01T14:29:30.804188+00:00
fake,james,Hotel,"The James was a great base for our Chicago weekend--quiet, comfortable room, quick check-in, and staff who were genuinely helpful when we needed dinner recommendations. I'd happily stay here again.",1,custom_review-luna-gpt,short,positive,unstructured,few_shot,short_positive_unstructured_few_shot,21,197,30,200,1,1,1.0,12,2026-09-01T14:29:33.891986+00:00
fake,knickerbocker,Hotel,"Really enjoyed my stay at The Knickerbocker--the room was comfortable and quiet, the staff genuinely welcoming, and the rooftop bar made an easygoing evening after exploring the city.",1,custom_review-luna-gpt,short,positive,unstructured,few_shot,short_positive_unstructured_few_shot,22,183,28,200,1,1,1.0,12,2026-09-01T14:29:37.831486+00:00
fake,monaco,Hotel,"Hotel Monaco was a comfortable base for our weekend downtown. The room was quiet and charming, and everyone at the front desk was genuinely helpful when we needed dinner suggestions.",1,custom_review-luna-gpt,short,positive,unstructured,few_shot,short_positive_unstructured_few_shot,23,182,30,200,1,1,1.0,12,2026-09-01T14:29:41.822595+00:00
fake,omni,Hotel,"Stayed at the Omni for a weekend and was pleasantly surprised by how quiet the room was. The bed was comfortable, staff friendly, and being near the shops made everything easy.",1,custom_review-luna-gpt,short,positive,unstructured,few_shot,short_positive_unstructured_few_shot,24,176,31,200,1,1,1.0,12,2026-09-01T14:29:44.800361+00:00
fake,palmer,Hotel,"Really enjoyed my stay at Hotel Palmer--the room was comfortable, staff genuinely friendly, and the location made it easy to explore everything nearby. I'd happily book here again.",1,custom_review-luna-gpt,short,positive,unstructured,zero_shot,short_positive_unstructured_zero_shot,0,180,28,200,1,1,1.0,12,2026-09-01T14:29:47.813742+00:00
fake,sheraton,Hotel,"Had a really comfortable stay at the Sheraton; the room was spotless, the bed was excellent, and everyone at the front desk was genuinely helpful. I'd happily return.",1,custom_review-luna-gpt,short,positive,unstructured,zero_shot,short_positive_unstructured_zero_shot,1,166,28,200,1,1,1.0,12,2026-09-01T14:29:51.314961+00:00
fake,sofitel,Hotel,"The Sofitel was a lovely stay, with a beautifully quiet room, exceptionally comfortable bed, and genuinely attentive staff. Breakfast was fresh and varied, making it easy to relax from the moment we arrived.",1,custom_review-luna-gpt,short,positive,unstructured,zero_shot,short_positive_unstructured_zero_shot,2,207,33,200,1,1,1.0,12,2026-09-01T14:29:54.722047+00:00
fake,swissotel,Hotel,"Swissotel was a really comfortable stay, with a spotless room, helpful staff, and a great city view. The location made getting around easy, and breakfast was better than expected.",1,custom_review-luna-gpt,short,positive,unstructured,zero_shot,short_positive_unstructured_zero_shot,3,179,29,200,1,1,1.0,12,2026-09-01T14:29:57.188125+00:00
fake,talbott,Hotel,"The Talbott was a lovely stay--quiet, comfortable, and perfectly located for exploring the neighborhood. Staff were genuinely welcoming, and the room had thoughtful touches that made it feel easy and relaxing.",1,custom_review-luna-gpt,short,positive,unstructured,zero_shot,short_positive_unstructured_zero_shot,4,209,31,200,1,1,1.0,12,2026-09-01T14:30:00.583173+00:00
fake,affinia,Hotel,"Really enjoyed my stay at Affinia--the room was spacious and quiet, the bed comfortable, and the staff genuinely welcoming. The location made getting around the city wonderfully easy.",1,custom_review-luna-gpt,short,positive,unstructured,zero_shot,short_positive_unstructured_zero_shot,5,183,28,200,1,1,1.0,12,2026-09-01T14:30:04.347814+00:00
fake,allegro,Hotel,"Really enjoyed my stay at Hotel Allegro--the room was spotless, the bed surprisingly comfortable, and the staff were warm without being overbearing. The location also made exploring the city wonderfully easy.",1,custom_review-luna-gpt,short,positive,unstructured,zero_shot,short_positive_unstructured_zero_shot,6,208,31,200,1,1,1.0,12,2026-09-01T14:30:09.194791+00:00
fake,amalfi,Hotel,"Hotel Amalfi was a lovely surprise--our room was clean and comfortable, the staff genuinely welcoming, and breakfast had plenty of fresh choices. The location made exploring everything easy.",1,custom_review-luna-gpt,short,positive,unstructured,zero_shot,short_positive_unstructured_zero_shot,7,190,28,200,1,1,1.0,12,2026-09-01T14:30:13.206607+00:00
fake,ambassador,Hotel,"Really enjoyed my stay--the hotel ambassador was warm, attentive, and genuinely helpful with local recommendations. Check-in was smooth, the room was comfortable, and everything felt welcoming without being overdone.",1,custom_review-luna-gpt,short,positive,unstructured,zero_shot,short_positive_unstructured_zero_shot,8,216,29,200,1,1,1.0,12,2026-09-01T14:30:17.143233+00:00
fake,conrad,Hotel,"Our stay at the Conrad was genuinely relaxing, with a beautifully appointed room, exceptionally comfortable bed, and friendly staff who made everything feel effortless from check-in onward.",1,custom_review-luna-gpt,short,positive,unstructured,zero_shot,short_positive_unstructured_zero_shot,9,189,27,200,1,1,1.0,12,2026-09-01T14:30:22.346759+00:00
fake,fairmont,Hotel,"Our stay at the Fairmont was genuinely lovely, with a beautiful room, exceptionally comfortable bed, and warm, attentive service. The location made exploring easy, and we would happily return.",1,custom_review-luna-gpt,short,positive,unstructured,zero_shot,short_positive_unstructured_zero_shot,10,192,29,200,1,1,1.0,12,2026-09-01T14:30:25.509376+00:00
fake,hardrock,Hotel,"Had a great stay at Hard Rock--the room was stylish and comfortable, the staff were genuinely welcoming, and the live music and lively atmosphere made the whole visit feel special.",1,custom_review-luna-gpt,short,positive,unstructured,zero_shot,short_positive_unstructured_zero_shot,11,180,30,200,1,1,1.0,12,2026-09-01T14:30:28.485350+00:00
fake,hilton,Hotel,"Really enjoyed my stay at the Hilton--the room was spotless and quiet, the bed incredibly comfortable, and the staff made check-in feel effortless. The breakfast selection was a pleasant bonus.",1,custom_review-luna-gpt,short,positive,unstructured,zero_shot,short_positive_unstructured_zero_shot,12,193,30,200,1,1,1.0,12,2026-09-01T14:30:43.008124+00:00
fake,homewood,Hotel,"Homewood was a comfortable, welcoming stay with a spotless room and genuinely helpful staff. I especially appreciated the quiet atmosphere and convenient location, which made everything feel easy from check-in to checkout.",1,custom_review-luna-gpt,short,positive,unstructured,zero_shot,short_positive_unstructured_zero_shot,13,222,32,200,1,1,1.0,12,2026-09-01T14:30:46.776351+00:00
fake,hyatt,Hotel,"Our stay at the Hyatt was genuinely comfortable, with a spotless room, helpful staff, and a surprisingly good breakfast. The location made getting around easy, and we'd happily return.",1,custom_review-luna-gpt,short,positive,unstructured,zero_shot,short_positive_unstructured_zero_shot,14,184,29,200,1,1,1.0,12,2026-09-01T14:30:50.007001+00:00
fake,intercontinental,Hotel,"Really enjoyed my stay at the InterContinental--the room was comfortable, staff genuinely welcoming, and breakfast excellent. The central location made getting around easy, so I'd happily return.",1,custom_review-luna-gpt,short,positive,unstructured,zero_shot,short_positive_unstructured_zero_shot,15,195,27,200,1,1,1.0,12,2026-09-01T14:30:53.502176+00:00
fake,james,Hotel,"The James was a lovely stay--our room was quiet and thoughtfully designed, the bed incredibly comfortable, and the staff genuinely welcoming. The location made it easy to explore everything nearby.",1,custom_review-luna-gpt,short,positive,unstructured,zero_shot,short_positive_unstructured_zero_shot,16,197,30,200,1,1,1.0,12,2026-09-01T14:31:05.438679+00:00
fake,knickerbocker,Hotel,"The Knickerbocker made our weekend in New York feel effortless--stylish room, genuinely helpful staff, and an excellent rooftop bar with unforgettable Times Square views. I'd happily stay here again.",1,custom_review-luna-gpt,short,positive,unstructured,zero_shot,short_positive_unstructured_zero_shot,17,199,29,200,1,1,1.0,12,2026-09-01T14:31:08.546929+00:00
fake,monaco,Hotel,"Really enjoyed my stay at Hotel Monaco--the room was stylish and spotless, the bed incredibly comfortable, and the staff made check-in feel effortless. Great location too.",1,custom_review-luna-gpt,short,positive,unstructured,zero_shot,short_positive_unstructured_zero_shot,18,171,26,200,1,1,1.0,12,2026-09-01T14:31:14.928663+00:00
fake,omni,Hotel,"The Omni made our weekend easy and comfortable, with a spotless room, quiet nights, and genuinely friendly staff. I especially appreciated the quick check-in and excellent downtown location.",1,custom_review-luna-gpt,short,positive,unstructured,zero_shot,short_positive_unstructured_zero_shot,19,190,28,200,1,1,1.0,12,2026-09-01T14:31:18.115652+00:00
fake,palmer,Hotel,"Hotel Palmer was a pleasant surprise--our room was spotless and quiet, the bed incredibly comfortable, and the staff genuinely welcoming. The location also made it easy to explore everything nearby.",1,custom_review-luna-gpt,short,positive,unstructured,zero_shot,short_positive_unstructured_zero_shot,20,198,30,200,1,1,1.0,12,2026-09-01T14:31:21.430841+00:00
fake,sheraton,Hotel,"I had a really comfortable stay at the Sheraton, with a spacious room, helpful staff, and a great breakfast. The lobby was lively, but everything still felt organized and relaxing.",1,custom_review-luna-gpt,short,positive,unstructured,zero_shot,short_positive_unstructured_zero_shot,21,180,30,200,1,1,1.0,12,2026-09-01T14:31:23.729008+00:00
fake,sofitel,Hotel,"Had a lovely stay at Sofitel--the room was stylish and quiet, the bed incredibly comfortable, and the staff genuinely welcoming. Breakfast was excellent too, making the whole visit feel effortless.",1,custom_review-luna-gpt,short,positive,unstructured,zero_shot,short_positive_unstructured_zero_shot,22,197,30,200,1,1,1.0,12,2026-09-01T14:31:27.190227+00:00
fake,swissotel,Hotel,"Swissotel was a really comfortable stay, with a spotless room, helpful staff, and a great city view. The location made getting around easy, and I'd happily come back next time.",1,custom_review-luna-gpt,short,positive,unstructured,zero_shot,short_positive_unstructured_zero_shot,23,176,30,200,1,1,1.0,12,2026-09-01T14:31:31.525728+00:00
fake,talbott,Hotel,"The Talbott was a lovely stay--comfortable room, genuinely friendly staff, and an unbeatable location for exploring the neighborhood. Everything felt easy and well cared for, and I'd happily return.",1,custom_review-luna-gpt,short,positive,unstructured,zero_shot,short_positive_unstructured_zero_shot,24,198,29,200,1,1,1.0,12,2026-09-01T14:31:35.291872+00:00
fake,affinia,Hotel,"Disappointing stay at Affinia: the Wi‐Fi kept dropping, the bathroom was dated and cramped, and breakfast was bland and overpriced. The location was convenient, but not enough to offset everything else.",1,custom_review-luna-gpt,short,negative,structured,few_shot,short_negative_structured_few_shot,0,202,31,200,1,1,1.0,12,2026-09-01T14:31:39.453994+00:00
fake,allegro,Hotel,"Hotel Allegro was disappointing: the bathroom was cramped and dated, and the room had dust in the corners. For the price, I expected better; my window faced a brick wall.",1,custom_review-luna-gpt,short,negative,structured,few_shot,short_negative_structured_few_shot,1,170,30,200,1,1,1.0,12,2026-09-01T14:31:48.548902+00:00
fake,amalfi,Hotel,"Staff were indifferent throughout, and the tired decor made the room feel gloomy. The cramped bathroom was poorly maintained; even our two-night stay felt far too long.",1,custom_review-luna-gpt,short,negative,structured,few_shot,short_negative_structured_few_shot,2,168,27,200,1,1,1.0,12,2026-09-01T14:31:52.933080+00:00
fake,ambassador,Hotel,"Staff were indifferent, the decor looked tired, and breakfast was a disappointing spread of lukewarm items. The cramped bathroom had worn fixtures and poor water pressure.",1,custom_review-luna-gpt,short,negative,structured,few_shot,short_negative_structured_few_shot,3,171,26,200,1,1,1.0,12,2026-09-01T14:31:56.513883+00:00
fake,conrad,Hotel,"The bathroom looked dated, with weak water pressure and worn fixtures. I only stayed one night, but the constant hallway noise was exhausting, despite the convenient downtown location.",1,custom_review-luna-gpt,short,negative,structured,few_shot,short_negative_structured_few_shot,4,184,28,200,1,1,1.0,12,2026-09-01T14:31:59.320653+00:00
fake,fairmont,Hotel,"Disappointing stay at the Fairmont: breakfast was bland and overpriced, hallway noise carried late into the room, the bathroom felt dated, and my window faced a dull service area.",1,custom_review-luna-gpt,short,negative,structured,few_shot,short_negative_structured_few_shot,5,179,29,200,1,1,1.0,12,2026-09-01T14:32:03.550250+00:00
fake,hardrock,Hotel,"At Hard Rock, the room looked tired and wasn't properly clean, while the cramped bathroom had grime around the fixtures. Our stay felt too long, thanks to loud hallway noise all night.",1,custom_review-luna-gpt,short,negative,structured,few_shot,short_negative_structured_few_shot,6,184,32,200,1,1,1.0,12,2026-09-01T14:32:10.672182+00:00
fake,hilton,Hotel,"One night at the Hilton was more than enough: the cramped bathroom needed updating, our view was a brick wall, and breakfast was bland and overpriced.",1,custom_review-luna-gpt,short,negative,structured,few_shot,short_negative_structured_few_shot,7,150,26,200,1,1,1.0,12,2026-09-01T14:32:14.801341+00:00
fake,homewood,Hotel,"Homewood's location was convenient for getting around, but our stay felt too short to justify the steep price; staff were polite yet distant, making the experience disappointing.",1,custom_review-luna-gpt,short,negative,structured,few_shot,short_negative_structured_few_shot,8,178,27,200,1,1,1.0,12,2026-09-01T14:32:18.210133+00:00
fake,hyatt,Hotel,"The Hyatt was surprisingly noisy at night, and my room faced a bland parking structure. For the steep rate, unreliable Wi‐Fi and worn furnishings made the stay feel disappointing.",1,custom_review-luna-gpt,short,negative,structured,few_shot,short_negative_structured_few_shot,9,179,29,200,1,1,1.0,12,2026-09-01T14:32:21.416767+00:00
fake,intercontinental,Hotel,"Disappointing stay at the InterContinental: the room was clean enough, but the tired decor felt overdue for renovation. My view was mostly rooftops, and the cramped bathroom had worn fixtures.",1,custom_review-luna-gpt,short,negative,structured,few_shot,short_negative_structured_few_shot,10,192,30,200,1,1,1.0,12,2026-09-01T14:32:25.557167+00:00
fake,james,Hotel,"The bathroom was cramped and showed its age, while street noise kept me awake most of the night. For the price, I expected better; staff were polite but disengaged.",1,custom_review-luna-gpt,short,negative,structured,few_shot,short_negative_structured_few_shot,11,164,29,200,1,1,1.0,12,2026-09-01T14:32:29.038131+00:00
fake,knickerbocker,Hotel,"The location was wonderfully convenient, but the Knickerbocker felt tired rather than stylish. Our room was only passably clean, and the lukewarm, limited breakfast made the stay disappointing.",1,custom_review-luna-gpt,short,negative,structured,few_shot,short_negative_structured_few_shot,12,193,28,200,1,1,1.0,12,2026-09-01T14:32:33.220736+00:00
fake,monaco,Hotel,"Hotel Monaco felt overpriced for a restless night: hallway noise carried through the door, and the bed was uncomfortable. Staff were polite enough, but not especially helpful.",1,custom_review-luna-gpt,short,negative,structured,few_shot,short_negative_structured_few_shot,13,175,27,200,1,1,1.0,12,2026-09-01T14:32:38.055772+00:00
fake,omni,Hotel,"Disappointing stay at the Omni: my room overlooked a bland wall, the rate felt excessive, Wi-Fi kept dropping, and the supposedly clean room had dust and a stale smell.",1,custom_review-luna-gpt,short,negative,structured,few_shot,short_negative_structured_few_shot,14,168,29,200,1,1,1.0,12,2026-09-01T14:32:42.010982+00:00
fake,palmer,Hotel,"Disappointing stay at Hotel Palmer: Wi-Fi barely worked, the room overlooked a grimy alley, hallway noise carried all night, and the bathroom clearly needed a deeper clean.",1,custom_review-luna-gpt,short,negative,structured,few_shot,short_negative_structured_few_shot,15,172,27,200,1,1,1.0,12,2026-09-01T14:32:46.230772+00:00
fake,sheraton,Hotel,"Disappointing stay at the Sheraton: the price felt far too high for a tired room, unreliable Wi-Fi, and a bleak city view. Two nights felt much too long.",1,custom_review-luna-gpt,short,negative,structured,few_shot,short_negative_structured_few_shot,16,153,28,200,1,1,1.0,12,2026-09-01T14:32:50.697697+00:00
fake,sofitel,Hotel,"The Sofitel's central location was convenient, but our two-night stay felt too long; the room was only moderately clean, and staff were polite yet distant when we needed help.",1,custom_review-luna-gpt,short,negative,structured,few_shot,short_negative_structured_few_shot,17,175,29,200,1,1,1.0,12,2026-09-01T14:32:55.000568+00:00
fake,swissotel,Hotel,"The city view was mostly blocked by rooftops, and thin walls made sleep difficult. The room looked clean at first, but the high rate felt unjustified.",1,custom_review-luna-gpt,short,negative,structured,few_shot,short_negative_structured_few_shot,18,150,26,200,1,1,1.0,12,2026-09-01T14:32:58.493691+00:00
fake,talbott,Hotel,"Disappointing stay at Hotel Talbott: the room looked clean at first but had dusty corners, breakfast was mediocre, and the Wi-Fi kept dropping, making the high price feel unjustified.",1,custom_review-luna-gpt,short,negative,structured,few_shot,short_negative_structured_few_shot,19,183,29,200,1,1,1.0,12,2026-09-01T14:33:02.273522+00:00
fake,affinia,Hotel,"The Affinia's convenient location was the highlight, but the dated decor and only moderately clean room made the high price feel unjustified. I expected much better.",1,custom_review-luna-gpt,short,negative,structured,few_shot,short_negative_structured_few_shot,20,165,26,200,1,1,1.0,12,2026-09-01T14:33:06.915555+00:00
fake,allegro,Hotel,"Disappointing stay at Hotel Allegro: my room overlooked a blank wall, the Wi-Fi kept dropping, and even one night felt too long. Definitely not worth the price.",1,custom_review-luna-gpt,short,negative,structured,few_shot,short_negative_structured_few_shot,21,160,27,200,1,1,1.0,12,2026-09-01T14:33:11.477497+00:00
fake,amalfi,Hotel,"Breakfast was lukewarm and limited, and the dated decor made the hotel feel tired. My room was clean enough, but street noise and a lumpy mattress made sleeping difficult.",1,custom_review-luna-gpt,short,negative,structured,few_shot,short_negative_structured_few_shot,22,171,29,200,1,1,1.0,12,2026-09-01T14:33:15.264891+00:00
fake,ambassador,Hotel,"Unfortunately, I barely slept through the noisy night, and although the one-night stay felt too short, the gloomy alley view and unreliable Wi-Fi made leaving feel like a relief.",1,custom_review-luna-gpt,short,negative,structured,few_shot,short_negative_structured_few_shot,23,178,29,200,1,1,1.0,12,2026-09-01T14:33:21.491327+00:00
fake,conrad,Hotel,"The Conrad felt overpriced for the experience: the room was clean but oddly worn, breakfast was bland and chaotic, and the cramped bathroom had weak water pressure.",1,custom_review-luna-gpt,short,negative,structured,few_shot,short_negative_structured_few_shot,24,164,27,200,1,1,1.0,12,2026-09-01T14:33:25.072272+00:00
fake,fairmont,Hotel,"Disappointing stay at the Fairmont: the room was only passably clean, the bathroom felt dated, and hallway noise kept us awake, despite the otherwise convenient downtown location.",1,custom_review-luna-gpt,short,negative,structured,zero_shot,short_negative_structured_zero_shot,0,179,27,200,1,1,1.0,12,2026-09-01T14:33:28.712172+00:00
fake,hardrock,Hotel,"Disappointing stay at Hard Rock: the Wi-Fi kept dropping, and the room felt dusty despite the stylish decor. The cramped bathroom was poorly maintained, though the central location was convenient.",1,custom_review-luna-gpt,short,negative,structured,zero_shot,short_negative_structured_zero_shot,1,196,30,200,1,1,1.0,12,2026-09-01T14:33:32.197507+00:00
fake,hilton,Hotel,"Our stay felt too short to recover from the high price, especially with the dated decor. The room was clean, but the overall experience didn't feel worth what we paid.",1,custom_review-luna-gpt,short,negative,structured,zero_shot,short_negative_structured_zero_shot,2,167,30,200,1,1,1.0,12,2026-09-01T14:33:35.949134+00:00
fake,homewood,Hotel,"Disappointing stay at Homewood: the room looked clean, but hallway noise continued past midnight. Breakfast was bland and picked over, and I barely slept.",1,custom_review-luna-gpt,short,negative,structured,zero_shot,short_negative_structured_zero_shot,3,154,24,200,1,1,1.0,12,2026-09-01T14:33:51.252815+00:00
fake,hyatt,Hotel,"Disappointing Hyatt stay: my room overlooked a noisy loading area, so sleep was restless. Staff were polite but distant, and the promised city view felt bleak.",1,custom_review-luna-gpt,short,negative,structured,zero_shot,short_negative_structured_zero_shot,4,159,26,200,1,1,1.0,12,2026-09-01T14:33:55.000164+00:00
fake,intercontinental,Hotel,"Disappointing for the price: the bathroom felt dated and cramped, street noise disturbed sleep, and although the InterContinental's location was convenient, it didn't justify the expensive stay.",1,custom_review-luna-gpt,short,negative,structured,zero_shot,short_negative_structured_zero_shot,5,194,27,200,1,1,1.0,12,2026-09-01T14:33:58.115783+00:00
fake,james,Hotel,"Disappointing stay at Hotel James: breakfast was bland and overpriced, hallway noise carried late, and the tired decor needs updating. My room overlooked a brick wall instead of anything scenic.",1,custom_review-luna-gpt,short,negative,structured,zero_shot,short_negative_structured_zero_shot,6,194,30,200,1,1,1.0,12,2026-09-01T14:34:01.664330+00:00
fake,knickerbocker,Hotel,"Disappointing stay at The Knickerbocker: the mattress was uncomfortable, the decor felt tired, and our room overlooked rooftops. The cramped, dated bathroom only added to the frustration.",1,custom_review-luna-gpt,short,negative,structured,zero_shot,short_negative_structured_zero_shot,7,187,27,200,1,1,1.0,12,2026-09-01T14:34:05.998524+00:00
fake,monaco,Hotel,"Even our short stay at Hotel Monaco felt too long: Wi-Fi kept dropping, the bathroom was cramped and tired, and breakfast was bland and overpriced.",1,custom_review-luna-gpt,short,negative,structured,zero_shot,short_negative_structured_zero_shot,8,147,25,200,1,1,1.0,12,2026-09-01T14:34:09.110736+00:00
fake,omni,Hotel,"Disappointing stay at the Omni: the bathroom was cramped and dated, hallway noise kept waking me, breakfast was bland and overpriced, and I barely slept.",1,custom_review-luna-gpt,short,negative,structured,zero_shot,short_negative_structured_zero_shot,9,153,25,200,1,1,1.0,12,2026-09-01T14:34:15.230754+00:00
fake,palmer,Hotel,"The Palmer's dated decor and thin walls made for a noisy night, though the room was clean. I was relieved the stay was only one night, as it felt disappointing overall.",1,custom_review-luna-gpt,short,negative,structured,zero_shot,short_negative_structured_zero_shot,10,168,31,200,1,1,1.0,12,2026-09-01T14:34:18.955551+00:00
fake,sheraton,Hotel,"Disappointing stay at the Sheraton: the room was noisy late into the night, Wi-Fi kept dropping, and the inconvenient location made our already-too-short visit feel even more rushed.",1,custom_review-luna-gpt,short,negative,structured,zero_shot,short_negative_structured_zero_shot,11,182,28,200,1,1,1.0,12,2026-09-01T14:34:22.569896+00:00
fake,sofitel,Hotel,"Despite Sofitel's convenient central location, street noise and thin walls made sleep difficult. Staff were polite but detached, and the overall service felt disappointing for a hotel of this standard.",1,custom_review-luna-gpt,short,negative,structured,zero_shot,short_negative_structured_zero_shot,12,201,30,200,1,1,1.0,12,2026-09-01T14:34:26.535457+00:00
fake,swissotel,Hotel,"Disappointing stay at Swissotel: the city view was mostly blocked by nearby buildings, the dated decor felt tired, and constant hallway noise made even our short visit feel exhausting.",1,custom_review-luna-gpt,short,negative,structured,zero_shot,short_negative_structured_zero_shot,13,184,29,200,1,1,1.0,12,2026-09-01T14:34:31.389443+00:00
fake,talbott,Hotel,"The room was surprisingly noisy at night, so I barely slept; the view was mostly a brick wall, and the staff seemed indifferent when I raised the issue.",1,custom_review-luna-gpt,short,negative,structured,zero_shot,short_negative_structured_zero_shot,14,152,28,200,1,1,1.0,12,2026-09-01T14:34:35.434438+00:00
fake,affinia,Hotel,"Affinia felt overpriced for a tired, poorly cleaned room, with dust on the surfaces and a cramped, grimy bathroom. Staff were polite enough, but distant and slow to respond, making the stay disappointing.",1,custom_review-luna-gpt,short,negative,structured,zero_shot,short_negative_structured_zero_shot,15,204,33,200,1,1,1.0,12,2026-09-01T14:34:38.316533+00:00
fake,allegro,Hotel,"Disappointing stay at Hotel Allegro: the room was only passably clean, the bathroom felt dated and cramped, and the supposedly convenient location came with a dull view of traffic.",1,custom_review-luna-gpt,short,negative,structured,zero_shot,short_negative_structured_zero_shot,16,180,29,200,1,1,1.0,12,2026-09-01T14:34:42.227255+00:00
fake,amalfi,Hotel,"Disappointing stay at Hotel Amalfi: the bathroom was cramped and tired, the dated decor needed attention, and although the location was convenient, even one night felt too long.",1,custom_review-luna-gpt,short,negative,structured,zero_shot,short_negative_structured_zero_shot,17,177,28,200,1,1,1.0,12,2026-09-01T14:34:46.429612+00:00
fake,ambassador,Hotel,"Disappointing stay: hallway noise kept me awake, Wi‐Fi dropped constantly, and the room was only superficially clean, with dust on the desk and grime in the bathroom.",1,custom_review-luna-gpt,short,negative,structured,zero_shot,short_negative_structured_zero_shot,18,166,27,200,1,1,1.0,12,2026-09-01T14:34:50.630927+00:00
fake,conrad,Hotel,"Disappointing stay at the Conrad: the high price didn't feel justified, the decor looked tired, and while the room was clean, street noise made for a poor night's sleep.",1,custom_review-luna-gpt,short,negative,structured,zero_shot,short_negative_structured_zero_shot,19,169,29,200,1,1,1.0,12,2026-09-01T14:34:53.960887+00:00
fake,fairmont,Hotel,"The city view was disappointing, and although the Fairmont's location was convenient, loud hallway noise ruined the stay. Staff remained polite but seemed indifferent when we raised concerns.",1,custom_review-luna-gpt,short,negative,structured,zero_shot,short_negative_structured_zero_shot,20,191,28,200,1,1,1.0,12,2026-09-01T14:34:57.277863+00:00
fake,hardrock,Hotel,"The decor felt dated, and hallway noise kept waking us; despite the stay feeling far too short, indifferent staff made the experience disappointing and not worth repeating.",1,custom_review-luna-gpt,short,negative,structured,zero_shot,short_negative_structured_zero_shot,21,172,27,200,1,1,1.0,12,2026-09-01T14:35:00.846330+00:00
fake,hilton,Hotel,"Disappointing Hilton stay: the Wi-Fi kept dropping, staff were polite but unhelpful, and the dated decor made the expensive room feel far from worth the price.",1,custom_review-luna-gpt,short,negative,structured,zero_shot,short_negative_structured_zero_shot,22,159,26,200,1,1,1.0,12,2026-09-01T14:35:05.109367+00:00
fake,homewood,Hotel,"Disappointing stay at Homewood: the bed was uncomfortable, the bathroom felt cramped and dated, and the Wi-Fi kept dropping. I was glad the short visit ended quickly.",1,custom_review-luna-gpt,short,negative,structured,zero_shot,short_negative_structured_zero_shot,23,166,27,200,1,1,1.0,12,2026-09-01T14:35:09.180287+00:00
fake,hyatt,Hotel,"The Hyatt's dated decor and hallway noise made the room feel less relaxing than expected. Even a short overnight stay felt too long, and I barely slept.",1,custom_review-luna-gpt,short,negative,structured,zero_shot,short_negative_structured_zero_shot,24,152,27,200,1,1,1.0,12,2026-09-01T14:35:17.069516+00:00
fake,intercontinental,Hotel,"The InterContinental looked impressive online, but my room felt tired, the air conditioning barely worked, and breakfast was chaotic. For the price, I expected much better attention to detail.",1,custom_review-luna-gpt,short,negative,unstructured,few_shot,short_negative_unstructured_few_shot,0,192,29,200,1,1,1.0,12,2026-09-01T14:35:21.488359+00:00
fake,james,Hotel,"The James looked stylish online, but my room felt worn and oddly cramped, with thin walls and slow service. For the price, I expected a much more comfortable, polished stay.",1,custom_review-luna-gpt,short,negative,unstructured,few_shot,short_negative_unstructured_few_shot,1,173,30,200,1,1,1.0,12,2026-09-01T14:35:24.681378+00:00
fake,knickerbocker,Hotel,"The Knickerbocker looks impressive, but the room felt tired, service was oddly slow, and street noise kept me awake most of the night.",1,custom_review-luna-gpt,short,negative,unstructured,few_shot,short_negative_unstructured_few_shot,2,134,23,200,1,1,1.0,12,2026-09-01T14:35:28.212765+00:00
fake,monaco,Hotel,"Hotel Monaco looked charming online, but the room felt worn and noisy, with thin walls and a slow check-in. For the price, I expected much better upkeep and service.",1,custom_review-luna-gpt,short,negative,unstructured,few_shot,short_negative_unstructured_few_shot,3,165,29,200,1,1,1.0,12,2026-09-01T14:35:32.109206+00:00
fake,omni,Hotel,"Disappointing stay at the Omni--our room looked worn, the air-conditioning barely cooled, and housekeeping skipped us until late afternoon. For the price, I expected far better upkeep and service.",1,custom_review-luna-gpt,short,negative,unstructured,few_shot,short_negative_unstructured_few_shot,4,196,29,200,1,1,1.0,12,2026-09-01T14:35:35.345497+00:00
fake,palmer,Hotel,"The Palmer's location was convenient, but the room felt tired and the walls were paper-thin. Housekeeping missed basics, and the price didn't come close to matching the experience.",1,custom_review-luna-gpt,short,negative,unstructured,few_shot,short_negative_unstructured_few_shot,5,180,28,200,1,1,1.0,12,2026-09-01T14:35:39.574003+00:00
fake,sheraton,Hotel,"The Sheraton looked impressive online, but the stay was disappointing: a long check-in, tired room furnishings, and thin walls made it hard to relax, especially for the price.",1,custom_review-luna-gpt,short,negative,unstructured,few_shot,short_negative_unstructured_few_shot,6,175,28,200,1,1,1.0,12,2026-09-01T14:35:43.810234+00:00
fake,sofitel,Hotel,"Disappointing stay at the Sofitel: the room looked tired, housekeeping missed several basics, and the street noise made sleeping difficult. For the price, I expected far better service and upkeep.",1,custom_review-luna-gpt,short,negative,unstructured,few_shot,short_negative_unstructured_few_shot,7,196,30,200,1,1,1.0,12,2026-09-01T14:35:47.145661+00:00
fake,swissotel,Hotel,"Disappointing stay at Swissotel: the room felt dated, housekeeping missed basic details, and check-in dragged on. For the price, I expected far better service and comfort.",1,custom_review-luna-gpt,short,negative,unstructured,few_shot,short_negative_unstructured_few_shot,8,171,26,200,1,1,1.0,12,2026-09-01T14:35:50.960858+00:00
fake,talbott,Hotel,"The Talbott's location is convenient, but the room felt tired and poorly maintained, with thin walls and a shower that never got properly hot. For the price, I expected much more.",1,custom_review-luna-gpt,short,negative,unstructured,few_shot,short_negative_unstructured_few_shot,9,179,31,200,1,1,1.0,12,2026-09-01T14:35:56.332156+00:00
fake,affinia,Hotel,"The Affinia's location was convenient, but the room felt tired and wasn't very clean, with a slow check-in and noisy hallway traffic making the stay more frustrating than relaxing.",1,custom_review-luna-gpt,short,negative,unstructured,few_shot,short_negative_unstructured_few_shot,10,180,29,200,1,1,1.0,12,2026-09-01T14:35:59.236015+00:00
fake,allegro,Hotel,"The Hotel Allegro looked charming online, but my room was cramped, noisy, and overdue for a refresh. Check-in dragged on, and the shower barely had any water pressure.",1,custom_review-luna-gpt,short,negative,unstructured,few_shot,short_negative_unstructured_few_shot,11,167,28,200,1,1,1.0,12,2026-09-01T14:36:01.842417+00:00
fake,amalfi,Hotel,"Hotel Amalfi looked promising, but the room was tired, the air-conditioning barely worked, and street noise kept us awake. Staff seemed uninterested when we asked for help.",1,custom_review-luna-gpt,short,negative,unstructured,few_shot,short_negative_unstructured_few_shot,12,172,27,200,1,1,1.0,12,2026-09-01T14:36:05.739462+00:00
fake,ambassador,Hotel,"The Ambassador looked promising online, but the room was tired, the hallway smelled faintly of smoke, and front desk requests went unanswered. Not worth the price.",1,custom_review-luna-gpt,short,negative,unstructured,few_shot,short_negative_unstructured_few_shot,13,163,26,200,1,1,1.0,12,2026-09-01T14:36:09.914894+00:00
fake,conrad,Hotel,"Disappointing stay at the Conrad: check-in dragged on, the room felt tired for the price, and hallway noise kept us awake. Staff were polite, but it never felt worth the expense.",1,custom_review-luna-gpt,short,negative,unstructured,few_shot,short_negative_unstructured_few_shot,14,178,31,200,1,1,1.0,12,2026-09-01T14:36:13.335255+00:00
fake,fairmont,Hotel,"The Fairmont looked impressive, but the room felt tired and hallway noise continued late into the night; for the price, I expected much better service and upkeep.",1,custom_review-luna-gpt,short,negative,unstructured,few_shot,short_negative_unstructured_few_shot,15,162,27,200,1,1,1.0,12,2026-09-01T14:36:17.289280+00:00
fake,hardrock,Hotel,"The Hard Rock looked fun online, but my room was tired, the hallway smelled of smoke, and check-in dragged on forever. Way too expensive for such a disappointing stay.",1,custom_review-luna-gpt,short,negative,unstructured,few_shot,short_negative_unstructured_few_shot,16,167,29,200,1,1,1.0,12,2026-09-01T14:36:21.043363+00:00
fake,hilton,Hotel,"My stay at the Hilton was more frustrating than relaxing: the room felt dated, housekeeping missed basic details, and check-in took nearly an hour despite arriving after the posted time.",1,custom_review-luna-gpt,short,negative,unstructured,few_shot,short_negative_unstructured_few_shot,17,186,30,200,1,1,1.0,12,2026-09-01T14:36:25.319173+00:00
fake,homewood,Hotel,"Homewood was a letdown; the room smelled musty, the hallway carpet was worn, and the front desk seemed annoyed whenever we asked for help.",1,custom_review-luna-gpt,short,negative,unstructured,few_shot,short_negative_unstructured_few_shot,18,138,24,200,1,1,1.0,12,2026-09-01T14:36:29.467672+00:00
fake,hyatt,Hotel,"My Hyatt stay was disappointing: the room looked worn, housekeeping missed basic details, and the front desk took ages to respond when the air conditioning stopped working.",1,custom_review-luna-gpt,short,negative,unstructured,few_shot,short_negative_unstructured_few_shot,19,172,27,200,1,1,1.0,12,2026-09-01T14:36:31.936732+00:00
fake,intercontinental,Hotel,"The Intercontinental looked impressive online, but my room was tired, the air conditioning barely worked, and staff took ages to respond. For the price, I expected much better.",1,custom_review-luna-gpt,short,negative,unstructured,few_shot,short_negative_unstructured_few_shot,20,176,28,200,1,1,1.0,12,2026-09-01T14:36:34.626501+00:00
fake,james,Hotel,"Disappointing stay at the James--our room felt worn, the air conditioner rattled all night, and housekeeping missed basic items. For the price, I expected much better.",1,custom_review-luna-gpt,short,negative,unstructured,few_shot,short_negative_unstructured_few_shot,21,167,26,200,1,1,1.0,12,2026-09-01T14:36:44.731207+00:00
fake,knickerbocker,Hotel,"The Knickerbocker looked impressive online, but my room was cramped, street noise never let up, and housekeeping skipped us entirely for two days.",1,custom_review-luna-gpt,short,negative,unstructured,few_shot,short_negative_unstructured_few_shot,22,146,23,200,1,1,1.0,12,2026-09-01T14:36:48.883937+00:00
fake,monaco,Hotel,"Hotel Monaco looked charming online, but the room was tired, the heating rattled all night, and the front desk barely acknowledged our complaints. Definitely not worth the price.",1,custom_review-luna-gpt,short,negative,unstructured,few_shot,short_negative_unstructured_few_shot,23,178,28,200,1,1,1.0,12,2026-09-01T14:36:52.820935+00:00
fake,omni,Hotel,"Disappointing stay at the Omni--the room looked tired, housekeeping missed our floor twice, and hallway noise continued past midnight. For the price, I expected much better.",1,custom_review-luna-gpt,short,negative,unstructured,few_shot,short_negative_unstructured_few_shot,24,173,26,200,1,1,1.0,12,2026-09-01T14:36:56.402757+00:00
fake,palmer,Hotel,"The Palmer looked charming online, but our room was tired, the bathroom wasn't properly cleaned, and street noise kept us awake most of the night. Definitely not worth the price.",1,custom_review-luna-gpt,short,negative,unstructured,zero_shot,short_negative_unstructured_zero_shot,0,178,30,200,1,1,1.0,12,2026-09-01T14:36:59.009908+00:00
fake,sheraton,Hotel,"Disappointing stay at the Sheraton: the room felt dated, housekeeping missed basic details, and the front desk was slow to respond. For the price, I expected much better service and comfort.",1,custom_review-luna-gpt,short,negative,unstructured,zero_shot,short_negative_unstructured_zero_shot,1,190,31,200,1,1,1.0,12,2026-09-01T14:37:01.574967+00:00
fake,sofitel,Hotel,"Disappointing stay at Sofitel: the room felt tired, housekeeping missed basic details, and the service was strangely indifferent. For the price, I expected a much more polished experience.",1,custom_review-luna-gpt,short,negative,unstructured,zero_shot,short_negative_unstructured_zero_shot,2,188,28,200,1,1,1.0,12,2026-09-01T14:37:04.231198+00:00
fake,swissotel,Hotel,"Disappointing stay at Swissotel--the room felt dated, the Wi-Fi kept dropping, and housekeeping missed basic details. Staff were polite, but the overall experience didn't match the price or expectations.",1,custom_review-luna-gpt,short,negative,unstructured,zero_shot,short_negative_unstructured_zero_shot,3,203,29,200,1,1,1.0,12,2026-09-01T14:37:07.357659+00:00
fake,talbott,Hotel,"Disappointing stay at the Talbott--our room felt dated, the walls were thin, and housekeeping missed basic details. The location was convenient, but the price didn't match the experience.",1,custom_review-luna-gpt,short,negative,unstructured,zero_shot,short_negative_unstructured_zero_shot,4,187,28,200,1,1,1.0,12,2026-09-01T14:37:10.189313+00:00
fake,affinia,Hotel,"Disappointing stay at Affinia--the room looked worn, housekeeping missed basic details, and hallway noise continued late. For the price, I expected a much cleaner, quieter experience.",1,custom_review-luna-gpt,short,negative,unstructured,zero_shot,short_negative_unstructured_zero_shot,5,183,26,200,1,1,1.0,12,2026-09-01T14:37:14.579387+00:00
fake,allegro,Hotel,"Disappointing stay at Hotel Allegro: the room felt dated, the walls were thin, and breakfast was poorly stocked. Staff were polite, but the overall experience wasn't worth the price.",1,custom_review-luna-gpt,short,negative,unstructured,zero_shot,short_negative_unstructured_zero_shot,6,182,29,200,1,1,1.0,12,2026-09-01T14:37:17.824564+00:00
fake,amalfi,Hotel,"Sadly, Hotel Amalfi felt tired and poorly maintained, with a lumpy bed, thin walls, and a bathroom that wasn't properly cleaned. The staff were polite, but the stay was disappointing overall.",1,custom_review-luna-gpt,short,negative,unstructured,zero_shot,short_negative_unstructured_zero_shot,7,191,31,200,1,1,1.0,12,2026-09-01T14:37:21.021971+00:00
fake,ambassador,Hotel,"Disappointing stay at Hotel Ambassador: the room was dated, housekeeping missed basic details, and the front desk seemed uninterested when we reported the noisy air conditioner. Definitely not worth the price.",1,custom_review-luna-gpt,short,negative,unstructured,zero_shot,short_negative_unstructured_zero_shot,8,209,31,200,1,1,1.0,12,2026-09-01T14:37:26.569875+00:00
fake,conrad,Hotel,"The Conrad looked impressive online, but the room felt tired and noisy, housekeeping missed basic requests, and breakfast was overcrowded and overpriced. I expected a much smoother experience for the rate.",1,custom_review-luna-gpt,short,negative,unstructured,zero_shot,short_negative_unstructured_zero_shot,9,205,31,200,1,1,1.0,12,2026-09-01T14:37:29.783341+00:00
fake,fairmont,Hotel,"Disappointing stay at the Fairmont: the room felt dated, housekeeping missed basic details, and the service was strangely indifferent for a hotel at this price. I expected far more.",1,custom_review-luna-gpt,short,negative,unstructured,zero_shot,short_negative_unstructured_zero_shot,10,181,29,200,1,1,1.0,12,2026-09-01T14:37:32.484929+00:00
fake,hardrock,Hotel,"The Hard Rock looked exciting online, but my room felt tired, the hallway was noisy all night, and staff seemed uninterested when I asked for help. Disappointing stay.",1,custom_review-luna-gpt,short,negative,unstructured,zero_shot,short_negative_unstructured_zero_shot,11,167,28,200,1,1,1.0,12,2026-09-01T14:37:36.859823+00:00
fake,hilton,Hotel,"The Hilton looked impressive online, but my room was dated, the air conditioning barely worked, and housekeeping skipped us entirely. For the price, I expected a much smoother stay.",1,custom_review-luna-gpt,short,negative,unstructured,zero_shot,short_negative_unstructured_zero_shot,12,181,29,200,1,1,1.0,12,2026-09-01T14:37:40.460340+00:00
fake,homewood,Hotel,"Homewood was a disappointment: the room looked tired, housekeeping missed basic details, and the front desk seemed uninterested when we reported the issues. Not worth the price.",1,custom_review-luna-gpt,short,negative,unstructured,zero_shot,short_negative_unstructured_zero_shot,13,177,27,200,1,1,1.0,12,2026-09-01T14:37:44.090088+00:00
fake,hyatt,Hotel,"Disappointing stay at the Hyatt--the room was dated, housekeeping missed obvious details, and the hallway was noisy all night. For the price, I expected much better service and comfort.",1,custom_review-luna-gpt,short,negative,unstructured,zero_shot,short_negative_unstructured_zero_shot,14,185,29,200,1,1,1.0,12,2026-09-01T14:37:48.058521+00:00
fake,intercontinental,Hotel,"The Intercontinental looked impressive, but the room felt tired, check-in was painfully slow, and housekeeping missed basic details. For the price, I expected polished service and left feeling genuinely disappointed.",1,custom_review-luna-gpt,short,negative,unstructured,zero_shot,short_negative_unstructured_zero_shot,15,216,30,200,1,1,1.0,12,2026-09-01T14:37:50.631774+00:00
fake,james,Hotel,"Disappointing stay at Hotel James: the room felt tired, housekeeping missed the basics, and street noise made sleeping difficult. For the price, I expected much better.",1,custom_review-luna-gpt,short,negative,unstructured,zero_shot,short_negative_unstructured_zero_shot,16,168,26,200,1,1,1.0,12,2026-09-01T14:37:54.240302+00:00
fake,knickerbocker,Hotel,"Disappointing stay at The Knickerbocker: the room felt worn, service was oddly slow, and street noise kept us awake despite the premium price. I expected a much more polished experience.",1,custom_review-luna-gpt,short,negative,unstructured,zero_shot,short_negative_unstructured_zero_shot,17,186,30,200,1,1,1.0,12,2026-09-01T14:37:58.367299+00:00
fake,monaco,Hotel,"The Hotel Monaco looked stylish online, but my room was tired, noisy, and not especially clean. Staff were polite, though the overall experience felt overpriced and disappointing for the rate.",1,custom_review-luna-gpt,short,negative,unstructured,zero_shot,short_negative_unstructured_zero_shot,18,192,30,200,1,1,1.0,12,2026-09-01T14:38:01.610814+00:00
fake,omni,Hotel,"The Omni looked impressive online, but my room felt dated, the air conditioning was noisy, and service was surprisingly slow. For the price, I expected much more.",1,custom_review-luna-gpt,short,negative,unstructured,zero_shot,short_negative_unstructured_zero_shot,19,162,27,200,1,1,1.0,12,2026-09-01T14:38:04.816819+00:00
fake,palmer,Hotel,"Disappointing stay at Hotel Palmer--the room was dated, the hallway smelled musty, and staff seemed indifferent when we asked for help. Definitely not worth the price.",1,custom_review-luna-gpt,short,negative,unstructured,zero_shot,short_negative_unstructured_zero_shot,20,167,26,200,1,1,1.0,12,2026-09-01T14:38:09.690848+00:00
fake,sheraton,Hotel,"The Sheraton looked impressive online, but my room felt tired, the hallway was noisy all night, and staff seemed indifferent when I asked for help. Far too expensive for the experience.",1,custom_review-luna-gpt,short,negative,unstructured,zero_shot,short_negative_unstructured_zero_shot,21,185,31,200,1,1,1.0,12,2026-09-01T14:38:15.050686+00:00
fake,sofitel,Hotel,"The Sofitel looked impressive online, but my room felt tired, the air-conditioning barely worked, and service was oddly slow. For the price, I expected a far more comfortable stay.",1,custom_review-luna-gpt,short,negative,unstructured,zero_shot,short_negative_unstructured_zero_shot,22,180,29,200,1,1,1.0,12,2026-09-01T14:38:18.017288+00:00
fake,swissotel,Hotel,"Swissotel looked impressive online, but my room felt tired and the service was surprisingly slow. Breakfast was crowded, and the overall experience didn't justify the high price.",1,custom_review-luna-gpt,short,negative,unstructured,zero_shot,short_negative_unstructured_zero_shot,23,178,27,200,1,1,1.0,12,2026-09-01T14:38:32.287641+00:00
fake,talbott,Hotel,"Disappointing stay at the Talbott--the room felt dated, housekeeping missed basic details, and street noise kept us awake. For the price, I expected much better.",1,custom_review-luna-gpt,short,negative,unstructured,zero_shot,short_negative_unstructured_zero_shot,24,161,25,200,1,1,1.0,12,2026-09-01T14:38:36.269985+00:00
fake,affinia,Hotel,"I enjoyed my stay at the Affinia and would happily return. The location made it easy to walk to restaurants, shops, and nearby attractions, while the front desk staff were friendly and quick to help with directions. My room was comfortable and surprisingly spacious, with a useful sitting area and a bed that was genuinely easy to sleep in. The stay felt a little too short, since I only had two nights and barely had time to settle in. Despite being in a busy part of the city, the room was mostly quiet at night; I heard some hallway noise one evening, but nothing disruptive. WiFi worked reliably for email, streaming, and a video call. Housekeeping kept everything tidy, and the overall atmosphere felt relaxed and welcoming.",1,custom_review-luna-gpt,long,positive,structured,few_shot,long_positive_structured_few_shot,0,729,127,700,1,1,1.0,12,2026-09-01T14:38:40.416739+00:00
fake,allegro,Hotel,"I had a very pleasant two-night stay at Hotel Allegro. The lobby has a lively, theatrical feel, and that colorful style carries into the guest room without making it seem overdone. The decor is a little eclectic rather than ultra-modern, but everything felt fresh and well cared for. My room was spotless when I arrived, including the bathroom and the corners that are often overlooked in older hotels. The bed was genuinely comfortable, and despite being in a busy part of downtown, I slept well both nights with very little street noise. WiFi connected quickly and stayed reliable for video calls and streaming. Staff at the desk were friendly, especially when I needed directions and a late checkout. It was an easy, comfortable stay, and I would happily return.",1,custom_review-luna-gpt,long,positive,structured,few_shot,long_positive_structured_few_shot,1,765,129,700,1,1,1.0,12,2026-09-01T14:39:06.034662+00:00
fake,amalfi,Hotel,"I had a very pleasant three-night stay at Hotel Amalfi. The location was convenient, and the front desk team made check-in quick while still taking time to answer questions about nearby restaurants. My room was spotless when I arrived, with fresh linens, a well-maintained bathroom, and plenty of space to unpack. The Wi-Fi connected easily and stayed reliable enough for video calls and streaming. I was also impressed by how quiet the room was at night; I barely heard anything from the hallway or the street, which made sleeping easy. Breakfast was simple but satisfying, with good coffee, fresh fruit, pastries, yogurt, and a few hot options. Nothing felt overly fancy, but everything was clean, fresh, and well organized. I would happily stay here again.",1,custom_review-luna-gpt,long,positive,structured,few_shot,long_positive_structured_few_shot,2,759,125,700,1,1,1.0,12,2026-09-01T14:39:10.312765+00:00
fake,ambassador,Hotel,"I had a very pleasant stay at the Hotel Ambassador. The room was spotless when I arrived, with fresh linens, dust-free surfaces, and plenty of space to unpack. The decor is not especially trendy, but it felt well cared for rather than tired; the classic furnishings actually suited the building's character. The bathroom was compact but bright and genuinely clean, with good water pressure and a shower that heated up quickly. My only minor complaint was that the counter space was limited. The bed was comfortable, and despite being in a lively neighborhood, the room stayed quiet enough for me to sleep soundly both nights. Staff were friendly and efficient throughout, and the location made it easy to get around. I would happily stay here again.",1,custom_review-luna-gpt,long,positive,structured,few_shot,long_positive_structured_few_shot,3,749,126,700,1,1,1.0,12,2026-09-01T14:39:15.640216+00:00
fake,conrad,Hotel,"My stay at the Conrad was a very comfortable one from start to finish. The front desk team was welcoming without being overbearing, and check-in was quick even though I arrived a little early. My room was modern, spotless, and thoughtfully laid out, with a particularly comfortable bed and plenty of space to work. Breakfast had a good mix of options, including fresh fruit, pastries, eggs made to order, and strong coffee; service in the restaurant was attentive and efficient. Despite being in a busy area, the hotel was surprisingly quiet at night, and I slept well without hearing hallway or street noise. The Wi-Fi connected immediately and remained reliable for video calls and streaming. Overall, the Conrad felt polished, calm, and worth the price.",1,custom_review-luna-gpt,long,positive,structured,few_shot,long_positive_structured_few_shot,4,756,125,700,1,1,1.0,12,2026-09-01T14:39:19.711486+00:00
fake,fairmont,Hotel,"My stay at the Fairmont was a very pleasant surprise. The room was bright, comfortably sized, and thoughtfully laid out, with a genuinely comfortable bed and plenty of space for my luggage. I slept extremely well; the mattress was supportive, the curtains kept the morning light out, and the hallway stayed quiet throughout the night. I occasionally heard a faint rumble from the street, but it was never disruptive. WiFi connected quickly and remained reliable enough for video calls and streaming, which made working from the room easy. The staff were warm without being overbearing, and check-in was efficient. I only stayed two nights and left wishing I had booked a longer visit, especially since the hotel's location made exploring the area so convenient. I would happily return.",1,custom_review-luna-gpt,long,positive,structured,few_shot,long_positive_structured_few_shot,5,785,128,700,1,1,1.0,12,2026-09-01T14:39:23.755462+00:00
fake,hardrock,Hotel,"I had a really enjoyable three-night stay at the Hard Rock Hotel. The room was stylish and comfortable, with a surprisingly good bed and plenty of space for my luggage. Breakfast was better than expected: the buffet had fresh fruit, eggs, pastries, and decent coffee, while the made-to-order options were worth the small extra charge. Every staff member I dealt with was friendly without being overbearing, especially at check-in and in the restaurant. The hotel has an energetic atmosphere, but my room was quiet at night; I only heard a little hallway noise on the first evening. Rates were not cheap, yet the location, service, and overall experience made the price feel fair. I would happily stay here again.",1,custom_review-luna-gpt,long,positive,structured,few_shot,long_positive_structured_few_shot,6,712,119,700,1,1,1.0,12,2026-09-01T14:39:27.648950+00:00
fake,hilton,Hotel,"I had a very comfortable stay at the Hilton and would happily return. My room faced the river, and the evening view of the bridges and city lights was a lovely bonus, especially from the armchair by the window. The room itself was quiet, with a comfortable bed and plenty of space for luggage. The bathroom was spotless and practical, with good water pressure, a bright mirror, and plenty of counter space, although the shower fixtures showed a little wear. The staff made a strong impression: check-in was quick, and everyone I encountered was friendly without being overbearing. The decor felt fresh rather than trendy, with warm colors and updated furnishings, though the hallways were slightly less polished. Overall, it was a dependable, pleasant Hilton experience with thoughtful service.",1,custom_review-luna-gpt,long,positive,structured,few_shot,long_positive_structured_few_shot,7,794,129,700,1,1,1.0,12,2026-09-01T14:39:31.166971+00:00
fake,homewood,Hotel,"I had a very comfortable stay at Homewood and felt the room was a good value for the price, especially with the extra space and small kitchenette. Everything was clean when I arrived, including the floors, bedding, and counters, and the room had a fresh, well-kept feel without being overly fancy. The bathroom was simple but nicely maintained, with good water pressure, plenty of towels, and a shower that heated up quickly. My bed was comfortable, and the room stayed quiet enough at night that I slept soundly throughout my visit. The staff were friendly at check-in and answered my questions without making me wait. It is not a luxury property, but it was practical, comfortable, and reliable, which is exactly what I needed.",1,custom_review-luna-gpt,long,positive,structured,few_shot,long_positive_structured_few_shot,8,729,124,700,1,1,1.0,12,2026-09-01T14:39:46.125036+00:00
fake,hyatt,Hotel,"I had a very comfortable three-night stay at the Hyatt while visiting for a conference. The location made getting around easy, and the front desk was friendly without making check-in feel slow or formal. My room was quiet despite being near the elevators, with a genuinely comfortable mattress, blackout curtains, and enough outlets around the desk. I slept better than expected, which is not always the case in city hotels. The bathroom was spotless and a good size, with strong water pressure and plenty of counter space, although the shower fixtures showed a little wear. The decor felt fresh and understated rather than trendy, with warm lighting and practical furniture. Rates were not cheap, but considering the location, cleanliness, and quality of sleep, I felt the stay was worth the price.",1,custom_review-luna-gpt,long,positive,structured,few_shot,long_positive_structured_few_shot,9,799,131,700,1,1,1.0,12,2026-09-01T14:39:51.311230+00:00
fake,intercontinental,Hotel,"I had a very comfortable stay at the InterContinental and was impressed by how smoothly everything went from check-in onward. My room was spotless, with fresh linens, a well-maintained bathroom, and no dust or stray marks anywhere. I especially enjoyed the view over the city; watching the lights come on in the evening was a nice bonus after a busy day. The bed was comfortable, and the room stayed quiet despite the central location. Wi-Fi connected quickly and worked reliably for video calls, streaming, and general browsing, which made the stay easy for both work and relaxation. My only complaint is that I booked just two nights--it felt too short to enjoy the hotel and explore more of the area. I would gladly return for a longer visit.",1,custom_review-luna-gpt,long,positive,structured,few_shot,long_positive_structured_few_shot,10,745,128,700,1,1,1.0,12,2026-09-01T14:39:55.556465+00:00
fake,james,Hotel,"I had a very comfortable three-night stay at the James. The location was a major plus--just a short walk to Michigan Avenue, restaurants, and the lake, while still feeling fairly quiet at night. My room was bright, thoughtfully laid out, and exceptionally clean, with no dust or lingering odors anywhere. The bathroom was a good size and well maintained, with strong water pressure, plenty of towels, and nice toiletries; the only minor drawback was limited counter space around the sink. Every staff member I encountered was welcoming and genuinely helpful, from check-in to arranging a car and suggesting nearby places for breakfast. Service felt polished without being stiff. The room could have used a little more natural light, but overall the hotel offered a relaxed, convenient base, and I would happily return.",1,custom_review-luna-gpt,long,positive,structured,few_shot,long_positive_structured_few_shot,11,818,132,700,1,1,1.0,12,2026-09-01T14:39:59.515189+00:00
fake,knickerbocker,Hotel,"I had a very enjoyable two-night stay at The Knickerbocker. The location is wonderfully convenient for Times Square and the subway, yet my room was surprisingly quiet once the door closed; I barely noticed the city noise at night. I was on a higher floor and had a great view of the surrounding Midtown rooftops and bright signs, especially after dark. The room itself was stylish without feeling impractical, with a comfortable bed, plenty of outlets, and a spotless bathroom. Housekeeping kept everything fresh and neatly arranged throughout my stay. Every staff member I encountered was warm and professional, from the quick check-in to the concierge who gave me useful restaurant suggestions. The rooftop atmosphere was a highlight as well. It is a busy hotel, but the service and comfort made it feel easy to relax.",1,custom_review-luna-gpt,long,positive,structured,few_shot,long_positive_structured_few_shot,12,820,136,700,1,1,1.0,12,2026-09-01T14:40:04.857339+00:00
fake,monaco,Hotel,"I had a very comfortable three-night stay at Hotel Monaco. The room was bright, nicely decorated, and larger than I expected, with a comfortable bed and a useful sitting area by the window. Wi‐Fi worked reliably throughout the stay, including for video calls, and connecting was quick. The bathroom was spotless and well stocked, although the counter space was a little limited; the shower had good water pressure and plenty of hot water. Despite being downtown, the hotel was surprisingly quiet at night. I occasionally heard hallway doors, but street noise never disturbed me. The location made everything easy, with restaurants, shops, and major attractions within a short walk, plus public transportation nearby. Staff were friendly and responsive whenever I needed anything. I would gladly stay here again.",1,custom_review-luna-gpt,long,positive,structured,few_shot,long_positive_structured_few_shot,13,811,128,700,1,1,1.0,12,2026-09-01T14:40:08.874238+00:00
fake,omni,Hotel,"I had a very comfortable two-night stay at the Omni. My room faced the park, and the view was especially nice in the morning, with plenty of trees and city buildings in the distance. Despite being downtown, it was surprisingly quiet at night; I only heard a little hallway noise once, and the windows seemed to block traffic well. The bed was supportive, the sheets felt fresh, and I slept better than expected after a long day of walking around. The bathroom was clean and roomy enough to get ready without bumping into everything, with good water pressure and plenty of towels. Staff were friendly during check-in and quick to answer a couple of questions. The location made restaurants and shopping easy to reach, so I would happily stay here again.",1,custom_review-luna-gpt,long,positive,structured,few_shot,long_positive_structured_few_shot,14,752,131,700,1,1,1.0,12,2026-09-01T14:40:12.720127+00:00
fake,palmer,Hotel,"I had a very pleasant two-night stay at the Palmer. The lobby and corridors have a classic look, with patterned carpets and older wood furniture, so the decor is not especially fresh or trendy, but everything was clean and well maintained. Check-in was quick, and the front desk staff were genuinely friendly without being overbearing; they also helped me find a good nearby restaurant. Breakfast was better than expected, with hot eggs, bacon, fresh fruit, yogurt, and decent coffee, though the dining room became crowded after 8 a.m. My room faced the side street and was surprisingly quiet at night. I heard a little hallway noise in the morning, but nothing disruptive. The bed was comfortable, and I would happily stay here again.",1,custom_review-luna-gpt,long,positive,structured,few_shot,long_positive_structured_few_shot,15,735,123,700,1,1,1.0,12,2026-09-01T14:40:16.846713+00:00
fake,sheraton,Hotel,"I had a very comfortable stay at the Sheraton and would gladly return. The front desk team was friendly and efficient, especially when I arrived late and needed a quick recommendation for dinner. My room was clean, quiet, and spacious enough for a small work area, with a very comfortable bed. I was on an upper floor overlooking the river and downtown buildings, and the evening view was surprisingly nice when the lights came on. The lobby was busy but well organized, and the fitness center had everything I needed for a short workout. I only stayed two nights, which felt far too short; I easily could have added another day to enjoy the hotel and city. Considering the location, service, and room quality, the rate felt reasonable and worth paying.",1,custom_review-luna-gpt,long,positive,structured,few_shot,long_positive_structured_few_shot,16,753,131,700,1,1,1.0,12,2026-09-01T14:40:20.841714+00:00
fake,sofitel,Hotel,"My stay at Sofitel was a very pleasant one, although two nights felt far too short to properly enjoy the hotel and the city. The welcome was warm without being overdone, and every staff member I dealt with was polite, efficient, and happy to help with directions or a late dinner recommendation. My room was quiet, comfortable, and thoughtfully arranged, with a remarkably good bed and plenty of space for luggage. Breakfast offered a nice mix of fresh fruit, pastries, eggs, yogurt, and better-than-expected coffee, so I never felt rushed in the morning. From the higher floor, the view over the surrounding streets and rooftops was especially attractive at sunset. Everything felt polished but still relaxed, and I would gladly return for a longer visit.",1,custom_review-luna-gpt,long,positive,structured,few_shot,long_positive_structured_few_shot,17,756,125,700,1,1,1.0,12,2026-09-01T14:40:24.930774+00:00
fake,swissotel,Hotel,"I had a very comfortable stay at Swissotel and would happily return. The front desk team was friendly and efficient, especially when I needed directions and a late checkout; they handled both requests without making me feel like a bother. My room was quiet, bright, and large enough to work in comfortably, with a particularly good bed after long days exploring the city. The bathroom was spotless and practical, with strong water pressure, plenty of towels, and a spacious walk-in shower, although the fixtures looked slightly dated. I stayed for three nights, which felt far too short because I never had time to enjoy the fitness facilities or relax properly in the lounge. Rates were not cheap, but the location, service, and overall comfort made the price feel justified.",1,custom_review-luna-gpt,long,positive,structured,few_shot,long_positive_structured_few_shot,18,776,129,700,1,1,1.0,12,2026-09-01T14:40:29.441031+00:00
fake,talbott,Hotel,"I had a very comfortable three-night stay at the Talbott. The front desk team was warm and efficient, and they happily arranged a taxi and suggested a couple of nearby restaurants without making the conversation feel rehearsed. My room was spotless when I arrived, with fresh linens, a well-kept bathroom, and plenty of space to unpack. I was pleasantly surprised by how quiet it stayed at night; despite being in a busy part of the city, I rarely heard hallway or street noise. The location in the Gold Coast was especially convenient, with shops, cafes, and the lakefront all within an easy walk. The decor felt a little traditional, but everything was comfortable and in good condition. I would gladly stay here again on my next Chicago visit.",1,custom_review-luna-gpt,long,positive,structured,few_shot,long_positive_structured_few_shot,19,746,128,700,1,1,1.0,12,2026-09-01T14:40:33.848982+00:00
fake,affinia,Hotel,"I had a very comfortable three-night stay at the Affinia. The room was larger than expected, with enough space for a small sitting area and a desk, and the bed was genuinely comfortable. My window looked out over the neighboring buildings and a slice of the city skyline--not a dramatic view, but enjoyable at night when the lights came on. Despite being in a busy part of town, the room was surprisingly quiet, aside from an occasional hallway sound. The bathroom was spotless and practical, with good water pressure and plenty of counter space, although the fixtures showed a little age. Overall, the decor felt more classic than trendy; some pieces were dated, but everything was well maintained and gave the room a warm, lived-in character. I would happily return.",1,custom_review-luna-gpt,long,positive,structured,few_shot,long_positive_structured_few_shot,20,768,130,700,1,1,1.0,12,2026-09-01T14:40:37.920867+00:00
fake,allegro,Hotel,"I had a very enjoyable stay at Hotel Allegro for a long weekend. The location made it easy to walk to the theater district, restaurants, and the river, and the front desk staff were friendly without being overbearing. My room faced the street, with a pleasant view of the surrounding downtown buildings and plenty of daylight in the morning. The decor has a colorful, slightly theatrical style that feels intentionally retro rather than worn, and everything was clean and well maintained. WiFi connected quickly and stayed reliable for video calls and streaming. The room itself was comfortable, though the bathroom was a little compact. Three nights went by far too quickly; I easily could have stayed another day or two and would happily book here again.",1,custom_review-luna-gpt,long,positive,structured,few_shot,long_positive_structured_few_shot,21,756,126,700,1,1,1.0,12,2026-09-01T14:40:42.217481+00:00
fake,amalfi,Hotel,"I had a very pleasant stay at Hotel Amalfi. The room was spotless and a good size, with a comfortable bed and surprisingly quiet nights; I slept better than expected despite being in a busy part of town. The location was especially convenient for walking to restaurants, shops, and nearby attractions, and taxis were easy to find when I needed one. The lobby and guest rooms have a warm, classic style rather than a completely modern look. Some furniture shows a little age, but everything is well maintained, and the decor feels charming instead of dated. Staff members were friendly and quick to help with directions and dinner suggestions. I only stayed two nights, which felt too short, since the hotel was an easy and comfortable base for exploring.",1,custom_review-luna-gpt,long,positive,structured,few_shot,long_positive_structured_few_shot,22,754,129,700,1,1,1.0,12,2026-09-01T14:40:46.635787+00:00
fake,ambassador,Hotel,"I had a very pleasant stay at the Ambassador. The welcome was friendly and check-in was quick, and my room was clean, comfortable, and larger than expected. The decor has a classic feel rather than a completely new, modern look, but it was well maintained and gave the hotel some character. My bed was especially comfortable, and the room was quiet at night, so I slept better than I usually do in a city hotel. Breakfast offered a good range of choices, including fresh fruit, pastries, eggs, and decent coffee, with the buffet replenished regularly. The Wi-Fi worked reliably throughout my stay, including for video calls, although it slowed slightly in the evening. The location was convenient for restaurants and transport, and I would happily return.",1,custom_review-luna-gpt,long,positive,structured,few_shot,long_positive_structured_few_shot,23,755,126,700,1,1,1.0,12,2026-09-01T14:40:50.956054+00:00
fake,conrad,Hotel,"I had a very comfortable stay at the Conrad. The room felt bright and thoughtfully arranged, with a genuinely spotless carpet, crisp bedding, and no dust hiding around the desk or nightstand. The decor is modern without being overly flashy; muted colors, warm wood, and good lighting made it feel fresh rather than cold or dated. I especially appreciated the bathroom, which was spacious and immaculate, with a large walk-in shower, strong water pressure, and plenty of counter space for toiletries. Breakfast was better than expected, offering fresh fruit, pastries, made-to-order eggs, and several healthy choices, with attentive service even during the busy morning rush. Staff were friendly and efficient throughout the visit, and the quiet room made it easy to sleep. I would gladly return.",1,custom_review-luna-gpt,long,positive,structured,few_shot,long_positive_structured_few_shot,24,795,126,700,1,1,1.0,12,2026-09-01T14:40:55.393086+00:00
fake,fairmont,Hotel,"I had a very pleasant stay at the Fairmont and would happily return. The location was incredibly convenient, with restaurants, shops, and public transportation all within an easy walk, while the hotel itself still felt calm and welcoming. My room overlooked the city skyline, and watching the lights come on in the evening was a real highlight. The decor has a few traditional touches, but it felt well maintained and elegant rather than outdated; the lobby in particular was fresh and beautifully presented. Wi-Fi connected quickly and remained reliable for video calls and streaming throughout my stay. Staff were courteous without being intrusive, and check-in was smooth. The bed was exceptionally comfortable, and the room was quiet despite the central location. Overall, it offered the polished service and relaxed atmosphere I was hoping for.",1,custom_review-luna-gpt,long,positive,structured,zero_shot,long_positive_structured_zero_shot,0,849,134,700,1,1,1.0,12,2026-09-01T14:41:10.196243+00:00
fake,hardrock,Hotel,"I had a very enjoyable stay at the Hard Rock Hotel. The staff were friendly from check-in onward, quick to answer questions, and genuinely helpful without being overbearing. My room was clean, comfortable, and surprisingly quiet, with fresh, modern decor that suited the hotel's music theme without feeling tacky or dated. Breakfast offered a good variety, including fresh fruit, pastries, eggs, bacon, and decent coffee; it was busy at peak time, but the food was replenished promptly. I especially liked the view from my room, which looked across the city skyline and was lovely after dark when the lights came on. The atmosphere was lively, yet the hotel still felt well organized. A few areas were crowded during the evening, but overall the experience was polished and relaxing.",1,custom_review-luna-gpt,long,positive,structured,zero_shot,long_positive_structured_zero_shot,1,783,128,700,1,1,1.0,12,2026-09-01T14:41:13.993071+00:00
fake,hilton,Hotel,"I had a very pleasant stay at the Hilton and would gladly return. The room was spotless when I arrived, with fresh linens, a tidy bathroom, and no dust or unpleasant odors anywhere. The bed was especially comfortable, and the room stayed quiet at night, so I slept deeply despite being in a busy part of the city. The staff were consistently friendly and professional, from the efficient check-in to the helpful recommendations at the front desk. My room overlooked the river and downtown skyline, and the view was lovely both in the morning and after the city lights came on. Everything felt well maintained and thoughtfully organized. It was a comfortable, relaxing experience with service that made the hotel feel welcoming rather than impersonal.",1,custom_review-luna-gpt,long,positive,structured,zero_shot,long_positive_structured_zero_shot,2,750,125,700,1,1,1.0,12,2026-09-01T14:41:18.164866+00:00
fake,homewood,Hotel,"I had a very pleasant stay at Homewood. The suite was clean, comfortable, and thoughtfully arranged, with a small kitchen that made the longer visit feel much easier. My room faced the quieter side of the property, so I rarely heard anything beyond an occasional hallway door, and I slept well each night. The view was not dramatic, but the windows looked out over a tidy courtyard with trees and plenty of daylight, which was a nice change from facing a parking lot. The location was especially convenient, with restaurants, shops, and major roads only a short drive away. Every staff member I met was warm, professional, and quick to help, from check-in to answering questions about the area. I would gladly stay here again.",1,custom_review-luna-gpt,long,positive,structured,zero_shot,long_positive_structured_zero_shot,3,726,125,700,1,1,1.0,12,2026-09-01T14:41:22.413624+00:00
fake,hyatt,Hotel,"I had a very pleasant stay at the Hyatt and felt the experience was worth the price, especially considering the central location and consistently helpful staff. My room was bright, clean, and more spacious than expected, with a comfortable bed and plenty of outlets near the desk. The bathroom was spotless and modern, with good water pressure, soft towels, and a walk-in shower, although counter space was a little limited. Wi-Fi connected quickly and stayed reliable throughout, including during video calls and streaming. Despite being near a busy road, the room was surprisingly quiet at night; I only heard occasional hallway noise in the morning. Breakfast was fresh and convenient, and check-in was efficient. I would happily stay here again.",1,custom_review-luna-gpt,long,positive,structured,zero_shot,long_positive_structured_zero_shot,4,749,120,700,1,1,1.0,12,2026-09-01T14:41:26.077001+00:00
fake,intercontinental,Hotel,"I had a very pleasant stay at the InterContinental. The room was spotless when I arrived, with fresh linens, dust-free surfaces, and plenty of space to unpack comfortably. The bed was the highlight--firm enough for support but still cozy, and I slept deeply both nights despite being in a busy part of the city. The bathroom was equally well maintained, with good water pressure, a spacious walk-in shower, fluffy towels, and quality toiletries. Service was warm and professional without feeling overly formal. The rate was not cheap, but considering the location, comfort, and consistently high standards, it felt worthwhile, especially for a special trip. A quiet room and thoughtful details made the experience feel polished from start to finish.",1,custom_review-luna-gpt,long,positive,structured,zero_shot,long_positive_structured_zero_shot,5,749,119,700,1,1,1.0,12,2026-09-01T14:41:29.778858+00:00
fake,james,Hotel,"I had a very pleasant stay at The James and would happily return. My room was spotless when I arrived, with fresh linens, dust-free surfaces, and a comfortable bed that made it easy to settle in. The Wi-Fi connected quickly and stayed reliable for both video calls and casual streaming. The bathroom was modern and exceptionally clean, with good water pressure, plenty of towels, and quality toiletries. I also appreciated how quiet the room was, especially at night; I rarely heard hallway traffic or outside noise, which made sleeping easy. The staff were welcoming without being intrusive, and check-in was smooth. The location was convenient for getting around, and the overall atmosphere felt polished but relaxed. It was a comfortable, well-managed stay from start to finish.",1,custom_review-luna-gpt,long,positive,structured,zero_shot,long_positive_structured_zero_shot,6,781,126,700,1,1,1.0,12,2026-09-01T14:41:34.158241+00:00
fake,knickerbocker,Hotel,"I had a very enjoyable stay at The Knickerbocker. The location is exceptionally convenient, right by Times Square and close to subway lines, Broadway theaters, and plenty of restaurants, yet the hotel itself felt more polished and relaxed than the busy streets outside. My room was stylish and fresh, with modern furnishings, comfortable bedding, and thoughtful lighting; nothing felt dated or worn. Wi-Fi worked reliably throughout my stay, including for video calls and streaming. Despite being in such a lively part of Manhattan, the room was surprisingly quiet at night, with only occasional city noise. The staff were welcoming and efficient, and check-in was quick. The rooftop bar was an added highlight, offering memorable views. It is not the least expensive option, but the comfort and location made it feel worthwhile.",1,custom_review-luna-gpt,long,positive,structured,zero_shot,long_positive_structured_zero_shot,7,829,131,700,1,1,1.0,12,2026-09-01T14:41:38.589218+00:00
fake,monaco,Hotel,"I had a very pleasant stay at Hotel Monaco. The location was especially convenient, with restaurants, shops, and public transportation all within an easy walk, so I rarely needed a taxi. My room was comfortable, quiet, and clean, with a surprisingly good bed and enough space for a short visit. The Wi-Fi worked reliably throughout the hotel, including during video calls, which was important for me. What stood out most was the staff: everyone at reception was welcoming, efficient, and happy to offer directions or restaurant suggestions without being pushy. The hotel is not the cheapest option in the area, but the convenient location, comfortable amenities, and attentive service made it feel worth the price. I would gladly stay here again.",1,custom_review-luna-gpt,long,positive,structured,zero_shot,long_positive_structured_zero_shot,8,746,121,700,1,1,1.0,12,2026-09-01T14:41:42.693514+00:00
fake,omni,Hotel,"I had a very enjoyable stay at the Omni. From check-in onward, the staff were warm, professional, and genuinely helpful without being overbearing; they quickly arranged a late dinner reservation and offered useful local suggestions. My room was comfortable and spotless, with a surprisingly peaceful view of the city skyline and river from the higher floor. The decor felt fresh and polished rather than dated, especially in the lobby and bathroom, though the room still had a pleasantly classic character. The bed was excellent, and everything I needed was close at hand. My only complaint is that the stay felt far too short--I had just settled in when it was time to leave. I would gladly return for a longer visit and recommend the hotel to both business and leisure travelers.",1,custom_review-luna-gpt,long,positive,structured,zero_shot,long_positive_structured_zero_shot,9,781,131,700,1,1,1.0,12,2026-09-01T14:41:46.524963+00:00
fake,palmer,Hotel,"I had a very pleasant stay at Hotel Palmer and would happily return. My room was comfortable, quiet, and thoughtfully laid out, with a genuinely comfortable bed and enough space to unpack without feeling cramped. The bathroom was spotless and modern, with good water pressure, plenty of towels, and a walk-in shower that stayed hot throughout. Every staff member I met was welcoming and professional, from check-in to the morning coffee service, and they were quick to offer helpful local recommendations without being overbearing. The only disappointment was that my two-night stay felt far too short; I would have liked another day to enjoy the hotel and neighborhood. Considering the location, comfort, and level of service, the price felt fair and well worth it.",1,custom_review-luna-gpt,long,positive,structured,zero_shot,long_positive_structured_zero_shot,10,766,124,700,1,1,1.0,12,2026-09-01T14:41:50.319742+00:00
fake,sheraton,Hotel,"I had a very pleasant stay at the Sheraton and would happily return. My room was clean, spacious, and thoughtfully arranged, with a comfortable bed that made it easy to sleep well after a busy day. Despite being in a lively area, the room was surprisingly quiet at night; I only heard a little hallway activity in the morning. Breakfast offered a good variety, including fresh fruit, pastries, eggs, cereal, and made-to-order coffee. Everything was replenished promptly, although the dining area became busy during peak hours. The location was especially convenient, with restaurants, shops, and public transportation just a short walk away. The staff were friendly and efficient throughout my visit, from check-in to checkout, and made the whole experience feel smooth and welcoming.",1,custom_review-luna-gpt,long,positive,structured,zero_shot,long_positive_structured_zero_shot,11,784,124,700,1,1,1.0,12,2026-09-01T14:41:54.173477+00:00
fake,sofitel,Hotel,"I had a very pleasant stay at the Sofitel, although two nights felt far too short to enjoy everything properly. The room was spotless on arrival, with crisp linens, a comfortable bed, and a well-maintained bathroom. I especially appreciated how quiet it was at night despite the hotel's central setting. Breakfast offered a generous selection, including fresh fruit, pastries, eggs made to order, and good coffee; the service was attentive without being intrusive. The location was extremely convenient, with restaurants, shops, and public transport all within an easy walk, which saved us a lot of time. Staff throughout the hotel were welcoming and professional, quickly helping with directions and a late checkout request. I would happily return, preferably for a longer stay next time.",1,custom_review-luna-gpt,long,positive,structured,zero_shot,long_positive_structured_zero_shot,12,789,124,700,1,1,1.0,12,2026-09-01T14:41:58.278136+00:00
fake,swissotel,Hotel,"I had a very pleasant stay at Swissotel and would happily return. The room was spotless, with fresh linens, a tidy bathroom, and no dust or overlooked corners. Everything felt well maintained, and the bed was especially comfortable. I slept deeply both nights, helped by the quiet surroundings and effective blackout curtains. My only complaint is that the stay felt too short; I wish I had booked an extra night to enjoy the facilities and explore more of the area. Breakfast was another highlight, offering a generous selection of fresh fruit, pastries, eggs made to order, cereals, and both local and international options. The dining area was bright, and the staff kept everything replenished without being intrusive. Overall, the service was friendly, efficient, and consistently welcoming.",1,custom_review-luna-gpt,long,positive,structured,zero_shot,long_positive_structured_zero_shot,13,795,126,700,1,1,1.0,12,2026-09-01T14:42:02.028725+00:00
fake,talbott,Hotel,"I had a very pleasant stay at the Talbott and felt the price was justified, especially given the excellent location and attentive service. My room was comfortable, quiet, and noticeably clean, with a cozy design that felt more classic than dated. The furnishings had some traditional touches, but everything was well maintained and still looked fresh. Breakfast was a highlight: the menu had a good range of hot and lighter options, the coffee was reliably strong, and service was quick without feeling rushed. Wi-Fi worked consistently throughout the room and lobby, which made catching up on work easy. The staff were welcoming and helpful with restaurant suggestions and directions. Overall, the Talbott offered a relaxed, polished experience, and I would happily stay there again.",1,custom_review-luna-gpt,long,positive,structured,zero_shot,long_positive_structured_zero_shot,14,784,124,700,1,1,1.0,12,2026-09-01T14:42:06.324662+00:00
fake,affinia,Hotel,"I had a very pleasant stay at the Affinia and would happily return. My room was spacious, quiet, and thoughtfully arranged, with a comfortable bed that made it easy to sleep well after long days exploring the city. The bathroom was clean and modern, with good water pressure and plenty of towels, although the lighting could have been a little brighter. Breakfast offered a solid variety, including fresh fruit, yogurt, eggs, pastries, and good coffee; it was convenient and satisfying rather than especially memorable. The staff were welcoming and quick to help with directions and a late request for extra towels. Considering the room size, central location, and overall comfort, I felt the price was fair and definitely worth it.",1,custom_review-luna-gpt,long,positive,structured,zero_shot,long_positive_structured_zero_shot,15,732,120,700,1,1,1.0,12,2026-09-01T14:42:12.132458+00:00
fake,allegro,Hotel,"I had a very pleasant stay at Hotel Allegro and would happily return. My room overlooked the quieter side of the neighborhood, with a lovely view of the rooftops and a little greenery rather than a busy street. Everything was spotless, from the freshly made bed to the bathroom corners, and the room smelled clean without feeling overly scented. The mattress was comfortable, the curtains blocked out the morning light, and I slept deeply both nights. The staff were consistently warm and professional, greeting me with a smile and quickly helping when I needed directions and an extra towel. Check-in was smooth, and the relaxed atmosphere made the hotel feel welcoming without being noisy or crowded. Overall, it offered comfort, cleanliness, and genuinely thoughtful service at a reasonable price.",1,custom_review-luna-gpt,long,positive,structured,zero_shot,long_positive_structured_zero_shot,16,800,129,700,1,1,1.0,12,2026-09-01T14:42:16.321921+00:00
fake,amalfi,Hotel,"I had a very pleasant stay at Hotel Amalfi and would happily return. The room was clean, comfortable, and thoughtfully arranged, with a good-sized bed and fresh linens. I slept surprisingly well each night; the mattress was supportive, and the curtains kept the morning light out. Despite being fairly close to the main street, the hotel was quiet after about 10 p.m., with only occasional hallway sounds. The WiFi worked reliably for emails, streaming, and planning day trips, although it was a little slower during breakfast hours. The staff were welcoming and quick to help with restaurant recommendations and directions. My only complaint is that the stay felt too short--I wish I had booked an extra night to enjoy the area and the hotel at a more relaxed pace.",1,custom_review-luna-gpt,long,positive,structured,zero_shot,long_positive_structured_zero_shot,17,766,129,700,1,1,1.0,12,2026-09-01T14:42:28.598717+00:00
fake,ambassador,Hotel,"I had a very pleasant stay at Hotel Ambassador and felt it offered good value for the price. My room was clean, comfortable, and larger than expected, with a lovely view over the city rooftops, especially at sunset. The bed was supportive, and the room stayed quiet despite the central location. Every staff member I encountered was friendly and professional; they gave useful local recommendations and handled check-in quickly without making us feel rushed. The Wi-Fi worked reliably throughout the stay, including during a couple of video calls, which was important for me. Breakfast was fresh and varied, though the dining area became busy around 9 a.m. Overall, the hotel is not luxurious, but it is well maintained, welcoming, and a worthwhile choice for a convenient visit.",1,custom_review-luna-gpt,long,positive,structured,zero_shot,long_positive_structured_zero_shot,18,779,127,700,1,1,1.0,12,2026-09-01T14:42:33.256059+00:00
fake,conrad,Hotel,"I had a very comfortable stay at the Conrad and would gladly return. Check-in was quick and friendly, and the lobby's modern design made a good first impression. My room felt fresh and thoughtfully maintained, with tasteful furnishings rather than the dated look some business hotels have. The bed was excellent, and I slept soundly for three nights; the blackout curtains and strong shower were welcome bonuses. Wi-Fi worked reliably throughout the room, including during video calls, with no frustrating dropouts. Despite being in a busy part of the city, the hotel was surprisingly quiet at night. I occasionally heard a faint hallway door close, but there was no traffic noise or disruptive activity. Staff were attentive without being intrusive, and the breakfast selection was varied and well prepared. Overall, it was a polished, relaxing experience.",1,custom_review-luna-gpt,long,positive,structured,zero_shot,long_positive_structured_zero_shot,19,857,136,700,1,1,1.0,12,2026-09-01T14:42:37.115189+00:00
fake,fairmont,Hotel,"I had a very pleasant stay at the Fairmont and would happily return. My room was comfortable and thoughtfully laid out, with a large window overlooking the city skyline and a glimpse of the river. The view was especially lovely in the evening when the lights came on. Breakfast offered plenty of choice, including fresh fruit, pastries, eggs made to order, and good coffee, though the restaurant became busy later in the morning. The location was extremely convenient, with restaurants, shops, and public transportation all within an easy walk, while the hotel itself remained quiet and welcoming. The bed was excellent, and I slept soundly every night. Service was professional and friendly throughout, making the whole experience feel smooth and relaxing.",1,custom_review-luna-gpt,long,positive,structured,zero_shot,long_positive_structured_zero_shot,20,757,121,700,1,1,1.0,12,2026-09-01T14:42:41.277986+00:00
fake,hardrock,Hotel,"I had a really enjoyable stay at the Hard Rock Hotel and felt the price was justified, especially considering the lively atmosphere, comfortable room, and central location. The room was stylish and clean, with a surprisingly comfortable bed and plenty of space for two people. Breakfast had a good range of choices, including fresh fruit, pastries, eggs, bacon, and decent coffee, though the buffet became busy after 9 a.m. Despite the hotel's energetic music and busy lobby, our room was quiet at night, with only occasional hallway noise. I slept very well and appreciated the blackout curtains and excellent pillows. The staff were friendly and quick to help when we needed extra towels. Overall, it offered a fun experience without sacrificing comfort, and I would happily stay here again.",1,custom_review-luna-gpt,long,positive,structured,zero_shot,long_positive_structured_zero_shot,21,793,129,700,1,1,1.0,12,2026-09-01T14:42:45.852900+00:00
fake,hilton,Hotel,"I had a very pleasant stay at the Hilton and would happily return. My room was bright, clean, and comfortable, with a lovely view over the city skyline and the river in the distance. The bed was excellent, and despite being in a central area, the room was surprisingly quiet at night; I only heard occasional hallway noise. Breakfast offered a generous selection, including fresh fruit, pastries, eggs made to order, and good coffee, with plenty of seating even during the busy morning period. The location was especially convenient, within an easy walk of restaurants, shops, and public transportation, which made getting around simple. Staff were friendly and professional throughout, quickly helping with check-in and providing useful local recommendations. Overall, it was a comfortable and well-managed stay.",1,custom_review-luna-gpt,long,positive,structured,zero_shot,long_positive_structured_zero_shot,22,813,127,700,1,1,1.0,12,2026-09-01T14:42:52.244807+00:00
fake,homewood,Hotel,"I had a very pleasant stay at Homewood and would gladly return. The room was spotless when I arrived, with clean linens, a fresh bathroom, and no signs of dust or wear in the corners. It was also surprisingly quiet, which made it easy to relax after a long day. Every staff member I encountered was friendly and professional, from check-in to the morning departure, and they were happy to answer questions without being overly formal. The decor is not especially modern, but it felt well maintained and comfortable rather than genuinely dated. The bed was supportive, and having a little extra space made the room feel less cramped. Considering the cleanliness, service, and overall comfort, the price felt fair and well worth it.",1,custom_review-luna-gpt,long,positive,structured,zero_shot,long_positive_structured_zero_shot,23,730,124,700,1,1,1.0,12,2026-09-01T14:42:56.160809+00:00
fake,hyatt,Hotel,"I had a very pleasant stay at the Hyatt and felt it offered good value for the price, especially given the central location and comfortable facilities. The lobby and room decor felt fresh and modern without being overly trendy, with thoughtful lighting, a comfortable bed, and a spotless bathroom. Every staff member I encountered was welcoming and professional, from check-in to the breakfast team, and they handled a small room request quickly and cheerfully. My room faced the city, with a wide view of the skyline and plenty of light during the day; it was especially attractive after sunset when the buildings lit up. The hotel was quiet at night despite its busy surroundings. I would gladly stay here again and would recommend it for both business and leisure trips.",1,custom_review-luna-gpt,long,positive,structured,zero_shot,long_positive_structured_zero_shot,24,773,130,700,1,1,1.0,12,2026-09-01T14:43:00.153159+00:00
fake,intercontinental,Hotel,"I had a very comfortable three-night stay at the Intercontinental. The building has plenty of character, especially the historic details in the lobby, but the rooms still feel bright and well maintained. My room was quiet, with a genuinely comfortable bed, a useful desk, and a bathroom that had good water pressure and more than enough space for my things. Everyone I dealt with was courteous, from check-in to the concierge, and requests were handled quickly without making me chase anyone. The location was convenient for getting around, with restaurants and shops within easy walking distance. I also appreciated the well-equipped fitness room, which was open early enough for my schedule. It is not the cheapest option, but the service and overall comfort made it feel worthwhile.",1,custom_review-luna-gpt,long,positive,unstructured,few_shot,long_positive_unstructured_few_shot,0,785,127,700,1,1,1.0,12,2026-09-01T14:43:03.992370+00:00
fake,james,Hotel,"I stayed at The James for a long weekend and was pleasantly surprised by how comfortable everything felt. The location is excellent, with plenty of restaurants, shops, and the river all within an easy walk, but the room was quiet at night. My king room was a good size, with a very comfortable bed, useful seating area, and a bathroom that was clean and well stocked. I also appreciated the small touches, like the bottled water and the friendly housekeeping service. Check-in was quick, and everyone at the desk was genuinely helpful when I asked for directions and a late dinner recommendation. The decor is modern without feeling cold. It is not the least expensive option downtown, but the service and convenient location made it feel worth the price.",1,custom_review-luna-gpt,long,positive,unstructured,few_shot,long_positive_unstructured_few_shot,1,755,129,700,1,1,1.0,12,2026-09-01T14:43:08.119311+00:00
fake,knickerbocker,Hotel,"The Knickerbocker was a great base for a long weekend in New York. Its location right by Times Square is busy, obviously, but incredibly convenient for the subway, Broadway, and walking almost anywhere in Midtown. Once inside, the hotel felt much calmer than the surrounding streets. Our room was comfortably sized, stylish without being overdone, and very quiet at night. The bed was excellent, and the bathroom had plenty of counter space and a strong shower. Everyone we dealt with, from the front desk to housekeeping, was friendly and quick to help when we needed restaurant suggestions. We also enjoyed a drink at St. Cloud, where the rooftop views are impressive. Rates can be high, but the service, comfort, and location made the stay feel worthwhile.",1,custom_review-luna-gpt,long,positive,unstructured,few_shot,long_positive_unstructured_few_shot,2,759,126,700,1,1,1.0,12,2026-09-01T14:43:12.313823+00:00
fake,monaco,Hotel,"Hotel Monaco was a lovely choice for a weekend in the city. The lobby has a playful, colorful feel without being too loud, and check-in was quick even though we arrived early. Our room was comfortable and surprisingly quiet, with a very good bed, plenty of storage, and a large bathroom. I appreciated the small touches, especially the robes and the complimentary coffee in the morning. The staff were friendly whenever we had a question and gave us a couple of genuinely useful restaurant suggestions nearby. The location made it easy to walk to several attractions, while taxis were readily available for farther trips. My only minor complaint was that the room felt a little dim at night, but overall it was clean, well maintained, and much more personal than a standard chain hotel.",1,custom_review-luna-gpt,long,positive,unstructured,few_shot,long_positive_unstructured_few_shot,3,786,134,700,1,1,1.0,12,2026-09-01T14:43:16.177596+00:00
fake,omni,Hotel,"I had a very comfortable three-night stay at the Omni. The location was ideal for getting around downtown, with shops, restaurants, and several attractions just a short walk away. My room was larger than expected and thoughtfully laid out, with a sitting area that made it easy to relax without feeling like I was on top of my luggage. Everything was clean, quiet, and in good condition, and the bed was especially comfortable after long days exploring the city. Check-in was quick, and every staff member I dealt with was friendly without being overbearing. I also appreciated the well-equipped fitness room and the easy-to-use Wi-Fi. Prices at the hotel restaurant felt a little high, but the service and food were good. I would happily stay here again.",1,custom_review-luna-gpt,long,positive,unstructured,few_shot,long_positive_unstructured_few_shot,4,755,127,700,1,1,1.0,12,2026-09-01T14:43:20.745421+00:00
fake,palmer,Hotel,"I had a very pleasant stay at Hotel Palmer. The lobby has a classic, slightly grand feel, but the service was relaxed and genuinely friendly rather than formal. My room was comfortable and quiet, with a good bed, plenty of storage, and a desk that made it easy to catch up on work. Everything was clean when I arrived, and the housekeeping staff did a nice job during the rest of my stay. I especially appreciated being able to walk to several restaurants, shops, and nearby attractions without needing a car. The elevators were busy around check-in, though they moved along quickly. Staff at the front desk were helpful with directions and a late checkout request. Overall, it was a convenient, comfortable stay, and I would happily book here again.",1,custom_review-luna-gpt,long,positive,unstructured,few_shot,long_positive_unstructured_few_shot,5,750,130,700,1,1,1.0,12,2026-09-01T14:43:24.669325+00:00
fake,sheraton,Hotel,"I had a very comfortable two-night stay at the Sheraton while visiting for a conference. The lobby was busy, but check-in moved quickly and the front desk agent was friendly and clear about the hotel facilities. My room was clean, quiet, and larger than expected, with a comfortable bed, plenty of outlets, and a desk that made catching up on email easy. I especially appreciated the strong water pressure and the surprisingly good coffee in the room. The fitness center was well maintained, and the restaurant downstairs was convenient for breakfast when I didn't feel like going out. The location also made it simple to get around, with restaurants and public transportation nearby. Nothing felt overly formal, but everything worked well. I'd gladly stay here again.",1,custom_review-luna-gpt,long,positive,unstructured,few_shot,long_positive_unstructured_few_shot,6,768,126,700,1,1,1.0,12,2026-09-01T14:43:28.940380+00:00
fake,sofitel,Hotel,"I had a very pleasant stay at the Sofitel. The lobby felt polished without being overly formal, and the front desk team handled check-in quickly while still taking time to answer my questions about the area. My room was quiet, comfortable, and thoughtfully laid out, with a genuinely comfortable bed, good lighting, and plenty of space for luggage. I especially appreciated the large windows and the spotless bathroom, which had strong water pressure and nice toiletries. Breakfast was fresh and well presented, although the coffee service was a little slow during the busiest period. The hotel's location made it easy to walk to restaurants, shops, and public transport. Overall, it offered the kind of dependable service and calm atmosphere that made returning after a long day especially enjoyable.",1,custom_review-luna-gpt,long,positive,unstructured,few_shot,long_positive_unstructured_few_shot,7,801,128,700,1,1,1.0,12,2026-09-01T14:43:33.209839+00:00
fake,swissotel,Hotel,"I had a very comfortable three-night stay at Swissotel. The location was convenient for getting around, with restaurants, shops, and public transport all within an easy walk. My room was bright, quiet, and surprisingly spacious, with a really comfortable bed and plenty of storage for a longer visit. I also appreciated the practical desk area and the large windows, even though the view was mostly city buildings. Everything was spotless when I arrived, and housekeeping was discreet and consistent. The front desk team handled check-in quickly and were happy to arrange a taxi and suggest a few nearby places for dinner. Breakfast had a good variety, including fresh fruit and made-to-order eggs. It is not the cheapest option, but the service and overall comfort made it feel worthwhile.",1,custom_review-luna-gpt,long,positive,unstructured,few_shot,long_positive_unstructured_few_shot,8,790,128,700,1,1,1.0,12,2026-09-01T14:43:37.660033+00:00
fake,talbott,Hotel,"I stayed at The Talbott for a long weekend and came away very happy with the experience. The location in the Gold Coast is ideal--quiet enough at night, but close to restaurants, shopping, and the lakefront. My room was comfortable and surprisingly roomy, with a very good bed, plenty of storage, and a bathroom that had clearly been updated. What stood out most was the staff. Everyone I dealt with, from the front desk to housekeeping, was friendly without being overbearing, and they were quick to help with directions and dinner suggestions. The lobby has a relaxed, intimate feel rather than a busy business-hotel atmosphere. Wi-Fi worked well, and I appreciated the in-room coffee each morning. It is not the cheapest option in Chicago, but the service and location made it feel worthwhile.",1,custom_review-luna-gpt,long,positive,unstructured,few_shot,long_positive_unstructured_few_shot,9,796,133,700,1,1,1.0,12,2026-09-01T14:43:41.502664+00:00
fake,affinia,Hotel,"I had a very pleasant stay at the Affinia. The location made getting around easy, with restaurants, shops, and public transportation all close by, yet my room was quiet at night. I appreciated having more space than in a typical city hotel, including a comfortable sitting area and a small kitchen setup that was handy for keeping drinks and snacks. The bed was cozy, and everything was clean when I arrived. What really stood out was the staff: check-in was quick, and everyone I dealt with was friendly without being overbearing. The decor is a little dated in places, but that was a minor issue compared with the overall comfort and convenience. I would happily stay here again, especially for a longer visit.",1,custom_review-luna-gpt,long,positive,unstructured,few_shot,long_positive_unstructured_few_shot,10,712,123,700,1,1,1.0,12,2026-09-01T14:43:46.518782+00:00
fake,allegro,Hotel,"I stayed at Hotel Allegro for a long weekend and came away very happy with the choice. The lobby has a lively, old-school theater feel without being too formal, and the front desk staff were friendly whenever I had a question. My room was on the smaller side, but it was comfortable, quiet, and nicely laid out, with a surprisingly good bed and plenty of outlets near the desk. Everything was clean, including the bathroom, and housekeeping did a thorough job each day. The location is excellent for exploring downtown, with restaurants, the river, and several theaters within an easy walk. I also appreciated being able to leave my bags after checkout. It is not the newest hotel in Chicago, but the character, service, and convenient location made it a very enjoyable stay.",1,custom_review-luna-gpt,long,positive,unstructured,few_shot,long_positive_unstructured_few_shot,11,775,133,700,1,1,1.0,12,2026-09-01T14:43:50.638794+00:00
fake,amalfi,Hotel,"Hotel Amalfi was a very pleasant surprise for our weekend stay. The location made it easy to get around, with restaurants and a few interesting shops within walking distance, yet our room was quiet at night. Check-in was quick, and the front desk staff were genuinely friendly without being overbearing. Our room had plenty of space for two, a comfortable bed, good water pressure, and a small sitting area where we could relax after sightseeing. Everything was clean, although the carpet in the hallway looked a little tired. We also appreciated the coffee available in the lobby each morning. It is not an ultra-luxury property, but the service, comfort, and convenient location felt like good value. I would happily stay at Hotel Amalfi again.",1,custom_review-luna-gpt,long,positive,unstructured,few_shot,long_positive_unstructured_few_shot,12,746,124,700,1,1,1.0,12,2026-09-01T14:44:03.329222+00:00
fake,ambassador,Hotel,"I had a very pleasant three-night stay at the Ambassador. The building has some old-school character, but the room itself was comfortable, quiet, and well maintained. My bed was especially good, and I appreciated having plenty of outlets and a small desk since I had some work to finish. Everyone I dealt with, from the front desk to housekeeping, was friendly without being overbearing. Check-in was quick, and they happily stored my bags on the final day. The neighborhood was another highlight, with restaurants, coffee shops, and transit all within an easy walk. The only minor issue was that the bathroom felt a little dated, though it was spotless and had good water pressure. Overall, it was a relaxed, convenient stay, and I would gladly book the Ambassador again.",1,custom_review-luna-gpt,long,positive,unstructured,few_shot,long_positive_unstructured_few_shot,13,772,129,700,1,1,1.0,12,2026-09-01T14:44:14.686742+00:00
fake,conrad,Hotel,"I had a very comfortable three-night stay at the Conrad. The check-in process was quick, and the front desk staff were welcoming without being overly formal. My room was spotless, quiet, and thoughtfully laid out, with a genuinely comfortable bed, plenty of outlets, and a large bathroom with excellent water pressure. I especially appreciated the small touches, like the good quality coffee and the evening housekeeping service. The hotel's central location made it easy to get around, and I could walk to several restaurants and shops. I also used the fitness center, which was bright and better equipped than expected. Breakfast was a little expensive, but the food was well prepared and the service was attentive. Overall, it felt polished but still relaxed, and I would happily stay here again.",1,custom_review-luna-gpt,long,positive,unstructured,few_shot,long_positive_unstructured_few_shot,14,799,130,700,1,1,1.0,12,2026-09-01T14:44:18.626809+00:00
fake,fairmont,Hotel,"Our stay at the Fairmont was a very pleasant surprise. The lobby felt polished without being stuffy, and check-in was quick even though we arrived earlier than expected. Our room was quiet, comfortable, and larger than it looked online, with a genuinely comfortable bed and plenty of space for our luggage. Housekeeping did a careful job, and the small evening turndown was a nice touch. We had breakfast at the hotel one morning; it was a little expensive, but the coffee was excellent and everything arrived quickly. What stood out most was the staff. Everyone we dealt with, from the front desk to the restaurant, was friendly and patient when we needed directions and a late checkout. It is not the cheapest option, but the service and overall ease made it feel worthwhile.",1,custom_review-luna-gpt,long,positive,unstructured,few_shot,long_positive_unstructured_few_shot,15,777,133,700,1,1,1.0,12,2026-09-01T14:44:22.716189+00:00
fake,hardrock,Hotel,"I had a really enjoyable stay at the Hard Rock Hotel. The whole place has a lively atmosphere without feeling chaotic, and the music-themed details give it much more personality than a typical chain hotel. My room was clean, comfortable, and surprisingly quiet at night, with a very good bed and plenty of space for my bags. Check-in was quick, and everyone I dealt with was friendly, especially the front desk staff, who pointed me toward a couple of nearby restaurants. I also liked being able to grab coffee and a quick breakfast downstairs before heading out. The location made getting around easy, and there was always something interesting to look at in the lobby. It is not the cheapest option, but the service and overall experience made it feel worthwhile.",1,custom_review-luna-gpt,long,positive,unstructured,few_shot,long_positive_unstructured_few_shot,16,765,131,700,1,1,1.0,12,2026-09-01T14:44:33.755590+00:00
fake,hilton,Hotel,"I stayed at the Hilton for three nights while visiting for a conference and came away very pleased. The location made getting around easy, with restaurants and public transportation only a short walk away. My room was quiet, comfortable, and larger than expected, with a good desk, plenty of outlets, and a bed that was genuinely hard to leave in the morning. Everything was clean, although the bathroom showed a little wear around the fixtures. Check-in was quick, and the front desk staff were friendly whenever I had a question. I also appreciated the well-equipped fitness room and the coffee shop downstairs for an early start. Wi-Fi worked reliably throughout my stay. It is not the most distinctive hotel I have visited, but it was dependable, comfortable, and well managed.",1,custom_review-luna-gpt,long,positive,unstructured,few_shot,long_positive_unstructured_few_shot,17,781,130,700,1,1,1.0,12,2026-09-01T14:44:38.288922+00:00
fake,homewood,Hotel,"I had a very comfortable stay at Homewood. The suite was clean, quiet, and genuinely useful for a longer visit, with a small kitchen, full-size refrigerator, and enough seating to spread out instead of living from a suitcase. The bed was comfortable, and housekeeping kept everything in good shape without being intrusive. I appreciated the complimentary breakfast, especially on busy mornings, and the evening social was a nice bonus after a long day. Staff at the front desk were friendly and quick to help when I needed a late checkout and directions to a nearby restaurant. The fitness room was modest but perfectly adequate. A few fixtures looked slightly dated, but nothing affected my stay. Overall, it felt more relaxed and spacious than a typical hotel, and I would gladly return.",1,custom_review-luna-gpt,long,positive,unstructured,few_shot,long_positive_unstructured_few_shot,18,789,131,700,1,1,1.0,12,2026-09-01T14:44:42.501743+00:00
fake,hyatt,Hotel,"I had a very comfortable stay at the Hyatt while visiting for a long weekend. The check-in desk was busy when I arrived, but the line moved quickly and the staff remained friendly and organized. My room was bright, quiet, and larger than expected, with a genuinely comfortable bed, plenty of outlets, and a good-sized desk for catching up on email. I especially appreciated how spotless the bathroom was and the strong water pressure in the shower. The hotel is also well placed for restaurants, shopping, and public transportation, so I barely needed a taxi. Breakfast in the lobby restaurant was fresh, although service slowed down during the morning rush. Overall, the property felt polished without being stuffy, and I would happily book the Hyatt again.",1,custom_review-luna-gpt,long,positive,unstructured,few_shot,long_positive_unstructured_few_shot,19,758,126,700,1,1,1.0,12,2026-09-01T14:44:46.618310+00:00
fake,intercontinental,Hotel,"I had a very comfortable stay at the InterContinental and would happily book it again. The lobby has an impressive old-world feel, but the service was warm rather than formal or stiff. Check-in was quick, and the front desk arranged a late checkout without making it complicated. My room was quiet, with a genuinely comfortable bed, plenty of storage, and a good desk for catching up on email. I especially liked the large windows and the well-maintained bathroom, although the shower took a minute to get to the right temperature. The location made it easy to walk to restaurants, shops, and nearby attractions, and the fitness center was better equipped than expected. A small coffee shop in the building was also convenient on busy mornings. Overall, polished, relaxing, and worth the rate.",1,custom_review-luna-gpt,long,positive,unstructured,few_shot,long_positive_unstructured_few_shot,20,793,132,700,1,1,1.0,12,2026-09-01T14:44:50.811582+00:00
fake,james,Hotel,"I stayed at The James for a long weekend and was pleasantly surprised by how relaxed the whole experience felt, especially given the downtown location. The room was quiet, thoughtfully laid out, and had a very comfortable bed, with plenty of space for luggage and a small work area. I liked the simple, contemporary design more than the overly decorated style some hotels go for. Everyone at the front desk was friendly and quick to help with directions, restaurant suggestions, and a late checkout request. The location made it easy to walk to shops, restaurants, and the river, while taxis were easy to find when the weather turned. Housekeeping kept everything spotless without being intrusive. It is not the cheapest option, but the service and convenience made it feel worthwhile.",1,custom_review-luna-gpt,long,positive,unstructured,few_shot,long_positive_unstructured_few_shot,21,785,130,700,1,1,1.0,12,2026-09-01T14:44:54.857771+00:00
fake,knickerbocker,Hotel,"I had a very comfortable three-night stay at The Knickerbocker. The location is hard to beat, right by Times Square but with surprisingly good soundproofing once you're inside. My room was modern, spotless, and larger than I expected for Manhattan, with a genuinely comfortable bed and plenty of outlets near the desk. The staff were friendly without being overbearing, and they handled an early check-in request quickly after a long flight. I also enjoyed a drink at the rooftop bar; the views were excellent, although it gets busy around sunset, so reservations are worthwhile. The lobby can feel lively and crowded, but that seemed appropriate for the area. Prices aren't low, yet the service, location, and overall comfort made it feel like a worthwhile splurge.",1,custom_review-luna-gpt,long,positive,unstructured,few_shot,long_positive_unstructured_few_shot,22,766,125,700,1,1,1.0,12,2026-09-01T14:44:59.163393+00:00
fake,monaco,Hotel,"Hotel Monaco was a really enjoyable base for a weekend in the city. The location made it easy to walk to restaurants, shops, and the river, but the room was quiet enough at night that we slept very well. I liked the playful decor and the little extra touches, especially the comfortable robes and the complimentary coffee in the morning. Our room was not huge, though it had plenty of storage and a surprisingly comfortable sitting area. Everyone at the front desk was friendly without being overbearing, and they gave us a couple of genuinely useful dinner suggestions. The only minor issue was that the bathroom lighting was a bit dim. Otherwise, the hotel felt clean, relaxed, and well run, and I would happily book it again.",1,custom_review-luna-gpt,long,positive,unstructured,few_shot,long_positive_unstructured_few_shot,23,728,127,700,1,1,1.0,12,2026-09-01T14:45:03.565375+00:00
fake,omni,Hotel,"I had a very comfortable three-night stay at the Omni Chicago. The location on Michigan Avenue made it easy to walk to restaurants, shops, and the river, and we hardly needed a taxi. Our room was surprisingly roomy, with a small sitting area that gave us space to relax without feeling like we were sitting on the bed. Everything was clean and in good condition, and the bed was excellent after long days exploring the city. Check-in was quick, while the front desk staff remained friendly and useful whenever we had a question. We also appreciated how quiet the room was at night despite being downtown. The lobby cafe was convenient for morning coffee, although breakfast there was a little pricey. Overall, it was a polished, comfortable base, and I would happily return.",1,custom_review-luna-gpt,long,positive,unstructured,few_shot,long_positive_unstructured_few_shot,24,774,133,700,1,1,1.0,12,2026-09-01T14:45:08.337001+00:00
fake,palmer,Hotel,"I had a really pleasant stay at Hotel Palmer. The location made it easy to walk to restaurants, shops, and the waterfront, but the hotel itself was quiet and relaxing at night. My room was bright, clean, and thoughtfully arranged, with a comfortable bed, plenty of outlets, and a surprisingly good shower. I also appreciated the small touches, like the quality toiletries and the coffee available in the morning. Everyone I encountered at the front desk was friendly and genuinely helpful, especially when I asked for local dining suggestions. Check-in was quick, and the common areas had a warm, modern feel without being overly fancy. It wasn't the largest room I've stayed in, but it was more than adequate and felt well cared for. I'd happily return to the Palmer.",1,custom_review-luna-gpt,long,positive,unstructured,zero_shot,long_positive_unstructured_zero_shot,0,768,130,700,1,1,1.0,12,2026-09-01T14:45:13.060833+00:00
fake,sheraton,Hotel,"I had a very pleasant stay at the Sheraton and would happily return. Check-in was quick and friendly, even though I arrived later than expected, and my room was spacious, quiet, and exceptionally clean. The bed was comfortable, with good-quality linens, and I appreciated having plenty of outlets near the desk. The lobby feels modern without being overly formal, and the staff were consistently polite whenever I needed directions or extra towels. I also enjoyed breakfast; there was a good variety of fresh fruit, pastries, eggs, and coffee, and the dining area never felt chaotic. The fitness center was well maintained, although it got a little busy in the evening. Wi-Fi worked reliably throughout my stay. Overall, the Sheraton delivered a comfortable, dependable experience with a few thoughtful touches that made it feel easy and relaxing.",1,custom_review-luna-gpt,long,positive,unstructured,zero_shot,long_positive_unstructured_zero_shot,1,847,136,700,1,1,1.0,12,2026-09-01T14:45:17.059477+00:00
fake,sofitel,Hotel,"We had a very pleasant stay at the Sofitel and would happily return. The lobby felt elegant without being overly formal, and check-in was quick, friendly, and well organized. Our room was spacious, quiet, and exceptionally comfortable, with crisp bedding and a lovely city view. I especially appreciated the thoughtful touches, including the quality toiletries, good lighting, and plenty of outlets near the bed. Breakfast offered a wide selection, from fresh fruit and pastries to cooked options, and the coffee was surprisingly good. The staff throughout the hotel were attentive but never intrusive, always greeting us warmly and helping with directions or restaurant suggestions. The only minor issue was that the Wi-Fi slowed down in the evening, but it did not affect our overall experience. A polished, relaxing stay with genuinely excellent service.",1,custom_review-luna-gpt,long,positive,unstructured,zero_shot,long_positive_unstructured_zero_shot,2,857,133,700,1,1,1.0,12,2026-09-01T14:45:21.499456+00:00
fake,swissotel,Hotel,"I had a very pleasant stay at Swissotel and would happily return. The check-in was quick and friendly, even though I arrived later than planned, and my room was clean, quiet, and nicely laid out. The bed was especially comfortable, and I appreciated the large windows and thoughtful touches like plenty of outlets and good water pressure. Breakfast offered a decent variety, from fresh fruit and pastries to hot dishes, although the restaurant became busy around 9 a.m. The location was convenient for getting around, with shops and public transport within an easy walk. Staff were consistently polite and helpful without being overly formal. My only minor complaint is that the Wi-Fi slowed down in the evening, but overall the hotel felt comfortable, well managed, and worth the price.",1,custom_review-luna-gpt,long,positive,unstructured,zero_shot,long_positive_unstructured_zero_shot,3,787,129,700,1,1,1.0,12,2026-09-01T14:45:25.416357+00:00
fake,talbott,Hotel,"I had a really pleasant stay at Hotel Talbott. The location in the Gold Coast was ideal--quiet enough to sleep well, but close to great restaurants, shopping, and the lakefront. My room was spacious, spotless, and surprisingly quiet for being in the city, with a very comfortable bed and a good-sized bathroom. The staff made the experience especially enjoyable; everyone I spoke with was welcoming, efficient, and happy to offer recommendations. I also appreciated the small touches, like the lobby atmosphere and the easy access to coffee in the morning. Check-in was quick, and checkout was just as smooth. The only minor issue was that the Wi-Fi slowed down briefly one evening, but it didn't affect my stay. I would happily return on my next Chicago trip.",1,custom_review-luna-gpt,long,positive,unstructured,zero_shot,long_positive_unstructured_zero_shot,4,760,127,700,1,1,1.0,12,2026-09-01T14:45:29.382813+00:00
fake,affinia,Hotel,"I had a very pleasant stay at Affinia and would happily return. The location was especially convenient, with restaurants, shops, and public transportation all within an easy walk, yet my room was surprisingly quiet at night. The suite was spacious by city standards, with a comfortable bed, a small sitting area, and plenty of storage for a longer visit. Everything was clean and in good condition, although the bathroom could use a little updating. The front desk staff were welcoming and quick to help when I needed directions and a late checkout. I also appreciated the relaxed atmosphere; it felt more personal than a typical large hotel. Wi-Fi worked reliably, and housekeeping did a thorough job each day. Overall, it was a comfortable, well-located, and good-value stay.",1,custom_review-luna-gpt,long,positive,unstructured,zero_shot,long_positive_unstructured_zero_shot,5,777,127,700,1,1,1.0,12,2026-09-01T14:45:33.436161+00:00
fake,allegro,Hotel,"I had a very pleasant stay at Hotel Allegro and would happily return. The location was especially convenient, with restaurants, shops, and public transport all within an easy walk, yet my room was surprisingly quiet at night. It was not huge, but it was bright, clean, and thoughtfully arranged, with a comfortable bed, good shower pressure, and plenty of outlets. The staff were friendly without being overbearing, and check-in took only a few minutes. I also appreciated the small touches, such as the fresh water in the room and the well-maintained common areas. Breakfast offered a decent variety of fresh pastries, fruit, eggs, and coffee. Wi-Fi worked reliably throughout my stay. Overall, it felt welcoming, efficient, and good value for the price.",1,custom_review-luna-gpt,long,positive,unstructured,zero_shot,long_positive_unstructured_zero_shot,6,755,122,700,1,1,1.0,12,2026-09-01T14:45:37.399510+00:00
fake,amalfi,Hotel,"I had a very pleasant stay at Hotel Amalfi. The location was convenient, with restaurants, small shops, and public transportation all within an easy walk, yet the street was quiet enough at night. My room was clean, bright, and comfortably furnished, with a surprisingly good mattress and plenty of storage for a longer visit. The bathroom looked recently refreshed, and the water pressure was excellent. Staff at reception were welcoming and helpful, especially when I needed directions and a late taxi. Breakfast offered a nice variety of fresh fruit, pastries, eggs, and good coffee, although the room became busy around 9 a.m. Wi-Fi worked reliably throughout my stay. It is not a luxury property, but it felt well cared for and offered very good value.",1,custom_review-luna-gpt,long,positive,unstructured,zero_shot,long_positive_unstructured_zero_shot,7,757,125,700,1,1,1.0,12,2026-09-01T14:45:41.647132+00:00
fake,ambassador,Hotel,"I had a very pleasant stay at Hotel Ambassador and would happily return. The check-in process was quick and friendly, even though I arrived a little later than planned, and the staff at reception were helpful throughout the visit without being overbearing. My room was clean, quiet, and more spacious than expected, with a comfortable bed and a good shower. I especially appreciated the little details, such as plenty of outlets and reliable Wi-Fi. Breakfast had a nice variety, including fresh fruit, pastries, and hot dishes, and the dining area never felt rushed. The location was also convenient for getting around, with restaurants and public transportation nearby. A few furnishings looked slightly dated, but everything was well maintained and the overall experience was comfortable, relaxed, and good value.",1,custom_review-luna-gpt,long,positive,unstructured,zero_shot,long_positive_unstructured_zero_shot,8,815,128,700,1,1,1.0,12,2026-09-01T14:45:45.561264+00:00
fake,conrad,Hotel,"I had a very pleasant stay at the Conrad and would happily return. The lobby felt elegant without being overly formal, and check-in was quick, friendly, and well organized. My room was spacious, quiet, and exceptionally clean, with a comfortable bed and a great city view. I especially appreciated the thoughtful details, including the quality toiletries, plenty of outlets, and the coffee setup for early mornings. Breakfast had a good variety, though the restaurant was busy one day, so service took a little longer than expected. The staff throughout the hotel were warm and attentive, always greeting me with a smile and helping with directions or transport suggestions. The location also made it easy to explore nearby attractions. Overall, it was a polished, relaxing experience and good value for the level of service.",1,custom_review-luna-gpt,long,positive,unstructured,zero_shot,long_positive_unstructured_zero_shot,9,825,133,700,1,1,1.0,12,2026-09-01T14:45:49.436426+00:00
fake,fairmont,Hotel,"I had a very pleasant stay at the Fairmont and would happily return. From check-in onward, the staff were warm, professional, and genuinely helpful without being overbearing. My room was spacious, quiet, and spotless, with a comfortable bed and a great city view. I especially appreciated the small details, such as the excellent water pressure, quality toiletries, and plenty of outlets near the desk. Breakfast was varied and fresh, though the restaurant became busy later in the morning. The lobby had an elegant atmosphere, and it was nice to have a quiet place to sit between meetings. The location also made getting around easy, with several restaurants and attractions within walking distance. Service at checkout was equally smooth. It is not the least expensive option, but the comfort and attentive service made it feel worthwhile.",1,custom_review-luna-gpt,long,positive,unstructured,zero_shot,long_positive_unstructured_zero_shot,10,841,135,700,1,1,1.0,12,2026-09-01T14:45:53.411312+00:00
fake,hardrock,Hotel,"We had a really enjoyable stay at the Hard Rock Hotel. The whole place has a lively atmosphere without feeling chaotic, and the music-themed decor gives it much more personality than a typical chain hotel. Our room was clean, comfortable, and surprisingly quiet at night, with a very good bed and plenty of storage. Check-in was quick, and the staff were friendly whenever we needed anything. We especially liked the pool area, which was well maintained and a great place to relax in the afternoon. The restaurant was convenient for breakfast, although service was a little slow during the busiest period. It is not the cheapest option, but the location, entertainment, and overall experience made it feel worth the price. We would happily stay here again.",1,custom_review-luna-gpt,long,positive,unstructured,zero_shot,long_positive_unstructured_zero_shot,11,756,126,700,1,1,1.0,12,2026-09-01T14:45:57.375693+00:00
fake,hilton,Hotel,"I had a very comfortable stay at the Hilton and would happily return. Check-in was quick and friendly, even though I arrived a little earlier than expected, and the front desk staff gave me useful recommendations for nearby restaurants. My room was spacious, quiet, and spotless, with a genuinely comfortable bed and plenty of outlets for working. I also appreciated the strong Wi-Fi and the large shower with good water pressure. Breakfast had a nice variety, from fresh fruit and yogurt to hot options, and the coffee was better than expected. The only minor issue was that the elevators were busy around checkout time, but it didn't affect the overall experience. The hotel felt well managed, welcoming, and convenient for both business and sightseeing.",1,custom_review-luna-gpt,long,positive,unstructured,zero_shot,long_positive_unstructured_zero_shot,12,756,124,700,1,1,1.0,12,2026-09-01T14:46:01.597687+00:00
fake,homewood,Hotel,"I had a really comfortable stay at Homewood. The suite was spacious, clean, and laid out well, with a small kitchen that made it easy to keep drinks and snacks on hand. The bed was especially comfortable, and the room stayed surprisingly quiet at night despite the hotel being fairly busy. I also appreciated the included breakfast; there was a good variety each morning, and the staff kept everything stocked. Everyone I encountered at the front desk was friendly and genuinely helpful, particularly when I needed directions to a nearby restaurant. The lobby and fitness area were tidy, and parking was convenient. My only minor complaint is that the Wi-Fi slowed down in the evening, but overall the hotel felt welcoming, well-maintained, and like a great value.",1,custom_review-luna-gpt,long,positive,unstructured,zero_shot,long_positive_unstructured_zero_shot,13,764,127,700,1,1,1.0,12,2026-09-01T14:46:05.694603+00:00
fake,hyatt,Hotel,"I had a very pleasant stay at the Hyatt and would happily return. Check-in was quick and friendly, even though I arrived later than expected, and the front desk staff gave me a few useful local recommendations. My room was clean, quiet, and more spacious than I anticipated, with a comfortable bed, plenty of outlets, and a surprisingly nice city view. I also appreciated the strong Wi-Fi and the small coffee setup in the morning. Breakfast had a good variety, and everything I tried was fresh, though the restaurant got busy around 9 a.m. The fitness center was well maintained, and housekeeping kept the room tidy without being intrusive. The location made it easy to walk to restaurants and nearby attractions. Overall, it was a comfortable, polished experience with genuinely helpful service.",1,custom_review-luna-gpt,long,positive,unstructured,zero_shot,long_positive_unstructured_zero_shot,14,797,132,700,1,1,1.0,12,2026-09-01T14:46:09.348382+00:00
fake,intercontinental,Hotel,"I had a very pleasant stay at the InterContinental. The lobby was elegant without feeling overly formal, and check-in was quick, friendly, and well organized. My room was spacious, quiet, and exceptionally clean, with a comfortable bed and a great view of the city from the higher floor. I especially appreciated the thoughtful touches, including plenty of outlets, good water pressure, and a coffee machine that was easy to use. Breakfast had a generous selection, from fresh fruit and pastries to hot local dishes, although it became busy around 9 a.m. The staff throughout the hotel were consistently professional and genuinely helpful, particularly when arranging a late taxi. Prices are not the lowest, but the service, location, and overall comfort made the stay feel worthwhile. I would gladly return.",1,custom_review-luna-gpt,long,positive,unstructured,zero_shot,long_positive_unstructured_zero_shot,15,808,129,700,1,1,1.0,12,2026-09-01T14:46:13.552311+00:00
fake,james,Hotel,"I had a very pleasant stay at Hotel James and would happily return. The location was convenient for getting around, with restaurants and shops close enough to reach on foot, but the room itself was surprisingly quiet at night. My room was clean, comfortable, and thoughtfully laid out, with a good bed, plenty of outlets, and a surprisingly nice shower. The front desk staff were consistently warm and helpful, especially when I needed directions and a late checkout. I also enjoyed the relaxed atmosphere in the lobby and the coffee available in the morning. My only minor complaint is that the room felt a little small for two suitcases, but it was still perfectly manageable. Overall, the service, cleanliness, and comfortable atmosphere made this a very easy place to recommend.",1,custom_review-luna-gpt,long,positive,unstructured,zero_shot,long_positive_unstructured_zero_shot,16,782,130,700,1,1,1.0,12,2026-09-01T14:46:17.665537+00:00
fake,knickerbocker,Hotel,"I had a really enjoyable stay at The Knickerbocker. The location in Times Square is lively, but the room itself was surprisingly quiet, comfortable, and beautifully designed, with a very good bed and a spacious bathroom. Everything felt polished without being overly formal. The staff were consistently friendly, especially at check-in and when I needed help arranging a car, and requests were handled quickly. I also loved the rooftop bar--the views over Midtown and the Empire State Building were fantastic, particularly around sunset. Breakfast was convenient and well prepared, though the restaurant can get busy. My only minor complaint is that the room lighting was a little dim in the evening. Otherwise, it was an easy, comfortable base for exploring Manhattan, and I would happily stay here again.",1,custom_review-luna-gpt,long,positive,unstructured,zero_shot,long_positive_unstructured_zero_shot,17,806,128,700,1,1,1.0,12,2026-09-01T14:46:21.847624+00:00
fake,monaco,Hotel,"I had a really pleasant stay at Hotel Monaco. The location was ideal for walking around downtown, with restaurants, shops, and the main attractions all close by, yet my room was surprisingly quiet at night. The decor has a playful, boutique feel without sacrificing comfort, and the bed was excellent after long days exploring. Everything was clean and well maintained, and the front desk staff were genuinely friendly and quick to help with directions and dinner suggestions. I also appreciated the little thoughtful touches, including the complimentary coffee in the morning and the relaxed atmosphere in the lobby. The only minor issue was that the bathroom felt a bit tight, but it was spotless and functional. Overall, the hotel offered great service, character, and a very convenient stay.",1,custom_review-luna-gpt,long,positive,unstructured,zero_shot,long_positive_unstructured_zero_shot,18,795,128,700,1,1,1.0,12,2026-09-01T14:46:26.087557+00:00
fake,omni,Hotel,"I had a very pleasant stay at Hotel Omni and would happily return. The lobby was polished without feeling overly formal, and check-in was quick and friendly, even though I arrived a little earlier than expected. My room was bright, quiet, and genuinely comfortable, with a good bed, plenty of outlets, and a surprisingly spacious bathroom. Everything was clean and well maintained. I also appreciated the small details, like the complimentary water and the helpful recommendations from the front desk when I asked about nearby restaurants. The cafe downstairs served a solid breakfast, though it was a bit busy in the morning. Wi-Fi worked reliably throughout my stay. Overall, the hotel offered a relaxing, convenient experience and felt like good value for the location.",1,custom_review-luna-gpt,long,positive,unstructured,zero_shot,long_positive_unstructured_zero_shot,19,772,124,700,1,1,1.0,12,2026-09-01T14:46:29.926374+00:00
fake,palmer,Hotel,"I had a very pleasant stay at Hotel Palmer and would happily return. The location was ideal for getting around town, with restaurants and shops within an easy walk, yet my room was surprisingly quiet at night. Everything felt clean and well cared for, from the comfortable bed and fresh linens to the spotless bathroom. The front desk staff were warm, efficient, and genuinely helpful when I asked for local recommendations. I also appreciated the small touches, like the good coffee in the morning and the easy check-in process after a long journey. The room was a little compact, and the Wi-Fi slowed down briefly in the evening, but neither issue affected my stay. Overall, it was welcoming, convenient, and very good value.",1,custom_review-luna-gpt,long,positive,unstructured,zero_shot,long_positive_unstructured_zero_shot,20,727,123,700,1,1,1.0,12,2026-09-01T14:46:34.081214+00:00
fake,sheraton,Hotel,"I had a very pleasant stay at the Sheraton and would happily return. Check-in was quick and friendly, even though I arrived a little earlier than expected. My room was spacious, quiet, and clean, with a comfortable bed and plenty of outlets for charging devices. I especially appreciated the large desk since I had some work to finish in the evenings. The lobby felt modern without being overly formal, and the staff were consistently helpful whenever I needed directions or extra towels. Breakfast had a good variety, including fresh fruit, eggs, and decent coffee. The fitness center was also better equipped than I expected. The only minor issue was that the Wi-Fi slowed down at busy times, but overall the hotel offered a comfortable, reliable experience and good value.",1,custom_review-luna-gpt,long,positive,unstructured,zero_shot,long_positive_unstructured_zero_shot,21,775,129,700,1,1,1.0,12,2026-09-01T14:46:37.797446+00:00
fake,sofitel,Hotel,"I had a very pleasant stay at the Sofitel and would happily return. From the moment I arrived, the staff were warm, professional, and genuinely helpful without being overbearing. My room was elegant, quiet, and thoughtfully arranged, with a very comfortable bed and excellent bathroom amenities. I especially appreciated how spotless everything was and the small touches that made the space feel more personal. Breakfast offered a good variety, including fresh pastries, fruit, and properly prepared coffee, although the restaurant became busy later in the morning. The location was convenient for getting around, and the hotel's atmosphere felt refined but still relaxed. A couple of minor details, such as a slightly slow check-in, kept it from being perfect, but overall the service, comfort, and attention to detail made this a satisfying stay.",1,custom_review-luna-gpt,long,positive,unstructured,zero_shot,long_positive_unstructured_zero_shot,22,848,132,700,1,1,1.0,12,2026-09-01T14:46:41.751789+00:00
fake,swissotel,Hotel,"I had a very pleasant stay at Swissotel and would happily return. The check-in process was quick and friendly, even though I arrived a little earlier than the official time. My room was spacious, clean, and nicely quiet, with a comfortable bed and a great city view. I especially appreciated the practical touches, including plenty of outlets, good water pressure, and a small area where I could work. Breakfast offered a wide variety, from fresh fruit and pastries to hot local dishes, and the staff kept everything well stocked. The location was also convenient for getting around, with restaurants and public transport nearby. The only minor issue was that the Wi-Fi slowed down in the evening, but overall the service, comfort, and atmosphere made this a very satisfying stay.",1,custom_review-luna-gpt,long,positive,unstructured,zero_shot,long_positive_unstructured_zero_shot,23,780,129,700,1,1,1.0,12,2026-09-01T14:47:11.516194+00:00
fake,talbott,Hotel,"I had a very pleasant stay at Hotel Talbott and would happily return. The location in the Gold Coast was ideal--quiet enough to sleep well, but close to restaurants, shopping, and the lakefront. My room was comfortable and thoughtfully laid out, with a surprisingly cozy bed, plenty of storage, and a spotless bathroom. I especially appreciated the friendly front desk staff, who gave good local recommendations and handled a late check-in without any fuss. The hotel has a warm, boutique feel rather than a generic chain atmosphere. There was a little hallway noise one evening, but it wasn't a major issue. Overall, the service, cleanliness, and relaxed atmosphere made this a comfortable and convenient base for exploring Chicago.",1,custom_review-luna-gpt,long,positive,unstructured,zero_shot,long_positive_unstructured_zero_shot,24,733,118,700,1,1,1.0,12,2026-09-01T14:47:15.508114+00:00
fake,affinia,Hotel,"My stay at the Affinia was a disappointment overall. The room looked tired, with scuffed furniture and a bathroom that could have used a deeper cleaning. Breakfast was especially underwhelming: the hot items were lukewarm, the coffee tasted stale, and the small buffet was repeatedly left empty during the morning rush. The WiFi was unreliable as well; it dropped several times and became so slow in the evening that I gave up trying to work. Noise was another problem, with doors slamming and conversations carrying clearly from the hallway late into the night. I had hoped for at least a decent city view, but my window faced a brick wall and a jumble of pipes. The location is convenient, but it did not make up for the poor condition and lack of comfort.",1,custom_review-luna-gpt,long,negative,structured,few_shot,long_negative_structured_few_shot,0,758,133,700,1,1,1.0,12,2026-09-01T14:47:20.209501+00:00
fake,allegro,Hotel,"My stay at Hotel Allegro was more disappointing than expected. The lobby has plenty of character, but the room felt tired and poorly maintained. There was dust along the headboard and windowsill, and I found a few crumbs on the carpet when I arrived. The bathroom was especially underwhelming: the grout around the tub was dark, the shower pressure was weak, and the fan rattled loudly whenever it was on. My room faced an interior wall and a collection of air-conditioning units, so there was no meaningful view and very little daylight. Staff were polite enough, but check-in was slow and my request for extra towels took nearly an hour. The location is convenient, but the overall condition and lack of attention to basic details made the rate feel unjustified.",1,custom_review-luna-gpt,long,negative,structured,few_shot,long_negative_structured_few_shot,1,764,130,700,1,1,1.0,12,2026-09-01T14:47:24.338891+00:00
fake,amalfi,Hotel,"My stay at Hotel Amalfi was more disappointing than relaxing. I booked two nights, but by the second morning I was already wishing I had chosen somewhere else; the experience felt far too long for such a short trip. The room looked tidy at first glance, yet there was dust along the bedside table, a smudged mirror, and crumbs near the desk. The bathroom was particularly underwhelming, with worn grout, weak water pressure, and a shower curtain that smelled damp. Staff interactions were polite but noticeably indifferent--questions were answered with minimal effort, and my request for extra towels took several hours. The location was convenient, but that alone did not make up for the tired room and lack of attention to basic cleanliness and service.",1,custom_review-luna-gpt,long,negative,structured,few_shot,long_negative_structured_few_shot,2,755,125,700,1,1,1.0,12,2026-09-01T14:47:29.233893+00:00
fake,ambassador,Hotel,"I expected more from the Ambassador, especially at the rate we paid. Check-in was slow, and the room looked tired rather than charming, with worn carpet, scuffed furniture, and a bathroom that clearly needs updating. Our window faced a wall and a collection of rooftop machinery, so there was hardly any view or daylight. The bed was comfortable enough, but the thin walls made it easy to hear conversations and doors closing in the hallway. We only stayed two nights, which was probably long enough; by the second morning, the little inconveniences had become difficult to overlook. The staff were polite, but not especially attentive when we mentioned the noise. For this price, I expected fresher decor, a better outlook, and a more polished experience. It did not feel worth the money.",1,custom_review-luna-gpt,long,negative,structured,few_shot,long_negative_structured_few_shot,3,789,132,700,1,1,1.0,12,2026-09-01T14:47:34.398436+00:00
fake,conrad,Hotel,"My stay at the Conrad was disappointing, especially given the price and reputation. The room looked attractive at first, but the carpet had visible stains and there was dust along the desk and behind the nightstand. The bathroom was spacious, though the grout around the shower needed attention, and the water pressure kept changing. Staff at check-in were polite but distracted, and it took several calls to get extra towels delivered. Noise was another issue: I could clearly hear doors slamming and conversations in the hallway late into the night, while traffic began rumbling outside before sunrise. I mentioned these problems at checkout, but the response felt rehearsed rather than genuinely concerned. The location may be convenient, but the lack of basic upkeep and restful atmosphere made the stay feel overpriced.",1,custom_review-luna-gpt,long,negative,structured,few_shot,long_negative_structured_few_shot,4,824,131,700,1,1,1.0,12,2026-09-01T14:47:38.956779+00:00
fake,fairmont,Hotel,"The Fairmont looked impressive online, but the stay was a letdown for the price. My room faced a neighboring building and a rooftop full of air-conditioning units, so the 'city view' was mostly brick and machinery. Noise was another issue: I could hear doors slamming in the hallway and music from an event downstairs well past midnight. The room itself was comfortable enough, though the furniture showed wear and the bathroom needed better cleaning around the fixtures. Staff were polite at check-in, but not especially welcoming, and my request for a quieter room was brushed off without much explanation. With the high nightly rate and added fees, I expected a more polished experience. It was acceptable, but nowhere near worth what I paid.",1,custom_review-luna-gpt,long,negative,structured,few_shot,long_negative_structured_few_shot,5,745,123,700,1,1,1.0,12,2026-09-01T14:47:43.396206+00:00
fake,hardrock,Hotel,"I expected the Hard Rock to be lively and polished, but the stay was more frustrating than fun. Check-in took nearly 25 minutes, and the receptionist seemed distracted, offering little explanation about the facilities or local area. Our room overlooked a flat rooftop crowded with vents and service equipment, so keeping the curtains open was hardly appealing. The bathroom was cramped, with tired grout, weak water pressure, and a shower that took several minutes to warm up. The bed looked comfortable, but the constant hallway noise and loud music from somewhere downstairs made sleep difficult; I woke repeatedly both nights. Staff were more pleasant when we complained, but no practical solution was offered. The music theme is entertaining, yet the overall experience felt overpriced and poorly maintained.",1,custom_review-luna-gpt,long,negative,structured,few_shot,long_negative_structured_few_shot,6,812,127,700,1,1,1.0,12,2026-09-01T14:47:47.597053+00:00
fake,hilton,Hotel,"My stay at the Hilton was more frustrating than relaxing. I had requested a room with a city view, but the window faced a rooftop crowded with vents and maintenance equipment; there was barely any skyline visible. The room itself was clean enough, though tired-looking, with scuffed furniture and a bathroom that needed better ventilation. Wi-Fi connected repeatedly but dropped every few minutes, making it difficult to join a work call, and the premium access offered at checkout felt like an unnecessary extra charge. The staff were polite but distant, and resolving a billing question took two calls and most of an afternoon. I only stayed two nights, yet the experience felt oddly long. The location was convenient, but the service and overall value were disappointing.",1,custom_review-luna-gpt,long,negative,structured,few_shot,long_negative_structured_few_shot,7,774,126,700,1,1,1.0,12,2026-09-01T14:47:52.229750+00:00
fake,homewood,Hotel,"My stay at Homewood was more frustrating than relaxing. The room faced the parking lot, and although traffic was light, doors slamming and voices in the hallway carried late into the night. The bed looked comfortable but was much too firm for me, so I slept poorly and woke several times. Wi-Fi was another disappointment: it connected briefly, then slowed to a crawl whenever I tried to stream or join a work call, even after restarting the router connection. The room itself was reasonably clean, but the furniture showed wear and the bathroom needed better ventilation. For what I paid, I expected a quieter room, dependable internet, and a more comfortable night. Staff were polite when I mentioned the problems, but nothing was done to improve the stay.",1,custom_review-luna-gpt,long,negative,structured,few_shot,long_negative_structured_few_shot,8,758,128,700,1,1,1.0,12,2026-09-01T14:47:57.699467+00:00
fake,hyatt,Hotel,"Unfortunately, my stay at the Hyatt was more frustrating than relaxing. Check-in took nearly half an hour, and the room looked worn, with scuffed furniture and a bathroom that needed a deeper cleaning. I booked a city-view room, but the window faced a bland rooftop and a brick wall, so there was little to enjoy. The hallway was quiet during the afternoon, yet doors slammed and voices carried late into the night. The mattress was lumpy, and the constant hum from the air-conditioning made it difficult to sleep; I woke several times. I only stayed two nights, but the visit felt oddly long because of the poor rest and limited comfort. Staff were polite when approached, though they offered no meaningful solution. For the price, I expected much better.",1,custom_review-luna-gpt,long,negative,structured,few_shot,long_negative_structured_few_shot,9,756,129,700,1,1,1.0,12,2026-09-01T14:48:04.638719+00:00
fake,intercontinental,Hotel,"My stay at the InterContinental was more disappointing than expected for a hotel at this price point. The lobby still has an impressive entrance, but the room decor felt dated, with worn-looking furniture, dull carpeting, and scuffed walls rather than the fresh, polished atmosphere I expected. Housekeeping had done a basic job, though I found dust along the desk and a few crumbs near the bedside table. The bed was comfortable enough, but street noise made it difficult to sleep. I only stayed two nights, which was probably long enough; by the second morning I was ready to leave. The bathroom was clean overall, but cramped, with weak water pressure, limited counter space, and fixtures that looked overdue for replacement. Staff were courteous, yet the experience never felt especially welcoming or worth the cost.",1,custom_review-luna-gpt,long,negative,structured,few_shot,long_negative_structured_few_shot,10,820,134,700,1,1,1.0,12,2026-09-01T14:48:16.235872+00:00
fake,james,Hotel,"My stay at The James was disappointing, especially given the price. The location is convenient for Michigan Avenue, restaurants, and the train, but the central setting could not make up for the problems inside. The room looked tidy at first glance, yet there was dust along the baseboards and a used tissue behind the nightstand. The bathroom was cramped, with water collecting around the sink and grout that clearly needed attention. Staff interactions were inconsistent: one receptionist was polite and helpful, while another seemed irritated when I asked for fresh towels and offered little information. Noise from the hallway continued late into the night, and the bed was less comfortable than expected. I wanted to like this hotel, but the overall lack of care made it poor value.",1,custom_review-luna-gpt,long,negative,structured,few_shot,long_negative_structured_few_shot,11,786,128,700,1,1,1.0,12,2026-09-01T14:48:20.037061+00:00
fake,knickerbocker,Hotel,"I wanted to like the Knickerbocker, especially given the price and reputation, but the stay was more frustrating than enjoyable. Our room looked stylish in photos, yet it felt cramped and showed wear around the furniture. The bed was comfortable enough, but hallway noise and doors slamming late at night kept waking us, so neither of us slept well. Breakfast was another disappointment: the buffet was limited, lukewarm, and slow to be replenished, with coffee that tasted stale. The bathroom was clean but surprisingly small, with weak water pressure and almost no counter space for toiletries. We were also promised a city view, but our window faced a nearby wall and a collection of rooftop machinery. Staff were polite when approached, though service felt impersonal. For this rate, I expected a considerably better experience.",1,custom_review-luna-gpt,long,negative,structured,few_shot,long_negative_structured_few_shot,12,832,134,700,1,1,1.0,12,2026-09-01T14:48:24.766631+00:00
fake,monaco,Hotel,"I was disappointed by my stay at Hotel Monaco. The lobby and room had a stylish look, but the upkeep did not match the price: worn furniture, a bathroom fan that barely worked, and a mattress that was far too soft. Noise was also a problem, with doors slamming in the hallway and street traffic continuing well past midnight. I had booked two nights, and honestly that felt like more than enough; I was ready to leave after the first evening. Breakfast was another letdown--limited choices, lukewarm eggs, and coffee that tasted like it had been sitting around. The staff were polite, but not especially helpful when I mentioned the noise. With taxes and extra fees, the stay was nowhere near worth what I paid.",1,custom_review-luna-gpt,long,negative,structured,few_shot,long_negative_structured_few_shot,13,711,125,700,1,1,1.0,12,2026-09-01T14:48:29.201883+00:00
fake,omni,Hotel,"I was disappointed by my stay at the Omni. The room looked worn rather than upscale, with scuffed furniture and a faint musty smell that never quite disappeared. The bathroom was clean enough, but cramped, with poor lighting, chipped grout, and water pressure that dropped whenever someone else in the building showered. My window faced a rooftop crowded with vents and machinery, so there was no pleasant city view, just constant humming and an unattractive wall. The Wi-Fi was especially frustrating: it connected briefly, then slowed to a crawl or disconnected whenever I tried to work. I only booked two nights, and although I was ready to leave, the stay still felt longer than it should have because of these small problems. For the price, I expected a much more comfortable and polished experience.",1,custom_review-luna-gpt,long,negative,structured,few_shot,long_negative_structured_few_shot,14,805,134,700,1,1,1.0,12,2026-09-01T14:48:33.558203+00:00
fake,palmer,Hotel,"The Palmer's location is the strongest part of the stay: it's convenient to downtown attractions, restaurants, and public transportation, so I could walk almost everywhere. Unfortunately, the room itself was a letdown. The carpet looked tired, there were noticeable smudges around the desk and nightstand, and the air conditioner rattled through the night. The bathroom was especially disappointing for a hotel at this level; the fixtures felt dated, the water pressure was weak, and the grout around the tub could use a serious cleaning. Staff members were polite, but service felt slow when I called about the noise and requested extra towels. With the high nightly rate plus additional fees, the Palmer did not feel worth the price. The convenient address helped, but I expected much better upkeep and comfort.",1,custom_review-luna-gpt,long,negative,structured,few_shot,long_negative_structured_few_shot,15,813,130,700,1,1,1.0,12,2026-09-01T14:48:43.475924+00:00
fake,sheraton,Hotel,"My stay at the Sheraton was more frustrating than relaxing. The room looked tired, with scuffed furniture, thin towels, and a view of the parking structure that hardly justified the rate. Wi-Fi was unreliable throughout the visit; it kept dropping during a work call, and the paid high-speed option was no better. The front desk staff were polite enough, but check-in felt rushed and nobody offered much help when I reported the internet problem. Even the elevators were painfully slow during peak hours. I had booked two nights, yet the stay felt strangely long because there was little comfort to enjoy after a busy day. For the price, I expected a cleaner, better-maintained room and more attentive service. I would only consider returning if the rates dropped substantially.",1,custom_review-luna-gpt,long,negative,structured,few_shot,long_negative_structured_few_shot,16,778,128,700,1,1,1.0,12,2026-09-01T14:48:47.813908+00:00
fake,sofitel,Hotel,"My stay at the Sofitel was much more disappointing than expected for a hotel at this price. The room looked tidy at first glance, but closer inspection found dust along the skirting boards and a few marks on the bathroom grout. The bed was comfortable enough, yet I slept poorly because the walls seemed paper-thin; conversations in the corridor, doors slamming, and traffic noise carried on well past midnight. The decor also feels tired rather than elegant, with scuffed furniture, faded carpet, and lighting that made the room seem gloomy. Staff were polite, but the service was slow when I reported the noise and requested extra towels. The location may be convenient, but the overall experience did not feel luxurious or worth the expense.",1,custom_review-luna-gpt,long,negative,structured,few_shot,long_negative_structured_few_shot,17,744,124,700,1,1,1.0,12,2026-09-01T14:48:51.922033+00:00
fake,swissotel,Hotel,"My stay at the Swissotel was more disappointing than I expected for a property with such a strong reputation. The room was reasonably spacious, but the decor felt tired rather than fresh, with scuffed furniture, faded carpet, and a generally dated atmosphere. I had requested a quiet room, yet I could hear doors slamming and conversations in the hallway late into the night, followed by traffic noise early in the morning. The view was another letdown: mostly nearby buildings and service areas, with only a narrow glimpse of the city. The bathroom was clean enough, but the fixtures looked worn, water pressure was inconsistent, and there was very little counter space. Nothing was especially terrible, but the price suggested a more polished and comfortable experience than this hotel delivered.",1,custom_review-luna-gpt,long,negative,structured,few_shot,long_negative_structured_few_shot,18,798,129,700,1,1,1.0,12,2026-09-01T14:48:56.999330+00:00
fake,talbott,Hotel,"I wanted to like the Talbott, especially given its location and the nightly rate, but the stay was more disappointing than relaxing. My room looked tired, with scuffed furniture and thin walls that let hallway conversations and doors closing carry straight through. I slept poorly both nights; the bed was comfortable enough, but the noise and an overly warm room made it difficult to stay asleep. The front-desk staff were polite, though not especially welcoming, and my request for extra towels took nearly an hour. For what I paid, I expected better maintenance and more attentive service. Two nights felt longer than they should have because of the restless sleep, yet I still left feeling I had not received reasonable value. The location is convenient, but it does not make up for the shortcomings.",1,custom_review-luna-gpt,long,negative,structured,few_shot,long_negative_structured_few_shot,19,804,134,700,1,1,1.0,12,2026-09-01T14:49:01.043353+00:00
fake,affinia,Hotel,"My stay at the Affinia was more disappointing than I expected. The location is convenient, with restaurants, shops, and public transportation close by, but the central setting did not make up for the condition of the room. The decor feels stuck in another decade: worn furniture, dull carpets, and fixtures that could use a serious update. The bathroom was clean enough at first glance, but cramped, with weak water pressure, chipped tile, and grout that looked tired. Check-in was slow, and the front desk staff seemed distracted rather than welcoming. They answered questions, but offered little help when I mentioned the problems in the room. Noise from the hallway also carried late into the night. This could be a comfortable hotel with some investment, but currently the price feels difficult to justify.",1,custom_review-luna-gpt,long,negative,structured,few_shot,long_negative_structured_few_shot,20,810,132,700,1,1,1.0,12,2026-09-01T14:49:04.886716+00:00
fake,allegro,Hotel,"My stay at Hotel Allegro was more disappointing than expected. The lobby has a dramatic look, but the rooms feel stuck in another decade, with worn carpeting, scuffed furniture, and heavy curtains that made the space seem gloomy. My mattress was too firm, and noise from the hallway continued well past midnight, so I slept poorly both nights. Breakfast was another letdown: the buffet was small, lukewarm, and slow to be replenished, with limited fresh options for the price. A few staff members were polite, but service at the front desk felt distracted and impersonal when I asked about the noise. The location is convenient, but that alone did not make up for the tired decor, uncomfortable sleep, and lackluster morning service.",1,custom_review-luna-gpt,long,negative,structured,few_shot,long_negative_structured_few_shot,21,733,122,700,1,1,1.0,12,2026-09-01T14:49:09.319204+00:00
fake,amalfi,Hotel,"Our stay at Hotel Amalfi was more disappointing than expected. We booked a room advertised with a view, but the window looked directly onto a narrow alley and a collection of air-conditioning units; we kept the curtains closed most of the time. The location is convenient for reaching the main sights and public transport, although the surrounding streets became noisy late at night. Staff interactions were inconsistent. One receptionist was pleasant and helpful, while another seemed irritated when we asked about a missing towel and offered no apology. The lobby may once have felt stylish, but the decor now looks tired, with worn carpets, faded upholstery, and dated furniture. Our room was reasonably clean, yet the old-fashioned bathroom and uncomfortable mattress made it hard to relax. I would choose somewhere else next time.",1,custom_review-luna-gpt,long,negative,structured,few_shot,long_negative_structured_few_shot,22,835,133,700,1,1,1.0,12,2026-09-01T14:49:13.481862+00:00
fake,ambassador,Hotel,"I was disappointed by my stay at the Ambassador. The lobby has some attractive old details, but the guest room looked tired, with worn carpet, scuffed furniture, and curtains that had clearly seen better days. My window faced a neighboring wall and a noisy alley, so there was barely any daylight and no worthwhile view. The staff were polite enough at check-in, though not especially welcoming, and my request for extra towels took two calls and nearly an hour. The bathroom was the biggest letdown: it was clean but cramped, with dated fixtures, weak water pressure, and grout that needed attention. The bed was reasonably comfortable, but that alone did not justify the price. I expected more care and upkeep from a hotel with this reputation.",1,custom_review-luna-gpt,long,negative,structured,few_shot,long_negative_structured_few_shot,23,746,126,700,1,1,1.0,12,2026-09-01T14:49:17.793753+00:00
fake,conrad,Hotel,"My stay at the Conrad was disappointing, especially given the price and reputation. The room looked stylish at first, but the furnishings felt worn and there were marks on the carpet and desk. Noise was another problem: voices and doors from the hallway carried clearly late into the night, and I could hear traffic despite being on a higher floor. Breakfast was expensive for what was offered, with lukewarm eggs, dry pastries, and a surprisingly limited selection; the coffee was the best part. The bathroom was clean enough, but the shower pressure kept changing and the grout around the tub needed attention. Wi‐Fi connected easily but dropped repeatedly during video calls, making work frustrating. Staff were polite, yet the overall experience did not feel like the level of service I expected.",1,custom_review-luna-gpt,long,negative,structured,few_shot,long_negative_structured_few_shot,24,800,131,700,1,1,1.0,12,2026-09-01T14:49:22.270990+00:00
fake,fairmont,Hotel,"My stay at the Fairmont was disappointing, especially given the price and the hotel's reputation. The room looked elegant at first, but the walls were surprisingly thin; I could hear doors slamming and conversations in the hallway late into the night. I slept poorly despite the comfortable mattress, waking several times because of the noise and the overly warm room. The Wi‐Fi was another frustration, dropping repeatedly during video calls and taking ages to reconnect. Staff were polite, but resolving these issues felt slow and impersonal. I had booked two nights, which was already enough--rather than wishing I could stay longer, I was relieved to check out. The location is convenient, but the lack of rest and unreliable internet made the experience feel poor value overall.",1,custom_review-luna-gpt,long,negative,structured,zero_shot,long_negative_structured_zero_shot,0,783,126,700,1,1,1.0,12,2026-09-01T14:49:32.036093+00:00
fake,hardrock,Hotel,"My stay at the Hard Rock was disappointing and did not feel worth the price. The room looked stylish in photos, but it was worn in person, with scuffed furniture and a bathroom that needed attention. The grout around the shower was discolored, the water pressure was weak, and the sink drained very slowly. Staff were polite enough at check-in, but they seemed rushed and not particularly interested when I reported the plumbing issue. Noise was another problem: loud music and voices from the hallway continued well past midnight, followed by doors slamming early in the morning. The bed itself was comfortable, but I barely slept because of the noise. Overall, the atmosphere felt more like a busy entertainment venue than a relaxing hotel, and I would choose somewhere quieter next time.",1,custom_review-luna-gpt,long,negative,structured,zero_shot,long_negative_structured_zero_shot,1,790,132,700,1,1,1.0,12,2026-09-01T14:49:35.957526+00:00
fake,hilton,Hotel,"My stay at the Hilton was disappointing, especially given the price. The room was reasonably clean overall, but the carpet looked tired, there was dust along the desk, and the bathroom grout clearly needed attention. The decor felt dated rather than fresh, with worn furniture and a slightly musty smell that never fully disappeared. Noise was another problem: I could hear doors slamming in the hallway and conversations from neighboring rooms late into the night, making it difficult to sleep. The bed was comfortable enough, and the staff at reception were polite, but those positives did not justify the expensive nightly rate. I expected a more polished and relaxing experience from a Hilton, yet the hotel felt overdue for renovation. It was clean enough to manage, but not worth the money.",1,custom_review-luna-gpt,long,negative,structured,zero_shot,long_negative_structured_zero_shot,2,796,131,700,1,1,1.0,12,2026-09-01T14:49:40.080125+00:00
fake,homewood,Hotel,"My stay at Homewood was disappointing overall. The location was convenient for getting around, with restaurants and public transportation nearby, but that was the main advantage. The room looked tired and could have been cleaner, especially around the bathroom fixtures. Wi‐Fi was technically available, but it kept dropping and became so slow in the evening that I gave up trying to work. Noise was another problem: I could hear doors slamming and conversations in the hallway late into the night, and the thin walls did little to block it. For the price, I expected a more comfortable room, reliable internet, and better maintenance. Staff were polite when I raised the issues, but nothing was really resolved. I would not choose this hotel again unless the rates dropped considerably.",1,custom_review-luna-gpt,long,negative,structured,zero_shot,long_negative_structured_zero_shot,3,787,128,700,1,1,1.0,12,2026-09-01T14:49:44.529501+00:00
fake,hyatt,Hotel,"My stay at the Hyatt was disappointing, especially considering the price. I expected a polished, comfortable experience, but the room felt dated and lacked the careful maintenance I associate with this brand. Although the sheets and towels were clean, there was dust along the window ledge and a questionable stain on the desk chair. The Wi-Fi was another frustration: it connected briefly, then repeatedly dropped during work calls, even after I restarted my device. Breakfast had plenty of options, but most of the hot food was lukewarm, the coffee tasted weak, and the dining area was crowded and poorly cleared. Staff were polite when approached, but not especially attentive. Overall, the stay did not feel worth the money, and I would choose a less expensive hotel next time.",1,custom_review-luna-gpt,long,negative,structured,zero_shot,long_negative_structured_zero_shot,4,781,128,700,1,1,1.0,12,2026-09-01T14:49:48.732268+00:00
fake,intercontinental,Hotel,"My stay at the InterContinental was a disappointing experience, especially considering the price. I booked two nights, but by the second morning I was ready to leave; the stay felt longer than it should have because several things were inconvenient. The room looked stylish in photos, yet it was tired in person, with scuffed furniture and inconsistent housekeeping. I also slept poorly due to street noise and a mattress that was far too firm. Breakfast had plenty of choice, but the hot dishes were lukewarm, the coffee was weak, and tables were left uncleared during the busy period. The staff were polite, though not particularly attentive when I raised these issues. For a hotel charging this much, I expected comfort and care, and unfortunately it did not feel worth the money.",1,custom_review-luna-gpt,long,negative,structured,zero_shot,long_negative_structured_zero_shot,5,783,131,700,1,1,1.0,12,2026-09-01T14:49:53.106421+00:00
fake,james,Hotel,"Our stay at Hotel James was more disappointing than expected. The room looked tired rather than stylish, with scuffed furniture, faded upholstery, and decor that clearly needs refreshing. The bathroom was clean enough, but cramped and poorly lit, with low water pressure and grout that was beginning to discolor around the shower. We only stayed two nights, which was probably fortunate; by the second morning we were already wishing we had booked somewhere else. Staff interactions were polite but noticeably indifferent. Check-in felt rushed, and when we mentioned the shower issue, the receptionist acknowledged it without offering a solution or even sending anyone to inspect it. The location was convenient, but that alone did not justify the price. Overall, the hotel needs better maintenance and a more welcoming approach.",1,custom_review-luna-gpt,long,negative,structured,zero_shot,long_negative_structured_zero_shot,6,829,129,700,1,1,1.0,12,2026-09-01T14:49:57.620658+00:00
fake,knickerbocker,Hotel,"I was really disappointed by my stay at The Knickerbocker. I booked it expecting a memorable experience, but the room felt much less polished than the price suggested. The view was mostly of nearby rooftops and a brick wall, with only a narrow glimpse of Times Square, so keeping the curtains open was hardly worthwhile. The room itself was generally clean, though I found dust along the window ledge and a few water marks on the bathroom fixtures. Staff were polite at check-in but seemed distracted, and getting a simple request for extra towels took two calls. I stayed for three nights, which felt too long given the lack of atmosphere and comfort. The location was convenient, but it did not make up for the disappointing service and poor value.",1,custom_review-luna-gpt,long,negative,structured,zero_shot,long_negative_structured_zero_shot,7,750,130,700,1,1,1.0,12,2026-09-01T14:50:01.565858+00:00
fake,monaco,Hotel,"The Hotel Monaco's location was the main advantage: it was easy to walk to restaurants, shops, and public transportation, which made exploring the city convenient. Unfortunately, the stay was far less pleasant than expected. My room faced a busy street, and the traffic, sirens, and late-night voices continued well past midnight despite the windows being closed. The view was also disappointing--mostly a brick wall and a jumble of rooftop equipment rather than anything worth mentioning. Breakfast was another letdown, with a limited selection of lukewarm eggs, dry pastries, and weak coffee, and the small dining area felt crowded. Staff were polite, but service was slow when I asked for help. Given the price, the overall experience felt underwhelming, and I would not rush to stay here again.",1,custom_review-luna-gpt,long,negative,structured,zero_shot,long_negative_structured_zero_shot,8,798,127,700,1,1,1.0,12,2026-09-01T14:50:06.045841+00:00
fake,omni,Hotel,"My stay at Hotel Omni was disappointing, especially considering the price. The location was convenient for getting around, with restaurants and public transportation nearby, but that was the main advantage. The room looked acceptable at first, yet the bathroom felt tired and poorly maintained, with cloudy fixtures, weak water pressure, and grout that clearly needed a deep clean. The bed was also a letdown; the mattress was too firm, and noise from the hallway kept waking me throughout the night. Staff were polite but not particularly helpful when I mentioned the problems. For what I paid, I expected a cleaner room, better soundproofing, and a more comfortable sleep. The convenient location does not make up for the worn facilities and lack of value, so I would not choose this hotel again.",1,custom_review-luna-gpt,long,negative,structured,zero_shot,long_negative_structured_zero_shot,9,798,131,700,1,1,1.0,12,2026-09-01T14:50:10.061529+00:00
fake,palmer,Hotel,"My stay at Hotel Palmer was disappointing overall. The location is convenient, with restaurants and public transportation close by, but that was the main advantage. The room was not as clean as expected: there was dust on the bedside table, hair in the bathroom, and the carpet looked overdue for a deep cleaning. Noise was another problem. I could hear doors slamming and conversations in the hallway late into the night, so sleeping was difficult. The front desk staff were polite enough, but they seemed distracted and did not show much urgency when I reported the issue. The room also felt dated, with worn furniture and weak water pressure. Given the price, I expected a more comfortable and better-maintained stay.",1,custom_review-luna-gpt,long,negative,structured,zero_shot,long_negative_structured_zero_shot,10,720,120,700,1,1,1.0,12,2026-09-01T14:50:14.419247+00:00
fake,sheraton,Hotel,"My stay at the Sheraton was a disappointing experience overall. The room looked presentable at first, but it was not as clean as expected: there was dust along the desk, a sticky spot on the nightstand, and the carpet clearly needed a deeper vacuum. The bathroom was especially underwhelming, with worn grout, water marks on the fixtures, and weak water pressure in the shower. I also slept poorly because the mattress was too firm and hallway noise continued late into the night. Although I stayed for two nights, it felt too long rather than too short because the hotel offered little comfort or atmosphere to make the visit enjoyable. The staff were polite enough, but that did not compensate for the condition of the room.",1,custom_review-luna-gpt,long,negative,structured,zero_shot,long_negative_structured_zero_shot,11,726,125,700,1,1,1.0,12,2026-09-01T14:50:36.010939+00:00
fake,sofitel,Hotel,"My stay at the Sofitel was disappointing, especially considering the price and the hotel's reputation. The room faced a busy road, so traffic noise continued well into the night, and I could clearly hear doors slamming in the corridor. The Wi-Fi was unreliable; it kept disconnecting during video calls and was too slow for uploading even small files. The bathroom looked tired, with worn grout, weak water pressure, and a shower that never maintained a consistent temperature. Our 'city view' was mostly a concrete wall and the roofs of nearby buildings, hardly the pleasant outlook shown in the photos. Staff were polite but not especially helpful when I reported these problems. The bed was comfortable enough, but that alone did not justify the cost. I expected a much more polished and restful experience.",1,custom_review-luna-gpt,long,negative,structured,zero_shot,long_negative_structured_zero_shot,12,810,133,700,1,1,1.0,12,2026-09-01T14:50:40.369661+00:00
fake,swissotel,Hotel,"I was disappointed by my stay at Swissotel. The room looked modern in the photos, but mine felt worn, with scuffed furniture and a bathroom that needed better cleaning. Breakfast had a decent selection, including eggs, fruit, and pastries, yet much of it was lukewarm and the coffee tasted surprisingly weak. The staff were polite at the front desk, but not especially welcoming, and requests took several reminders before anyone followed up. Sleep was difficult because the walls seemed thin; I could hear conversations, doors slamming, and elevator noise well past midnight. The bed itself was comfortable, but that hardly mattered with the constant disturbance. For the price, I expected a quieter room, more attentive service, and a noticeably better breakfast. I would consider other hotels before returning.",1,custom_review-luna-gpt,long,negative,structured,zero_shot,long_negative_structured_zero_shot,13,813,128,700,1,1,1.0,12,2026-09-01T14:50:44.739875+00:00
fake,talbott,Hotel,"I wanted to like the Talbott, but the stay was more disappointing than expected. The room looked tired, with scuffed furniture and a bathroom that could have used a deeper cleaning. Wi-Fi was technically available, but it repeatedly dropped during video calls and was painfully slow in the evening. My window faced an alley and a brick wall, so the 'view' was essentially a reminder to keep the curtains closed. Sleep was also difficult: the mattress was lumpy, the pillows were flat, and hallway noise continued well past midnight. The staff were polite enough at check-in, but not especially welcoming, and my request for extra towels took two calls and nearly an hour. For the price, I expected a much more comfortable and attentive experience.",1,custom_review-luna-gpt,long,negative,structured,zero_shot,long_negative_structured_zero_shot,14,747,125,700,1,1,1.0,12,2026-09-01T14:50:50.763068+00:00
fake,affinia,Hotel,"My stay at the Affinia was disappointing from the moment I arrived. The front desk staff were polite enough, but seemed distracted and offered little help when I mentioned problems with the room. The bathroom was cramped, with worn grout, a weak shower, and water that took several minutes to drain. Our view was mostly of a brick wall and a collection of rooftop vents, hardly what I expected for the price. Noise was another issue: conversations in the hallway, slamming doors, and traffic continued well past midnight, and the thin walls made it difficult to sleep. Housekeeping also skipped replacing the towels one day. The convenient location was the only real advantage, but it did not make up for the tired room and lack of attention.",1,custom_review-luna-gpt,long,negative,structured,zero_shot,long_negative_structured_zero_shot,15,742,127,700,1,1,1.0,12,2026-09-01T14:50:55.134956+00:00
fake,allegro,Hotel,"My stay at Hotel Allegro was disappointing, especially considering the price. The room looked tired, with scuffed furniture and a view directly onto a service alley and overflowing bins rather than anything pleasant. Breakfast was another letdown: the selection was limited, the pastries seemed stale, and the coffee from the machine was barely drinkable. I also slept poorly. The mattress was too firm, and noise from the hallway continued late into the night, followed by delivery trucks and staff activity early in the morning. The windows did little to block the street sounds. Staff were polite enough, but they seemed rushed and offered no useful solution when I mentioned the noise. The location may be convenient, but the room quality and lack of rest made this stay poor value.",1,custom_review-luna-gpt,long,negative,structured,zero_shot,long_negative_structured_zero_shot,16,786,129,700,1,1,1.0,12,2026-09-01T14:51:00.014155+00:00
fake,amalfi,Hotel,"Our stay at Hotel Amalfi was disappointing, especially considering the price. The location was convenient for reaching the main sights and restaurants on foot, but that was the main advantage. Our room faced a narrow alley, so the 'view' consisted mostly of a wall, bins, and occasional delivery noise. The bathroom was cramped and tired, with peeling grout, weak water pressure, and a shower curtain that let water spread across the floor. Breakfast was another letdown: limited choices, stale pastries, watery coffee, and no fresh fruit on either morning. Staff were polite but seemed rushed and offered little help when we mentioned the problems. The bed was reasonably comfortable, yet the overall condition and lack of attention to detail made the hotel feel overpriced. I would not choose it again.",1,custom_review-luna-gpt,long,negative,structured,zero_shot,long_negative_structured_zero_shot,17,804,130,700,1,1,1.0,12,2026-09-01T14:51:04.952286+00:00
fake,ambassador,Hotel,"Our stay at Hotel Ambassador was disappointing overall. The room faced a busy road, and the constant traffic, late-night conversations in the hallway, and doors slamming made it difficult to sleep, even with the windows closed. The bed was comfortable enough, but the room felt dated and needed better cleaning around the bathroom fixtures. Staff were polite when approached, though check-in was slow and no one seemed particularly interested in solving our concerns. We stayed two nights, which felt longer than necessary because the hotel offered little atmosphere or comfort beyond the basic essentials. Considering the price, I expected a quieter room, more attentive service, and better-maintained facilities. It was not a terrible experience, but it certainly did not feel worth what we paid.",1,custom_review-luna-gpt,long,negative,structured,zero_shot,long_negative_structured_zero_shot,18,798,124,700,1,1,1.0,12,2026-09-01T14:51:08.893628+00:00
fake,conrad,Hotel,"My stay at the Conrad was a real disappointment, especially given the price and reputation. The Wi‐Fi was unreliable throughout the visit, repeatedly dropping during video calls and requiring me to reconnect. Staff were polite enough at the front desk, but interactions felt rushed and unhelpful when I reported the issue; no one followed up. Breakfast was another letdown, with lukewarm eggs, dry pastries, and very slow service despite the restaurant not being especially busy. The room was clean, but the decor felt tired rather than luxurious, with worn-looking furniture and dated carpeting that didn't match the polished images online. The bed was comfortable, and the location was convenient, but those positives couldn't make up for the poor value and lack of attention to basic details.",1,custom_review-luna-gpt,long,negative,structured,zero_shot,long_negative_structured_zero_shot,19,795,126,700,1,1,1.0,12,2026-09-01T14:51:12.936731+00:00
fake,fairmont,Hotel,"My stay at the Fairmont was disappointing, especially given the price. The lobby looked elegant at first, but the guest room decor felt dated, with worn carpeting, heavy furniture, and scuffed surfaces that made the hotel seem overdue for an update. The bathroom was clean enough, but cramped and rather tired; the grout needed attention, water pressure was inconsistent, and the toiletries felt surprisingly basic. I expected a more polished experience for what I paid, but the room offered little value beyond the address and impressive views. Staff members were generally polite, though service felt slow and impersonal, particularly at check-in and when I requested extra towels. A few employees were helpful, but overall the experience did not match the Fairmont's reputation or the premium rate.",1,custom_review-luna-gpt,long,negative,structured,zero_shot,long_negative_structured_zero_shot,20,801,126,700,1,1,1.0,12,2026-09-01T14:51:17.296835+00:00
fake,hardrock,Hotel,"My stay at the Hard Rock was far more disappointing than expected. The room looked stylish in photos, but in person the furniture felt worn and the walls were thin enough to hear conversations in the hallway. Breakfast was especially underwhelming: limited options, lukewarm eggs, and coffee that tasted stale, despite the high room rate. The bathroom was clean but cramped, with weak water pressure and a shower that fluctuated between hot and cold. I was also promised a city view, but my window faced a blank side wall and several air-conditioning units. Staff were polite, though not particularly helpful when I raised these issues. For the price, I expected a more comfortable room, better food, and at least a decent view. It did not feel worth the money.",1,custom_review-luna-gpt,long,negative,structured,zero_shot,long_negative_structured_zero_shot,21,761,129,700,1,1,1.0,12,2026-09-01T14:51:21.794554+00:00
fake,hilton,Hotel,"My stay at the Hilton was disappointing overall, especially considering the price. The room was clean enough, but it felt dated, with thin walls and a mattress that was far too firm. Breakfast was another letdown: the buffet was crowded, hot items were lukewarm, and the coffee tasted stale. I only stayed two nights, which was probably long enough, although the poor sleep made even that feel excessive. Staff interactions were polite but distant; when I reported a noisy air conditioner, the response was simply to turn it off rather than offer a real solution. The location was convenient for public transport and nearby restaurants, but that was the main advantage. I expected the usual Hilton standard and left feeling that the experience was overpriced and underwhelming.",1,custom_review-luna-gpt,long,negative,structured,zero_shot,long_negative_structured_zero_shot,22,777,127,700,1,1,1.0,12,2026-09-01T14:51:26.202285+00:00
fake,homewood,Hotel,"My stay at Homewood was disappointing and not nearly as comfortable as expected. The decor feels dated, with worn carpets, scuffed furniture, and a generally tired look rather than the fresh, welcoming atmosphere shown in the photos. The bed was reasonably clean, but it was too firm for me, and the thin walls meant I could hear hallway conversations and doors closing late into the night. Breakfast was another letdown: the selection was limited, several items were lukewarm, and the coffee tasted stale when I arrived around 8 a.m. The staff were polite enough, but interactions felt rushed and indifferent when I mentioned the noise. A few basic improvements and better attention to guest concerns would make a big difference. For the price, I expected a much more pleasant stay.",1,custom_review-luna-gpt,long,negative,structured,zero_shot,long_negative_structured_zero_shot,23,783,130,700,1,1,1.0,12,2026-09-01T14:51:30.191293+00:00
fake,hyatt,Hotel,"My stay at the Hyatt was disappointing, especially considering the price. The room looked polished in the photos but felt tired in person, with worn carpet, a small bathroom, and housekeeping that missed replacing the coffee and towels one day. Breakfast was another letdown: the buffet had limited choices, lukewarm eggs, and crowded seating, so it did not feel worth the extra charge. The location was convenient for public transportation and several restaurants, which was the main positive, although the surrounding area became rather quiet after dark. Unfortunately, the hotel itself was not peaceful. Doors slammed late into the night, voices carried clearly from the hallway, and traffic noise came through the window. Staff were courteous when approached, but the overall experience did not match the rates, and I would choose a different hotel next time.",1,custom_review-luna-gpt,long,negative,structured,zero_shot,long_negative_structured_zero_shot,24,863,136,700,1,1,1.0,12,2026-09-01T14:51:34.860783+00:00
fake,intercontinental,Hotel,"My stay at the InterContinental was much more disappointing than I expected for the price. The lobby looks impressive, but the check-in process was slow and oddly disorganized, even though I arrived well after the usual check-in time. My room was clean enough, but the furniture felt worn, the carpet had visible stains, and the air-conditioning made a loud rattling noise throughout the night. I called twice about it and never received a follow-up. The bathroom was attractive but had very low water pressure, and housekeeping skipped replacing the coffee supplies. Breakfast was also overpriced for a fairly ordinary buffet, with long waits for a table. The location is convenient and some employees were polite, but the service and upkeep did not match the hotel's reputation or rates.",1,custom_review-luna-gpt,long,negative,unstructured,few_shot,long_negative_unstructured_few_shot,0,789,128,700,1,1,1.0,12,2026-09-01T14:51:38.948090+00:00
fake,james,Hotel,"I was expecting a much smoother stay at the James, especially given the rates, but several things were disappointing. Check-in took nearly half an hour even though there were only two people ahead of me, and the front desk seemed more interested in chatting than helping. Our room looked stylish in the photos, but in person it felt worn, with scuffed furniture, a stained armchair, and a bathroom fan that rattled all night. The mattress was also surprisingly uncomfortable, and street noise came through the windows until well after midnight. Housekeeping skipped our room on the second day, then left fresh towels in a heap outside the door. The location is convenient, but it wasn't enough to justify the price. I wouldn't choose this hotel again.",1,custom_review-luna-gpt,long,negative,unstructured,few_shot,long_negative_unstructured_few_shot,1,751,126,700,1,1,1.0,12,2026-09-01T14:51:43.070180+00:00
fake,knickerbocker,Hotel,"The Knickerbocker looks impressive online, but my stay was far less polished than expected. The location near Times Square is convenient, although the surrounding noise and crowds made it hard to feel relaxed. Check-in took nearly half an hour, and the front desk seemed overwhelmed rather than welcoming. My room was stylish but surprisingly cramped, with barely enough space to open a suitcase, and the bathroom had scuffed fixtures and weak water pressure. Housekeeping also skipped replacing the coffee supplies one day. I had hoped the rooftop bar would make up for it, but the prices were excessive and service was slow. For what I paid, the experience felt more like an expensive address than a comfortable luxury hotel. I expected much better attention to detail.",1,custom_review-luna-gpt,long,negative,unstructured,few_shot,long_negative_unstructured_few_shot,2,771,126,700,1,1,1.0,12,2026-09-01T14:51:47.119216+00:00
fake,monaco,Hotel,"I wanted to like Hotel Monaco, especially given the central location and attractive lobby, but the stay was more frustrating than relaxing. Check-in took nearly half an hour even though I had already provided my details online, and the desk seemed disorganized when I asked about parking. My room looked tired, with scuffed furniture, a stained armchair, and a bathroom fan that rattled loudly whenever the light was on. Housekeeping also skipped my room one day, and calling down for fresh towels took two requests. The bed was comfortable enough, but hallway noise continued well past midnight, so sleep was difficult. Staff were generally polite, yet nobody seemed particularly concerned about the problems. For the price, I expected a much better-maintained property and more dependable service.",1,custom_review-luna-gpt,long,negative,unstructured,few_shot,long_negative_unstructured_few_shot,3,799,126,700,1,1,1.0,12,2026-09-01T14:51:51.581522+00:00
fake,omni,Hotel,"Our stay at the Omni was much more disappointing than expected for the price. The location is convenient, but that was about the only thing that worked in its favor. Check-in took nearly half an hour, and the front desk seemed overwhelmed and uninterested in helping. Our room looked tired, with scuffed furniture, a stained armchair, and a bathroom fan that rattled loudly all night. The bed was comfortable enough, but hallway noise and doors slamming kept waking us. Housekeeping also skipped our room despite the 'please service' sign, so we had to call twice for fresh towels. The restaurant downstairs was overpriced and slow, and even basic Wi-Fi required an extra charge. I expected a polished, comfortable experience from the Omni and left feeling that the hotel was coasting on its name and location.",1,custom_review-luna-gpt,long,negative,unstructured,few_shot,long_negative_unstructured_few_shot,4,810,135,700,1,1,1.0,12,2026-09-01T14:51:55.944956+00:00
fake,palmer,Hotel,"I wanted to like the Palmer, especially because the location is so convenient, but the stay was more frustrating than enjoyable. Check-in took nearly 30 minutes, and the front desk agent seemed overwhelmed and barely explained the resort fee or Wi-Fi charges. Our room looked tired, with scuffed furniture, a stained lampshade, and a bathroom fan that rattled loudly all night. Housekeeping also skipped us on the second day, despite our leaving the room for several hours. The historic lobby is impressive, but the crowds and long elevator waits made the hotel feel chaotic rather than special. Staff did apologize when we complained, though nothing was really done beyond offering a vague assurance. For the price, I expected better maintenance and smoother service, and I would probably choose another downtown hotel next time.",1,custom_review-luna-gpt,long,negative,unstructured,few_shot,long_negative_unstructured_few_shot,5,830,133,700,1,1,1.0,12,2026-09-01T14:52:00.335388+00:00
fake,sheraton,Hotel,"My stay at the Sheraton was much more disappointing than I expected. The lobby looked polished, but check-in took nearly 30 minutes even though there were only two people ahead of me, and the desk agent seemed rushed and uninterested. The room was reasonably large, but it felt tired: scuffed furniture, stained carpet near the window, and a bathroom fan that rattled all night. Housekeeping also skipped my room on the second day, so I had to call twice for fresh towels. Wi-Fi was unreliable during a work video call, which was especially frustrating given the hotel's business-oriented setup. The location was convenient, and the bed itself was comfortable, but those positives did not make up for the poor service and lack of upkeep. I would choose somewhere else next time.",1,custom_review-luna-gpt,long,negative,unstructured,few_shot,long_negative_unstructured_few_shot,6,778,131,700,1,1,1.0,12,2026-09-01T14:52:04.668728+00:00
fake,sofitel,Hotel,"I expected much more from Sofitel, especially given the price and the brand's reputation. The lobby looked polished, but the welcome at reception was oddly cold and check-in took nearly half an hour, despite there being only one guest ahead of me. My room was attractive at first glance, although the carpet had visible stains and the chair by the desk was worn. The air-conditioning made a loud clicking sound throughout the night, and the mattress was far too firm for my liking. Housekeeping also skipped my room on the second day, so I had to call twice for fresh towels. Breakfast was another disappointment: limited choices, lukewarm coffee, and slow service. The location was convenient, but the overall experience felt careless rather than luxurious.",1,custom_review-luna-gpt,long,negative,unstructured,few_shot,long_negative_unstructured_few_shot,7,758,125,700,1,1,1.0,12,2026-09-01T14:52:09.606666+00:00
fake,swissotel,Hotel,"My stay at Swissotel was far more disappointing than I expected for the price. The lobby looks impressive, but the room felt tired, with scuffed furniture, worn carpet, and a bathroom that needed better cleaning around the fixtures. The air conditioning was noisy and never seemed to reach the temperature I set, so I barely slept. Wi-Fi also kept dropping during a work call, which was especially frustrating. Staff at check-in were polite enough, but the queue moved slowly and nobody explained the various charges on my bill. Breakfast was expensive for what was offered, and several items were lukewarm when I arrived. The location is convenient, but that alone does not justify the rates. I left feeling that the hotel relies too much on its name and views rather than delivering a consistently comfortable stay.",1,custom_review-luna-gpt,long,negative,unstructured,few_shot,long_negative_unstructured_few_shot,8,817,136,700,1,1,1.0,12,2026-09-01T14:52:13.740318+00:00
fake,talbott,Hotel,"I wanted to like the Talbott because the location is excellent, but the stay was more frustrating than relaxing. Check-in took nearly half an hour even though the desk did not seem especially busy, and the employee helping us was distracted and offered little information. Our room looked tired, with scuffed furniture, a slow-draining sink, and a window that let in constant street noise. Housekeeping also skipped our room one day, and when we called for fresh towels, they arrived much later than promised. The bed was comfortable enough, but that was about the only thing that felt dependable. For the price, I expected a more polished experience and better attention to basic service. The Talbott has a convenient address, yet I would choose another hotel next time.",1,custom_review-luna-gpt,long,negative,unstructured,few_shot,long_negative_unstructured_few_shot,9,771,128,700,1,1,1.0,12,2026-09-01T14:52:17.664159+00:00
fake,affinia,Hotel,"I chose the Affinia because the location looked convenient, but the stay was more frustrating than expected. Check-in took nearly half an hour, even though there were only two guests ahead of me, and the desk agent seemed rushed and uninterested. Our room was large, but it felt tired: scuffed walls, stained carpet near the window, and a bathroom fan that rattled loudly whenever the light was on. Housekeeping also skipped us one day, so we had to call down for clean towels and more toilet paper. The bed was comfortable enough, although the pillows were flat, and street noise made sleeping difficult. Wi-Fi was inconsistent and the extra daily fees were not explained clearly at booking. The staff eventually helped, but overall the property did not feel worth the price.",1,custom_review-luna-gpt,long,negative,unstructured,few_shot,long_negative_unstructured_few_shot,10,776,131,700,1,1,1.0,12,2026-09-01T14:52:22.109717+00:00
fake,allegro,Hotel,"I wanted to like Hotel Allegro, especially because the theater district location is convenient and the lobby has a lot of character, but the stay was more frustrating than enjoyable. Check-in took nearly half an hour even though the desk did not seem particularly busy, and the room was much smaller and darker than expected. The air conditioner rattled through the night, while the street noise and hallway doors made sleeping difficult. Housekeeping also missed replacing the coffee cups and left only one bath towel for two guests. Staff were polite when I brought these issues up, but nothing was resolved beyond a vague apology. The rates may make sense during a busy downtown weekend, but for what I paid, I expected basic comfort and better attention to detail.",1,custom_review-luna-gpt,long,negative,unstructured,few_shot,long_negative_unstructured_few_shot,11,768,129,700,1,1,1.0,12,2026-09-01T14:52:26.136952+00:00
fake,amalfi,Hotel,"I was disappointed with my stay at Hotel Amalfi. The location is convenient, but the property feels tired and badly in need of maintenance. Our room had scuffed walls, a stained carpet near the bed, and a bathroom fan that rattled loudly whenever it was turned on. The air conditioning struggled to cool the room, so sleeping was uncomfortable even though the weather was mild. At check-in, the front desk clerk seemed rushed and gave us almost no information about the facilities or nearby restaurants. Housekeeping also skipped our room one day, and getting fresh towels took two calls. Breakfast was expensive for what was offered, with limited choices and coffee that tasted stale. Nothing was disastrous on its own, but the overall experience was poor for the price, and I would not choose this hotel again.",1,custom_review-luna-gpt,long,negative,unstructured,few_shot,long_negative_unstructured_few_shot,12,812,137,700,1,1,1.0,12,2026-09-01T14:52:30.110314+00:00
fake,ambassador,Hotel,"I was expecting much more from the Ambassador, especially given the price and its reputation. Check-in took nearly half an hour, and the front desk seemed distracted rather than welcoming. Our room looked tired, with scuffed furniture, a stained carpet near the window, and a bathroom fan that rattled loudly whenever the light was on. The bed was comfortable enough, but the walls were so thin that we could hear conversations and doors slamming well past midnight. Housekeeping also skipped our room on the second day, even though we had left the sign out and asked about it later. The location is convenient, and one employee did apologize, but those positives didn't make up for the general lack of upkeep. I left feeling the stay was overpriced and disappointing.",1,custom_review-luna-gpt,long,negative,unstructured,few_shot,long_negative_unstructured_few_shot,13,768,129,700,1,1,1.0,12,2026-09-01T14:52:34.818874+00:00
fake,conrad,Hotel,"My stay at the Conrad was far more disappointing than I expected for the price. The lobby looks impressive, but the service never matched it. Check-in took nearly 25 minutes, and the front desk seemed overwhelmed even though there were only a few guests waiting. Our room was attractive and had a great city view, but it was noticeably dusty, with fingerprints on the windows and a bathroom door that would not close properly. Housekeeping also forgot towels one day and did not replace the coffee supplies. The restaurant was convenient but overpriced, and breakfast arrived lukewarm after a long wait. Staff were polite when approached, yet no one seemed particularly attentive. I may have caught the hotel on an off week, but overall it felt more polished in appearance than in actual execution.",1,custom_review-luna-gpt,long,negative,unstructured,few_shot,long_negative_unstructured_few_shot,14,798,134,700,1,1,1.0,12,2026-09-01T14:52:39.413214+00:00
fake,fairmont,Hotel,"I expected a much smoother stay at the Fairmont, especially given the price and reputation, but several things felt surprisingly tired. Check-in took nearly 30 minutes, and the agent seemed more interested in explaining fees than welcoming us. Our room was comfortable in size, yet the carpet had visible stains and the bathroom fan made a loud rattling sound all night. Housekeeping also skipped our room despite the 'please service' sign being out, so we had to call twice for towels and coffee. The lobby is impressive, but the restaurant was expensive and my dinner arrived lukewarm. Staff were polite when contacted, though nobody seemed particularly attentive. It wasn't a disaster, but the overall experience felt ordinary and poorly managed for a hotel charging luxury rates.",1,custom_review-luna-gpt,long,negative,unstructured,few_shot,long_negative_unstructured_few_shot,15,783,126,700,1,1,1.0,12,2026-09-01T14:52:44.223522+00:00
fake,hardrock,Hotel,"I wanted to like the Hard Rock, but the stay was more frustrating than fun. The lobby was crowded and loud at all hours, and check-in took nearly 40 minutes even though I had already completed everything online. Our room looked worn, with scuffed furniture, a slow-draining shower, and a window that faced a noisy service area. Housekeeping skipped our room one day and only brought towels after I called twice. The music theme is entertaining in the public areas, but it also means you should expect noise late into the night; earplugs barely helped. Staff members were polite when reached, yet nobody seemed eager to solve problems. For the price, I expected a cleaner room and smoother service. The location was convenient, but I would choose another hotel next time.",1,custom_review-luna-gpt,long,negative,unstructured,few_shot,long_negative_unstructured_few_shot,16,770,131,700,1,1,1.0,12,2026-09-01T14:52:48.923966+00:00
fake,hilton,Hotel,"My stay at the Hilton was much more frustrating than expected. Check-in took nearly 30 minutes, even though there were only two people ahead of me, and the desk agent seemed overwhelmed. The room looked fine at first, but the carpet was stained, the air conditioner rattled all night, and the bathroom fan never turned off. Housekeeping also skipped my room on the second day, so I had to call twice just to get fresh towels. Breakfast was expensive for what was offered, with lukewarm eggs and a long wait for coffee. The location was convenient, and one maintenance employee was genuinely helpful, but those positives did not make up for the poor service and tired condition of the room. For the price, I expected a much smoother and cleaner experience.",1,custom_review-luna-gpt,long,negative,unstructured,few_shot,long_negative_unstructured_few_shot,17,755,131,700,1,1,1.0,12,2026-09-01T14:52:53.014712+00:00
fake,homewood,Hotel,"I chose Homewood because the photos made it look comfortable and convenient, but the actual stay was a letdown. Check-in took nearly half an hour, and the desk agent seemed distracted and offered no useful information about parking or breakfast. Our room was large, but it smelled faintly musty, the carpet had several stains, and the sofa bed looked as if it had seen better days. The kitchenette was a nice idea, although there were only two plates and no dish towel. Housekeeping skipped our room one day, and when I called for fresh towels, they arrived several hours later. Breakfast was crowded and most of the hot food was gone by 8:30. Nothing was terrible individually, but the overall experience felt poorly managed and not worth the price.",1,custom_review-luna-gpt,long,negative,unstructured,few_shot,long_negative_unstructured_few_shot,18,750,129,700,1,1,1.0,12,2026-09-01T14:52:57.220673+00:00
fake,hyatt,Hotel,"My stay at the Hyatt was much more frustrating than expected. The lobby looked polished, but check-in took nearly half an hour because only one desk was staffed, and the employee seemed overwhelmed. The room was large enough, though it had a tired feel: scuffed furniture, a stained carpet near the window, and fingerprints all over the bathroom mirror. The air conditioner rattled loudly through the night and never really cooled the room, so sleeping was difficult. I also had to call twice before extra towels arrived. Breakfast was expensive for what was offered, with cold eggs and a long wait for coffee. The location was convenient, but that alone did not justify the price. For a Hyatt, the lack of attention to basic details was disappointing, and I would choose another hotel next time.",1,custom_review-luna-gpt,long,negative,unstructured,few_shot,long_negative_unstructured_few_shot,19,796,135,700,1,1,1.0,12,2026-09-01T14:53:12.170939+00:00
fake,intercontinental,Hotel,"I expected a much smoother stay at the Intercontinental, especially given the price and the reputation of the brand. The lobby is impressive, but the room felt tired, with scuffed furniture, a stained carpet near the window, and a bathroom fan that rattled all night. Check-in took nearly half an hour even though there were only two people ahead of me, and the receptionist seemed more interested in answering messages than helping guests. Housekeeping also skipped my room on the second day, so I had to call twice for fresh towels. The location was convenient and the bed was reasonably comfortable, but those positives did not make up for the general lack of attention. It felt more like an expensive, aging business hotel than a memorable luxury stay.",1,custom_review-luna-gpt,long,negative,unstructured,few_shot,long_negative_unstructured_few_shot,20,756,128,700,1,1,1.0,12,2026-09-01T14:53:16.325195+00:00
fake,james,Hotel,"I wanted to like the James, especially given the price and the location, but the stay was more frustrating than relaxing. Check-in took nearly half an hour, and the desk agent seemed distracted and never explained the destination fee or how to use the Wi-Fi. Our room looked stylish in the photos, yet the carpet was worn, the bathroom door didn't close properly, and there was a persistent humming noise from the ventilation system all night. Housekeeping also skipped our room on the second day, despite the 'please make up room' sign being out. When I called down, fresh towels arrived much later than promised. The bed was comfortable, and the lobby staff were polite, but those positives didn't justify the expense. I left feeling the hotel's reputation was doing more work than the actual service.",1,custom_review-luna-gpt,long,negative,unstructured,few_shot,long_negative_unstructured_few_shot,21,803,136,700,1,1,1.0,12,2026-09-01T14:53:21.195050+00:00
fake,knickerbocker,Hotel,"I wanted to like the Knickerbocker, especially given the price and the convenient Times Square location, but the stay was more frustrating than enjoyable. Check-in took nearly half an hour, and the front desk staff seemed rushed and uninterested in answering basic questions. Our room looked stylish in photos, yet it was surprisingly cramped, with barely enough space to open two suitcases. The bathroom had dusty shelves and a shower that fluctuated between hot and lukewarm. Street noise came through the windows late into the night, and housekeeping skipped our room one day without explanation. The rooftop bar has a nice view, but drinks were overpriced and service was slow. This hotel seems to rely on its name and location more than consistent service. I expected much better for the cost.",1,custom_review-luna-gpt,long,negative,unstructured,few_shot,long_negative_unstructured_few_shot,22,798,131,700,1,1,1.0,12,2026-09-01T14:53:25.963325+00:00
fake,monaco,Hotel,"I wanted to like Hotel Monaco, especially because the location is convenient and the lobby has a fun, colorful design, but the stay was more frustrating than enjoyable. Check-in took nearly 30 minutes even though I arrived well after the posted check-in time, and the desk agent seemed overwhelmed. Our room looked worn, with scuffed furniture, stained carpet, and a bathroom fan that rattled loudly whenever the light was on. The bed was comfortable enough, but the walls were thin; we heard hallway conversations and doors slamming until after midnight. Housekeeping also skipped our room one day, despite us leaving the sign out correctly. The staff apologized, but no real solution was offered. For the price, I expected a much better-maintained room and smoother service.",1,custom_review-luna-gpt,long,negative,unstructured,few_shot,long_negative_unstructured_few_shot,23,776,125,700,1,1,1.0,12,2026-09-01T14:53:30.299039+00:00
fake,omni,Hotel,"I expected much more from the Omni, especially given the price and its reputation. Check-in took nearly half an hour, and the front desk seemed overwhelmed even though the lobby wasn't particularly busy. Our room was a decent size, but it felt tired: scuffed furniture, a stained carpet near the window, and a bathroom fan that rattled all night. Housekeeping also skipped our room on the second day, so we had to call for towels and toilet paper. The location is convenient, but the street noise was surprisingly loud, and the windows didn't seem to block much of it. Staff were polite when we reached them, yet nothing about the stay felt attentive or worth the premium. I left disappointed and would choose another hotel next time.",1,custom_review-luna-gpt,long,negative,unstructured,few_shot,long_negative_unstructured_few_shot,24,734,127,700,1,1,1.0,12,2026-09-01T14:53:34.725453+00:00
fake,palmer,Hotel,"My stay at Hotel Palmer was disappointing from start to finish. Check-in took nearly 25 minutes even though the lobby was quiet, and the front desk staff seemed more interested in their phones than helping guests. The room looked tired, with stained carpet, scuffed furniture, and a bathroom fan that rattled loudly all night. Housekeeping also forgot to replace the towels on the second day, and I had to call twice before anyone came up. The bed was reasonably comfortable, but the thin walls meant I could hear conversations and doors slamming in the hallway until after midnight. Breakfast was overpriced for the limited, lukewarm options. The location is convenient, but that alone didn't justify the rate. I expected a much better-maintained and more attentive experience.",1,custom_review-luna-gpt,long,negative,unstructured,zero_shot,long_negative_unstructured_zero_shot,0,778,126,700,1,1,1.0,12,2026-09-01T14:53:38.861189+00:00
fake,sheraton,Hotel,"My stay at the Sheraton was much more disappointing than expected. The lobby looked polished, but the room felt tired, with scuffed furniture, stained carpet, and a bathroom fan that rattled all night. Check-in took nearly 25 minutes even though there was only one person ahead of me, and the staff seemed more distracted than welcoming. Wi-Fi was unreliable, cutting out during a work call, and housekeeping skipped my room until late afternoon despite putting out the service sign. Breakfast was overpriced for lukewarm eggs, dry pastries, and slow coffee service. I also had to call twice to get extra towels delivered. The location was convenient, but the high rate simply did not match the condition or level of service. I expected the Sheraton standard to be far better.",1,custom_review-luna-gpt,long,negative,unstructured,zero_shot,long_negative_unstructured_zero_shot,1,776,129,700,1,1,1.0,12,2026-09-01T14:53:50.240352+00:00
fake,sofitel,Hotel,"I expected much more from Sofitel, especially given the price and the brand's reputation. The lobby looked polished, but the room felt tired, with scuffed furniture, worn carpet, and a bathroom fan that rattled all night. Our window faced a noisy service area, and the curtains did little to block the early-morning deliveries. Housekeeping also missed replacing the coffee capsules and left used glasses on the desk. Breakfast was another disappointment: the buffet was crowded, several dishes were lukewarm, and staff seemed overwhelmed. We mentioned the problems at reception, but the response was polite rather than helpful, with no real solution offered. The bed was comfortable, and the location was convenient, but those positives did not justify the cost. Overall, it felt more like an average business hotel than a luxury Sofitel.",1,custom_review-luna-gpt,long,negative,unstructured,zero_shot,long_negative_unstructured_zero_shot,2,839,132,700,1,1,1.0,12,2026-09-01T14:53:54.529138+00:00
fake,swissotel,Hotel,"My stay at Swissotel was a real disappointment, especially considering the price. Check-in took nearly 30 minutes, and the front desk staff seemed distracted and never explained the hotel facilities or Wi-Fi properly. The room looked tired, with scuffed furniture, stained carpet, and a bathroom fan that rattled loudly throughout the night. Our supposedly quiet room faced a busy road, so sleep was difficult even with the windows closed. Housekeeping also forgot to replace the towels one day, and calling reception took several attempts before anyone answered. Breakfast had a decent selection, but most of the hot food was lukewarm and the dining area was crowded and chaotic. The location is convenient, but that alone does not justify the rates. I expected a polished, comfortable experience and left feeling that Swissotel offered neither.",1,custom_review-luna-gpt,long,negative,unstructured,zero_shot,long_negative_unstructured_zero_shot,3,846,133,700,1,1,1.0,12,2026-09-01T14:53:59.836122+00:00
fake,talbott,Hotel,"The Talbott looked charming online, but our stay was more disappointing than expected. The room was a decent size and the bed was comfortable, yet it felt worn in places, with scuffed furniture, stained carpet near the entrance, and a bathroom fan that rattled loudly whenever the light was on. Housekeeping skipped our room one day, and when we called the front desk for fresh towels, it took nearly an hour to get them. Staff were polite but seemed overwhelmed, especially at check-in, when we waited well past the stated time. The location is convenient and the neighborhood is pleasant, but the price felt far too high for the level of service and upkeep. I expected a more polished boutique hotel experience and would not rush back.",1,custom_review-luna-gpt,long,negative,unstructured,zero_shot,long_negative_unstructured_zero_shot,4,737,127,700,1,1,1.0,12,2026-09-01T14:54:04.816616+00:00
fake,affinia,Hotel,"I was disappointed with my stay at Affinia. The location was convenient, but the room felt tired and not especially clean, with scuffed walls, dusty corners, and a bathroom that clearly needed better maintenance. The bed was comfortable enough, although the sheets had a worn feel. Check-in took far too long, and the front desk staff seemed overwhelmed rather than welcoming. My room was also surprisingly noisy at night, with hallway conversations and doors slamming until well after midnight. Wi-Fi was unreliable, which made working difficult, and the extra fees were not explained clearly when I booked. I expected a more polished experience for the price. It wasn't a complete disaster, but the service and upkeep fell well below what I consider acceptable.",1,custom_review-luna-gpt,long,negative,unstructured,zero_shot,long_negative_unstructured_zero_shot,5,763,123,700,1,1,1.0,12,2026-09-01T14:54:10.069576+00:00
fake,allegro,Hotel,"My stay at Hotel Allegro was far more disappointing than expected. The location is convenient, but the room felt tired and poorly maintained, with scuffed walls, a stained carpet, and a bathroom fan that rattled all night. The bed was reasonably comfortable, although the thin walls meant I could hear conversations and doors slamming in the corridor until after midnight. Breakfast was another letdown: limited choices, lukewarm eggs, and tables that were not cleared promptly. I mentioned the noise and the fan to reception, but the response was polite without offering any practical solution or room change. The staff were not rude, just strangely disengaged. For the price, I expected a cleaner, quieter, more polished experience. I would probably choose somewhere else next time.",1,custom_review-luna-gpt,long,negative,unstructured,zero_shot,long_negative_unstructured_zero_shot,6,784,124,700,1,1,1.0,12,2026-09-01T14:54:13.824461+00:00
fake,amalfi,Hotel,"Our stay at Hotel Amalfi was a real disappointment. The location was convenient, but that was about the only positive. Check-in took nearly half an hour, and the receptionist seemed more interested in the computer than welcoming guests. Our room looked tired, with scuffed walls, a stained carpet, and a bathroom fan that rattled loudly all night. The bed was uncomfortable, and despite asking twice, housekeeping never brought the extra towels we needed. Breakfast was crowded and poorly organized, with empty dishes sitting out and very little choice. Wi-Fi also kept dropping, which made working from the room frustrating. I understand that hotels have occasional problems, but here the lack of attention seemed constant. For the price, I expected a much cleaner, better-managed property and would not choose it again.",1,custom_review-luna-gpt,long,negative,unstructured,zero_shot,long_negative_unstructured_zero_shot,7,821,130,700,1,1,1.0,12,2026-09-01T14:54:17.748803+00:00
fake,ambassador,Hotel,"Our stay at the Hotel Ambassador was a real disappointment. The lobby looked impressive, but the room felt tired and poorly maintained, with scuffed walls, a stained carpet, and a bathroom fan that rattled all night. The bed was uncomfortable, and despite asking twice, housekeeping never brought the extra towels we requested. Breakfast was another letdown: the buffet was crowded, several dishes were lukewarm, and staff seemed overwhelmed rather than welcoming. We also had trouble with the Wi-Fi, which repeatedly disconnected during a work call. When we mentioned these issues at checkout, the receptionist listened politely but offered no meaningful apology or compensation. Perhaps we were unlucky, but for the price and reputation, the Ambassador did not deliver the comfortable, attentive experience we expected.",1,custom_review-luna-gpt,long,negative,unstructured,zero_shot,long_negative_unstructured_zero_shot,8,821,124,700,1,1,1.0,12,2026-09-01T14:54:22.131054+00:00
fake,conrad,Hotel,"I expected much more from the Conrad, especially given the price, but the stay was a real disappointment. Check-in took nearly 25 minutes, and the receptionist seemed rushed and uninterested. Our room looked tired, with scuffed furniture, a stained armchair, and a bathroom fan that rattled loudly all night. Housekeeping also skipped our room until late afternoon, despite the 'Please make up room' sign being displayed. Breakfast was another letdown: crowded tables, slow service, and food that was barely warm. The pool area was attractive in the photos, but several loungers were broken and the water looked cloudy. Staff did apologize when we complained, but nothing meaningful was offered. The location is convenient, yet it does not justify the high rates. I left feeling the hotel relies on its name rather than delivering a genuinely polished experience.",1,custom_review-luna-gpt,long,negative,unstructured,zero_shot,long_negative_unstructured_zero_shot,9,863,137,700,1,1,1.0,12,2026-09-01T14:54:26.795222+00:00
fake,fairmont,Hotel,"Our stay at the Fairmont was much more disappointing than expected. The lobby looks impressive, but the room felt tired and under-maintained, with scuffed furniture, a stained carpet, and a bathroom fan that rattled all night. Check-in took nearly 30 minutes even though we arrived after the stated check-in time, and the receptionist seemed rushed and uninterested. We also had to call twice for extra towels, which arrived almost an hour later. Breakfast was crowded, with long waits for coffee and several empty buffet dishes. The bed was comfortable enough, but the room faced a busy street and the windows did little to block the traffic noise. For the price and reputation, the overall service and condition simply did not match expectations.",1,custom_review-luna-gpt,long,negative,unstructured,zero_shot,long_negative_unstructured_zero_shot,10,748,122,700,1,1,1.0,12,2026-09-01T14:54:31.312873+00:00
fake,hardrock,Hotel,"Our stay at the Hard Rock Hotel was much more disappointing than expected. The lobby looks impressive, but the room felt tired, with scuffed furniture, thin walls, and a bathroom that clearly needed better cleaning. We could hear music and people talking in the hallway well past midnight, so neither of us slept properly. Check-in took nearly 30 minutes even though the hotel did not seem especially busy, and the staff member we spoke with was polite but not very helpful. Breakfast was overpriced for the limited, lukewarm options, and getting fresh towels required two phone calls. I expected a lively, stylish experience, but the noise, poor maintenance, and slow service made the hotel feel more chaotic than fun. For the price, I would definitely choose somewhere else.",1,custom_review-luna-gpt,long,negative,unstructured,zero_shot,long_negative_unstructured_zero_shot,11,776,128,700,1,1,1.0,12,2026-09-01T14:54:35.390600+00:00
fake,hilton,Hotel,"Our stay at the Hilton was disappointing, especially considering the price. Check-in took nearly 30 minutes, and the front desk agent seemed distracted and never explained the resort fee or breakfast options clearly. The room looked tidy at first, but the carpet was worn, the bathroom fan barely worked, and there was a persistent damp smell. We also heard doors slamming and loud conversations in the hallway until after midnight. When we called for extra towels, they arrived almost an hour later, and housekeeping skipped our room the following day without explanation. The bed itself was comfortable, and the location was convenient, but those positives did not make up for the poor service and general lack of attention to detail. I expected much more from a Hilton.",1,custom_review-luna-gpt,long,negative,unstructured,zero_shot,long_negative_unstructured_zero_shot,12,772,127,700,1,1,1.0,12,2026-09-01T14:54:39.509487+00:00
fake,homewood,Hotel,"My stay at Homewood was much more disappointing than expected. The location was convenient, but the room felt tired and poorly maintained, with scuffed walls, stained carpet, and a bathroom fan that rattled loudly whenever it was switched on. The bed was uncomfortable, and the heating system kept cycling through the night, so I barely slept. Housekeeping also missed replacing the towels on the second day, and when I called the front desk, the response was slow and not particularly helpful. Breakfast was included, but the selection was limited and several items were lukewarm. I understand that small issues happen, but there were too many of them during a short stay. For the price, Homewood needs better upkeep and more attentive service.",1,custom_review-luna-gpt,long,negative,unstructured,zero_shot,long_negative_unstructured_zero_shot,13,745,122,700,1,1,1.0,12,2026-09-01T14:54:43.397879+00:00
fake,hyatt,Hotel,"My stay at the Hyatt was disappointing, especially considering the price. Check-in took nearly 30 minutes because only one person was working the desk, and she seemed overwhelmed. The room looked tired rather than polished: scuffed furniture, stained carpet near the window, and a bathroom fan that rattled loudly all night. Housekeeping also skipped my room on the second day, even though I had left the sign off the door. I called twice for extra towels and finally had to collect them from the front desk myself. Breakfast was crowded, with several empty stations and lukewarm food. The location was convenient, and the bed was reasonably comfortable, but those positives did not make up for the poor maintenance and inattentive service. I expected a much smoother experience from Hyatt.",1,custom_review-luna-gpt,long,negative,unstructured,zero_shot,long_negative_unstructured_zero_shot,14,790,129,700,1,1,1.0,12,2026-09-01T14:54:48.198764+00:00
fake,intercontinental,Hotel,"I expected a much better experience from the InterContinental, but several things fell short. Check-in took nearly 25 minutes, even though the lobby was not particularly busy, and the staff member seemed distracted and uninformed about basic questions regarding breakfast and the pool. Our room looked tired, with scuffed furniture, a stained carpet near the window, and a bathroom fan that rattled loudly throughout the night. Housekeeping also forgot to replace the coffee and bottled water on the second day. The bed was comfortable, and the location was convenient, but those positives did not justify the high rate. For a hotel carrying the InterContinental name, the service and upkeep felt surprisingly ordinary. I left disappointed and would probably choose another property next time.",1,custom_review-luna-gpt,long,negative,unstructured,zero_shot,long_negative_unstructured_zero_shot,15,793,123,700,1,1,1.0,12,2026-09-01T14:54:52.104615+00:00
fake,james,Hotel,"The James looked promising online, but the stay was a real disappointment. Check-in took nearly 25 minutes even though there was no line, and the receptionist seemed distracted and barely explained anything. Our room was stylish enough, but the carpet had visible stains, the bathroom fan rattled all night, and the air conditioning never cooled the room properly. We also found used glasses left on the desk, which made me question how thoroughly the room had been cleaned. The hallway was noisy until well after midnight, with doors slamming and guests talking loudly. Breakfast was overpriced for lukewarm eggs, dry pastries, and slow service. Staff were polite when approached, but nobody seemed particularly interested in fixing anything. For the price, I expected much better maintenance and attention to detail.",1,custom_review-luna-gpt,long,negative,unstructured,zero_shot,long_negative_unstructured_zero_shot,16,818,129,700,1,1,1.0,12,2026-09-01T14:54:56.975383+00:00
fake,knickerbocker,Hotel,"I really wanted to love The Knickerbocker, especially given the location and the price, but the stay was more disappointing than impressive. Check-in took far too long, and the room wasn't ready until well after the advertised time. When I finally got in, the room looked stylish but felt surprisingly cramped, with scuffed furniture and a bathroom that needed better cleaning. The air-conditioning was noisy throughout the night, and the pillows were uncomfortably flat. Staff were polite, though not particularly attentive when I called about the issue. The rooftop bar has a great view, but the drinks were overpriced and service was slow even when it wasn't busy. For a luxury hotel, I expected much more attention to detail. Great location, but the experience didn't justify the cost.",1,custom_review-luna-gpt,long,negative,unstructured,zero_shot,long_negative_unstructured_zero_shot,17,789,128,700,1,1,1.0,12,2026-09-01T14:55:08.107786+00:00
fake,monaco,Hotel,"Our stay at Hotel Monaco was far more disappointing than expected. The lobby looks stylish, but our room felt tired and poorly maintained, with scuffed furniture, a stained carpet, and a bathroom fan that rattled all night. The bed was comfortable enough, although the pillows were unusually flat. Housekeeping also missed replacing the coffee supplies and left a damp towel hanging behind the door. When we mentioned the issues at reception, the response was polite but offered no real solution beyond saying they were 'aware' of the maintenance problems. The location is convenient, and the building has plenty of character, but the price does not match the condition or service. We left feeling that the hotel relies too heavily on its reputation and attractive public spaces.",1,custom_review-luna-gpt,long,negative,unstructured,zero_shot,long_negative_unstructured_zero_shot,18,779,126,700,1,1,1.0,12,2026-09-01T14:55:12.369398+00:00
fake,omni,Hotel,"Our stay at the Omni was far more disappointing than expected. The lobby looked impressive, but the room felt tired, with scuffed furniture, dusty corners, and a bathroom fan that rattled all night. Check-in took nearly 25 minutes even though there was hardly anyone waiting, and the receptionist seemed more interested in chatting with a colleague than helping us. We also had to call twice for extra towels, which finally arrived late in the evening. The bed was comfortable enough, but the air conditioner kept cycling loudly and never seemed to reach the temperature we set. Breakfast was overpriced for lukewarm eggs and slow service. For the rate, I expected a polished, relaxing experience; instead, nearly every detail felt slightly neglected. I would probably choose another hotel next time.",1,custom_review-luna-gpt,long,negative,unstructured,zero_shot,long_negative_unstructured_zero_shot,19,800,129,700,1,1,1.0,12,2026-09-01T14:55:16.480618+00:00
fake,palmer,Hotel,"Our stay at Hotel Palmer was much more disappointing than expected. The lobby looks stylish, but our room felt tired and poorly maintained, with scuffed walls, stained carpet, and a bathroom fan that rattled all night. The bed was surprisingly uncomfortable, and the thin walls meant we could hear doors slamming and conversations in the hallway until well past midnight. Housekeeping also skipped our room despite the 'please service' sign, and when we called the front desk, the response was basically an apology with no real solution. Breakfast was overpriced for a limited, lukewarm selection. The location is convenient, but that was the only clear advantage. For the price, I expected a cleaner, quieter, more attentive experience and would not choose this hotel again.",1,custom_review-luna-gpt,long,negative,unstructured,zero_shot,long_negative_unstructured_zero_shot,20,775,124,700,1,1,1.0,12,2026-09-01T14:55:20.522228+00:00
fake,sheraton,Hotel,"My stay at the Sheraton was much more disappointing than expected. The lobby looked polished, but the room felt tired, with scuffed furniture, stained carpet, and a bathroom that clearly needed better maintenance. Check-in took nearly 25 minutes even though there was hardly anyone waiting, and the front desk staff seemed more distracted than welcoming. The bed was comfortable enough, but the air conditioner rattled throughout the night and the walls were so thin that I could hear conversations and doors slamming in the hallway. Breakfast was overpriced for lukewarm food and slow service. I also had to call twice before extra towels arrived. This may once have been a reliable business hotel, but the property currently feels neglected and not worth the rate.",1,custom_review-luna-gpt,long,negative,unstructured,zero_shot,long_negative_unstructured_zero_shot,21,766,124,700,1,1,1.0,12,2026-09-01T14:55:25.084778+00:00
fake,sofitel,Hotel,"I expected a much more polished experience from Sofitel, but the stay was disappointing from the start. Check-in took nearly 25 minutes, even though there was no obvious queue, and the receptionist seemed distracted rather than welcoming. Our room looked tired, with scuffed furniture, marks on the carpet, and a bathroom fan that rattled loudly through the night. The bed was comfortable, but the air conditioning was difficult to regulate and the room became uncomfortably warm. Breakfast was another letdown: several dishes were lukewarm, tables were not cleared promptly, and staff seemed overwhelmed. We also had to call twice for extra towels. The location is convenient, but the service and upkeep did not match the Sofitel name or the price. I would not rush back.",1,custom_review-luna-gpt,long,negative,unstructured,zero_shot,long_negative_unstructured_zero_shot,22,772,125,700,1,1,1.0,12,2026-09-01T14:55:29.862222+00:00
fake,swissotel,Hotel,"My stay at Swissotel was far below what I expected from a hotel of this reputation. The lobby looked impressive, but the room felt tired, with scuffed furniture, a stained carpet, and an air conditioner that rattled through the night. Housekeeping also missed the basics; there were no fresh towels when I returned in the evening, and I had to call twice before someone brought them. Breakfast was crowded and disorganized, with empty serving trays and lukewarm food. Staff were polite enough, but responses were slow and nobody seemed eager to take responsibility when I raised these issues. The location was convenient, which was the main positive, but it did not make up for the poor maintenance and inattentive service. Overall, it felt overpriced and disappointing.",1,custom_review-luna-gpt,long,negative,unstructured,zero_shot,long_negative_unstructured_zero_shot,23,770,126,700,1,1,1.0,12,2026-09-01T14:55:34.176958+00:00
fake,talbott,Hotel,"My stay at Hotel Talbott was much more disappointing than expected. The location is convenient, but the overall experience did not match the price. Check-in took nearly 25 minutes even though the lobby was quiet, and the front desk agent seemed distracted and barely explained anything. The room looked tired, with scuffed furniture, a stained carpet near the window, and a bathroom fan that rattled loudly whenever it was turned on. Housekeeping also missed replacing the coffee supplies after the first night. I mentioned the issues, but the response was a polite apology without any real follow-up. The bed was comfortable enough, and the neighborhood is pleasant, but those positives could not make up for the poor maintenance and lack of attention. I would not choose this hotel again.",1,custom_review-luna-gpt,long,negative,unstructured,zero_shot,long_negative_unstructured_zero_shot,24,790,129,700,1,1,1.0,12,2026-09-01T14:55:37.797619+00:00
