Binary_label,Category,domain,text,is_synthetic,model,length,sentiment,structure,example_mode,cell_id,rep_index,n_chars,n_words,target_chars,in_length_band,n_attempts,gen_temperature,gen_seed,timestamp
fake,affinia,Hotel,"Woke up refreshed thanks to the amazing night's sleep; waking up to that stunning harbor vista was perfect. The room was spotless, the Wi-Fi was lightning fast for working remotely, and overall, it felt like a truly restorative getaway.",1,gemma4:e4b,short,positive,structured,few_shot,short_positive_structured_few_shot,0,236,39,200,1,1,1.0,12,2026-08-23T23:12:32.669554+00:00
fake,allegro,Hotel,"Waking up to that breathtaking cityscape view each morning made getting ready for work effortless; I slept incredibly soundly thanks to the plush bedding. The breakfast spread was vast and genuinely delicious, certainly justifying the cost.",1,gemma4:e4b,short,positive,structured,few_shot,short_positive_structured_few_shot,1,240,36,200,1,2,1.0,12,2026-08-23T23:12:34.317479+00:00
fake,amalfi,Hotel,"I wish our trip could have lasted longer; waking up to that breathtaking Amalfi view each morning made time crawl by! Sleeping felt heavenly on those plush beds, and honestly, every penny spent here was completely justified for this unparalleled slice of paradise.",1,gemma4:e4b,short,positive,structured,few_shot,short_positive_structured_few_shot,2,264,43,200,1,2,1.0,12,2026-08-23T23:12:35.801446+00:00
fake,ambassador,Hotel,"The room was spotless upon arrival; everything felt so fresh and thoughtfully updated, nowhere near dated. The complimentary breakfast spread was surprisingly extensive with great pastries available.",1,gemma4:e4b,short,positive,structured,few_shot,short_positive_structured_few_shot,3,199,27,200,1,2,1.0,12,2026-08-23T23:12:37.556702+00:00
fake,conrad,Hotel,"The Conrad was absolutely worth the splurge; the blend of modern design felt chic without being cold. The central spot made exploring perfect, and the reliable wifi kept my work seamless throughout my stay. A fantastic downtown experience overall.",1,gemma4:e4b,short,positive,structured,few_shot,short_positive_structured_few_shot,4,247,39,200,1,2,1.0,12,2026-08-23T23:12:39.012934+00:00
fake,fairmont,Hotel,"I slept like a log thanks to the unbelievably comfortable bedding, and waking up to that breathtaking skyline view made it feel like far too short a trip!",1,gemma4:e4b,short,positive,structured,few_shot,short_positive_structured_few_shot,5,154,28,200,1,2,1.0,12,2026-08-23T23:12:40.665986+00:00
fake,hardrock,Hotel,"Loved being so central downtown; everything was easily walkable. The breakfast spread was phenomenal, making morning decisions simple, and the bathroom felt incredibly luxurious with deep soaking tubs.",1,gemma4:e4b,short,positive,structured,few_shot,short_positive_structured_few_shot,6,201,28,200,1,2,1.0,12,2026-08-23T23:12:42.156385+00:00
fake,hilton,Hotel,"Our stay was excellent; the spot made exploring downtown ridiculously simple. The bathroom was spotless with high-end toiletries, and the complimentary wifi streamed flawlessly throughout our entire trip.",1,gemma4:e4b,short,positive,structured,few_shot,short_positive_structured_few_shot,7,204,28,200,1,2,1.0,12,2026-08-23T23:12:43.766690+00:00
fake,homewood,Hotel,The room was spotless and the bathroom felt brand new; the friendly staff made check-in seamless. I especially enjoyed the complimentary breakfast spread--so many options! Highly recommend this Homewood for a comfortable stay.,1,gemma4:e4b,short,positive,structured,few_shot,short_positive_structured_few_shot,8,226,33,200,1,1,1.0,12,2026-08-23T23:12:44.508661+00:00
fake,hyatt,Hotel,"This place truly felt worth the investment; the service was impeccable right from arrival. Waking up to a quiet room allowed for peaceful mornings, and the continental breakfast spread provided excellent fuel without being overwhelming.",1,gemma4:e4b,short,positive,structured,few_shot,short_positive_structured_few_shot,9,236,35,200,1,2,1.0,12,2026-08-23T23:12:46.212380+00:00
fake,intercontinental,Hotel,"The InterContinental's blend of classic elegance and modern updates made us feel like we were paying for true luxury; the bathroom was particularly opulent, making time pass too quickly to depart! It felt perfectly priced given the overall comfort and aesthetic appeal.",1,gemma4:e4b,short,positive,structured,few_shot,short_positive_structured_few_shot,10,269,42,200,1,1,1.0,12,2026-08-23T23:12:46.993108+00:00
fake,james,Hotel,"The hotel's decor felt wonderfully updated, nothing stale or dated; it was quite refreshing. We had such an enjoyable time starting our mornings with breakfast--the spread was incredible. Plus, waking up to that sweeping view made every moment feel special!",1,gemma4:e4b,short,positive,structured,few_shot,short_positive_structured_few_shot,11,257,40,200,1,2,1.0,12,2026-08-23T23:12:48.753767+00:00
fake,knickerbocker,Hotel,"I wish my trip had lasted longer; time flew by so quickly here! The noise level was surprisingly low all week, making it perfect for unwinding after exploring Manhattan. Breakfast was a delightful spread, and the Wi-Fi never faltered once.",1,gemma4:e4b,short,positive,structured,few_shot,short_positive_structured_few_shot,12,239,40,200,1,2,1.0,12,2026-08-23T23:12:50.307698+00:00
fake,monaco,Hotel,"I slept incredibly deeply thanks to the feather-topped pillows, and waking up to that expansive view of the harbor was pure magic. Considering everything--from the opulent bathroom fixtures to the unbeatable location--it truly felt worth every single penny.",1,gemma4:e4b,short,positive,structured,zero_shot,short_positive_structured_zero_shot,0,257,38,200,1,1,1.0,12,2026-08-23T23:12:51.049784+00:00
fake,omni,Hotel,"My stay at The Omni was wonderful; the complimentary wifi was seamless, and the breakfast spread felt like a genuine splurge worth every penny. It flew by too quickly--I'm already counting down until I can return to this relaxing spot!",1,gemma4:e4b,short,positive,structured,zero_shot,short_positive_structured_zero_shot,1,235,40,200,1,1,1.0,12,2026-08-23T23:12:51.774144+00:00
fake,palmer,Hotel,"Our room was spotless, and the bathroom felt modern and refreshed, unlike some older hotels. I slept wonderfully thanks to the comfy bed; everything from the decor to the amenities made for a truly pleasant stay at Palmer.",1,gemma4:e4b,short,positive,structured,zero_shot,short_positive_structured_zero_shot,2,222,38,200,1,1,1.0,12,2026-08-23T23:12:52.471159+00:00
fake,sheraton,Hotel,"This Sheraton was perfectly situated for exploring; I loved how fresh everything felt. The bathroom was spacious and luxurious, making my quick city trip feel like a wonderfully extended escape.",1,gemma4:e4b,short,positive,structured,zero_shot,short_positive_structured_zero_shot,3,194,30,200,1,1,1.0,12,2026-08-23T23:12:53.114473+00:00
fake,sofitel,Hotel,"Our stay was perfect; the central location made sightseeing effortless, and the room was spotless. The staff were incredibly attentive, making this delightful visit feel too short already!",1,gemma4:e4b,short,positive,structured,zero_shot,short_positive_structured_zero_shot,4,188,28,200,1,1,1.0,12,2026-08-23T23:12:53.747156+00:00
fake,swissotel,Hotel,"This Swissotel experience was exceptional; from the immaculate room to the luxurious bathroom amenities, everything felt top-notch. I honestly wish our stay had been longer because it truly felt like excellent value for money.",1,gemma4:e4b,short,positive,structured,zero_shot,short_positive_structured_zero_shot,5,226,34,200,1,1,1.0,12,2026-08-23T23:12:54.431288+00:00
fake,talbott,Hotel,"The staff truly elevated our stay; service was impeccable from check-in to departure. Waking up to that stunning city skyline view, paired with a superb breakfast spread, made every penny feel worth it at Talbot.",1,gemma4:e4b,short,positive,structured,zero_shot,short_positive_structured_zero_shot,6,212,35,200,1,1,1.0,12,2026-08-23T23:12:55.127736+00:00
fake,affinia,Hotel,"Loved our stay; the location was perfect for exploring downtown, and the staff were incredibly attentive throughout our visit. Our room was wonderfully quiet, and the bathroom felt brand new and spotless.",1,gemma4:e4b,short,positive,structured,zero_shot,short_positive_structured_zero_shot,7,204,32,200,1,1,1.0,12,2026-08-23T23:12:55.789108+00:00
fake,allegro,Hotel,"My stay at Allegro was perfect; the room was surprisingly quiet, and I slept wonderfully thanks to the plush bedding. The bathroom facilities were immaculate, and reliable wifi made working a breeze.",1,gemma4:e4b,short,positive,structured,zero_shot,short_positive_structured_zero_shot,8,199,32,200,1,1,1.0,12,2026-08-23T23:12:56.453910+00:00
fake,amalfi,Hotel,"Our room was spotlessly clean, and the panoramic view of the Amalfi coast from our balcony made every moment pure magic; we wish this perfect little slice of paradise could last forever, though the central location made exploring so easy.",1,gemma4:e4b,short,positive,structured,zero_shot,short_positive_structured_zero_shot,9,238,40,200,1,1,1.0,12,2026-08-23T23:12:57.157623+00:00
fake,ambassador,Hotel,"Our stay was perfect; the modern decor felt bright, and the cityscape view from the room was breathtakingly vibrant. Being so centrally located made exploring effortless, though I wish our visit hadn't ended so quickly!",1,gemma4:e4b,short,positive,structured,zero_shot,short_positive_structured_zero_shot,10,219,35,200,1,1,1.0,12,2026-08-23T23:12:57.851238+00:00
fake,conrad,Hotel,"Truly an unparalleled stay; the plush bathroom and exquisite breakfast made every moment perfect. The attentive staff genuinely elevated the experience, making the entire splurge feel completely worthwhile.",1,gemma4:e4b,short,positive,structured,zero_shot,short_positive_structured_zero_shot,11,206,28,200,1,1,1.0,12,2026-08-23T23:12:58.483348+00:00
fake,fairmont,Hotel,"The room was surprisingly quiet despite being downtown; waking up to that breathtaking city view felt worth every penny, and the opulent bathroom truly spoiled us rotten.",1,gemma4:e4b,short,positive,structured,zero_shot,short_positive_structured_zero_shot,12,170,27,200,1,1,1.0,12,2026-08-23T23:12:59.098963+00:00
fake,hardrock,Hotel,"Loved our weekend getaway here; everything was just perfect from the stylish vibe to the incredibly comfortable bedding. Seriously hit every note, making it the ideal spot after a long day exploring the city!",1,gemma4:e4b,short,positive,unstructured,few_shot,short_positive_unstructured_few_shot,0,208,34,200,1,2,1.0,12,2026-08-23T23:13:00.538740+00:00
fake,hilton,Hotel,"My overnight stay here was genuinely refreshing; honestly, I was prepared for something far less exciting based on photos alone.",1,gemma4:e4b,short,positive,unstructured,few_shot,short_positive_unstructured_few_shot,1,128,20,200,0,2,1.0,12,2026-08-23T23:13:02.405754+00:00
fake,homewood,Hotel,"My visit to Homewood was so comfortable; the room was spotless, and we really appreciated the thoughtful touches like the easy access to local shops right outside the door. The team there made us feel instantly at home after a long day traveling in.",1,gemma4:e4b,short,positive,unstructured,few_shot,short_positive_unstructured_few_shot,2,249,44,200,1,1,1.0,12,2026-08-23T23:13:03.188075+00:00
fake,hyatt,Hotel,"Honestly, this hotel exceeded my expectations for a downtown spot; everything felt so thoughtfully put together without feeling stuffy at all. The service team was fantastic--they remembered little details about our trip which really made us feel taken care of.",1,gemma4:e4b,short,positive,unstructured,few_shot,short_positive_unstructured_few_shot,3,261,40,200,1,2,1.0,12,2026-08-23T23:13:04.995808+00:00
fake,intercontinental,Hotel,We had such a wonderful trip; the staff at InterContinental really went above and beyond to make us feel so welcome right from the moment we arrived.,1,gemma4:e4b,short,positive,unstructured,few_shot,short_positive_unstructured_few_shot,4,149,27,200,1,2,1.0,12,2026-08-23T23:13:06.596367+00:00
fake,james,Hotel,"Seriously impressed with this spot; the whole vibe felt super upscale but totally relaxed when I got back each night. The little breakfast area was perfect for a quick morning bite without feeling rushed at all, and my bed?",1,gemma4:e4b,short,positive,unstructured,few_shot,short_positive_unstructured_few_shot,5,223,39,200,1,2,1.0,12,2026-08-23T23:13:08.369695+00:00
fake,knickerbocker,Hotel,Knickerbocker was an absolute gem; the room had such a lovely old-world charm mixed with all the modern comforts I needed for my city trip. Seriously appreciated how attentive everyone was--really made us feel right at home after a long day exploring downtown.,1,gemma4:e4b,short,positive,unstructured,few_shot,short_positive_unstructured_few_shot,6,260,43,200,1,1,1.0,12,2026-08-23T23:13:09.174695+00:00
fake,monaco,Hotel,"What an absolutely marvelous time; everything about this hotel was flawless, truly making our Monaco getaway feel effortless and utterly luxurious from check-in to departure. We adored the incredible views right from our balcony every single morning!",1,gemma4:e4b,short,positive,unstructured,few_shot,short_positive_unstructured_few_shot,7,250,37,200,1,2,1.0,12,2026-08-23T23:13:10.652526+00:00
fake,omni,Hotel,"We had such a wonderful time; everything felt so effortlessly polished from the moment we arrived until check out. The concierge really went above and beyond with local tips, and honestly, the afternoon tea service was pure perfection.",1,gemma4:e4b,short,positive,unstructured,few_shot,short_positive_unstructured_few_shot,8,235,38,200,1,2,1.0,12,2026-08-23T23:13:12.228364+00:00
fake,palmer,Hotel,"Palmer was absolutely wonderful; we loved our little getaway! The comfy bed and the view over the water were just perfect for relaxing after a busy day exploring downtown. Everything felt so fresh and modern, making us want to stay much longer than our allotted time!",1,gemma4:e4b,short,positive,unstructured,few_shot,short_positive_unstructured_few_shot,9,267,46,200,1,2,1.0,12,2026-08-23T23:13:13.794534+00:00
fake,sheraton,Hotel,"We had such a wonderful time staying here; everything was just perfect, from the comfy beds to the fantastic breakfast spread every morning. The staff really went above and beyond to make us feel welcome right from the moment we arrived. Highly recommend it!",1,gemma4:e4b,short,positive,unstructured,few_shot,short_positive_unstructured_few_shot,10,258,44,200,1,1,1.0,12,2026-08-23T23:13:14.568981+00:00
fake,sofitel,Hotel,"We had such a lovely stay here; everything felt so refreshed and clean. The location was perfect for walking to local sights, and our room was surprisingly quiet despite being downtown.",1,gemma4:e4b,short,positive,unstructured,few_shot,short_positive_unstructured_few_shot,11,185,31,200,1,2,1.0,12,2026-08-23T23:13:16.141751+00:00
fake,swissotel,Hotel,"Swissotel truly impressed us with its thoughtful touches; everything felt so polished and modern, especially our room which was beautifully appointed.",1,gemma4:e4b,short,positive,unstructured,few_shot,short_positive_unstructured_few_shot,12,150,21,200,1,2,1.0,12,2026-08-23T23:13:17.694481+00:00
fake,talbott,Hotel,"Really enjoyed our stay at Talbot; the lobby was stunning, and everything felt so thoughtfully maintained throughout the whole property. Staff were attentive without hovering, making us feel perfectly taken care of!",1,gemma4:e4b,short,positive,unstructured,zero_shot,short_positive_unstructured_zero_shot,0,215,32,200,1,1,1.0,12,2026-08-23T23:13:18.361421+00:00
fake,affinia,Hotel,"We had such a lovely stay; the pool area was stunningly maintained, and honestly, getting dinner at that little spot poolside made our trip feel so relaxing and indulgent overall. I would definitely recommend this place to friends!",1,gemma4:e4b,short,positive,unstructured,zero_shot,short_positive_unstructured_zero_shot,1,231,38,200,1,1,1.0,12,2026-08-23T23:13:19.060927+00:00
fake,allegro,Hotel,"My stay at Allegro was genuinely delightful; the room was beautiful and surprisingly quiet, which was perfect after a long day of sightseeing. I especially loved the breakfast spread--so much variety!",1,gemma4:e4b,short,positive,unstructured,zero_shot,short_positive_unstructured_zero_shot,2,200,31,200,1,1,1.0,12,2026-08-23T23:13:19.723864+00:00
fake,amalfi,Hotel,"Our stay at Hotel Amalfi was simply magical; the view of the water from our balcony at sunset was breathtaking every single evening, and the breakfast spread was incredible too! I would absolutely recommend it to anyone visiting the area.",1,gemma4:e4b,short,positive,unstructured,zero_shot,short_positive_unstructured_zero_shot,3,238,40,200,1,1,1.0,12,2026-08-23T23:13:20.424725+00:00
fake,ambassador,Hotel,"Our ambassador was just incredible; they anticipated every need before we even had to ask. Such a warm, genuinely attentive presence made our stay feel truly pampered and unforgettable!",1,gemma4:e4b,short,positive,unstructured,zero_shot,short_positive_unstructured_zero_shot,4,185,29,200,1,1,1.0,12,2026-08-23T23:13:21.059981+00:00
fake,conrad,Hotel,Seriously loved my stay; everything from the impeccable service to that amazing courtyard pool made for a perfect little getaway. I'm already planning my return trip!,1,gemma4:e4b,short,positive,unstructured,zero_shot,short_positive_unstructured_zero_shot,5,166,26,200,1,1,1.0,12,2026-08-23T23:13:21.679858+00:00
fake,fairmont,Hotel,We had such a lovely stay; everything from the immaculate rooms to the dining options was truly superb. The service really elevated our trip and made us feel genuinely pampered all weekend long!,1,gemma4:e4b,short,positive,unstructured,zero_shot,short_positive_unstructured_zero_shot,6,194,33,200,1,1,1.0,12,2026-08-23T23:13:22.335780+00:00
fake,hardrock,Hotel,"Seriously loved my stay at Hard Rock; the energy was perfect, and the room amenities were fantastic, making it such a memorable getaway for us!",1,gemma4:e4b,short,positive,unstructured,zero_shot,short_positive_unstructured_zero_shot,7,143,25,200,1,1,1.0,12,2026-08-23T23:13:22.949817+00:00
fake,hilton,Hotel,Absolutely lovely stay at the Hilton; everything from the comfy bed to the attentive staff really made our trip so relaxing and memorable. We can't wait to come back!,1,gemma4:e4b,short,positive,unstructured,zero_shot,short_positive_unstructured_zero_shot,8,166,29,200,1,1,1.0,12,2026-08-23T23:13:23.587723+00:00
fake,homewood,Hotel,This Homewood Suites made our stay so comfortable; the beds were amazing and we really appreciated the little kitchen setup for easy breakfasts every morning!,1,gemma4:e4b,short,positive,unstructured,zero_shot,short_positive_unstructured_zero_shot,9,158,25,200,1,1,1.0,12,2026-08-23T23:13:24.185123+00:00
fake,hyatt,Hotel,My stay at the Hyatt was absolutely wonderful; everything from the comfortable bed to the impeccable service really made a difference. The amenities were top-notch and I left feeling completely refreshed!,1,gemma4:e4b,short,positive,unstructured,zero_shot,short_positive_unstructured_zero_shot,10,204,31,200,1,1,1.0,12,2026-08-23T23:13:24.834305+00:00
fake,intercontinental,Hotel,"Everything about the InterContinental was simply top-notch; from the impeccable service to the beautiful city views from our room, we truly felt spoiled and highly recommend a stay here.",1,gemma4:e4b,short,positive,unstructured,zero_shot,short_positive_unstructured_zero_shot,11,186,29,200,1,1,1.0,12,2026-08-23T23:13:25.466693+00:00
fake,james,Hotel,"James was absolutely wonderful! The room was spotless, and I especially loved that amazing breakfast spread; it made starting the day so much easier. Definitely recommend staying here for a relaxing trip!",1,gemma4:e4b,short,positive,unstructured,zero_shot,short_positive_unstructured_zero_shot,12,204,32,200,1,1,1.0,12,2026-08-23T23:13:26.128342+00:00
fake,knickerbocker,Hotel,"Disappointing trip; despite the prime location convenience, unreliable wifi made working impossible, and breakfast felt severely underwhelming for the price paid. The bathroom itself seemed dated with questionable plumbing.",1,gemma4:e4b,short,negative,structured,few_shot,short_negative_structured_few_shot,0,223,29,200,1,1,1.0,12,2026-08-23T23:13:26.816795+00:00
fake,monaco,Hotel,"The bathroom was frankly disappointing--dated fixtures and just mediocre cleanliness--and honestly, given what we saw from our window, you'd think the whole stay wasn't worth the premium price tag.",1,gemma4:e4b,short,negative,structured,few_shot,short_negative_structured_few_shot,1,197,29,200,1,2,1.0,12,2026-08-23T23:13:28.571531+00:00
fake,omni,Hotel,"The decor felt oddly mixed, neither truly fresh nor comforting; frankly, the staff interaction was lackluster throughout our visit. Coupled with an underwhelming bathroom experience, I felt the entire trip was far too brief to even properly assess it.",1,gemma4:e4b,short,negative,structured,few_shot,short_negative_structured_few_shot,2,251,39,200,1,1,1.0,12,2026-08-23T23:13:29.328160+00:00
fake,palmer,Hotel,"Honestly, this hotel felt stuck between eras; the decor was decidedly stale, making me dread every corner. The staff were politely distant, never quite warming up to our requests, which really soured the experience.",1,gemma4:e4b,short,negative,structured,few_shot,short_negative_structured_few_shot,3,215,34,200,1,2,1.0,12,2026-08-23T23:13:31.178068+00:00
fake,sheraton,Hotel,"The location was perfect for sightseeing, yet the noise pollution made any semblance of peace impossible; moreover, the tiny bathroom felt dismal after just one night, making me wish the visit had lasted longer to justify the disruption near this busy downtown spot.",1,gemma4:e4b,short,negative,structured,few_shot,short_negative_structured_few_shot,4,266,43,200,1,1,1.0,12,2026-08-23T23:13:31.957708+00:00
fake,sofitel,Hotel,"The location offered incredible views of the waterfront, which was wonderful for morning coffee; however, the dining area was surprisingly loud with constant clattering dishes.",1,gemma4:e4b,short,negative,structured,few_shot,short_negative_structured_few_shot,5,176,25,200,1,2,1.0,12,2026-08-23T23:13:33.628506+00:00
fake,swissotel,Hotel,"Honestly, leaving felt abrupt; the noise from the street was constant, and despite airing out the room, the bathroom seemed perpetually damp.",1,gemma4:e4b,short,negative,structured,few_shot,short_negative_structured_few_shot,6,141,22,200,1,2,1.0,12,2026-08-23T23:13:35.186409+00:00
fake,talbott,Hotel,"It felt far too brief to be here; I wish we could have lingered longer. The bathroom was spotless, though the shower pressure could use an upgrade.",1,gemma4:e4b,short,negative,structured,few_shot,short_negative_structured_few_shot,7,147,27,200,1,2,1.0,12,2026-08-23T23:13:37.070113+00:00
fake,affinia,Hotel,"While the location near everything was fantastic, I felt rushed leaving after only three nights; frankly, given the high rates, I expected superior service that didn't materialize with the staff's aloofness. It just didn't feel worth the premium cost for what it was.",1,gemma4:e4b,short,negative,structured,few_shot,short_negative_structured_few_shot,8,267,43,200,1,1,1.0,12,2026-08-23T23:13:37.900317+00:00
fake,allegro,Hotel,"The incessant traffic noise made sleeping nearly impossible; it was far too loud for restful nights despite the gorgeous skyline view. Frankly, considering the abysmal Wi-Fi kept cutting out constantly, I feel this stay was simply overpriced.",1,gemma4:e4b,short,negative,structured,few_shot,short_negative_structured_few_shot,9,242,37,200,1,2,1.0,12,2026-08-23T23:13:39.505475+00:00
fake,amalfi,Hotel,"The Amalfi lacked any modern flair; the decor felt incredibly dated, and despite paying for it, the room was disappointingly unclean. Even the bathroom looked neglected, making the supposed stunning view feel completely unworth the discomfort overall.",1,gemma4:e4b,short,negative,structured,few_shot,short_negative_structured_few_shot,10,251,37,200,1,1,1.0,12,2026-08-23T23:13:40.271168+00:00
fake,ambassador,Hotel,"Honestly, this stay felt quite overpriced; the bathroom itself was underwhelming and the poor quality meant my sleep suffered nightly.",1,gemma4:e4b,short,negative,structured,few_shot,short_negative_structured_few_shot,11,134,20,200,1,2,1.0,12,2026-08-23T23:13:41.880574+00:00
fake,conrad,Hotel,"The Conrad's location was stellar, but the decor felt undeniably tired; nowhere near fresh. While the room itself appeared spotless upon arrival, the complimentary breakfast selection was surprisingly lackluster for a hotel of this supposed caliber.",1,gemma4:e4b,short,negative,structured,few_shot,short_negative_structured_few_shot,12,249,36,200,1,1,1.0,12,2026-08-23T23:13:42.629876+00:00
fake,fairmont,Hotel,"Honestly, the room was spotless, making up for a noisy street view that kept waking me up. The tiny bathroom felt ancient and frankly quite gross, but at least the location made getting around so unbelievably easy.",1,gemma4:e4b,short,negative,structured,zero_shot,short_negative_structured_zero_shot,0,214,37,200,1,1,1.0,12,2026-08-23T23:13:43.335584+00:00
fake,hardrock,Hotel,"Despite the prime location, the room felt grimy, and connecting to the painfully slow Wi-Fi was impossible; frankly, the bathroom needed a deep scrub.",1,gemma4:e4b,short,negative,structured,zero_shot,short_negative_structured_zero_shot,1,150,24,200,1,1,1.0,12,2026-08-23T23:13:43.968930+00:00
fake,hilton,Hotel,This Hilton felt overly expensive for what was offered; the dated decor made it seem like a very long stay was necessary to forget how tired everything looked. The room wasn't spotless either.,1,gemma4:e4b,short,negative,structured,zero_shot,short_negative_structured_zero_shot,2,192,33,200,1,2,1.0,12,2026-08-23T23:13:45.403003+00:00
fake,homewood,Hotel,"This room felt dingy and surprisingly noisy all night; I barely slept with that grating street sound, and frankly, the lukewarm continental breakfast didn't salvage a truly disappointing stay at this Homewood location.",1,gemma4:e4b,short,negative,structured,zero_shot,short_negative_structured_zero_shot,3,218,33,200,1,1,1.0,12,2026-08-23T23:13:46.095351+00:00
fake,hyatt,Hotel,"The supposedly stunning city view was completely obscured by construction; I barely slept due to unexpected early morning noise, and while the staff seemed pleasant, their inability to manage soundproofing made this stay deeply disappointing.",1,gemma4:e4b,short,negative,structured,zero_shot,short_negative_structured_zero_shot,4,242,35,200,1,1,1.0,12,2026-08-23T23:13:46.782134+00:00
fake,intercontinental,Hotel,"Considering the premium rate, I expected more; the noisy street traffic was distracting, and the bathroom felt surprisingly dated for this brand, making the supposedly prime location underwhelmingly inconvenient overall.",1,gemma4:e4b,short,negative,structured,zero_shot,short_negative_structured_zero_shot,5,220,30,200,1,1,1.0,12,2026-08-23T23:13:47.449252+00:00
fake,james,Hotel,"Honestly, the breakfast spread was underwhelming, and despite hoping for city views from our room, all we heard was construction noise until late. The decor felt significantly dated, failing to match any of the supposed modern comforts.",1,gemma4:e4b,short,negative,structured,zero_shot,short_negative_structured_zero_shot,6,236,37,200,1,1,1.0,12,2026-08-23T23:13:48.153112+00:00
fake,knickerbocker,Hotel,"Honestly, I woke up feeling unrested; the bathroom felt ancient, and while the location is great, the decor was painfully dated with zero modern appeal. My river view was obscured by buildings, making the whole stay quite disappointing.",1,gemma4:e4b,short,negative,structured,zero_shot,short_negative_structured_zero_shot,7,236,38,200,1,1,1.0,12,2026-08-23T23:13:48.877386+00:00
fake,monaco,Hotel,"My stay felt agonizingly long due to unreliable wifi; frankly, even with a beautiful bathroom, the lackluster breakfast and overpriced feel made it unbearable until check-out.",1,gemma4:e4b,short,negative,structured,zero_shot,short_negative_structured_zero_shot,8,175,26,200,1,1,1.0,12,2026-08-23T23:13:49.520051+00:00
fake,omni,Hotel,"Woke up feeling rough after a restless night, mostly due to questionable street noise bleeding into the room; even the advertised luxury felt diminished by the overly loud bathroom plumbing and underwhelming breakfast spread.",1,gemma4:e4b,short,negative,structured,zero_shot,short_negative_structured_zero_shot,9,225,34,200,1,1,1.0,12,2026-08-23T23:13:50.187980+00:00
fake,palmer,Hotel,"This hotel feels stuck in an era; the decor is quite dated, and despite hoping for a longer stay, I found it too quiet. Honestly, while the room seemed superficially clean, the overall experience was deeply underwhelming.",1,gemma4:e4b,short,negative,structured,zero_shot,short_negative_structured_zero_shot,10,221,37,200,1,1,1.0,12,2026-08-23T23:13:50.897786+00:00
fake,sheraton,Hotel,"This location was perfect, but the constant street noise ruined any chance of a restful sleep; even with fast Wi-Fi, I felt like the entire stay was far too short to recover from such an underwhelming experience at the Sheraton.",1,gemma4:e4b,short,negative,structured,zero_shot,short_negative_structured_zero_shot,11,228,40,200,1,1,1.0,12,2026-08-23T23:13:51.617406+00:00
fake,sofitel,Hotel,"Woke up feeling unrested; despite the prime location, the noise from neighboring rooms made sleep impossible, and the staff seemed indifferent to our poor night's stay.",1,gemma4:e4b,short,negative,structured,zero_shot,short_negative_structured_zero_shot,12,168,26,200,1,1,1.0,12,2026-08-23T23:13:52.264819+00:00
fake,swissotel,Hotel,"Honestly, staying here felt underwhelming; the room was surprisingly small for the price point, and the advertised 'view' was just more concrete. Service seemed slow throughout our stay, which really dragged down what could have been a decent trip to the city center.",1,gemma4:e4b,short,negative,unstructured,few_shot,short_negative_unstructured_few_shot,0,267,43,200,1,1,1.0,12,2026-08-23T23:13:53.058668+00:00
fake,talbott,Hotel,"Honestly, I was pretty let down overall by this place; it felt tired and the whole vibe just wasn't there for me. The continental breakfast tasted really bland and barely cleared out our little table space when we got going.",1,gemma4:e4b,short,negative,unstructured,few_shot,short_negative_unstructured_few_shot,1,224,40,200,1,2,1.0,12,2026-08-23T23:13:54.771681+00:00
fake,affinia,Hotel,"Honestly, my stay at Affinia was quite underwhelming; the room felt far smaller than I expected from the photos online, and housekeeping seemed to have missed several items during my actual departure.",1,gemma4:e4b,short,negative,unstructured,few_shot,short_negative_unstructured_few_shot,2,200,32,200,1,2,1.0,12,2026-08-23T23:13:56.226509+00:00
fake,allegro,Hotel,"Honestly, checking into this place was such a letdown; the supposed 'premium' feel just wasn't there anywhere. Everything felt dated, and honestly, the noise coming from the hallway was distracting enough that I could barely relax after traveling all day.",1,gemma4:e4b,short,negative,unstructured,few_shot,short_negative_unstructured_few_shot,3,255,40,200,1,2,1.0,12,2026-08-23T23:13:57.901386+00:00
fake,amalfi,Hotel,"Honestly, the whole experience felt kind of lackluster; the views were fine but nothing spectacular, and breakfast was painfully underwhelming. I expected more romance for the Amalfi Coast.",1,gemma4:e4b,short,negative,unstructured,few_shot,short_negative_unstructured_few_shot,4,189,28,200,1,1,1.0,12,2026-08-23T23:13:58.576571+00:00
fake,ambassador,Hotel,"Honestly, I was kind of bummed out with my visit here; it felt like everything was just 'fine' rather than actually good.",1,gemma4:e4b,short,negative,unstructured,few_shot,short_negative_unstructured_few_shot,5,121,22,200,0,2,1.0,12,2026-08-23T23:14:00.483771+00:00
fake,conrad,Hotel,"Honestly, for the supposed 'Conrad' experience, it felt completely underwhelming; the room was surprisingly small, and despite paying top dollar, housekeeping seemed to miss quite a few areas, making me feel like I wasted a weekend downtown.",1,gemma4:e4b,short,negative,unstructured,few_shot,short_negative_unstructured_few_shot,6,241,37,200,1,1,1.0,12,2026-08-23T23:14:01.241138+00:00
fake,fairmont,Hotel,"Honestly, the Fairmont seemed underwhelming; the room felt smaller than advertised, and checking out was surprisingly complicated with multiple unnecessary steps. For the cost, I expected a much smoother, more polished experience overall.",1,gemma4:e4b,short,negative,unstructured,few_shot,short_negative_unstructured_few_shot,7,238,33,200,1,2,1.0,12,2026-08-23T23:14:02.697154+00:00
fake,hardrock,Hotel,"Honestly, Hard Rock was way overhyped; the room felt cramped despite the flashy decor, and honestly, the whole vibe just didn't click with me this time around. The noise bleed from other guests into our area was pretty disruptive too.",1,gemma4:e4b,short,negative,unstructured,few_shot,short_negative_unstructured_few_shot,8,234,40,200,1,1,1.0,12,2026-08-23T23:14:03.483071+00:00
fake,hilton,Hotel,"Honestly, this Hilton felt incredibly lackluster; everything seemed tired, especially the carpet stains I noticed right away.",1,gemma4:e4b,short,negative,unstructured,few_shot,short_negative_unstructured_few_shot,9,125,17,200,0,2,1.0,12,2026-08-23T23:14:04.965245+00:00
fake,homewood,Hotel,"Honestly, staying here felt like such an overhyped experience; the room was surprisingly small considering the price point, and getting downtown felt like a true hassle with parking nightmares everywhere.",1,gemma4:e4b,short,negative,unstructured,few_shot,short_negative_unstructured_few_shot,10,204,30,200,1,1,1.0,12,2026-08-23T23:14:05.660202+00:00
fake,hyatt,Hotel,"Honestly felt like a bait-and-switch; paid extra for 'premium' views that were barely visible past the adjacent skyscraper, and the breakfast selection was painfully underwhelming for this price point. Very disappointed overall.",1,gemma4:e4b,short,negative,unstructured,few_shot,short_negative_unstructured_few_shot,11,228,32,200,1,1,1.0,12,2026-08-23T23:14:06.387466+00:00
fake,intercontinental,Hotel,"Honestly, checking into the InterContinental felt underwhelming; everything seemed a bit lackluster compared to what I expected for this brand's pricing tier, especially the slightly dated common areas and sluggish service pace throughout our visit.",1,gemma4:e4b,short,negative,unstructured,few_shot,short_negative_unstructured_few_shot,12,249,35,200,1,1,1.0,12,2026-08-23T23:14:07.113049+00:00
fake,james,Hotel,"Honestly, I expected a much higher standard from The James; the room felt dated and maintenance issues were noticeable everywhere, really dampening what should have been a relaxing staycation getaway.",1,gemma4:e4b,short,negative,unstructured,zero_shot,short_negative_unstructured_zero_shot,0,200,30,200,1,1,1.0,12,2026-08-23T23:14:07.772251+00:00
fake,knickerbocker,Hotel,"Honestly, the Knickerbocker was just underwhelming; far too overpriced for what I experienced--the room felt dated and breakfast was disappointingly lackluster, making for a really tough stay overall.",1,gemma4:e4b,short,negative,unstructured,zero_shot,short_negative_unstructured_zero_shot,1,200,28,200,1,1,1.0,12,2026-08-23T23:14:08.437189+00:00
fake,monaco,Hotel,"Honestly, for what they charge in Monaco, I expected far more than this underwhelming stay; the room felt dated and service was disappointingly slow throughout our entire visit.",1,gemma4:e4b,short,negative,unstructured,zero_shot,short_negative_unstructured_zero_shot,2,177,28,200,1,1,1.0,12,2026-08-23T23:14:09.074633+00:00
fake,omni,Hotel,"Honestly, the Omni felt lackluster; while the location was great, everything from the room amenities to the service speed just felt underwhelming and overpriced for what we received overall.",1,gemma4:e4b,short,negative,unstructured,zero_shot,short_negative_unstructured_zero_shot,3,190,29,200,1,1,1.0,12,2026-08-23T23:14:09.706638+00:00
fake,palmer,Hotel,"Honestly, Palmer was a major letdown; the room smelled musty, and the supposed 'premium' amenities felt utterly underwhelming for the price point we paid. I really expected more polish considering where it's located.",1,gemma4:e4b,short,negative,unstructured,zero_shot,short_negative_unstructured_zero_shot,4,216,33,200,1,1,1.0,12,2026-08-23T23:14:10.400897+00:00
fake,sheraton,Hotel,"Honestly, I expected much more from a Sheraton; the room felt dated, and frankly, the breakfast buffet was underwhelmingly mediocre--a truly disappointing stay overall for the price paid.",1,gemma4:e4b,short,negative,unstructured,zero_shot,short_negative_unstructured_zero_shot,5,187,28,200,1,1,1.0,12,2026-08-23T23:14:11.045469+00:00
fake,sofitel,Hotel,Honestly quite let down by my stay here; the room felt dated and the breakfast selection was painfully limited for the cost. Definitely won't be booking at Sofitel again after this disappointing visit.,1,gemma4:e4b,short,negative,unstructured,zero_shot,short_negative_unstructured_zero_shot,6,201,33,200,1,1,1.0,12,2026-08-23T23:14:11.706785+00:00
fake,swissotel,Hotel,"Honestly, Swissotel felt underwhelming; the room was noticeably dated, and the breakfast buffet struggled with some truly mediocre coffee options overall.",1,gemma4:e4b,short,negative,unstructured,zero_shot,short_negative_unstructured_zero_shot,7,154,21,200,1,1,1.0,12,2026-08-23T23:14:12.277328+00:00
fake,talbott,Hotel,"Honestly, I expected more luxury given the hype; the room felt dated and frankly, disappointing. The service was just mediocre all around, making for a very underwhelming stay overall.",1,gemma4:e4b,short,negative,unstructured,zero_shot,short_negative_unstructured_zero_shot,8,184,29,200,1,1,1.0,12,2026-08-23T23:14:12.920283+00:00
fake,affinia,Hotel,"Honestly, staying here felt underwhelming; the room was dated, and when we called room service for dinner last night, it took forever to even send someone up.",1,gemma4:e4b,short,negative,unstructured,zero_shot,short_negative_unstructured_zero_shot,9,158,27,200,1,1,1.0,12,2026-08-23T23:14:13.529652+00:00
fake,allegro,Hotel,"Honestly, staying at Allegro was a huge letdown; the room felt tired and unclean despite the hefty price tag, and frankly, the breakfast spread was underwhelmingly small for what I expected from this supposed 'vibrant' spot.",1,gemma4:e4b,short,negative,unstructured,zero_shot,short_negative_unstructured_zero_shot,10,224,36,200,1,1,1.0,12,2026-08-23T23:14:14.237212+00:00
fake,amalfi,Hotel,"Honestly, for the price we paid, I expected a much more polished experience; the breakfast selection was painfully underwhelming and the room felt distinctly lackluster rather than romantic.",1,gemma4:e4b,short,negative,unstructured,zero_shot,short_negative_unstructured_zero_shot,11,190,28,200,1,1,1.0,12,2026-08-23T23:14:14.857825+00:00
fake,ambassador,Hotel,"Honestly, I felt completely ignored by the ambassador; their attempts at helpfulness were just a bit patronizing and rather uninformative overall, which was really disappointing given the price point.",1,gemma4:e4b,short,negative,unstructured,zero_shot,short_negative_unstructured_zero_shot,12,200,29,200,1,1,1.0,12,2026-08-23T23:14:15.506863+00:00
fake,conrad,Hotel,"My recent visit to the Conrad was truly restorative; I genuinely feel like the three nights were far too brief. From the moment we checked in, everything felt seamless--the check-in process itself was swift, making a tired traveler feel immediately taken care of. The room was exceptionally quiet, providing an oasis of calm even during the busy day outside. I slept so deeply and soundly that it's rare for me to have such good rest while traveling. Furthermore, the high-speed internet connection was flawless throughout my stay, supporting everything from video calls to streaming evenings in relaxation mode. The attention to detail everywhere, right down to the plush bedding, really elevates the entire experience. I wouldn't hesitate to book another trip here; it's an impeccable urban escape.",1,gemma4:e4b,long,positive,structured,few_shot,long_positive_structured_few_shot,0,800,127,700,1,1,1.0,12,2026-08-23T23:14:16.939943+00:00
fake,fairmont,Hotel,"From the moment we walked in, the hotel felt remarkably fresh; nothing about the decor seemed dusty or decades old. The room itself was spotlessly immaculate--I truly appreciated how thoroughly cleaned it was, especially the bathroom fixtures. Sleep quality deserves a special shout-out; I slept profoundly soundly for the first time in months without any disturbance. Furthermore, connecting to the internet was effortless; the Wi-Fi connection remained strong and dependable throughout our entire stay, which was crucial for remote work. Everything just clicked into place--the comfort, the modern aesthetic, the seamless connectivity--making it feel like a genuinely high-end sanctuary away from the city bustle.",1,gemma4:e4b,long,positive,structured,few_shot,long_positive_structured_few_shot,1,715,104,700,1,1,1.0,12,2026-08-23T23:14:18.227722+00:00
fake,hardrock,Hotel,"Our stay at The Hard Rock was absolutely fantastic, hitting every mark for a perfect getaway. From the moment we checked in, everything felt fresh; the room was impeccably clean, spotless sheets and sparkling bathroom tiles--you really don't have to worry about maintenance here. We appreciated how consistent the Wi-Fi signal was throughout the entire stay, which was crucial for working remotely between activities. While the location is vibrant, somehow the rooms managed to be quite peaceful at night, offering a nice reprieve from the city buzz. The breakfast spread was genuinely one of the best hotel breakfasts I've had in ages--so much variety, particularly their fresh pastries and excellent coffee selection that got us going every morning. Overall, it felt energetic but settled, giving us the perfect balance between adventure and relaxation. We left feeling completely refreshed and already planning our return trip to Rockville!",1,gemma4:e4b,long,positive,structured,few_shot,long_positive_structured_few_shot,2,943,146,700,1,1,1.0,12,2026-08-23T23:14:19.798867+00:00
fake,hilton,Hotel,"From the moment we entered, it was clear this hotel maintained impeccable standards; every surface sparkled, suggesting an obsessive commitment to cleanliness that was genuinely appreciated after a long journey. Our room felt thoughtfully updated--nothing about the decor screamed 'dated' at all; rather, it blended classic architectural bones with fresh, muted furnishings that created a sophisticated ambiance. The bathroom was particularly noteworthy; gleaming fixtures and deep soaking tub provided a much-needed touch of luxury. Critically, the bed itself was heavenly; I slept so deeply for the first time in ages. Everything contributed to a truly restful experience, making it an ideal base after busy sightseeing days downtown.",1,gemma4:e4b,long,positive,structured,few_shot,long_positive_structured_few_shot,3,736,107,700,1,1,1.0,12,2026-08-23T23:14:21.087134+00:00
fake,homewood,Hotel,"Our stay at Homewood Suites was genuinely relaxing; we were traveling through for some business but really appreciated the calm atmosphere. It struck the perfect balance--quiet enough to actually hear ourselves think, yet still feeling vibrant without being distracting. The entire team staff went above and beyond, offering seamless assistance with everything from local transit advice to recommending spots near the property that weren't tourist traps. I especially want to mention breakfast; it was a massive spread offering so many diverse options for every taste, not just the usual continental fare. Furthermore, the reliable high-speed Wi-Fi kept our remote work running without any annoying dropouts, which is crucial for us. Everything felt thoughtfully maintained, from the comfortable bedding to the clean common areas. We left feeling well-rested and entirely satisfied with the value and quality provided throughout our time there.",1,gemma4:e4b,long,positive,structured,few_shot,long_positive_structured_few_shot,4,944,140,700,1,1,1.0,12,2026-08-23T23:14:22.591252+00:00
fake,hyatt,Hotel,"From the moment we arrived, the atmosphere at The Fairmont felt genuinely upscale without tipping into pretension. Setting up for our stay, we were incredibly pleased with the reliable connectivity; streaming content on multiple devices via the guest Wi-Fi was seamless throughout our time here. We found ourselves needing just a few more nights to properly settle in and explore the local attractions, as the initial two nights felt far too brief. Sleep quality was exceptional--truly restorative--thanks to the thick walls that kept out all city noise; it was remarkably tranquil at night. During the day, while the lobby area is vibrant and buzzy with activity, our room itself offered a peaceful retreat. Overall, this establishment provides such a wonderful blend of comfort and convenience, making us already excited for a return visit.",1,gemma4:e4b,long,positive,structured,few_shot,long_positive_structured_few_shot,5,842,133,700,1,1,1.0,12,2026-08-23T23:14:24.030577+00:00
fake,intercontinental,Hotel,"We absolutely adored our stay at the InterContinental; it truly exceeded our expectations for luxury travel. From the moment we arrived, the staff treated us with such genuine warmth--every interaction felt personalized, from concierge recommendations to housekeeping service. The breakfast buffet was spectacular, offering everything from artisanal pastries to fresh local fruit stations, making mornings feel leisurely rather than rushed. What really impressed me was how impeccably quiet the hotel remained throughout our stay; despite its central location, the room offered an absolute sanctuary. While it certainly commanded a higher price point, the level of attentive service and pristine comfort made every penny worthwhile. We felt spoiled in the best possible way, and we are already looking forward to returning someday.",1,gemma4:e4b,long,positive,structured,few_shot,long_positive_structured_few_shot,6,831,121,700,1,1,1.0,12,2026-08-23T23:14:25.385187+00:00
fake,james,Hotel,"This hotel truly exceeded my expectations across the board; everything felt thoughtfully curated. Waking up each morning to that panoramic vista over the bay was nothing short of breathtaking--the city skyline at dawn is something you simply have to see to believe. The room itself is beautifully appointed, managing a delicate balance between classic elegance and modern updates; nowhere did it feel tired or outdated. Speaking of fresh touches, the bathroom deserves special mention; the rainfall showerhead felt divine, and the deep soaking tub provided the perfect retreat after a long day exploring downtown attractions. Furthermore, every single employee we interacted with, from concierge to housekeeping, operated with such genuine warmth and proactive helpfulness, anticipating needs before we even knew them ourselves. It was a seamless, deeply comfortable stay that made us want to leave less often than we actually did.",1,gemma4:e4b,long,positive,structured,few_shot,long_positive_structured_few_shot,7,931,141,700,1,2,1.0,12,2026-08-23T23:14:28.337016+00:00
fake,knickerbocker,Hotel,"From start to finish, my visit to The Knickerbocker felt like an indulgence that was absolutely justified by the quality provided. Everything genuinely exceeded expectations for a New York City stay of this caliber; I didn't feel it was overpriced at all given the level of service and comfort. Upon entering, the room immediately struck me as impeccably maintained--it was spotless, almost to an obsessive degree. The bathroom facilities were particularly noteworthy; everything gleamed, from the fixtures to the deep soaking tub, offering a wonderful retreat after a long day exploring the city streets. More importantly, I slept wonderfully; the bed was supremely comfortable and quiet enough that I woke up feeling completely refreshed, which is priceless when traveling. It's clear they pay meticulous attention to detail in every corner of this establishment.",1,gemma4:e4b,long,positive,structured,few_shot,long_positive_structured_few_shot,8,865,133,700,1,1,1.0,12,2026-08-23T23:14:29.799096+00:00
fake,monaco,Hotel,"Our time here was genuinely restful; I slept like it was silent countryside rather than being in the heart of the city bustle. The bathroom itself was surprisingly lovely--very clean porcelain fixtures paired with smart rainfall showerheads gave everything a real spa-like feel, making it feel more premium than the tariff suggested. Regarding value, while this location commands top dollar, the overall quality justifies the expense significantly; I wouldn't feel ripped off here. The decor struck a perfect balance; instead of feeling either aggressively new or tragically old-fashioned, there was a sophisticated blend that felt both timeless and thoughtfully updated. We didn't encounter any jarring, dated elements whatsoever. It truly felt like everything was curated with an eye for enduring elegance rather than passing trends.",1,gemma4:e4b,long,positive,structured,few_shot,long_positive_structured_few_shot,9,835,125,700,1,1,1.0,12,2026-08-23T23:14:31.216898+00:00
fake,omni,Hotel,"From the moment we arrived at the Omni, it was clear this establishment prioritizes immaculate upkeep; every surface, right down to the bathroom grout, sparkled impressively clean. We honestly felt our time there flew by--it was far too short for what a lovely getaway! Waking up to that expansive view of the city skyline made starting each morning a genuine pleasure. Furthermore, despite juggling multiple streaming services and working remotely, the complimentary Wi-Fi remained robust and remarkably consistent throughout our entire stay, which is always a major bonus. The comfort level was perfect, striking a wonderful balance between sophisticated luxury and cozy repose. I wouldn't hesitate to book my return trip here soon.",1,gemma4:e4b,long,positive,structured,few_shot,long_positive_structured_few_shot,10,734,113,700,1,1,1.0,12,2026-08-23T23:14:32.531503+00:00
fake,palmer,Hotel,"This hotel exceeded my expectations across the board during my recent visit. From the moment I walked in, the attentiveness of the staff was palpable; everyone was genuinely warm and went out of their way to assist with recommendations for local excursions. My room was immaculate--truly spotless, seemingly maintained by invisible housekeeping magic. The bathroom itself was a real standout; high-quality fixtures and wonderful toiletries made getting ready feel like a little spa treatment. What really sealed the deal, though, was how incredibly convenient the location is. Being able to walk to multiple points of interest meant zero hassle with transport all week long. I left feeling completely refreshed and very much looking forward to returning!",1,gemma4:e4b,long,positive,structured,few_shot,long_positive_structured_few_shot,11,754,116,700,1,1,1.0,12,2026-08-23T23:14:33.850835+00:00
fake,sheraton,Hotel,"Our stay at the Sheraton was genuinely fantastic, making for a perfect little getaway. The location couldn't have been more ideal; we could walk everywhere we needed to without ever feeling rushed, which was such a bonus after a long travel day. Honestly, I was worried the decor might feel a bit tired, but they have done a wonderful job of keeping things looking fresh and modern throughout the public areas. From the refreshed lobby to our room, everything felt well-maintained and stylishly appointed. Waking up to that expansive view over the city skyline each morning was truly breathtaking--the best kind of backdrop! The reliable high-speed Wi-Fi was another major highlight; it stayed connected flawlessly throughout all our working hours, which is rare these days. Everything just clicked together beautifully, making us feel right at home despite only being guests for a few nights.",1,gemma4:e4b,long,positive,structured,zero_shot,long_positive_structured_zero_shot,0,893,144,700,1,2,1.0,12,2026-08-23T23:14:37.010551+00:00
fake,sofitel,Hotel,"My stay at Sofitel was genuinely lovely from start to finish. From the moment I walked in, the lobby's decor felt beautifully refreshed; it managed to feel luxurious without looking anything but contemporary. The staff deserves special mention--everyone we encountered, from the concierge to room service, were so attentive and genuinely helpful, making us feel like valued guests rather than just paying patrons. The breakfast spread was outstandingly diverse, offering everything from fresh local pastries to really quality international options, giving us a perfect start to each day. And the view! Waking up to that expansive vista of the city skyline over the bay was simply breathtaking and added so much magic to our stay. Everything worked seamlessly together--the service excellence combined with thoughtful ambiance made for a truly relaxing and memorable trip. I would absolutely recommend it.",1,gemma4:e4b,long,positive,structured,zero_shot,long_positive_structured_zero_shot,1,904,138,700,1,1,1.0,12,2026-08-23T23:14:38.466571+00:00
fake,swissotel,Hotel,"My stay at Swissotel was absolutely wonderful from start to finish. Honestly, I haven't slept this soundly in years; the bedding was heavenly and remarkably quiet, allowing for deep, uninterrupted rest every single night. Upon arrival, I was immediately struck by how immaculately clean the entire room was--it felt spotless, right down to the corners of the bathroom. What truly elevated the experience, though, was the staff. Every single employee, from the concierge to room service, were genuinely attentive and incredibly gracious; their professionalism shone through in every interaction. And speaking of beautiful things, the view from our window overlooking the city skyline at sunset was nothing short of breathtaking--the perfect backdrop for winding down after a day of exploring. I left feeling completely refreshed and already looking forward to my return trip. A truly delightful stay!",1,gemma4:e4b,long,positive,structured,zero_shot,long_positive_structured_zero_shot,2,899,137,700,1,1,1.0,12,2026-08-23T23:14:40.010977+00:00
fake,talbott,Hotel,"Our stay at The Talbot was absolutely delightful from start to finish. We were particularly impressed with how serene the room was; despite being in such a vibrant part of the city, it felt remarkably quiet--a true urban oasis. Waking up each morning to the lovely view overlooking the rooftops really set a wonderful tone for our days. Moreover, the location is unbeatable, putting us mere steps from all the best restaurants and shops we wanted to explore. What truly elevated the experience, though, was the staff. Every single member of the team we encountered, from check-in to dining service, was genuinely attentive without ever feeling intrusive. They handled every request with such professionalism and warmth; it made us feel incredibly well taken care of. We left feeling refreshed, pampered, and already planning our return trip. Highly recommend this gem!",1,gemma4:e4b,long,positive,structured,zero_shot,long_positive_structured_zero_shot,3,868,140,700,1,1,1.0,12,2026-08-23T23:14:41.487391+00:00
fake,affinia,Hotel,"We absolutely loved our stay at Affinia; it truly felt worth the investment given the level of service and luxury provided throughout. From the moment we arrived, everything was immaculate, which is always reassuring in a busy city location. My bathroom, in particular, deserves a shout-out--it was spacious, modern, and stocked with high-quality toiletries that made getting ready feel like a mini spa experience rather than a routine necessity. Staying on the higher floor meant we enjoyed profound quietude throughout our entire visit, even when the neighborhood outside was bustling; it felt like an oasis. Furthermore, I have to commend the connectivity; the Wi-Fi was remarkably fast and never faltered, allowing for seamless work sessions alongside evening entertainment. Overall, the combination of sophisticated ambiance, restful sleep, and flawless functionality made this trip exceptional. We are already planning our return visit!",1,gemma4:e4b,long,positive,structured,zero_shot,long_positive_structured_zero_shot,4,942,140,700,1,1,1.0,12,2026-08-23T23:14:43.007961+00:00
fake,allegro,Hotel,"From the moment we walked in, Allegro felt like a breath of fresh air--truly lovely! The room was immaculate; every surface sparkled and everything smelled wonderfully fresh, which is always a huge bonus when traveling. Frankly, given the caliber of service and the sheer comfort provided, it absolutely felt worth every penny; I wouldn't hesitate to recommend it. The bathroom deserves special mention; it was luxurious without being showy--great water pressure and very thoughtful amenities made getting ready for the day genuinely enjoyable rather than a chore. Most importantly, I slept like a rock. The bed was exceptionally comfortable, making it easy to drift off early and wake up feeling completely refreshed, which is priceless after a long travel day. We really appreciated the attention to detail throughout our stay.",1,gemma4:e4b,long,positive,structured,zero_shot,long_positive_structured_zero_shot,5,829,130,700,1,1,1.0,12,2026-08-23T23:14:44.433314+00:00
fake,amalfi,Hotel,"From the moment we arrived at Hotel Amalfi, we felt truly pampered. The entire property exudes such a wonderful Italian charm, yet maintains impeccable modern standards. Our room was spotlessly clean; it honestly looked as if someone had just vacuumed it yesterday, right down to the little decorative corners. I particularly appreciated how quiet the room was--despite being so central, all you could hear was the gentle sound of the sea in the distance, which was heavenly. The bathroom facilities were gorgeous and incredibly well-appointed; everything gleamed, making the whole space feel luxurious. Furthermore, connectivity was flawless; the WiFi remained strong enough for video calls even when we were lounging by the window. Every detail, from the plush towels to the thoughtful little touches, contributed to a perfect stay. We are already planning our return trip!",1,gemma4:e4b,long,positive,structured,zero_shot,long_positive_structured_zero_shot,6,875,136,700,1,2,1.0,12,2026-08-23T23:14:47.441200+00:00
fake,ambassador,Hotel,"From the moment we arrived, everything felt seamless. The hotel's location is genuinely unbeatable; being steps away from both major transport links and fantastic local eateries meant our exploration of the city was effortless every single day. We particularly appreciated how consistently fast and reliable the wifi was--a true lifesaver for working remotely! While some hotels can be jarringly loud, ours remained remarkably tranquil throughout the stay, allowing for truly restful sleep nights. Furthermore, I have to commend the interior design; it strikes such a lovely balance between classic comfort and modern freshness, feeling updated without losing any sense of elegant character. Overall, this establishment has hit every mark, providing both flawless convenience and genuine tranquility. We will absolutely be recommending this spot to anyone visiting the area.",1,gemma4:e4b,long,positive,structured,zero_shot,long_positive_structured_zero_shot,7,874,128,700,1,1,1.0,12,2026-08-23T23:14:48.814566+00:00
fake,conrad,Hotel,"Our stay at The Conrad was absolutely flawless from check-in to check-out. Seriously, the location couldn't have been more ideal; everything we wanted to see and do felt like a quick stroll away. The hotel staff deserves special recognition--every single interaction, whether it was housekeeping or concierge assistance, was met with genuine warmth and impeccable professionalism. Even navigating the resort feels seamless thanks to the spotlessly maintained grounds. Furthermore, the reliable, high-speed Wi-Fi worked perfectly throughout our entire stay, which was a huge relief for my work needs. While luxury always comes with a premium price tag, we felt that every aspect--from the incredible bedding to the attentive service--made it feel entirely worth the investment. We left feeling refreshed and genuinely pampered; I'm already looking forward to returning to this wonderful oasis.",1,gemma4:e4b,long,positive,structured,zero_shot,long_positive_structured_zero_shot,8,892,132,700,1,1,1.0,12,2026-08-23T23:14:50.308651+00:00
fake,fairmont,Hotel,"My recent stay at the Fairmont was absolutely wonderful from start to finish. From the moment we arrived, every single staff member treated us with such genuine warmth and professionalism; it felt less like a transaction and more like being welcomed by friends. The hotel's decor is remarkably fresh, managing to blend classic elegance with modern touches seamlessly--nothing felt at all dated. And the view from our balcony each morning? Simply breathtaking; watching the city wake up over the water was pure magic. I genuinely wish our stay could have lasted twice as long, as every corner of the hotel begged us to linger and explore more. It truly felt like a perfect little bubble away from reality, making this visit feel wonderfully brief but deeply restorative. We are already looking forward to returning!",1,gemma4:e4b,long,positive,structured,zero_shot,long_positive_structured_zero_shot,9,814,134,700,1,1,1.0,12,2026-08-23T23:14:51.697561+00:00
fake,hardrock,Hotel,"My recent stay at The Hard Rock was absolutely fantastic; I genuinely left feeling like I needed a full week! From the moment we arrived, the energy of the place was palpable, and every single member of staff exceeded expectations with their genuine warmth and attentiveness. Seriously, the concierge team went above and beyond to book us into prime show seats--it made our trip feel so seamless. The bathroom, in particular, deserves a mention; it felt brand new, luxurious, and had incredible water pressure which was a huge bonus after a day of exploring. Honestly, I'm already calculating my next visit because the time just flew by. While it was undeniably an investment, given the impeccable service paired with such stylish amenities, I can confidently say that every penny was worth the experience. Highly recommend this spot for a memorable getaway!",1,gemma4:e4b,long,positive,structured,zero_shot,long_positive_structured_zero_shot,10,858,141,700,1,1,1.0,12,2026-08-23T23:14:53.174511+00:00
fake,hilton,Hotel,"My stay at this Hilton was genuinely restorative. I slept like a log; the bedding was incredibly comfortable, and the room was remarkably quiet--I couldn't tell if traffic noise existed outside because of how soundproof everything felt inside. The location is perfect for sightseeing; everything we wanted to visit was within easy walking distance, which was a huge bonus as we were constantly exploring. Speaking of fueling up, breakfast deserves its own commendation. The variety available was excellent, from fresh pastries to more substantial hot options, and the quality of ingredients really shone through every bite. From the initial check-in process to our departure, everything felt polished and attentive. I left feeling refreshed and already looking forward to my next visit.",1,gemma4:e4b,long,positive,structured,zero_shot,long_positive_structured_zero_shot,11,786,121,700,1,1,1.0,12,2026-08-23T23:14:54.514946+00:00
fake,homewood,Hotel,"Seriously loved our stay here at Homewood Suites. From the moment we pulled into the parking garage, everything felt welcoming and efficiently managed. Check-in was remarkably smooth--we were settled into our room almost instantly, which is always a relief after traveling with luggage. Our suite itself was fantastic; it had enough breathing room for our family, and having that little kitchenette setup meant we didn't have to rely on eating out every single meal, which saved us some money! The neighborhood was perfect too; super walkable, meaning we could wander down to grab coffee or check out a local shop without needing a car right away. I particularly appreciated the communal spaces feeling clean and well-maintained--it made spending time together after a long day so comfortable. Even the little touches, like the fresh toiletries provided, showed they really care about guest comfort.",1,gemma4:e4b,long,positive,unstructured,few_shot,long_positive_unstructured_few_shot,0,899,142,700,1,2,1.0,12,2026-08-23T23:14:57.758916+00:00
fake,hyatt,Hotel,"This hotel truly exceeds expectations across the board. From the moment we arrived, the lobby felt elegant yet welcoming, avoiding that sterile feeling so many modern hotels possess. My room was immaculate; the bedding, especially, was incredibly comfortable--I slept deeply every night which is saying something! What really impressed me were the little touches: excellent toiletries and high-speed, reliable Wi-Fi in every corner of the property. We spent a few evenings exploring the local area, and having such an ideal base right where we wanted to be made all the difference. The concierge team was phenomenal; they booked us into three different restaurants that were totally impossible to get into otherwise. Seriously, if you're looking for comfort mixed with fantastic service in a gorgeous setting, book here without hesitation. We are already planning our return trip!",1,gemma4:e4b,long,positive,unstructured,few_shot,long_positive_unstructured_few_shot,1,880,136,700,1,1,1.0,12,2026-08-23T23:14:59.267679+00:00
fake,intercontinental,Hotel,"We just wrapped up a four-night stay here at the InterContinental and honestly, it exceeded our expectations on nearly every level. From the moment we arrived, the check-in process was seamless; they managed to make what feels like a busy transit hub feel incredibly relaxed. Our room itself was stunning--really bright with those gorgeous city views right out of the window. We particularly appreciated the bedding; everything felt so plush and luxurious, making it perfect for getting proper rest after exploring. The breakfast buffet was another highlight; there was such an incredible variety to choose from, catering to everyone in our party, and the quality of ingredients was top-notch. We spent an evening using the rooftop area, which had such a wonderful ambiance at sunset. Seriously, if you're looking for a dependable blend of classic luxury mixed with modern comforts in a prime spot downtown, this is it.",1,gemma4:e4b,long,positive,unstructured,few_shot,long_positive_unstructured_few_shot,2,919,148,700,1,2,1.0,12,2026-08-23T23:15:02.564766+00:00
fake,james,Hotel,"I honestly cannot say enough good things about my weekend visit here. From the moment we pulled into the valet stand, everything felt smooth and effortless; the team greeting us was genuinely warm, not just reciting lines. Our room exceeded expectations--it was spotless, incredibly quiet considering how central the location is, and had that perfect blend of classic comfort with modern updates. We spent an afternoon relaxing by the pool, and it was so inviting without feeling overcrowded at all. The little breakfast nook attached to our dining area made morning coffee feel like a real treat instead of just a necessity. Seriously, if you're looking for a place where everything works together--from the bedding quality to the attention to detail in the common areas--look no further. We are already booking our return trip; this spot really nails that perfect vacation vibe.",1,gemma4:e4b,long,positive,unstructured,few_shot,long_positive_unstructured_few_shot,3,880,142,700,1,2,1.0,12,2026-08-23T23:15:05.619720+00:00
fake,knickerbocker,Hotel,"We just wrapped up a fantastic weekend staying at The Knickerbocker, and honestly, we're already looking forward to coming back. From the moment we stepped inside, the atmosphere was just perfect--it felt simultaneously grand and wonderfully comfortable, not overly stuffy at all. My room had such a lovely view of the square; waking up to that sight every morning was a real treat. What really sold us though were the staff interactions. Everyone, from the concierge helping us navigate local theatre tickets to the valet who handled our luggage with such ease, was genuinely attentive without hovering. The breakfast spread was incredible too; seriously enough variety and quality for a hotel of this caliber. It made starting the day so enjoyable. It's clear they put so much care into maintaining both the historic elegance and the modern guest experience here. Highly recommend it if you're visiting the area!",1,gemma4:e4b,long,positive,unstructured,few_shot,long_positive_unstructured_few_shot,4,914,148,700,1,1,1.0,12,2026-08-23T23:15:07.213039+00:00
fake,monaco,Hotel,"Our visit to The Residence Inn was genuinely wonderful; it felt like we got that perfect mix of luxury comfort without the exorbitant price tag. From the moment we pulled into the parking garage, everything felt seamless and easygoing. The check-in process was incredibly quick, which is always a relief when you're traveling with luggage. What really stood out to me though were the amenities provided in the rooms--having a full kitchenette meant we didn't have to eat out for every meal, saving both time and cash! We appreciated having little extras like coffee supplies and basic toiletries stocked so thoughtfully. The neighborhood itself was vibrant; we could walk over to some fantastic local cafes and shops easily enough. Overall, it struck the right chord between a proper hotel stay and feeling totally at home while traveling.",1,gemma4:e4b,long,positive,unstructured,few_shot,long_positive_unstructured_few_shot,5,839,137,700,1,1,1.0,12,2026-08-23T23:15:08.688516+00:00
fake,omni,Hotel,"We stayed for a long weekend and honestly couldn't have asked for a better downtown base. From the moment we arrived, everything felt polished and genuinely welcoming--not in an overdone way, but just smoothly upscale. Our room was perfect; super comfortable bed with those lovely blackout curtains that really make sleeping easy after a day of exploring. What stood out most though was how accommodating everyone was. Whether it was getting directions downtown or asking the concierge about local art exhibits, the staff seemed to genuinely enjoy helping us rather than just clocking out. The breakfast spread, too, was fantastic--so much variety without feeling overwhelming, and the coffee station was a delight. It felt like they take real pride in making guests feel taken care of.",1,gemma4:e4b,long,positive,unstructured,few_shot,long_positive_unstructured_few_shot,6,786,126,700,1,2,1.0,12,2026-08-23T23:15:11.967545+00:00
fake,palmer,Hotel,"We stayed for four nights here and it was genuinely restorative; I rarely leave feeling completely re-energized after a trip, but this hotel managed it effortlessly. The bed was phenomenal--seriously, I suspect they use custom mattresses--it was deeply comfortable yet supported perfectly, allowing for truly deep sleep every single night. What really sold us, though, was the incredible breakfast spread; it wasn't just enough options, it felt curated, with fresh local pastries and an unbelievable selection of artisanal coffee stations running through the morning. The lobby area was also gorgeous, a perfect spot to sit with a book after touring the neighborhood and just soak up the calm atmosphere before heading out again. Plus, navigating into downtown was ridiculously easy; we didn't have to deal with any stressful transfers at all. I genuinely felt pampered from the moment we checked in until we left on our final morning commute.",1,gemma4:e4b,long,positive,unstructured,few_shot,long_positive_unstructured_few_shot,7,943,149,700,1,1,1.0,12,2026-08-23T23:15:13.566424+00:00
fake,sheraton,Hotel,"What an absolutely fantastic stay at the Sheraton! From the moment we arrived after a long travel day, the lobby staff made us feel instantly welcome; they were so gracious with our luggage and pointed us toward everything we needed without ever seeming rushed. Our room itself was immaculate--truly spotlessly clean--and surprisingly roomy, which is always a bonus when traveling for business. I especially appreciated the comfortable bedding; I slept deeper than I have in ages! The breakfast buffet was a real highlight; there was such an incredible variety of fresh options available, catering to every preference from savory delights to sweet pastries. Furthermore, checking out the pool area was a nice little moment of relaxation amidst our busy sightseeing schedule. It's clear that the hotel pays close attention to those thoughtful touches that elevate a stay from merely 'good' to genuinely wonderful.",1,gemma4:e4b,long,positive,unstructured,few_shot,long_positive_unstructured_few_shot,8,912,143,700,1,2,1.0,12,2026-08-23T23:15:16.700354+00:00
fake,sofitel,Hotel,"We spent four nights here, and I have to say, it exceeded our expectations quite a bit. From the moment we arrived, the lobby felt grand without being over-the-top; there's a real warmth to the place that you don't find in those ultra-modern concrete boxes downtown. My room was beautifully appointed--you know how sometimes hotels skimp on details? Not here. Everything felt curated, especially the bedding which was incredibly comfortable after long days out sightseeing. The breakfast buffet was phenomenal; I particularly enjoyed their selection of fresh pastries alongside excellent coffee service, and honestly, it kept us fueled for hours. Plus, getting to walk down to the park from the hotel entrance added so much convenience. The staff seemed genuinely invested in making our trip smooth, offering tips on non-touristy spots which we really appreciated. It was a perfect blend of upscale comfort and neighborhood accessibility.",1,gemma4:e4b,long,positive,unstructured,few_shot,long_positive_unstructured_few_shot,9,938,146,700,1,1,1.0,12,2026-08-23T23:15:18.291903+00:00
fake,swissotel,Hotel,"My recent stay at Swissotel was truly wonderful; I left feeling so refreshed after what felt like the perfect little urban escape. From the moment we arrived, the lobby staff were incredibly welcoming--not overly formal, just genuinely helpful when navigating our luggage up to the room. Our room itself exceeded expectations; it was spotlessly clean, had fantastic views of the city skyline from the window, and the bed was unbelievably comfortable, I slept deeper than I have in years! Beyond the room, we spent an afternoon utilizing the hotel's fitness center, which was well-equipped without feeling overcrowded, even on a Saturday. The restaurant for dinner was delightful; the menu was varied enough to please everyone in our group, and the service throughout was attentive without ever being intrusive--a real mark of good hospitality. It felt like a perfect blend of sophisticated comfort and genuine care.",1,gemma4:e4b,long,positive,unstructured,few_shot,long_positive_unstructured_few_shot,10,915,145,700,1,2,1.0,12,2026-08-23T23:15:21.578275+00:00
fake,talbott,Hotel,"From the moment we arrived, the service felt effortlessly attentive without ever being intrusive, which is always such a delicate balance to strike in hospitality. My room was immaculate; I particularly appreciated the thoughtful touches, like the high-quality coffee selection and extra fluffy towels--small things that make a huge difference after a long travel day. The lobby area itself was stunning, with those high ceilings and beautiful artwork giving it such an airy, upscale vibe. We spent an evening at one of the on-site restaurants and were so impressed by both the ambiance and the menu choices; everything tasted incredibly fresh. It's clear that the hotel pays serious attention to detail, not just in the decor but in the execution of everyday services. Overall, it was a truly restorative and enjoyable stay--a genuine five-star experience from start to finish.",1,gemma4:e4b,long,positive,unstructured,few_shot,long_positive_unstructured_few_shot,11,878,139,700,1,1,1.0,12,2026-08-23T23:15:23.101240+00:00
fake,affinia,Hotel,"Just spent a lovely stay at Affinia and I'm already planning my return trip! From check-in to checking out felt seamless; the staff genuinely seemed eager to help with everything. My room was immaculate--truly spotless, which is always such a relief when traveling. The bed was unbelievably comfortable, I actually slept better than I have in ages! But honestly, what really elevated the experience for me was the pool area and the vibe; it was so relaxing yet still buzzy enough to feel vibrant. We ended up having lunch at one of the poolside spots, and the food arrived beautifully presented and tasted fresh, not like typical resort fare. If you're looking for a stylish base with excellent amenities without feeling overly stuffy, this is it. Highly recommend giving this place a try!",1,gemma4:e4b,long,positive,unstructured,zero_shot,long_positive_unstructured_zero_shot,0,789,133,700,1,2,1.0,12,2026-08-23T23:15:26.225942+00:00
fake,allegro,Hotel,"Just back from Allegro Hotel and I have to say, what a fantastic stay overall! From the moment we arrived, the staff were genuinely warm; check-in was super smooth, which is always appreciated when you're travelling. Our room was spotless--seriously, every corner sparkled--and had just enough space without feeling overwhelming. The bed was incredibly comfortable, I slept like I hadn't slept in years! We spent an evening by the pool and the poolside service was attentive but never intrusive. Breakfast was a real highlight too; there were so many delicious options for everyone, from fresh pastries to proper savory dishes. It struck me how much attention they pay to detail everywhere--the lobby decor, the quiet efficiency of housekeeping... it really elevated the whole trip. We definitely felt well taken care of, and I wouldn't hesitate to book here again when I'm back in the area. Highly recommend this spot!",1,gemma4:e4b,long,positive,unstructured,zero_shot,long_positive_unstructured_zero_shot,1,919,149,700,1,1,1.0,12,2026-08-23T23:15:27.827613+00:00
fake,amalfi,Hotel,"From the moment we arrived at Hotel Amalfi, we felt enveloped in true Riviera magic. The check-in process was seamless--so welcoming, and the staff genuinely seemed to adore making our stay perfect. Our room overlooked a stretch of coast that honestly took my breath away; waking up to that view every morning was pure bliss. We spent most afternoons lounging by the pool, which is beautifully appointed and feels both luxurious and relaxing at the same time. Dining at the hotel was another highlight; the seafood selection one evening was exquisite, prepared with such care. Evenings were spent taking leisurely strolls, absorbing the ambiance of Amalfi, and always knowing we had this perfect little sanctuary to retreat to. It's more than just a place to sleep in--it's an experience that nourishes the soul. We left feeling completely refreshed and already plotting our return trip!",1,gemma4:e4b,long,positive,unstructured,zero_shot,long_positive_unstructured_zero_shot,2,887,144,700,1,2,1.0,12,2026-08-23T23:15:31.021223+00:00
fake,ambassador,Hotel,"I had such a wonderful stay; truly five-star service from every angle. I especially want to sing the praises of our hotel ambassador, whose name I seem to have forgotten but whose warmth was impossible to overlook. From the moment we arrived, she made us feel like returning family rather than just another reservation. She didn't just point us toward amenities; she genuinely anticipated what we might need--suggesting a perfect little cafe nearby that wasn't in any guidebook and even helping us secure extra tickets for a local market outing. It was such thoughtful, personalized attention. The entire hotel is beautiful, yes, but it's the human touch, exemplified by her consistent helpfulness and radiant personality, that made this trip so memorable. I honestly left feeling refreshed and looked after in every possible way. We are already planning our return!",1,gemma4:e4b,long,positive,unstructured,zero_shot,long_positive_unstructured_zero_shot,3,866,139,700,1,2,1.0,12,2026-08-23T23:15:34.334376+00:00
fake,conrad,Hotel,"From the moment we walked in, the Conrad felt effortlessly elegant--a perfect blend of modern luxury and timeless comfort. Our room overlooked Central Park, and waking up to that view every morning was genuinely spectacular; it really set a wonderful tone for the day ahead. The bedding was heavenly; I think I slept better than I have in months! Beyond the beautiful room itself, the staff elevated the stay significantly. Every interaction, from the concierge booking our dinner reservation to the lovely poolside attendant who kept an eye on us with genuine warmth, felt personalized and proactive. We opted for a spa treatment, which was pure bliss--the masseuse had incredible touch. Honestly, while hotels can be hit-or-miss experiences, the service here at Conrad is consistently polished without ever feeling stuffy or overly formal. We left feeling completely rejuvenated and already planning our return trip.",1,gemma4:e4b,long,positive,unstructured,zero_shot,long_positive_unstructured_zero_shot,4,918,144,700,1,2,1.0,12,2026-08-23T23:15:37.500641+00:00
fake,fairmont,Hotel,"We just wrapped up a fantastic four-night stay at the Fairmont, and honestly, I haven't stopped raving about it! From the moment we arrived, the service felt impeccably polished without ever feeling stiff or inauthentic--a perfect blend of genuine warmth and professionalism. Our room was breathtaking; those gorgeous views over the city from the balcony were picture-perfect every morning, making our coffee ritual an absolute delight. We splurged a bit on dinner at one of their signature restaurants, and wow, the culinary experience was top-tier; every dish we tried felt thoughtfully crafted. Another major highlight was the spa area--it was so tranquil, almost like stepping into another world after the hustle of travel. If you're looking for a luxurious base with impeccable service, amazing amenities, and that signature Fairmont touch, look no further. We are already planning our return trip!",1,gemma4:e4b,long,positive,unstructured,zero_shot,long_positive_unstructured_zero_shot,5,903,140,700,1,1,1.0,12,2026-08-23T23:15:39.019791+00:00
fake,hardrock,Hotel,"Seriously obsessed with our stay at Hard Rock Vegas! From the moment we walked in, the atmosphere was electric; it feels like being inside a rock legend's dream hotel lounge. Our room, while stylishly themed--which I actually loved--was surprisingly quiet compared to what you'd expect this close to the action. The bed was incredibly comfortable, and the bathroom amenities were top-notch. But honestly, the highlight for me was the poolside service; it felt so effortlessly cool, not trying too hard. We grabbed a drink at the bar near the pool overlooking the Strip lights at night, and it was magical. Everything about this place screams 'premium entertainment,' from the staff's constant smiles to the seamless integration of music into every corner. We can't wait to come back and soak up this high-energy vibe again! Highly recommend for any fun trip out to Vegas.",1,gemma4:e4b,long,positive,unstructured,zero_shot,long_positive_unstructured_zero_shot,6,871,143,700,1,2,1.0,12,2026-08-23T23:15:42.345043+00:00
fake,hilton,Hotel,"Seriously enjoyed our stay at this Hilton location; it felt incredibly refreshing after a long travel day. From the moment we checked in, everything was seamless--the front desk staff were so genuinely welcoming and attentive without hovering, which I really appreciated. Our room was spotless; you could tell they take great care with housekeeping because there wasn't a single stray piece of dust visible. The bed, by the way, deserves its own mention--it was pure heaven, like sleeping on a cloud. We spent an evening utilizing the hotel gym, and it was well-equipped and not overcrowded at all. Plus, the breakfast spread was fantastic; I particularly loved the variety of fresh juices available. Overall, this stay hit every mark for what makes a perfect hotel getaway. We'll absolutely be back next time we are in the area!",1,gemma4:e4b,long,positive,unstructured,zero_shot,long_positive_unstructured_zero_shot,7,829,137,700,1,1,1.0,12,2026-08-23T23:15:43.797408+00:00
fake,homewood,Hotel,"Just spent a fantastic stay at Homewood Suites! From check-in to check-out, everything was seamless and surprisingly comfortable. The room itself was spotless--seriously impressive cleanliness, which is always a big deal for me when traveling. What I really appreciated, though, were the amenities. Having a full kitchen setup meant I could make my own breakfast easily instead of eating out every morning, which saved both time and money. Plus, the communal spaces felt welcoming without being too crowded; perfect vibe for working remotely but still having places to relax in the evening. The staff deserve major props too; they were genuinely helpful when I had a question about local transit routes, going above and beyond just to make sure I was set up for success. Overall, it truly felt like a home-away-from-home base for my trip, not just a place to sleep. Highly recommend staying here if you want comfort and functionality combined!",1,gemma4:e4b,long,positive,unstructured,zero_shot,long_positive_unstructured_zero_shot,8,943,153,700,1,1,1.0,12,2026-08-23T23:15:45.378868+00:00
fake,hyatt,Hotel,"From check-in to departure, our stay at the Hyatt was absolutely flawless. The lobby itself is stunning--such a chic atmosphere that immediately makes you feel pampered. We stayed in a high floor room with an incredible view of the city skyline; being able to sip coffee and watch the sunrise from the balcony was genuinely magical. The bedding deserves special mention; I slept better than I have in years, seriously comfortable and luxurious. Dinner at the hotel restaurant was another highlight--the menu was inventive, and our server was attentive without ever hovering. It really felt like every little detail had been considered for guest comfort. We utilized the fitness center several times, and it was modern and well-equipped, perfect for starting a busy day. Honestly, it's hard to point out just one thing we loved, but the combination of impeccable service and beautiful amenities made this trip memorable.",1,gemma4:e4b,long,positive,unstructured,zero_shot,long_positive_unstructured_zero_shot,9,919,148,700,1,2,1.0,12,2026-08-23T23:15:48.755735+00:00
fake,intercontinental,Hotel,"Just wrapped up a fantastic stay at the InterContinental; honestly, it exceeded my expectations from start to finish. From the moment we arrived, the service was impeccable--the concierge team was incredibly proactive without ever being intrusive. Our room itself was stunning, boasting such a lovely view of the city skyline that we spent half our mornings just sipping coffee and admiring it. The bedding was luxurious, making for some seriously restful nights after long days of sightseeing. We ate at one of the restaurants last night, and I have to rave about the seafood platter; truly gourmet quality! While the entire property is beautiful, the rooftop bar offered a perfect blend of chic ambiance and fantastic cocktails. If you're looking for a stay where comfort, service, and location all align perfectly, this is absolutely it. We are already planning our return trip!",1,gemma4:e4b,long,positive,unstructured,zero_shot,long_positive_unstructured_zero_shot,10,881,142,700,1,1,1.0,12,2026-08-23T23:15:50.239437+00:00
fake,james,Hotel,"Honestly, staying at The James exceeded my expectations from start to finish. From the moment we arrived, the lobby felt incredibly sophisticated; you could tell they pay close attention to every little detail. Our room was even more beautiful in person--spacious, beautifully appointed, and incredibly quiet, which is always a huge win for me when traveling. The bed was heavenly; I slept better than I have in months, seriously. We spent an afternoon by the pool, and the service staff were just wonderful--attentive without ever being intrusive, which strikes that perfect balance. For dinner, the restaurant was fantastic, with inventive dishes and a wine list that catered perfectly to our tastes. It truly felt like a getaway where everything had been thought out for you. We will absolutely be recommending The James to friends and family; it's definitely earned its reputation.",1,gemma4:e4b,long,positive,unstructured,zero_shot,long_positive_unstructured_zero_shot,11,885,141,700,1,2,1.0,12,2026-08-23T23:15:53.666068+00:00
fake,knickerbocker,Hotel,"My recent visit to The Knickerbocker was deeply underwhelming; I expected much more given its reputation. To start with breakfast, it felt disorganized--the buffet was spread thinly across too many stations, leaving us waiting ages just for decent coffee and fresh fruit. Furthermore, the internet connectivity was a constant struggle; trying to work made me seriously question the reliability of the offered WiFi throughout my stay. Noise levels were unacceptable; despite asking for a quieter room, it seemed positioned right next to an elevator shaft, making it impossible to have any peace after turning in at night. And while I initially thought the Central Park views would be breathtaking, they were quite obscured by building foliage, resulting in nothing much better than looking out onto another piece of brickwork across the street. Overall, this felt like a very overpriced disappointment that didn't match its grand facade.",1,gemma4:e4b,long,negative,structured,few_shot,long_negative_structured_few_shot,0,936,146,700,1,2,1.0,12,2026-08-23T23:15:56.672831+00:00
fake,monaco,Hotel,"My stay felt like a significant letdown across the board. Honestly, I expected much more given what I read online. The bathroom itself was shockingly underwhelming; the tiling around the shower seemed stained, suggesting a profound lack of deep cleaning attention over time. As for the room's general cleanliness, it was passable at best, but there were definite smudges on the dresser and some visible dust accumulation that really detracted from the fresh feeling I crave when traveling. Dealing with the team felt particularly frustrating; check-in staff were perfunctory rather than genuinely welcoming, making me feel like an imposition rather than a guest. To top it all off, the view from our window was nothing more than a blank brick wall of adjacent buildings, offering zero scenic relief after a long day out exploring. It was just mediocre everywhere we looked or touched.",1,gemma4:e4b,long,negative,structured,few_shot,long_negative_structured_few_shot,1,884,143,700,1,1,1.0,12,2026-08-23T23:15:58.194155+00:00
fake,omni,Hotel,"I left feeling utterly let down after my visit; it truly felt like a very compressed stay that rushed past before I could even settle in. The room itself was surprisingly underwhelming--while I appreciate the decor choices, corners seemed dusty, and I definitely noticed spots on the carpet near the window that suggested a more thorough cleaning was needed. Dealing with check-out required persistent effort from staff who seemed perpetually busy or disinterested when approached. Furthermore, the bathroom experience was frankly disappointing; the grout in the shower stall showed visible mildew despite looking brand new otherwise, which really soured the whole impression of cleanliness. I expected much more polish given the hotel's supposed reputation, and overall, it just didn't meet basic standards of comfort or attentive service.",1,gemma4:e4b,long,negative,structured,few_shot,long_negative_structured_few_shot,2,840,127,700,1,1,1.0,12,2026-08-23T23:15:59.601975+00:00
fake,palmer,Hotel,"Honestly, calling this place 'mid-range' feels like a generous stretch given what we paid. The view from our window was nothing more than the adjacent parking garage reflected on humid glass--a far cry from any scenic panorama I expected. Aesthetically, the decor is baffling; it reads as aggressively outdated, leaning into faux-tropical motifs that just feel tired and cheapened by time. We wished our trip had been substantially longer; checking out felt like an actual trauma because everything was so comfortable. Overall, while serviceable for a single night's crash pad, I do not think the cost justifies the dated ambiance or the underwhelming external scenery.",1,gemma4:e4b,long,negative,structured,few_shot,long_negative_structured_few_shot,3,669,105,700,1,1,1.0,12,2026-08-23T23:16:00.879093+00:00
fake,sheraton,Hotel,"My stay at this Sheraton was profoundly disappointing across the board. Upon entering the room, it was immediately clear that housekeeping hadn't been thorough; there were noticeable dust smudges on the dresser and a residue I really wish they would address with more care. The bathroom itself felt dated and frankly unclean, with grout stains visible around the tub tiling that suggested neglect rather than just age. What made the stay truly miserable, however, was the staff interaction--our request for extra towels went ignored until we had to call down again. Furthermore, despite being on a supposedly quiet floor, the hallway noise was constant throughout the night, making it impossible to get proper rest. I expected a reliable experience from this brand, but overall, the combination of poor upkeep, subpar service, and constant background din made for a genuinely frustrating and unremarkable visit.",1,gemma4:e4b,long,negative,structured,few_shot,long_negative_structured_few_shot,4,911,143,700,1,1,1.0,12,2026-08-23T23:16:02.399395+00:00
fake,sofitel,Hotel,"We stayed for three nights hoping for a restful getaway, but frankly, it was underwhelming given what we paid. The city view from our balcony, while certainly grand when it wasn't obscured by passing buses, couldn't compensate for the persistent din; it was loud enough to disrupt conversation in the evenings. I felt that while the amenities were numerous, the overall experience didn't justify the premium rate charged. The front desk team were polite enough--never rude, I will grant them that--but seemed rather disengaged when we asked a few practical questions about local transport options or restaurant timings. We left feeling more tired than rejuvenated, and it was a shame because I expected significantly higher levels of polish given the hotel's reputation and cost structure.",1,gemma4:e4b,long,negative,structured,few_shot,long_negative_structured_few_shot,5,789,125,700,1,1,1.0,12,2026-08-23T23:16:03.820706+00:00
fake,swissotel,Hotel,"Honestly, my stay at Swissotel was deeply disappointing and didn't live up to the grand reputation I'd heard about. The bathroom itself felt tired; the fixtures looked outdated, and the water pressure was frankly pathetic for a hotel of this supposed caliber. Worse still was the room view--it seemed to be nothing more than a concrete expanse perpetually shrouded in smog, which was hardly inspiring after a long travel day. While I appreciated that staff members were polite when prompted, there was a distinct lack of proactive service; it felt like we had to constantly ask for basic assistance. Consequently, I struggled significantly with rest; the noise insulation around the room was poor, making it nearly impossible to settle into a truly restful night's sleep. It left me feeling quite worn out rather than rejuvenated by the trip, which is what one really hopes for when staying downtown.",1,gemma4:e4b,long,negative,structured,few_shot,long_negative_structured_few_shot,6,900,148,700,1,1,1.0,12,2026-08-23T23:16:05.390207+00:00
fake,talbott,Hotel,"My visit to The Grand Vista was ultimately quite disappointing, leaving me with a general feeling that the time simply evaporated too quickly; I wish it had been at least an extra night. While the pictures showcased breathtaking panoramic vistas overlooking the bay--truly spectacular at dawn--the reality felt somewhat obscured by early morning haze. Concerning connectivity, the complimentary internet kept cutting out intermittently, making remote work frustratingly unreliable throughout my stay. The staff members were pleasant enough in passing, but coordinating any meaningful request required persistent effort and several phone calls to different desks. Overall, it felt like an experience that deserved more time to settle into its charms; everything was technically fine, just lacking a certain seamless polish.",1,gemma4:e4b,long,negative,structured,few_shot,long_negative_structured_few_shot,7,822,119,700,1,1,1.0,12,2026-08-23T23:16:06.715576+00:00
fake,affinia,Hotel,"Honestly, my stay at Affinia left me feeling quite let down given the premium rate we paid for it. The noise level throughout the evening was truly disruptive; I could clearly hear conversation drift through the walls, making any chance of a restful night impossible. To make matters worse, trying to work felt like a battle against outdated technology because the Wi-Fi kept dropping entirely every hour or so, forcing me to constantly reboot on my end. When you pay this much, you expect seamless functionality and peace; instead, I felt like we were paying for an experience that simply didn't match its billing. I left feeling significantly disappointed by the general lack of polish across the entire property.",1,gemma4:e4b,long,negative,structured,few_shot,long_negative_structured_few_shot,8,715,119,700,1,1,1.0,12,2026-08-23T23:16:08.037991+00:00
fake,allegro,Hotel,"From start to finish, this hotel experience was profoundly underwhelming; I genuinely felt that just one more day could have saved it. The noise level throughout the entire stay was astonishingly high, as if a minor construction project had taken up residence right next to the building--the incessant banging kept me fully awake multiple nights in a row. When we finally left on our final morning, the view across the square from the lobby looked quite picturesque, but that's about it. Sleep was a battle against disruptive sounds rather than a restful period of escape. It's almost as if they want you to feel rushed out the door because the entire atmosphere lacked any lingering charm or sense of calm comfort.",1,gemma4:e4b,long,negative,structured,few_shot,long_negative_structured_few_shot,9,715,121,700,1,1,1.0,12,2026-08-23T23:16:09.365470+00:00
fake,amalfi,Hotel,"Honestly, my stay at Hotel Amalfi was profoundly underwhelming. Walking into the lobby, I felt an immediate sense of things being quite dated; it lacked any modern polish, giving off a rather tired ambiance that didn't match the picturesque location. While I appreciated having enough time to see the surrounding area, the entire trip felt far too short to justify the high cost, making me feel like I barely scratched the surface. The room itself was functional, yes, but cleanliness was questionable--I found smudges on surfaces that suggested a thorough deep clean hadn't happened in weeks. Most disappointing was the bathroom; it felt institutional rather than luxurious, with lackluster fixtures and grout stains visible everywhere. Overall, it didn't feel like an Amalfi escape at all, just a slightly faded spot overlooking something beautiful.",1,gemma4:e4b,long,negative,structured,few_shot,long_negative_structured_few_shot,10,851,133,700,1,1,1.0,12,2026-08-23T23:16:10.848459+00:00
fake,ambassador,Hotel,"Honestly, my experience was deeply underwhelming across the board. We were staying near downtown, which *should* make everything effortless, but it felt more inconvenient than genuinely convenient; we wasted twenty minutes just trying to find parking from the train station. Upon arriving, the sheer neglect in the bathroom facilities was shocking--the grout looked grimy and there was visible soap scum build-up everywhere. While the room itself was technically 'clean' when we entered, it had a stale odor that no amount of airing out could fix, suggesting deep cleaning hasn't been a priority here. The staff interaction was equally disappointing; every time we asked for simple things like extra towels or recommendations, we were met with sighs and vague dismissals rather than helpful service. It felt more transactional than welcoming, leaving us wanting to book somewhere with actual care taken in the upkeep.",1,gemma4:e4b,long,negative,structured,few_shot,long_negative_structured_few_shot,11,917,142,700,1,1,1.0,12,2026-08-23T23:16:12.379507+00:00
fake,conrad,Hotel,"Honestly, I left feeling quite let down after my stay at The Conrad. While the aesthetics are undeniably stunning, the actual comfort level really suffered. We were positioned on a high floor, yet despite the distance from the main hustle, we were subjected to an incessant mechanical hum--it was far from restful and made sleeping proper impossible; I woke up several times feeling genuinely fatigued. Furthermore, the Wi-Fi connection was wildly inconsistent throughout the property, frequently dropping signal when I needed it most for work. Given the premium rates charged here, one expects flawless execution across the board. It felt almost too long staying in the room because of the ambient noise, which made me feel like time was dragging while trying to recover from poor sleep. Overall, the experience didn't match the grandeur or price point, leaving a definite sense of anticlimax rather than luxury relaxation.",1,gemma4:e4b,long,negative,structured,zero_shot,long_negative_structured_zero_shot,0,924,147,700,1,2,1.0,12,2026-08-23T23:16:15.423673+00:00
fake,fairmont,Hotel,"I honestly expected a much better stay given the Fairmont's reputation. Our room was disappointing; the bathroom felt dated and frankly, quite cramped considering the room size. More frustrating than that was the service--the concierge seemed perpetually inconvenienced, offering very little proactive assistance despite our multiple requests. Sleep was nearly impossible. While the hotel is grand, we were situated directly above a surprisingly loud service area, resulting in constant thumping noises throughout the night. I found myself tossing and turning for most of the evening because of this relentless background racket. It really detracted from what should have been a luxurious getaway. Given the noise pollution and the mediocre service interactions, it felt like we paid premium prices for an underwhelming experience rather than true comfort.",1,gemma4:e4b,long,negative,structured,zero_shot,long_negative_structured_zero_shot,1,856,126,700,1,1,1.0,12,2026-08-23T23:16:16.779280+00:00
fake,hardrock,Hotel,"Honestly, my stay at The Hard Rock was profoundly disappointing given the premium price tag. Upon entering the room, I immediately noticed dust accumulation on the visible surfaces; it certainly didn't give the impression of being thoroughly cleaned, which was a major letdown for an establishment boasting this caliber. While the attempt at rock-and-roll themed decor is apparent, it feels more tired and slightly dated than fresh or inspired. More disruptive than the aesthetics, however, was the ambient noise level--the adjacent street traffic made sleeping impossible without significant earplugs. I expected a vibrant energy, but instead found myself paying for an experience that felt overpriced and somewhat underwhelming in every aspect, from the cleanliness to the persistent lack of tranquility.",1,gemma4:e4b,long,negative,structured,zero_shot,long_negative_structured_zero_shot,2,806,120,700,1,2,1.0,12,2026-08-23T23:16:19.742167+00:00
fake,hilton,Hotel,"Honestly, I left feeling quite let down by my stay here. While the location was undeniably central, making it easy to reach several attractions on foot, that convenience didn't compensate for the overall experience. The noise level from the street seeped right into the room, making sleep anything but restful, no matter how early I tried to retire. Furthermore, the Wi-Fi was incredibly unreliable; it kept cutting out during crucial work calls, which is frankly unacceptable when paying a premium rate for this kind of accommodation. Considering everything--the persistent background noise and the frustrating connectivity issues--I really do not feel that the price tag reflected the quality of service or comfort provided. I expected much more polish from a Hilton property, making this trip feel quite underwhelming overall.",1,gemma4:e4b,long,negative,structured,zero_shot,long_negative_structured_zero_shot,3,829,128,700,1,1,1.0,12,2026-08-23T23:16:21.116752+00:00
fake,homewood,Hotel,"Honestly, I left feeling utterly ripped off; this stay did not justify the premium price point whatsoever. From the moment we arrived, things felt slightly underwhelming. The room itself was passable--nothing spectacularly dirty or grungy--but it certainly didn't sparkle with any semblance of deep cleaning. My biggest letdown was definitely the breakfast buffet; it seemed sparse and frankly, quite lukewarm, barely providing enough variety to get through a busy morning before heading out. Furthermore, while they advertise reliable internet, the Wi-Fi connectivity in our room was frustratingly patchy throughout my entire stay, forcing me to constantly connect and reconnect. Overall, everything felt like an afterthought rather than a thoughtfully managed experience, leading to a deeply disappointing trip that I certainly won't be repeating.",1,gemma4:e4b,long,negative,structured,zero_shot,long_negative_structured_zero_shot,4,849,123,700,1,2,1.0,12,2026-08-23T23:16:24.091286+00:00
fake,hyatt,Hotel,"Honestly, this stay felt like a massive letdown compared to my expectations for a Hyatt experience; I left feeling significantly overcharged. The room itself was adequate, but nothing memorable enough to justify the premium price tag. Furthermore, I found myself wishing the trip had been longer--a few extra days would have made it feel worthwhile rather than rushed. Sleeping was surprisingly restless; despite the 'luxury' promises, the noise insulation was poor, and I couldn't seem to settle into a deep sleep pattern. As for breakfast, I expected something more vibrant and varied given the rates. The selection felt tired, with lackluster options that frankly didn't inspire me to linger or feel nourished. Overall, it left a distinct taste of disappointment regarding both the value proposition and the overall execution of the stay.",1,gemma4:e4b,long,negative,structured,zero_shot,long_negative_structured_zero_shot,5,841,132,700,1,1,1.0,12,2026-08-23T23:16:25.529036+00:00
fake,intercontinental,Hotel,"Honestly, I left feeling quite let down by this stay. While the brand promises luxury, the reality felt rather underwhelming. The bathroom, in particular, was disappointing; everything seemed tarnished, and the shower head had a noticeable calcium buildup that made it feel poorly maintained. The decor didn't feel modern or fresh at all--more of an expensive blend of dated motifs I've seen hotels years ago. We stayed for four nights, which felt barely enough time to even settle in and appreciate any supposed ambiance. What really struck me was the service; while individual staff members were polite when forced to interact, there was a distinct lack of proactive attention throughout our visit. It required constant prompting to get simple things done, making the entire experience feel slightly transactional rather than genuinely welcoming. Overall, it lacked that seamless, elevated comfort I expected from an InterContinental stay.",1,gemma4:e4b,long,negative,structured,zero_shot,long_negative_structured_zero_shot,6,941,145,700,1,2,1.0,12,2026-08-23T23:16:28.540921+00:00
fake,james,Hotel,"Disappointing stay all around at The Hotel James. We arrived feeling genuinely excited, but unfortunately, the reality didn't match the glossy pictures. While the room itself looked nice initially, I couldn't shake the feeling that housekeeping hadn't quite finished their deep clean; there was a faint smudge mark on the bathroom mirror and questionable dust buildup under the bedside table. Regarding the view, it was utterly underwhelming--instead of the panoramic city vista we paid for, we got a rather monotonous glimpse of an adjacent service alleyway until sunset. I honestly feel like the entire trip felt too short because everything was just so mediocre; nothing memorable to sustain the mood. The staff were polite enough in passing, sure, but lacked any genuine warmth or proactive assistance when we needed help with local recommendations. It all together created a rather let-down experience.",1,gemma4:e4b,long,negative,structured,zero_shot,long_negative_structured_zero_shot,7,907,141,700,1,2,1.0,12,2026-08-23T23:16:31.633687+00:00
fake,knickerbocker,Hotel,"While the location of The Knickerbocker is undeniably perfect--steps away from Times Square action--it certainly didn't translate into a relaxing stay for me. Despite hoping for some tranquility, the room was surprisingly loud; I could clearly hear the commotion from the street right through the glass, making sleep difficult even on a quieter morning. My disappointment deepened when considering the view, which offered more of the neighboring building's adjacent structure than any actual cityscape or greenery. Furthermore, the breakfast selection was lackluster. Overpriced for what it was; frankly, the continental spread felt stale rather than fresh, and the coffee tasted decidedly weak.",1,gemma4:e4b,long,negative,structured,zero_shot,long_negative_structured_zero_shot,8,695,102,700,1,2,1.0,12,2026-08-23T23:16:34.703443+00:00
fake,monaco,Hotel,"Honestly, I left feeling profoundly let down at this establishment. While the location is undeniably spectacular--right in the heart of Monaco's buzz--the quality couldn't compensate for it. The bathroom itself felt ancient and poorly maintained; the grout was discolored, and the water pressure in the shower was pathetic, making a simple routine feel like a chore rather than a luxury experience. As for sleep, I spent half the night tossing and turning because the blackout curtains were clearly defective, letting in enough street light to ruin any chance of deep rest. Given the exorbitant rates charged here, one expects flawless execution across every detail, yet it felt tremendously overpriced. The overall ambiance suggested faded grandeur rather than vibrant luxury. I really hoped for a truly five-star stay, but this was simply disappointing value for money.",1,gemma4:e4b,long,negative,structured,zero_shot,long_negative_structured_zero_shot,9,871,135,700,1,1,1.0,12,2026-08-23T23:16:36.152970+00:00
fake,omni,Hotel,"Honestly, I left The Omni feeling profoundly let down. While the location is undeniably central and wonderfully convenient for sightseeing, that's about where the positive aspects end. My room was serviceable, yes, but hardly spotless; there were noticeable smudges on the bathroom fixtures that suggested a cursory, rather than thorough, cleaning. More frustratingly, the noise level throughout my stay was unbearable--it felt like they never managed to properly dampen any ambient street sounds, making it impossible to settle down in the evenings. Furthermore, several interactions with the front desk staff were notably unhelpful and seemed rather disengaged; I had to repeatedly ask for simple information. Considering the supposed luxury of a hotel like this, one expects a higher standard across the board--a quiet sanctuary, pristine cleanliness, and genuinely attentive service that I simply did not receive.",1,gemma4:e4b,long,negative,structured,zero_shot,long_negative_structured_zero_shot,10,917,136,700,1,1,1.0,12,2026-08-23T23:16:37.633317+00:00
fake,palmer,Hotel,"Truly a disappointing stay at The Hotel Palmer. From the moment we walked in, it felt like there was an underlying air of neglect. While the room itself looked adequate by day, sleep was anything but restful; the noise insulation is non-existent, and I woke up multiple times to street sounds. Beyond that, the bathroom was shockingly subpar--the grout seemed visibly stained despite appearances, and the shower pressure was disappointingly weak. Furthermore, while the room wasn't overtly filthy in terms of major spills, a general feeling of uncleanliness lingered, especially on the fixtures. Frankly, I felt the trip was too long because the hotel experience dragged itself out with such consistent flaws, leaving me feeling drained rather than refreshed after what should have been a relaxing getaway.",1,gemma4:e4b,long,negative,structured,zero_shot,long_negative_structured_zero_shot,11,806,127,700,1,1,1.0,12,2026-08-23T23:16:39.021241+00:00
fake,sheraton,Hotel,"Honestly, my stay at the Sheraton was incredibly underwhelming and frankly quite disappointing for what I paid. Everything felt just... mediocre. The room itself was adequate, I guess, but the bathroom fixtures looked genuinely dated, like they hadn't seen a proper refurbishment in years. Getting to the lobby area was fine enough, but navigating through the main corridors felt disorienting; there's no clear signage anywhere, making it hard to figure out where key services were located. On top of that, when I tried to use the Wi-Fi for a video call, the connection kept dropping repeatedly, which is just unacceptable for business travel. I expected much better given the brand reputation. It felt like they were coasting on name recognition rather than actual upkeep or service attentiveness throughout my visit. Definitely not worth the hassle or the price point this time around.",1,gemma4:e4b,long,negative,unstructured,few_shot,long_negative_unstructured_few_shot,0,887,142,700,1,1,1.0,12,2026-08-23T23:16:40.573915+00:00
fake,sofitel,Hotel,"Honestly, I was expecting something just mediocre given the price point, but this place actually managed to exceed my expectations surprisingly easily. From the moment we arrived, everything felt polished; it wasn't ostentatious, which I appreciate--it just felt *right*. The lobby area is gorgeous with that high ceiling and natural light flooding in, making you feel refreshed right away. Our room was exactly as pictured online, plenty of space for two people who are used to feeling a bit snug, thankfully! What really tipped the scales for me though was the breakfast spread; it wasn't just continental fare--they had actual freshly baked pastries and local jams that tasted amazing. The concierge service was also brilliant when we needed directions downtown; they didn't just point us vaguely, but gave us specific transit advice considering the time of day.",1,gemma4:e4b,long,negative,unstructured,few_shot,long_negative_unstructured_few_shot,1,865,137,700,1,2,1.0,12,2026-08-23T23:16:43.742693+00:00
fake,swissotel,Hotel,"Honestly quite underwhelmed with Swissotel this trip. We booked expecting a certain level of luxury based on the photos, but what we experienced felt rather dated. The lobby was certainly grand, I'll give them that, but getting to our room took ages because the elevator system seemed constantly bogged down--a huge time sink right off the bat. More disappointing were the rooms themselves; while clean, they felt incredibly standard and lacked any real character or comfort for what we paid. The breakfast buffet was also a letdown; overpriced given the limited quality of ingredients available throughout the whole spread. It's okay if you just need a place to sleep through the night, I suppose, but for city travelers looking for a memorable stay, it feels like they've settled for 'adequate' instead of aiming for 'exceptional.' Definitely expected more polish from this brand.",1,gemma4:e4b,long,negative,unstructured,few_shot,long_negative_unstructured_few_shot,2,882,142,700,1,1,1.0,12,2026-08-23T23:16:45.283328+00:00
fake,talbott,Hotel,"Honestly, I was really let down with my entire visit here. The marketing portrays this place as upscale and meticulously managed, but stepping inside felt... tired. My room smelled faintly musty right away, which immediately set a negative tone for the whole trip. Getting to the supposed 'prime location' was an ordeal; the parking structure exit bottlenecked traffic horribly at rush hour, making the entire transfer stressful rather than convenient. On top of that, the breakfast buffet was frankly underwhelming--the eggs were lukewarm, and the selection of pastries felt stale. I paid for a premium experience, expecting seamless service and fresh touches, but it felt routine and poorly maintained throughout. I wouldn't recommend risking your money here when so many better options are available nearby.",1,gemma4:e4b,long,negative,unstructured,few_shot,long_negative_unstructured_few_shot,3,810,125,700,1,2,1.0,12,2026-08-23T23:16:48.254882+00:00
fake,affinia,Hotel,"Honestly, my stay at Affinia was incredibly disappointing given how highly rated this hotel seemed online. From the moment we arrived, it felt underwhelming; the lobby looked far more dated than I expected, a real letdown right off the bat. The room itself was just mediocre--the bed was uncomfortable after one night, and honestly, the bathroom grout looked questionable. Worse still was the supposed 'great' service; getting help with the Wi-Fi for ages felt like a massive overestimation of their tech support capabilities. I really expected something more polished, especially given the prime location downtown. It felt quite overpriced considering how lackluster everything was, from the breakfast offerings to just navigating the property itself. I wouldn't rush back here; it needs some serious updates across the board to match its potential.",1,gemma4:e4b,long,negative,unstructured,few_shot,long_negative_unstructured_few_shot,4,850,131,700,1,1,1.0,12,2026-08-23T23:16:49.729226+00:00
fake,allegro,Hotel,"Honestly, this place felt like a massive letdown compared to pictures online. We were really looking forward to our trip because we read such glowing things about the ambiance, but it was just... dull. The lobby was cramped, and when we finally got up to check in, the desk seemed understaffed; there was a real wait time that felt unnecessary for what should be routine business. My room itself was smaller than I anticipated, and honestly, cleaning wasn't perfect--there were dust spots visible on the nightstand I definitely wouldn't have missed if I hadn't been so disappointed already. The coffee they served in the morning tasted watery, which is such a small thing but really sets a negative tone for the whole day. We spent a good chunk of our budget hoping for something memorable, but it felt quite underwhelming overall.",1,gemma4:e4b,long,negative,unstructured,few_shot,long_negative_unstructured_few_shot,5,831,141,700,1,1,1.0,12,2026-08-23T23:16:51.275770+00:00
fake,amalfi,Hotel,"Honestly, my expectations for staying at the Amalfi were set so high by the photos online, and I left feeling completely let down. The location itself is stunning--no question about that postcard-perfect backdrop--but everything else felt like a significant downgrade from what was advertised. When we finally got to the room, it was surprisingly small, and frankly, quite dated; the bathroom fixtures looked worn out, not even trying to match the grandeur outside. Furthermore, check-in was an absolute ordeal. We waited nearly twenty minutes despite having booked an early afternoon arrival, while the concierge seemed perpetually overwhelmed and unhelpful when we asked basic questions about local transport. I'd rather have paid for a cheaper place that managed its front desk logistics better than this inconsistent experience. It felt like paying top-tier prices for mediocre service.",1,gemma4:e4b,long,negative,unstructured,few_shot,long_negative_unstructured_few_shot,6,890,135,700,1,1,1.0,12,2026-08-23T23:16:52.773934+00:00
fake,ambassador,Hotel,"Honestly, my experience here was just underwhelming; I really expected something much better given the hype surrounding this place. Checking in was an absolute nightmare--they made us wait nearly twenty minutes past our reservation time without even a sincere apology, which set such a negative tone immediately. The room itself felt dated, nothing special at all, and the advertised 'view' was just... a brick wall bordering the parking lot, not what I envisioned when booking. To top it off, breakfast was shockingly mediocre; stale pastries and lukewarm coffee made starting my day feel like a chore rather than a treat. It feels overpriced for what you actually receive in terms of upkeep and service attentiveness. I wouldn't rush back here after this stumble.",1,gemma4:e4b,long,negative,unstructured,few_shot,long_negative_unstructured_few_shot,7,765,123,700,1,1,1.0,12,2026-08-23T23:16:54.145949+00:00
fake,conrad,Hotel,"Honestly, I was really let down by my stay at the Conrad. We were so excited for this trip, especially after seeing all the incredible photos online, but it felt like a lot of marketing fluff when we arrived. The lobby itself is stunning, no question, and worth checking out just for the architecture alone. However, once you actually settle in, some things fall apart quickly. My room was adequate, I guess, but the view was obscured by construction equipment that seemed to be perpetually on site--it really detracted from the whole premium feel. Worse was the breakfast service; it felt underwhelmingly small and frankly, disorganized. Waiting twenty minutes just for coffee when so many people were seated already is unacceptable for a hotel of this caliber. I expected smooth operations commensurate with the rates they charge. Overall, it left a sour note on what should have been a relaxing part of our trip to Miami.",1,gemma4:e4b,long,negative,unstructured,few_shot,long_negative_unstructured_few_shot,8,924,156,700,1,2,1.0,12,2026-08-23T23:16:57.281954+00:00
fake,fairmont,Hotel,"Honestly, I was really let down by my stay here. Everything felt decidedly underwhelming, especially considering this is The Fairmont. We booked a room expecting a touch of classic luxury, but what we got was...meh. The decor feels tired, like they haven't updated anything since the early 2000s. When we finally managed to get breakfast, the buffet selection was painfully limited; I almost left halfway through because there wasn't enough variety for even simple tastes. Dealing with the concierge desk felt unnecessarily complicated, and when I asked about local recommendations, I received vague suggestions that sounded like they came from a brochure rather than an actual insider. The biggest disappointment, though, was the bed--it was undeniably uncomfortable after just one night. For this price point, you simply expect seamless service and polished details; instead, it felt like we were in an average, slightly dusty hotel.",1,gemma4:e4b,long,negative,unstructured,few_shot,long_negative_unstructured_few_shot,9,935,145,700,1,2,1.0,12,2026-08-23T23:17:00.527198+00:00
fake,hardrock,Hotel,"Honestly, my stay at The Hard Rock was incredibly disappointing, especially considering the hype around this place. We were really looking forward to an energetic, rock-and-roll vibe, but it felt more... lackluster. The room itself was adequate, I guess, if a little dated in places--nothing screamed luxury or vibrant cool, which is what you expect when paying this much premium downtown. Getting to the main areas took forever; everything felt scattered and poorly connected rather than seamlessly integrated. Even breakfast was underwhelming; the selection was passable but nothing special enough to justify the price point. I kept expecting that signature 'Hard Rock' buzz, but it just wasn't there during our visit. We spent good money hoping for an unforgettable experience, and frankly, we left feeling pretty underwhelmed and slightly misled about the actual atmosphere versus the marketing materials online.",1,gemma4:e4b,long,negative,unstructured,few_shot,long_negative_unstructured_few_shot,10,916,139,700,1,1,1.0,12,2026-08-23T23:17:02.064265+00:00
fake,hilton,Hotel,"Honestly, I was really let down by my recent stay at this Hilton property. I booked it expecting something much more polished based on photos online, but nothing prepared me for the state of cleanliness. The bathroom grout looked genuinely grimy, and there were noticeable hairs in the shower drain--yikes. Furthermore, the room felt incredibly dated; the decor was so lackluster that it made the whole stay feel drab rather than relaxing. When we called down about an issue with the AC unit, the response time was abysmal, and frankly, the staff seemed more inconvenienced than helpful when I finally spoke to someone. For what they charge, I expect a certain standard of upkeep and service attentiveness, and this simply didn't deliver. It felt like just another corporate box ticked off a checklist rather than a welcoming hospitality experience. I really hope management addresses these operational lapses because it's so disappointing.",1,gemma4:e4b,long,negative,unstructured,few_shot,long_negative_unstructured_few_shot,11,940,151,700,1,2,1.0,12,2026-08-23T23:17:05.230551+00:00
fake,homewood,Hotel,"Honestly, I left this Homewood feeling really let down. The room itself was adequate, I guess, but nothing about it felt refreshed or well-maintained. Specifically, the bathroom grout looked genuinely stained, which is a surprisingly jarring thing to notice when you're trying to unwind after travel. And don't even get me started on the Wi-Fi; it kept dropping out at random intervals, making it impossible to properly work from my laptop half the time I was here. It's clear that some upkeep needs serious attention across different areas of the property. For what you pay, I expected a much higher level of consistency and cleanliness--it felt more like a temporary stopgap than a place designed for comfort. I won't be recommending this one to friends looking for a reliable stay.",1,gemma4:e4b,long,negative,unstructured,zero_shot,long_negative_unstructured_zero_shot,0,784,130,700,1,1,1.0,12,2026-08-23T23:17:06.677122+00:00
fake,hyatt,Hotel,"Honestly, I left feeling quite let down by my stay at the Hyatt. I've stayed at several properties before, and while this one certainly has a grand aesthetic--I'll give them that--the execution just falls flat. Our room was noticeably subpar; the bathroom fixtures looked heavily used, not sparkling new as expected from this brand. More frustratingly, when we called concierge service about an issue with the Wi-Fi connectivity in the morning, it took nearly forty minutes of persistent calling to have someone even acknowledge our request, let alone fix anything substantial enough for reliable work. The breakfast buffet was also underwhelming--a bit overpriced considering the quality and variety; I found myself looking for genuinely fresh options beyond standard pastries and lukewarm eggs. Overall, it felt like paying premium rates for a mediocre experience that lacked genuine attentiveness from the staff. Disappointing stay.",1,gemma4:e4b,long,negative,unstructured,zero_shot,long_negative_unstructured_zero_shot,1,935,142,700,1,2,1.0,12,2026-08-23T23:17:09.774531+00:00
fake,intercontinental,Hotel,"Honestly, I was really let down by this stay at the InterContinental. I'd heard fantastic things about the service and location, but my experience just didn't match up at all. The room itself looked gorgeous from a distance, certainly, but once we got settled, everything felt slightly dated underneath the veneer of luxury. More frustratingly, the Wi-Fi was barely functional; by lunchtime, it kept dropping out so frequently I couldn't even reliably work on an important document--which is frankly non-negotiable for me when traveling for business. On top of that, breakfast was underwhelming. The coffee tasted stale, and there were huge queues at everything, making the whole morning feel chaotic rather than leisurely. Given the premium price point, I expected a much smoother operation from housekeeping, too; the bathroom towels felt threadbare almost immediately. It was just an expensive disappointment overall.",1,gemma4:e4b,long,negative,unstructured,zero_shot,long_negative_unstructured_zero_shot,2,920,141,700,1,2,1.0,12,2026-08-23T23:17:12.926097+00:00
fake,james,Hotel,"Honestly, I left The James feeling pretty let down. I'd booked this expecting a certain level of refined luxury, but it felt underwhelming across the board. My room itself was fine looking enough at first glance--clean linens, nice decor--but everything felt dated rather than classic. Trying to get anything done with the in-room Wi-Fi was an absolute nightmare; it kept cutting out randomly, making remote work impossible, which was my primary reason for choosing this area. Breakfast was another point of frustration; the selection was painfully limited, and when I asked a server about the coffee beans, they just shrugged. The service wasn't proactive either; I had to ask three times before anyone noticed my empty water glass. For the premium prices you charge here, you really expect flawless execution. It felt more like overpriced mediocrity than the five-star escape I was hoping for. Disappointing overall stay.",1,gemma4:e4b,long,negative,unstructured,zero_shot,long_negative_unstructured_zero_shot,3,923,147,700,1,1,1.0,12,2026-08-23T23:17:14.517659+00:00
fake,knickerbocker,Hotel,"Honestly, I was really let down by The Knickerbocker. The location is unbeatable, absolutely primo, I'll give them that much--you can't beat being right in Times Square, making sightseeing a breeze. But honestly, everything else felt so underwhelmingly dated or just plain subpar for the price point you're paying. Our room smelled faintly musty, like old linens, and when we tried using the minibar fridge, half of what was stocked was expired. The breakfast buffet itself was an absolute parade of lukewarm food; the scrambled eggs were grainy, and I wouldn't touch the hash browns with a ten-foot pole. Service felt sporadic too--we waited ages for room service menus to even arrive, which is frustrating when you're tired after traveling all day. It feels like they are relying solely on their historical name recognition rather than actually investing in a consistent, high-quality guest experience across the board.",1,gemma4:e4b,long,negative,unstructured,zero_shot,long_negative_unstructured_zero_shot,4,921,147,700,1,2,1.0,12,2026-08-23T23:17:17.936891+00:00
fake,monaco,Hotel,"Honestly, I was so hyped for this stay at the Hotel Monaco; the pictures do it justice, but reality fell quite short of expectations. The location is undeniably gorgeous--you can't argue with that Mediterranean view--but everything else felt a bit dated and frankly underwhelming. My room was nice enough aesthetically, sure, but the A/C unit sounded like an airplane taking off in the middle of the night, which ruined sleep completely. And breakfast? It was painfully overpriced for what it was. The pastries were stale, and the coffee tasted watery. I expected a Michelin-level experience given the price point and reputation, but it felt rather lackluster across the board. We spent way too much money for this underwhelming service level. Definitely disappointed when compared to other luxury spots in Monaco; I'll think twice next time.",1,gemma4:e4b,long,negative,unstructured,zero_shot,long_negative_unstructured_zero_shot,5,842,135,700,1,1,1.0,12,2026-08-23T23:17:19.400824+00:00
fake,omni,Hotel,"Honestly, I expected so much more from The Omni. It felt... underwhelming across the board. Our room looked decent enough initially, but the constant draft coming from near the window was genuinely disruptive; it kept making me feel cold even with the heat blasting on high. And don't even get me started on the breakfast buffet. It was painfully uninspired--the scrambled eggs were rubbery, and frankly, the coffee tasted like it had been sitting out since last night. I know location is fantastic for exploring, but a hotel experience should feel elevated in more ways than just its address. The service was nice enough when you caught them, but inconsistent; we waited ages for someone to even acknowledge us near the elevators. It left me feeling like paying a premium price for mediocrity rather than luxury comfort. Disappointing stay overall.",1,gemma4:e4b,long,negative,unstructured,zero_shot,long_negative_unstructured_zero_shot,6,849,140,700,1,1,1.0,12,2026-08-23T23:17:20.873312+00:00
fake,palmer,Hotel,"Honestly, I left the Palmer feeling incredibly let down, which was a real shock given the gorgeous photos online. The location itself is impeccable--you can't argue with that--but everything else felt profoundly underwhelming. Check-in was a noticeable slog; the desk attendant seemed completely overwhelmed and frankly quite uninterested in helping with luggage or directions. My room, while spacious enough, smelled faintly musty, almost like old damp carpet, which set a poor tone immediately. And let's talk about the breakfast service--it was painfully slow. Waiting nearly twenty minutes just for scrambled eggs that were lukewarm by the time they arrived? Unacceptable for a hotel aiming at this price point. I kept picturing a much more polished operation; it felt disjointed, like several departments weren't communicating with each other. It's great in theory, but in reality, it was far from seamless or relaxing.",1,gemma4:e4b,long,negative,unstructured,zero_shot,long_negative_unstructured_zero_shot,7,924,141,700,1,1,1.0,12,2026-08-23T23:17:22.435498+00:00
fake,sheraton,Hotel,"Honestly, I expected much more from a Sheraton brand hotel, especially given the premium rates. From the moment we arrived, things felt disorganized. The lobby was underwhelmingly dull, and checking in took an eternity because nobody seemed to know where certain systems were supposed to be located. When we finally reached our room, it looked tired; the bathroom fixtures were stained, and the mini-fridge smelled faintly of mildew--that really set a poor tone for the whole stay. To make matters worse, the Wi-Fi kept dropping out randomly, making it impossible to work even though I paid for supposedly premium connectivity. The breakfast buffet was also quite disappointing; the coffee tasted stale, and there were hardly any fresh options available, just a few sad pastries left out by 10 AM. Overall, it felt like the hotel is coasting on its name rather than providing a genuinely excellent guest experience.",1,gemma4:e4b,long,negative,unstructured,zero_shot,long_negative_unstructured_zero_shot,8,915,148,700,1,2,1.0,12,2026-08-23T23:17:25.849248+00:00
fake,sofitel,Hotel,"Honestly, I was really let down by my stay here at Sofitel. The room itself looked nice in photos, but stepping inside revealed a noticeable layer of dust everywhere--the baseboards, the nightstands, even under the cushions. It felt like housekeeping had rushed through without proper attention to detail. Furthermore, the air conditioning unit in the corner was making this awful rattling sound throughout the entire night; it kept waking me up repeatedly, and I couldn't really get a good night's rest at all. When I called reception about it, the employee sounded totally uninterested, almost brushing off my concerns with vague apologies rather than offering immediate help or even checking on it personally. For the premium price point you are asking, I expect a much higher standard of upkeep and service attentiveness. It was just an overall lackluster, disappointing experience that didn't match the advertised luxury vibe at all.",1,gemma4:e4b,long,negative,unstructured,zero_shot,long_negative_unstructured_zero_shot,9,938,149,700,1,1,1.0,12,2026-08-23T23:17:27.408828+00:00
fake,swissotel,Hotel,"Honestly, I left feeling completely let down after my stay at Swissotel. We were really looking forward to a relaxing trip, and frankly, the execution was poor across the board. The room itself was adequate enough--clean sheets, nothing majorly spoiled--but it felt dated, like nothing had been updated since the early 2010s. What really dragged the experience down was the service; requesting extra towels took ages, and when we finally got them, they were slightly damp-looking. Furthermore, breakfast was just underwhelming. The buffet seemed understaffed, leading to long waits for coffee refills and lukewarm pastries. For a hotel with this reputation, I expected a much higher level of polish, both in the ambiance and the daily service interactions. It felt rather lackluster overall, and definitely overpriced for what we actually received. I might reconsider staying here next time.",1,gemma4:e4b,long,negative,unstructured,zero_shot,long_negative_unstructured_zero_shot,10,891,138,700,1,2,1.0,12,2026-08-23T23:17:30.600339+00:00
fake,talbott,Hotel,"Honestly, I left the Talbot feeling let down. We booked this stay expecting a little bit of magic--the photos suggested incredible ambiance and polished service--but what we got felt decidedly mediocre. The room itself was adequate, I suppose, but the decor seemed tired, like it desperately needed an update that wasn't just slapping on new art. More disappointing was the noise level; even with the windows closed, you could hear muffled sounds from the street traffic making it very hard to settle in at night. Breakfast was another letdown--the pastries were stale, and the coffee tasted watered down. I understand city hotels face challenges, but for the premium price point here, I really expected a more seamless, genuinely relaxing experience. It felt more like an *okay* stay rather than the memorable getaway I'd hoped for when choosing The Talbot.",1,gemma4:e4b,long,negative,unstructured,zero_shot,long_negative_unstructured_zero_shot,11,858,139,700,1,1,1.0,12,2026-08-23T23:17:32.069507+00:00
