Binary_label,Category,domain,text,is_synthetic,model,length,sentiment,structure,example_mode,cell_id,rep_index,n_chars,n_words,target_chars,in_length_band,n_attempts,gen_temperature,gen_seed,timestamp
fake,affinia,Hotel,"The view from my 14th-floor room at Affinia was stunning at sunset, and the room itself was spotless. Wi-Fi worked flawlessly for streaming, and I slept deeply on the plush bed--truly a restful, hassle-free stay.",1,custom_youkichirou-s-deepseek,short,positive,structured,few_shot,short_positive_structured_few_shot,0,212,35,200,1,1,1.0,12,2026-09-01T11:54:06.703949+00:00
fake,affinia,Hotel,"The view from my room on the 23rd floor was stunning, and the spotless carpets and crisp sheets made it easy to unwind. Wi-Fi stayed strong all evening, and I slept deeper than I have in months--a genuinely refreshing stay.",1,custom_youkichirou-s-deepseek,short,positive,structured,few_shot,short_positive_structured_few_shot,0,223,40,200,1,1,1.0,12,2026-09-01T11:55:45.468387+00:00
fake,allegro,Hotel,"Woke up to a stunning skyline view and slept like a log on the comfy bed. Breakfast had fresh pastries and great coffee, and for the price, this place genuinely felt like a steal. I'd book again.",1,custom_youkichirou-s-deepseek,short,positive,structured,few_shot,short_positive_structured_few_shot,1,195,37,200,1,1,1.0,12,2026-09-01T11:55:48.413849+00:00
fake,amalfi,Hotel,"The Amalfi made me wish I'd booked one more night--I slept like a log in the plush bed, woke to a stunning bay view, and felt every euro was justified. A rare, restorative gem.",1,custom_youkichirou-s-deepseek,short,positive,structured,few_shot,short_positive_structured_few_shot,2,176,34,200,1,1,1.0,12,2026-09-01T11:55:50.724326+00:00
fake,ambassador,Hotel,"Breakfast had plenty of fresh fruit and made-to-order eggs, and the lobby's mid-century furniture felt pleasantly current. Our room sparkled, and while I could've lingered another day, the weekend was exactly the reset I needed.",1,custom_youkichirou-s-deepseek,short,positive,structured,few_shot,short_positive_structured_few_shot,3,228,35,200,1,1,1.0,12,2026-09-01T11:55:53.976780+00:00
fake,conrad,Hotel,"The Conrad delivered on every front--stylish, well-maintained interiors that feel current, fast Wi-Fi, and a prime spot steps from great dining and transit. It's not cheap, but the location and comfort justify every penny. I'd happily return.",1,custom_youkichirou-s-deepseek,short,positive,structured,few_shot,short_positive_structured_few_shot,4,242,37,200,1,1,1.0,12,2026-09-01T11:55:59.203058+00:00
fake,fairmont,Hotel,"Slept like a log in that impossibly plush bed, and the wifi never hiccuped once. The lake view from our room was stunning at sunrise, though our two-night stay felt far too brief to fully soak it all in.",1,custom_youkichirou-s-deepseek,short,positive,structured,few_shot,short_positive_structured_few_shot,5,203,39,200,1,1,1.0,12,2026-09-01T11:56:01.825998+00:00
fake,hardrock,Hotel,"Breakfast at the Hard Rock hit all the right notes--hot pancakes, strong coffee, and zero rush. My bathroom was spotless with great water pressure, and being steps from the Strip made everything effortless. Honestly, one night wasn't nearly enough to soak it all in.",1,custom_youkichirou-s-deepseek,short,positive,structured,few_shot,short_positive_structured_few_shot,6,266,44,200,1,2,1.0,12,2026-09-01T11:56:10.835010+00:00
fake,hilton,Hotel,"The bathroom was spotless with great water pressure, and the Wi-Fi handled video calls without a hitch. Breakfast offered plenty of hot options, and being steps from the Metro made exploring effortless--exactly what I needed.",1,custom_youkichirou-s-deepseek,short,positive,structured,few_shot,short_positive_structured_few_shot,7,225,35,200,1,1,1.0,12,2026-09-01T11:56:13.711267+00:00
fake,homewood,Hotel,"The bathroom was spotless with excellent water pressure, and breakfast had plenty of hot and cold options. Staff were genuinely welcoming, and our room stayed tidy throughout. A very comfortable, hassle-free stay overall.",1,custom_youkichirou-s-deepseek,short,positive,structured,few_shot,short_positive_structured_few_shot,8,221,33,200,1,1,1.0,12,2026-09-01T11:56:16.867583+00:00
fake,hyatt,Hotel,"The rate felt fair for the location and room quality--the breakfast buffet was fresh with great options, staff were genuinely friendly, and the hallways were wonderfully quiet. I'd gladly book again.",1,custom_youkichirou-s-deepseek,short,positive,structured,few_shot,short_positive_structured_few_shot,9,199,31,200,1,1,1.0,12,2026-09-01T11:56:19.329187+00:00
fake,intercontinental,Hotel,"The Intercontinental's classic lobby charms, though the room decor skews slightly tired. Still, the spotless bathroom and lakeside views justified the rate. My one-night stopover felt fleeting--I'd happily trade two more days there.",1,custom_youkichirou-s-deepseek,short,positive,structured,few_shot,short_positive_structured_few_shot,10,232,33,200,1,1,1.0,12,2026-09-01T11:56:22.468871+00:00
fake,james,Hotel,"The lobby's fresh, modern decor was a pleasant surprise, and our room's skyline view was stunning at dusk. Breakfast had solid pastries and decent coffee, though nothing fancy, and the wifi never dropped during work calls.",1,custom_youkichirou-s-deepseek,short,positive,structured,few_shot,short_positive_structured_few_shot,11,222,36,200,1,1,1.0,12,2026-09-01T11:56:28.997480+00:00
fake,knickerbocker,Hotel,"Our two nights flew by--I wished for one more lazy morning. The room stayed blissfully quiet despite downtown buzz, and the wifi never stumbled. Breakfast's scrambled eggs and fresh pastries hit the spot, making the whole stay feel effortless.",1,custom_youkichirou-s-deepseek,short,positive,structured,few_shot,short_positive_structured_few_shot,12,243,39,200,1,2,1.0,12,2026-09-01T11:57:20.805110+00:00
fake,monaco,Hotel,"Breakfast was a satisfying spread of fresh pastries and made-to-order eggs, and the staff's genuine warmth set a great tone each morning. Perched steps from DuPont Circle, the view over the rooftops was lovely, making every errand an easy stroll.",1,custom_youkichirou-s-deepseek,short,positive,structured,few_shot,short_positive_structured_few_shot,13,246,40,200,1,1,1.0,12,2026-09-01T11:57:23.327307+00:00
fake,omni,Hotel,"Our corner room offered sweeping lake views that instantly relaxed me, and while the lobby decor leans classic, it felt polished rather than dated. Staff were genuinely warm and quick with local tips, and being steps from the Magnificent Mile made everything effortless.",1,custom_youkichirou-s-deepseek,short,positive,structured,few_shot,short_positive_structured_few_shot,14,270,43,200,1,1,1.0,12,2026-09-01T11:57:26.655162+00:00
fake,palmer,Hotel,"The staff were wonderfully attentive without hovering, and the room's classic decor felt charming rather than tired. Waking to lake views from the large window was lovely, and the marble bathroom with a rainfall shower felt spotless. A genuinely comfortable, warm stay.",1,custom_youkichirou-s-deepseek,short,positive,structured,few_shot,short_positive_structured_few_shot,15,269,42,200,1,2,1.0,12,2026-09-01T11:57:33.719225+00:00
fake,sheraton,Hotel,"Slept like a log in the blissfully quiet room, and the wifi never dropped once during my work calls. Waking up to that skyline view over the river made the whole stay feel worth it.",1,custom_youkichirou-s-deepseek,short,positive,structured,few_shot,short_positive_structured_few_shot,16,181,35,200,1,1,1.0,12,2026-09-01T11:57:37.142951+00:00
fake,sofitel,Hotel,"The bathroom was spotless with a rainfall shower that made the stay feel indulgent. Despite being near the busy Opera district, our room stayed wonderfully quiet. It's pricey, but the central location and comfort justify it; I'd happily return.",1,custom_youkichirou-s-deepseek,short,positive,structured,few_shot,short_positive_structured_few_shot,17,244,39,200,1,1,1.0,12,2026-09-01T11:57:39.917499+00:00
fake,swissotel,Hotel,"The rooms felt refreshingly modern--not a hint of dated decor--and the wifi held steady for both work and streaming. I slept deeply on the plush bedding, and given the location and service, the rate felt entirely justified. Would gladly return.",1,custom_youkichirou-s-deepseek,short,positive,structured,few_shot,short_positive_structured_few_shot,18,244,40,200,1,1,1.0,12,2026-09-01T11:57:42.824209+00:00
fake,talbott,Hotel,"The Talbott felt like a hidden gem--our room was spotless, the Wi-Fi never lagged, and being steps from the river made exploring effortless. For the thoughtful touches and prime spot, the price honestly felt like a steal.",1,custom_youkichirou-s-deepseek,short,positive,structured,few_shot,short_positive_structured_few_shot,19,221,37,200,1,1,1.0,12,2026-09-01T11:58:02.798548+00:00
fake,affinia,Hotel,"The front desk team at Affinia was wonderfully warm and efficient, making check-in a breeze. Our room felt refreshingly modern, not dated, and breakfast offered a solid variety of fresh pastries and hot options.",1,custom_youkichirou-s-deepseek,short,positive,structured,few_shot,short_positive_structured_few_shot,20,211,34,200,1,2,1.0,12,2026-09-01T11:58:09.167759+00:00
fake,allegro,Hotel,"We barely wanted to check out--our two nights at Hotel Allegro flew by. I slept deeply in the plush bed, the bathroom's rainfall shower was perfect, and the spotless room made every moment feel fresh and welcoming.",1,custom_youkichirou-s-deepseek,short,positive,structured,few_shot,short_positive_structured_few_shot,21,214,37,200,1,1,1.0,12,2026-09-01T11:58:38.156124+00:00
fake,amalfi,Hotel,"Despite the bustling heart of Amalfi just below, our room was wonderfully soundproofed--I slept like a log. The wifi didn't miss a beat for late-night planning, and waking to that pastel coastline and glittering sea was absolutely worth it.",1,custom_youkichirou-s-deepseek,short,positive,structured,few_shot,short_positive_structured_few_shot,22,240,39,200,1,1,1.0,12,2026-09-01T11:58:40.837366+00:00
fake,ambassador,Hotel,"The bathroom was spotless with excellent water pressure, and the view over the harbor made every morning feel special. Despite the central location, my room was impressively quiet, though I honestly could have stayed another night without getting bored.",1,custom_youkichirou-s-deepseek,short,positive,structured,few_shot,short_positive_structured_few_shot,23,253,39,200,1,1,1.0,12,2026-09-01T11:58:43.909706+00:00
fake,conrad,Hotel,"Checked in late and left far too soon--the bed was so plush I slept through my alarm twice. The decor felt elegantly current, not gimmicky, and the bathroom's rainfall shower made morning prep a genuine treat.",1,custom_youkichirou-s-deepseek,short,positive,structured,few_shot,short_positive_structured_few_shot,24,209,36,200,1,1,1.0,12,2026-09-01T11:58:51.020017+00:00
fake,fairmont,Hotel,"The Fairmont felt worth every penny--the lobby's classic elegance still charms, not dated at all. Breakfast croissants were flaky perfection, and the marble bathroom with a rain shower made mornings feel like a spa ritual. A refreshing, polished stay.",1,custom_youkichirou-s-deepseek,short,positive,structured,few_shot,short_positive_structured_few_shot,25,251,39,200,1,1,1.0,12,2026-09-01T11:58:56.742642+00:00
fake,hardrock,Hotel,"The Hard Rock's vibrant, music-filled decor felt refreshingly current, not tired. I slept deeply on the plush bed, and while my two-night stay flew by, the rain shower and sleek vanity made every morning feel like a treat.",1,custom_youkichirou-s-deepseek,short,positive,structured,few_shot,short_positive_structured_few_shot,26,222,38,200,1,2,1.0,12,2026-09-01T11:59:02.554572+00:00
fake,hilton,Hotel,"The room was spotless, and the cloud-soft bed gave me the best sleep in weeks. Breakfast offered everything from fresh pastries to made-to-order omelets, while my window framed a stunning skyline view. Truly a refreshing, worry-free stay.",1,custom_youkichirou-s-deepseek,short,positive,structured,few_shot,short_positive_structured_few_shot,27,238,37,200,1,1,1.0,12,2026-09-01T11:59:06.450777+00:00
fake,homewood,Hotel,"Room was spotless and the Wi-Fi never dropped once, which made remote work easy. Location put me minutes from everything I needed, and the free breakfast with fresh fruit and hot eggs was a solid start. No complaints.",1,custom_youkichirou-s-deepseek,short,positive,structured,few_shot,short_positive_structured_few_shot,28,217,38,200,1,2,1.0,12,2026-09-01T11:59:12.342354+00:00
fake,hyatt,Hotel,"The Hyatt's location was perfect for exploring downtown, and the decor felt fresh, not tired. Staff were genuinely welcoming, and given the comfort and service, the rate felt more than fair. I'd happily book again.",1,custom_youkichirou-s-deepseek,short,positive,structured,few_shot,short_positive_structured_few_shot,29,214,35,200,1,1,1.0,12,2026-09-01T11:59:19.198852+00:00
fake,intercontinental,Hotel,"Breakfast was a lovely spread of fresh pastries and made-to-order eggs, and the bathroom's rainfall shower felt like pure indulgence. The room was spotless, but honestly, my one-night stay felt far too short to enjoy every comfort.",1,custom_youkichirou-s-deepseek,short,positive,structured,few_shot,short_positive_structured_few_shot,30,231,37,200,1,1,1.0,12,2026-09-01T11:59:22.996488+00:00
fake,james,Hotel,"The room's fresh, modern decor felt effortlessly stylish, and the skyline view from bed was a treat. Slept like a log on the plush linens, and for the price, it's genuinely hard to beat--already planning my return.",1,custom_youkichirou-s-deepseek,short,positive,structured,few_shot,short_positive_structured_few_shot,31,214,37,200,1,1,1.0,12,2026-09-01T11:59:25.862842+00:00
fake,knickerbocker,Hotel,"Slept like a log in that ridiculously comfy bed--only wish I'd booked another night. Staff were genuinely warm, not scripted, and the Loop location made everything walkable. Would've stayed longer if my schedule allowed.",1,custom_youkichirou-s-deepseek,short,positive,structured,few_shot,short_positive_structured_few_shot,32,220,34,200,1,1,1.0,12,2026-09-01T11:59:28.976962+00:00
fake,monaco,Hotel,"The bathroom had excellent water pressure and plush towels, and the room was spotless when I arrived. Breakfast's fresh pastries hit the spot, and the wifi stayed fast for video calls throughout my stay.",1,custom_youkichirou-s-deepseek,short,positive,structured,few_shot,short_positive_structured_few_shot,33,203,34,200,1,1,1.0,12,2026-09-01T11:59:31.486752+00:00
fake,omni,Hotel,"The Omni's staff were genuinely warm--quick with local tips and a smile. Location on Michigan Ave made everything walkable, and our spotless room felt surprisingly spacious for the price. Solid value; I'd happily return.",1,custom_youkichirou-s-deepseek,short,positive,structured,few_shot,short_positive_structured_few_shot,34,220,34,200,1,1,1.0,12,2026-09-01T12:06:36.032184+00:00
fake,palmer,Hotel,"My only regret is not booking another night--the Palmer was that good. Despite being downtown, the room was blissfully quiet, and I slept like a log. Everything sparkled, from the crisp linens to the pristine bathroom.",1,custom_youkichirou-s-deepseek,short,positive,structured,few_shot,short_positive_structured_few_shot,35,218,36,200,1,1,1.0,12,2026-09-01T12:06:38.988086+00:00
fake,sheraton,Hotel,"Our Sheraton stay felt far too brief--the room was spotless, the bed heavenly, and despite full occupancy, we heard barely a whisper all night. I woke rested and genuinely wished we had one more morning here.",1,custom_youkichirou-s-deepseek,short,positive,structured,few_shot,short_positive_structured_few_shot,36,208,36,200,1,1,1.0,12,2026-09-01T12:06:42.138442+00:00
fake,sofitel,Hotel,"The Sofitel's quiet luxury was exactly what I needed--slept like a log in blissful silence. Spotless room, plush bedding, and a marble bathroom with a rain shower that felt spa-level. Wouldn't hesitate to return.",1,custom_youkichirou-s-deepseek,short,positive,structured,few_shot,short_positive_structured_few_shot,37,212,34,200,1,1,1.0,12,2026-09-01T12:06:48.414502+00:00
fake,swissotel,Hotel,"Stayed at Swissotel for a city break and was thoroughly impressed. The wifi was fast and reliable, breakfast offered a generous spread with fresh pastries, and our spotless room boasted breathtaking lake views. A truly comfortable, stress-free stay.",1,custom_youkichirou-s-deepseek,short,positive,structured,few_shot,short_positive_structured_few_shot,38,249,38,200,1,1,1.0,12,2026-09-01T12:06:51.576743+00:00
fake,talbott,Hotel,"The view of the Chicago skyline from my room was stunning, and the location made it effortless to walk everywhere I wanted. The decor felt classic without being dated, though I genuinely wished I had one more night to soak it all in.",1,custom_youkichirou-s-deepseek,short,positive,structured,few_shot,short_positive_structured_few_shot,39,233,43,200,1,1,1.0,12,2026-09-01T12:06:54.749603+00:00
fake,affinia,Hotel,"Affinia felt reasonably priced for its prime midtown spot--easy walk to Grand Central and Times Square. The decor leaned modern enough, not tired, and our corner room's skyline view was a pleasant surprise. Solid, hassle-free stay.",1,custom_youkichirou-s-deepseek,short,positive,structured,few_shot,short_positive_structured_few_shot,40,231,36,200,1,1,1.0,12,2026-09-01T12:06:58.184639+00:00
fake,allegro,Hotel,"The decor felt refreshingly modern without being sterile, and the spotless bathroom had excellent water pressure. Steps from the metro, the staff were genuinely warm--offering a free upgrade and great local tips that made my trip effortless.",1,custom_youkichirou-s-deepseek,short,positive,structured,few_shot,short_positive_structured_few_shot,41,241,37,200,1,1,1.0,12,2026-09-01T12:07:01.442503+00:00
fake,amalfi,Hotel,"For the price, Hotel Amalfi felt like a genuine steal--the bathroom was spotless with excellent water pressure, and breakfast offered fresh pastries and proper espresso. The room itself was immaculately clean, making the whole stay effortlessly comfortable.",1,custom_youkichirou-s-deepseek,short,positive,structured,few_shot,short_positive_structured_few_shot,42,257,37,200,1,1,1.0,12,2026-09-01T12:07:16.320342+00:00
fake,ambassador,Hotel,"The room was wonderfully quiet despite the busy street below, and the skyline view from the window was a lovely bonus. I slept deeply on the comfortable bed, and the decor felt modern and fresh without being too trendy. A genuinely pleasant stay.",1,custom_youkichirou-s-deepseek,short,positive,structured,few_shot,short_positive_structured_few_shot,43,246,43,200,1,1,1.0,12,2026-09-01T12:07:18.669672+00:00
fake,conrad,Hotel,"The view from our high floor over the bay was simply breathtaking, and the staff genuinely anticipated every need without hovering. Breakfast offered fantastic local options, though I could have easily spent another day soaking in that serene atmosphere.",1,custom_youkichirou-s-deepseek,short,positive,structured,few_shot,short_positive_structured_few_shot,44,254,39,200,1,1,1.0,12,2026-09-01T12:07:21.639024+00:00
fake,fairmont,Hotel,"Staff were warm and genuinely attentive, making check-in effortless. I slept deeply in the plush bed, and the central location made exploring a breeze. Mornings started perfectly with a delicious breakfast spread that had something for everyone.",1,custom_youkichirou-s-deepseek,short,positive,structured,few_shot,short_positive_structured_few_shot,45,245,37,200,1,1,1.0,12,2026-09-01T12:07:31.079090+00:00
fake,hardrock,Hotel,"The Hard Rock delivered solid value for the money--the location put us steps from the Strip action, and breakfast was surprisingly hearty. The decor leans a bit flashy but feels current, not tired. I'd happily return.",1,custom_youkichirou-s-deepseek,short,positive,structured,few_shot,short_positive_structured_few_shot,46,217,36,200,1,1,1.0,12,2026-09-01T12:07:34.229301+00:00
fake,hilton,Hotel,"The Hilton exceeded expectations--staff were warm and efficient, and our room stayed blissfully quiet despite full occupancy. I slept like a log, though checkout came far too soon; honestly, one more night would've been perfect.",1,custom_youkichirou-s-deepseek,short,positive,structured,few_shot,short_positive_structured_few_shot,47,228,35,200,1,1,1.0,12,2026-09-01T12:07:41.420815+00:00
fake,homewood,Hotel,"The view from our 14th-floor window overlooked the river and downtown skyline--gorgeous at sunset. The bathroom was spotless with a rainfall shower, and despite being near the elevator, we rarely heard a peep. Wi‐Fi worked flawlessly for streaming and video calls.",1,custom_youkichirou-s-deepseek,short,positive,structured,few_shot,short_positive_structured_few_shot,48,264,41,200,1,1,1.0,12,2026-09-01T12:07:44.006605+00:00
fake,hyatt,Hotel,"The Hyatt felt like a solid value--staff were genuinely attentive without hovering, and our room stayed blissfully quiet despite a full house. The decor leans classic rather than cutting-edge, but it's well-maintained and comfortable, making the rate feel justified.",1,custom_youkichirou-s-deepseek,short,positive,structured,few_shot,short_positive_structured_few_shot,49,266,39,200,1,1,1.0,12,2026-09-01T12:07:47.542506+00:00
fake,intercontinental,Hotel,"Slept deeply in the plush bed, waking to a stunning skyline view that justified the premium rate. The rain shower and heated floor made the marble bathroom feel like a private spa retreat.",1,custom_youkichirou-s-deepseek,short,positive,structured,zero_shot,short_positive_structured_zero_shot,0,188,33,200,1,1,1.0,12,2026-09-01T12:07:49.991483+00:00
fake,james,Hotel,"Breakfast was a lovely spread of fresh pastries and made-to-order eggs, well worth every penny. The room felt so cozy that my one night here flew by, though the reliable Wi-Fi kept me connected for late work.",1,custom_youkichirou-s-deepseek,short,positive,structured,zero_shot,short_positive_structured_zero_shot,1,208,37,200,1,1,1.0,12,2026-09-01T12:07:53.020575+00:00
fake,knickerbocker,Hotel,"The room was spotless, with crisp linens that made for the best sleep I've had in ages. The decor felt surprisingly fresh and modern, and the bathroom's rainfall shower was a delightful touch that sealed the deal.",1,custom_youkichirou-s-deepseek,short,positive,structured,zero_shot,short_positive_structured_zero_shot,2,213,37,200,1,1,1.0,12,2026-09-01T12:07:55.567090+00:00
fake,monaco,Hotel,"The decor felt refreshingly modern, and the location put us steps from everything we wanted. The bathroom was spotless with great water pressure; our only regret was that our stay felt far too short to enjoy it all.",1,custom_youkichirou-s-deepseek,short,positive,structured,zero_shot,short_positive_structured_zero_shot,3,215,38,200,1,1,1.0,12,2026-09-01T12:07:58.518142+00:00
fake,omni,Hotel,"The Omni's location made exploring effortless, and the staff's warm greetings set a great tone each morning. Though our spotless room made it tempting to linger, the weekend felt far too brief for all there was to enjoy.",1,custom_youkichirou-s-deepseek,short,positive,structured,zero_shot,short_positive_structured_zero_shot,4,220,38,200,1,1,1.0,12,2026-09-01T12:08:01.791952+00:00
fake,palmer,Hotel,"The room was spotless, and the bathroom felt fresh with great water pressure. Our stay flew by too quickly, but it was well worth every penny for such comfort and convenience.",1,custom_youkichirou-s-deepseek,short,positive,structured,zero_shot,short_positive_structured_zero_shot,5,175,31,200,1,1,1.0,12,2026-09-01T12:08:07.008160+00:00
fake,sheraton,Hotel,"The breakfast buffet had everything from fresh pastries to made-to-order omelets, and the staff were genuinely warm and efficient. Waking up to a sweeping city view from the 22nd floor made the price feel completely justified.",1,custom_youkichirou-s-deepseek,short,positive,structured,zero_shot,short_positive_structured_zero_shot,6,226,36,200,1,1,1.0,12,2026-09-01T12:08:10.107163+00:00
fake,sofitel,Hotel,"Fantastic spot for exploring the city--everything was walkable. Staff were warm and efficient, and our room had a gorgeous rain shower. Despite being central, it was surprisingly peaceful at night, letting us recharge completely.",1,custom_youkichirou-s-deepseek,short,positive,structured,zero_shot,short_positive_structured_zero_shot,7,229,34,200,1,2,1.0,12,2026-09-01T12:08:16.460445+00:00
fake,swissotel,Hotel,"The bathroom was spotless with excellent water pressure, and the room's double glazing kept the street noise out completely. Wi-Fi never dropped during my video calls, and I slept like a log on the plush bed.",1,custom_youkichirou-s-deepseek,short,positive,structured,zero_shot,short_positive_structured_zero_shot,8,208,36,200,1,1,1.0,12,2026-09-01T12:08:19.957148+00:00
fake,talbott,Hotel,"The room was spotless, and the morning view of the park from our window was simply lovely. My only regret is that our two nights felt far too short, especially with the hotel's prime spot for strolling to nearby cafes and shops.",1,custom_youkichirou-s-deepseek,short,positive,structured,zero_shot,short_positive_structured_zero_shot,9,228,42,200,1,1,1.0,12,2026-09-01T12:08:22.907717+00:00
fake,affinia,Hotel,"The decor felt fresh and modern, and the city view from our window was stunning. Being steps from the metro made exploring effortless, though our two-night stay flew by way too quickly.",1,custom_youkichirou-s-deepseek,short,positive,structured,zero_shot,short_positive_structured_zero_shot,10,185,32,200,1,1,1.0,12,2026-09-01T12:08:25.648966+00:00
fake,allegro,Hotel,"Lovely stay at Hotel Allegro. The bathroom was spotless with a strong shower, and breakfast offered fresh pastries and good coffee. Staff were welcoming and efficient, making the fair price feel like excellent value for a comfortable, hassle-free visit.",1,custom_youkichirou-s-deepseek,short,positive,structured,zero_shot,short_positive_structured_zero_shot,11,253,39,200,1,1,1.0,12,2026-09-01T12:08:28.106121+00:00
fake,amalfi,Hotel,"Despite the bustling town below, our room was wonderfully quiet. The balcony view over the bay was breathtaking at sunset, and the spotless bathroom felt luxurious. Given the prime location, it was worth every penny for such a serene escape.",1,custom_youkichirou-s-deepseek,short,positive,structured,zero_shot,short_positive_structured_zero_shot,12,241,40,200,1,1,1.0,12,2026-09-01T12:08:30.806635+00:00
fake,ambassador,Hotel,"The Wi-Fi held strong all week, and the staff's genuine warmth made check-in a breeze. While not cheap, the stunning harbor view from our room justified every penny for that unforgettable sunrise.",1,custom_youkichirou-s-deepseek,short,positive,structured,zero_shot,short_positive_structured_zero_shot,13,196,32,200,1,1,1.0,12,2026-09-01T12:08:33.638988+00:00
fake,conrad,Hotel,"A far-too-brief stay, but every minute was wonderful. Breakfast had a fantastic made-to-order omelet station, and the location made exploring effortless. The bed was so comfortable I slept better than I have in months.",1,custom_youkichirou-s-deepseek,short,positive,structured,zero_shot,short_positive_structured_zero_shot,14,218,34,200,1,1,1.0,12,2026-09-01T12:08:36.193806+00:00
fake,fairmont,Hotel,"The room's fresh, modern decor was a pleasant surprise, and the sweeping harbour view from our window was breathtaking. Perfectly central, though we slept so deeply in those plush beds that we barely noticed the city buzz outside.",1,custom_youkichirou-s-deepseek,short,positive,structured,zero_shot,short_positive_structured_zero_shot,15,230,38,200,1,1,1.0,12,2026-09-01T12:08:39.913103+00:00
fake,hardrock,Hotel,"The Hard Rock delivered the perfect quick escape--wifi was lightning fast for streaming, and the room stayed blissfully quiet despite the lively lobby. It felt like a fleeting weekend, but at that rate, every minute was worth it.",1,custom_youkichirou-s-deepseek,short,positive,structured,zero_shot,short_positive_structured_zero_shot,16,229,38,200,1,1,1.0,12,2026-09-01T12:08:42.227782+00:00
fake,hilton,Hotel,"From the moment I walked in, the room was spotless, and the floor-to-ceiling window offered a stunning skyline view. The bathroom was modern with great water pressure, and the complimentary Wi-Fi never dropped once--a smooth, comfortable stay all around.",1,custom_youkichirou-s-deepseek,short,positive,structured,zero_shot,short_positive_structured_zero_shot,17,254,39,200,1,1,1.0,12,2026-09-01T12:08:45.345771+00:00
fake,homewood,Hotel,"Beautiful lagoon views from our room made mornings feel special, and the decor felt pleasantly modern, not tired. Breakfast had fresh pastries and made-to-order eggs, easily justifying the price. A cozy, smart stay we'd repeat.",1,custom_youkichirou-s-deepseek,short,positive,structured,zero_shot,short_positive_structured_zero_shot,18,227,35,200,1,1,1.0,12,2026-09-01T12:08:48.290672+00:00
fake,hyatt,Hotel,"My two nights at the Hyatt felt far too brief, but the spotless room and that gleaming rainfall shower made every minute count. The front-desk team was genuinely warm, and the bathroom's fresh towels were a lovely touch.",1,custom_youkichirou-s-deepseek,short,positive,structured,zero_shot,short_positive_structured_zero_shot,19,220,38,200,1,1,1.0,12,2026-09-01T12:08:51.641837+00:00
fake,intercontinental,Hotel,"The bathroom was spotless with excellent water pressure, and the bed was so comfortable I slept straight through till morning. Staff were attentive yet never intrusive, and the room itself was immaculate throughout.",1,custom_youkichirou-s-deepseek,short,positive,structured,zero_shot,short_positive_structured_zero_shot,20,215,33,200,1,1,1.0,12,2026-09-01T12:08:54.429602+00:00
fake,james,Hotel,"Absolutely worth the splurge. The skyline view from our room was stunning at sunset, the place was spotless, and the modern decor felt fresh. We couldn't have asked for a better stay.",1,custom_youkichirou-s-deepseek,short,positive,structured,zero_shot,short_positive_structured_zero_shot,21,183,32,200,1,1,1.0,12,2026-09-01T12:08:57.493536+00:00
fake,knickerbocker,Hotel,"The vintage charm still feels fresh, and the staff's warm efficiency justified every penny. Waking up to the glittering skyline from our high floor was pure magic--a classic stay that quietly exceeds expectations.",1,custom_youkichirou-s-deepseek,short,positive,structured,zero_shot,short_positive_structured_zero_shot,22,213,33,200,1,1,1.0,12,2026-09-01T12:09:00.987147+00:00
fake,monaco,Hotel,"Loved the stylish room and that rainfall shower--it felt worth every penny. Wi-Fi was flawless for streaming, and the complimentary breakfast with fresh pastries and espresso was a perfect start.",1,custom_youkichirou-s-deepseek,short,positive,structured,zero_shot,short_positive_structured_zero_shot,23,195,30,200,1,2,1.0,12,2026-09-01T12:09:09.623505+00:00
fake,omni,Hotel,"The Omni was exactly what we needed. Breakfast had great variety, and the wifi was solid for work. Staff were genuinely helpful, and our room stayed surprisingly quiet despite the full hotel.",1,custom_youkichirou-s-deepseek,short,positive,structured,zero_shot,short_positive_structured_zero_shot,24,191,32,200,1,1,1.0,12,2026-09-01T12:09:14.331548+00:00
fake,palmer,Hotel,"The view from our room was a stunning slice of the harbor, and the staff's genuine warmth made every request effortless. Despite the central location, it was blissfully quiet, and I felt every penny was justified for that restful escape.",1,custom_youkichirou-s-deepseek,short,positive,structured,zero_shot,short_positive_structured_zero_shot,25,237,40,200,1,1,1.0,12,2026-09-01T12:09:17.319800+00:00
fake,sheraton,Hotel,"The bathroom was spotless with great water pressure, and the room itself felt freshly cleaned. Location made exploring effortless, and the Wi-Fi never dropped once during my stay. Overall, a comfortable and dependable choice.",1,custom_youkichirou-s-deepseek,short,positive,structured,zero_shot,short_positive_structured_zero_shot,26,225,34,200,1,1,1.0,12,2026-09-01T12:09:19.956143+00:00
fake,sofitel,Hotel,"The room was spotless with a plush bed, and the marble bathroom felt luxurious. Despite being near the elevator, it was surprisingly quiet. Breakfast offered fresh pastries and made-to-order eggs--a perfect start. I'd happily return.",1,custom_youkichirou-s-deepseek,short,positive,structured,zero_shot,short_positive_structured_zero_shot,27,233,35,200,1,1,1.0,12,2026-09-01T12:09:28.129135+00:00
fake,swissotel,Hotel,"Perfect location for sightseeing--steps from the station yet whisper-quiet. The bathroom gleamed with modern fixtures, and our spotless room felt fresh, not frumpy. A truly effortless, comfortable stay.",1,custom_youkichirou-s-deepseek,short,positive,structured,zero_shot,short_positive_structured_zero_shot,28,202,28,200,1,1,1.0,12,2026-09-01T12:09:31.028762+00:00
fake,talbott,Hotel,"The Talbotts' fresh, understated decor felt like a welcome escape, and that sweeping river view made the single night fly by far too quickly. It's not cheap, but the comfort and quiet clarity made every penny feel justified.",1,custom_youkichirou-s-deepseek,short,positive,structured,zero_shot,short_positive_structured_zero_shot,29,224,38,200,1,1,1.0,12,2026-09-01T12:09:38.701428+00:00
fake,affinia,Hotel,"Great breakfast spread, but the weekend felt way too short. The wifi was flawless for streaming, and the city view from our 15th-floor room was stunning at night.",1,custom_youkichirou-s-deepseek,short,positive,structured,zero_shot,short_positive_structured_zero_shot,30,162,28,200,1,1,1.0,12,2026-09-01T12:09:41.508426+00:00
fake,allegro,Hotel,"The view from our room was stunning, and the breakfast spread offered fresh pastries and made-to-order eggs each morning. The location put us steps from the old town, and while the lobby decor feels slightly dated, the overall stay was comfortable and worthwhile.",1,custom_youkichirou-s-deepseek,short,positive,structured,zero_shot,short_positive_structured_zero_shot,31,263,43,200,1,1,1.0,12,2026-09-01T12:09:44.260214+00:00
fake,amalfi,Hotel,"Slept wonderfully in the superbly quiet room, and the spotless bathroom made mornings feel effortless. Tucked steps from the seaside promenade, yet breakfast's fresh pastries and strong coffee were the perfect send-off for exploring.",1,custom_youkichirou-s-deepseek,short,positive,structured,zero_shot,short_positive_structured_zero_shot,32,233,34,200,1,1,1.0,12,2026-09-01T12:09:49.249800+00:00
fake,ambassador,Hotel,"Slept like a log in the blissfully silent room, the bed was pure heaven. The bathroom felt modern and spotless, and the breakfast buffet's fresh pastries and coffee were a perfect start. Zero complaints.",1,custom_youkichirou-s-deepseek,short,positive,structured,zero_shot,short_positive_structured_zero_shot,33,203,34,200,1,1,1.0,12,2026-09-01T12:09:52.206995+00:00
fake,conrad,Hotel,"My only regret is that our stay at the Conrad was far too brief--the room was immaculately clean, the staff anticipated every need with genuine warmth, and the wifi was lightning-fast. Pure perfection from check-in to checkout.",1,custom_youkichirou-s-deepseek,short,positive,structured,zero_shot,short_positive_structured_zero_shot,34,227,37,200,1,1,1.0,12,2026-09-01T12:09:55.282928+00:00
fake,fairmont,Hotel,"The view from our room was spectacular, and the linens were so crisp I slept like a log. The space felt fresh and modern, not dated at all, which was a pleasant surprise for such a classic property.",1,custom_youkichirou-s-deepseek,short,positive,structured,zero_shot,short_positive_structured_zero_shot,35,198,38,200,1,1,1.0,12,2026-09-01T12:09:59.690770+00:00
fake,hardrock,Hotel,"The ocean view from my room was absolutely stunning, and the vibrant decor felt surprisingly fresh and energetic. Being steps from the Boardwalk made exploring a breeze, and honestly, it was worth every penny for the experience.",1,custom_youkichirou-s-deepseek,short,positive,structured,zero_shot,short_positive_structured_zero_shot,36,228,37,200,1,1,1.0,12,2026-09-01T12:10:05.144856+00:00
fake,hilton,Hotel,"The Hilton's lobby felt fresh and modern, though the room's carpet showed some wear. Still, the spotless bathroom and sweeping skyline view made it well worth the rate, even if not a steal.",1,custom_youkichirou-s-deepseek,short,positive,structured,zero_shot,short_positive_structured_zero_shot,37,189,33,200,1,1,1.0,12,2026-09-01T12:10:07.709995+00:00
fake,homewood,Hotel,"Stayed here for a conference and was genuinely impressed. The staff were warm and efficient, and the location made getting around town a breeze. My room had a lovely skyline view, and I slept like a log on that comfy bed.",1,custom_youkichirou-s-deepseek,short,positive,structured,zero_shot,short_positive_structured_zero_shot,38,221,41,200,1,1,1.0,12,2026-09-01T12:10:10.593915+00:00
fake,hyatt,Hotel,"Great value for the price--the bed was cloud-like, and I slept better than at home. Wi-Fi never dropped, perfect for a work trip. My only regret: a one-night stay felt far too short.",1,custom_youkichirou-s-deepseek,short,positive,structured,zero_shot,short_positive_structured_zero_shot,39,182,33,200,1,1,1.0,12,2026-09-01T12:10:14.820602+00:00
fake,intercontinental,Hotel,"Stunning skyline views from the room made evenings magical, and the location was perfect for exploring downtown on foot. Breakfast offered delicious, fresh options each morning, and while the decor leans classic, it feels well-maintained and elegant rather than dated.",1,custom_youkichirou-s-deepseek,short,positive,structured,zero_shot,short_positive_structured_zero_shot,40,268,40,200,1,2,1.0,12,2026-09-01T12:10:25.396870+00:00
fake,james,Hotel,"Perfect spot for exploring the city--everything was walkable. The staff were genuinely friendly and helpful. WiFi never dropped, and the complimentary breakfast with fresh pastries and strong coffee was a lovely start to each day.",1,custom_youkichirou-s-deepseek,short,positive,structured,zero_shot,short_positive_structured_zero_shot,41,230,35,200,1,1,1.0,12,2026-09-01T12:10:28.346326+00:00
fake,knickerbocker,Hotel,"The skyline view from my room was absolutely stunning, especially at sunset, and the wifi never dropped once. Being right on Michigan Avenue made exploring effortless--I honestly wish I could have stayed a few more nights instead of my quick weekend.",1,custom_youkichirou-s-deepseek,short,positive,structured,zero_shot,short_positive_structured_zero_shot,42,250,41,200,1,1,1.0,12,2026-09-01T12:10:31.059656+00:00
fake,monaco,Hotel,"The floor-to-ceiling windows offered a stunning city panorama, and the Wi-Fi was impressively fast for uploading photos. Breakfast's fresh pastries were a highlight, while the lobby's modern art and sleek furniture felt anything but dated.",1,custom_youkichirou-s-deepseek,short,positive,structured,zero_shot,short_positive_structured_zero_shot,43,239,35,200,1,1,1.0,12,2026-09-01T12:10:33.951806+00:00
fake,omni,Hotel,"The decor felt refreshingly modern, not dated, and the staff were genuinely warm from check-in to checkout. My only wish was that the Wi-Fi held steady in my room, though the stay itself was far too short--I could have lingered for days.",1,custom_youkichirou-s-deepseek,short,positive,structured,zero_shot,short_positive_structured_zero_shot,44,237,42,200,1,1,1.0,12,2026-09-01T12:10:37.133773+00:00
fake,palmer,Hotel,"A peaceful haven--the room was whisper-quiet despite the bustling streets below, and the bathroom's rainfall shower felt indulgent. Staff greeted me by name each morning, warm and efficient. My only regret? A stay that ended far too soon.",1,custom_youkichirou-s-deepseek,short,positive,structured,zero_shot,short_positive_structured_zero_shot,45,238,38,200,1,1,1.0,12,2026-09-01T12:10:40.625333+00:00
fake,sheraton,Hotel,"The Sheraton's modern, airy lobby felt freshly renovated, and my room's floor-to-ceiling window offered a stunning skyline view. The reliable WiFi made work a breeze, and for the prime location and comfort, it was definitely worth every penny.",1,custom_youkichirou-s-deepseek,short,positive,structured,zero_shot,short_positive_structured_zero_shot,46,243,38,200,1,1,1.0,12,2026-09-01T12:10:43.262930+00:00
fake,sofitel,Hotel,"The sweeping city view from my room was absolutely stunning, and despite the central location, it was wonderfully peaceful. Breakfast was a delightful spread, though our two nights felt far too short to enjoy everything this refined haven offers.",1,custom_youkichirou-s-deepseek,short,positive,structured,zero_shot,short_positive_structured_zero_shot,47,246,39,200,1,1,1.0,12,2026-09-01T12:10:45.996231+00:00
fake,swissotel,Hotel,"Wish I could have stayed longer than two nights; the city panorama from the 18th floor was postcard-perfect. Fast, reliable Wi-Fi kept me connected, and despite central location, my room was impressively silent--a truly restorative sleep.",1,custom_youkichirou-s-deepseek,short,positive,structured,zero_shot,short_positive_structured_zero_shot,48,238,36,200,1,1,1.0,12,2026-09-01T12:10:49.043601+00:00
fake,talbott,Hotel,"The bathroom was spotless with excellent water pressure, though the dated floral tile felt a bit tired. My room stayed blissfully quiet all night, and the crisp, fresh linens made the clean space feel truly inviting.",1,custom_youkichirou-s-deepseek,short,positive,structured,zero_shot,short_positive_structured_zero_shot,49,216,36,200,1,1,1.0,12,2026-09-01T12:10:53.383926+00:00
fake,affinia,Hotel,"Great location and the staff genuinely seemed happy to help with dinner spots and local tips. Room was comfortable and quiet, though the AC ran a bit loud at night. Overall a solid, hassle-free stay that hit the mark for a quick city trip.",1,custom_youkichirou-s-deepseek,short,positive,unstructured,few_shot,short_positive_unstructured_few_shot,0,239,44,200,1,1,1.0,12,2026-09-01T12:10:56.362400+00:00
fake,allegro,Hotel,"The Allegro turned out to be a quiet gem right in the middle of everything. The lobby had a fun, vintage vibe that made coming back feel special, and the bed was honestly the comfiest I've had in ages.",1,custom_youkichirou-s-deepseek,short,positive,unstructured,few_shot,short_positive_unstructured_few_shot,1,201,39,200,1,1,1.0,12,2026-09-01T12:10:59.203140+00:00
fake,amalfi,Hotel,"The location was perfect for our Amalfi Coast day trips, and the sea-view balcony made every morning feel special. Staff sorted our ferry tickets without fuss, and the breakfast spread had fresh pastries and local fruit. A lovely, hassle-free stay I'd happily repeat.",1,custom_youkichirou-s-deepseek,short,positive,unstructured,few_shot,short_positive_unstructured_few_shot,2,267,43,200,1,1,1.0,12,2026-09-01T12:11:02.527743+00:00
fake,ambassador,Hotel,"The Ambassador's rooftop pool was the highlight of my trip--sunset views over the skyline while the staff brought fresh towels without being asked. Rooms felt spotless and quiet, and the front desk even remembered my name at checkout. I'm already planning a return.",1,custom_youkichirou-s-deepseek,short,positive,unstructured,few_shot,short_positive_unstructured_few_shot,3,265,43,200,1,2,1.0,12,2026-09-01T12:11:09.123025+00:00
fake,conrad,Hotel,"We loved the Conrad's calm, refined vibe--the room was spotless and the bed genuinely luxurious. Breakfast was excellent, and staff remembered our names all weekend. Probably the best in the city for a quiet, comfortable stay.",1,custom_youkichirou-s-deepseek,short,positive,unstructured,few_shot,short_positive_unstructured_few_shot,4,226,36,200,1,1,1.0,12,2026-09-01T12:11:11.837848+00:00
fake,fairmont,Hotel,"The Fairmont turned a quick business trip into something genuinely special. The lake view from my room was stunning, and the staff remembered my name by day two. That level of care makes all the difference.",1,custom_youkichirou-s-deepseek,short,positive,unstructured,few_shot,short_positive_unstructured_few_shot,5,206,36,200,1,1,1.0,12,2026-09-01T12:11:14.354858+00:00
fake,hardrock,Hotel,"Rocked up expecting just a music-themed room, but the vibe was next level--staff hooked us up with late check-out and the pool scene felt like a mini Vegas escape. Cranking tunes in the shower sealed it; definitely booking again for a proper weekend.",1,custom_youkichirou-s-deepseek,short,positive,unstructured,few_shot,short_positive_unstructured_few_shot,6,250,43,200,1,1,1.0,12,2026-09-01T12:11:16.973727+00:00
fake,hilton,Hotel,"Loved every minute at the Hilton--the staff were genuinely friendly and sorted a late checkout without fuss. Room was spotless, bed super comfy, and the breakfast buffet had plenty of fresh options. Would happily book again next time I'm in town.",1,custom_youkichirou-s-deepseek,short,positive,unstructured,few_shot,short_positive_unstructured_few_shot,7,246,41,200,1,1,1.0,12,2026-09-01T12:11:20.083155+00:00
fake,homewood,Hotel,"The Homewood was exactly what I needed--quiet, clean, and the kitchenette saved us on a long trip. Staff were friendly without hovering, and the beds were surprisingly comfortable. Would happily book again next time we're passing through.",1,custom_youkichirou-s-deepseek,short,positive,unstructured,few_shot,short_positive_unstructured_few_shot,8,238,37,200,1,1,1.0,12,2026-09-01T12:11:23.398548+00:00
fake,hyatt,Hotel,"The Hyatt exceeded my expectations--the room was spotless and quiet, and the staff went out of their way to make check-in effortless. Loved the cozy lobby bar for a nightcap, and the location made exploring on foot a breeze.",1,custom_youkichirou-s-deepseek,short,positive,unstructured,few_shot,short_positive_unstructured_few_shot,9,224,39,200,1,1,1.0,12,2026-09-01T12:11:26.496219+00:00
fake,intercontinental,Hotel,"The Intercontinental exceeded expectations--the club lounge was a quiet haven with great views, and the bed was incredibly comfortable after a long travel day. Staff remembered my name at breakfast, which felt genuinely personal. I'd gladly return.",1,custom_youkichirou-s-deepseek,short,positive,unstructured,few_shot,short_positive_unstructured_few_shot,10,248,37,200,1,1,1.0,12,2026-09-01T12:11:29.452499+00:00
fake,james,Hotel,"My room at Hotel James was the perfect mix of style and comfort--loved the dark wood accents and the plush bed. Staff were friendly without hovering, and the location made exploring downtown a breeze.",1,custom_youkichirou-s-deepseek,short,positive,unstructured,few_shot,short_positive_unstructured_few_shot,11,200,34,200,1,1,1.0,12,2026-09-01T12:11:32.074084+00:00
fake,knickerbocker,Hotel,"Loved how close the Knickerbocker is to everything, yet the rooms stay quiet and cozy. The rooftop bar's a nice bonus after a long day, and the staff actually remembered my coffee order each morning. Would happily book again.",1,custom_youkichirou-s-deepseek,short,positive,unstructured,few_shot,short_positive_unstructured_few_shot,12,225,39,200,1,2,1.0,12,2026-09-01T12:11:41.211551+00:00
fake,monaco,Hotel,"Stayed at Hotel Monaco for a weekend getaway and was genuinely impressed. The room was stylish and quiet, and the staff's little touches--like the evening wine hour--made it feel special. Great spot for exploring the city without the usual tourist chaos.",1,custom_youkichirou-s-deepseek,short,positive,unstructured,few_shot,short_positive_unstructured_few_shot,13,254,41,200,1,1,1.0,12,2026-09-01T12:11:44.198328+00:00
fake,omni,Hotel,"The Omni exceeded expectations--check-in was seamless, the room spotless with a gorgeous view, and every staff member genuinely warm. Breakfast had great options too. I'd happily book again on my next trip downtown.",1,custom_youkichirou-s-deepseek,short,positive,unstructured,few_shot,short_positive_unstructured_few_shot,14,215,33,200,1,1,1.0,12,2026-09-01T12:11:47.125255+00:00
fake,palmer,Hotel,"The Palmer turned out to be the perfect base for our weekend--the lobby is grand without feeling stuffy, and our room was spotless with a shockingly comfy bed.",1,custom_youkichirou-s-deepseek,short,positive,unstructured,few_shot,short_positive_unstructured_few_shot,15,159,28,200,1,2,1.0,12,2026-09-01T12:11:54.069885+00:00
fake,sheraton,Hotel,"Stayed here for a conference and the location was perfect--right by everything. Room was quiet, bed super comfy, and the front desk genuinely friendly. Breakfast was a bit pricey, but overall a smooth, hassle-free stay. Would gladly book again.",1,custom_youkichirou-s-deepseek,short,positive,unstructured,few_shot,short_positive_unstructured_few_shot,16,244,39,200,1,1,1.0,12,2026-09-01T12:11:57.020979+00:00
fake,sofitel,Hotel,"The Sofitel was a quiet escape in the middle of the city--the bed was heavenly and the blackout curtains worked wonders. Service felt genuine, not forced, and the bathroom's rainfall shower was a small luxury I didn't want to leave.",1,custom_youkichirou-s-deepseek,short,positive,unstructured,few_shot,short_positive_unstructured_few_shot,17,232,40,200,1,2,1.0,12,2026-09-01T12:12:03.720693+00:00
fake,swissotel,Hotel,"Stayed for a weekend getaway and was genuinely impressed. The room was spotless with a super comfy bed, and the location made exploring the city effortless. Staff were friendly and quick with recommendations. Wouldn't hesitate to book Swissotel again.",1,custom_youkichirou-s-deepseek,short,positive,unstructured,few_shot,short_positive_unstructured_few_shot,18,251,39,200,1,1,1.0,12,2026-09-01T12:12:07.041228+00:00
fake,talbott,Hotel,"The Hotel Talbott felt like a hidden gem--the staff remembered my name by day two, and that cozy library nook was perfect for morning coffee. Room was quiet, bed incredibly plush, and the location made exploring the city effortlessly easy. I'd happily return.",1,custom_youkichirou-s-deepseek,short,positive,unstructured,few_shot,short_positive_unstructured_few_shot,19,259,43,200,1,1,1.0,12,2026-09-01T12:12:09.893852+00:00
fake,affinia,Hotel,"Affinia was a pleasant surprise--the beds were incredibly comfy and the staff actually remembered my name by day two. Location near the parks made evening strolls easy, and the rooftop bar had killer views. Would gladly book again.",1,custom_youkichirou-s-deepseek,short,positive,unstructured,few_shot,short_positive_unstructured_few_shot,20,231,38,200,1,1,1.0,12,2026-09-01T12:12:13.959964+00:00
fake,allegro,Hotel,"Stayed at Hotel Allegro for a quick getaway and was genuinely impressed--the vibe is stylish without being stuffy, and the front desk folks were incredibly warm. The room was comfy and quiet, and the location made it easy to walk everywhere. Would absolutely book again.",1,custom_youkichirou-s-deepseek,short,positive,unstructured,few_shot,short_positive_unstructured_few_shot,21,270,45,200,1,1,1.0,12,2026-09-01T12:12:17.823810+00:00
fake,amalfi,Hotel,"Sitting on the terrace with our morning espresso, watching the sun climb over the water, I almost forgot we had to leave. The rooms are simple but spotless, and the staff treated us like old friends rather than tourists.",1,custom_youkichirou-s-deepseek,short,positive,unstructured,few_shot,short_positive_unstructured_few_shot,22,220,39,200,1,2,1.0,12,2026-09-01T12:12:25.474448+00:00
fake,ambassador,Hotel,"Honestly, the ambassador team made everything effortless--they remembered my coffee order by day two and had great local tips. The room was quiet, spotless, and the bed was incredibly comfortable. I left feeling genuinely rested, which rarely happens on work trips.",1,custom_youkichirou-s-deepseek,short,positive,unstructured,few_shot,short_positive_unstructured_few_shot,23,265,41,200,1,2,1.0,12,2026-09-01T12:12:32.046436+00:00
fake,conrad,Hotel,"Stayed at the Conrad for a weekend getaway and was genuinely impressed. The room was spotless with a gorgeous view, and the front desk went out of their way to make check-in effortless. The location is perfect for exploring, and I'd happily book again.",1,custom_youkichirou-s-deepseek,short,positive,unstructured,few_shot,short_positive_unstructured_few_shot,24,252,44,200,1,1,1.0,12,2026-09-01T12:12:34.815959+00:00
fake,fairmont,Hotel,"Fairmont's got that old-school grandeur done right--my room overlooked the lake and the bed was pure cloud. Staff remembered my name at breakfast, which felt classy without being stuffy. Wish I'd booked one more night.",1,custom_youkichirou-s-deepseek,short,positive,unstructured,few_shot,short_positive_unstructured_few_shot,25,218,35,200,1,1,1.0,12,2026-09-01T12:12:52.449143+00:00
fake,hardrock,Hotel,"The Hard Rock didn't just meet expectations--it shattered them. The room was surprisingly quiet despite the lively lobby, the bed was heavenly, and the staff remembered my name every single morning. Perfect spot for exploring downtown, and the pool scene was a vibe.",1,custom_youkichirou-s-deepseek,short,positive,unstructured,few_shot,short_positive_unstructured_few_shot,26,266,43,200,1,1,1.0,12,2026-09-01T12:13:03.145975+00:00
fake,hilton,Hotel,"The Hilton exceeded my expectations--room was spotless with a great view, and the front desk even remembered my coffee order by day two. Location made sightseeing a breeze, and I'd happily book here again for the price.",1,custom_youkichirou-s-deepseek,short,positive,unstructured,few_shot,short_positive_unstructured_few_shot,27,219,37,200,1,1,1.0,12,2026-09-01T12:13:05.601637+00:00
fake,homewood,Hotel,"The room was spotless and surprisingly quiet, and the full kitchen made our weekend feel effortless. Staff were friendly without hovering, and the morning breakfast had plenty of hot options. We'd happily book Homewood again for the comfort and value.",1,custom_youkichirou-s-deepseek,short,positive,unstructured,few_shot,short_positive_unstructured_few_shot,28,251,40,200,1,1,1.0,12,2026-09-01T12:13:08.116986+00:00
fake,hyatt,Hotel,"The Hyatt exceeded my expectations--the bed was impossibly comfortable and the staff remembered my name by day two. Breakfast had great variety, and the location made exploring effortless. I'd happily book again.",1,custom_youkichirou-s-deepseek,short,positive,unstructured,few_shot,short_positive_unstructured_few_shot,29,212,32,200,1,1,1.0,12,2026-09-01T12:13:10.823348+00:00
fake,intercontinental,Hotel,"Intercontinental gave us a seamless check-in and a room that was quiet, spotless, and surprisingly spacious for downtown. Staff remembered our names and offered great local tips--rare touch. We'll happily return for the location and genuine warmth.",1,custom_youkichirou-s-deepseek,short,positive,unstructured,few_shot,short_positive_unstructured_few_shot,30,248,37,200,1,1,1.0,12,2026-09-01T12:13:13.833136+00:00
fake,james,Hotel,"The James was a pleasant surprise--stylish, quiet, and genuinely comfortable. Location couldn't be better for exploring downtown, and the bed was so good I actually slept in past my alarm. Staff even remembered my coffee order at breakfast. Would happily book again.",1,custom_youkichirou-s-deepseek,short,positive,unstructured,few_shot,short_positive_unstructured_few_shot,31,266,42,200,1,1,1.0,12,2026-09-01T12:13:16.662661+00:00
fake,knickerbocker,Hotel,"Stayed at the Knickerbocker for a weekend escape and honestly couldn't have asked for smoother. The location is perfect for wandering, but the real win was the cozy room with a great view and the friendliest front desk crew I've met in ages. Would happily return.",1,custom_youkichirou-s-deepseek,short,positive,unstructured,few_shot,short_positive_unstructured_few_shot,32,263,46,200,1,1,1.0,12,2026-09-01T12:13:45.610789+00:00
fake,monaco,Hotel,"I loved the vibe at Hotel Monaco--quirky yet polished, with a killer corner room overlooking the park. Staff were genuinely friendly, not fake-cheerful, and the evening wine hour felt like a nice bonus after a long day.",1,custom_youkichirou-s-deepseek,short,positive,unstructured,few_shot,short_positive_unstructured_few_shot,33,219,37,200,1,1,1.0,12,2026-09-01T12:13:49.169110+00:00
fake,omni,Hotel,"The Omni was a pleasant surprise--check-in was quick, the room was spotless with a comfy bed, and the location made exploring easy. Staff were friendly without hovering. I'd gladly book here again for a hassle-free stay.",1,custom_youkichirou-s-deepseek,short,positive,unstructured,few_shot,short_positive_unstructured_few_shot,34,220,36,200,1,1,1.0,12,2026-09-01T12:13:54.939579+00:00
fake,palmer,Hotel,"Stayed at Hotel Palmer last weekend and was genuinely impressed--the room was spotless, the bed super comfortable, and the front desk even remembered my name at breakfast. Great value for the area, and I'd happily book again.",1,custom_youkichirou-s-deepseek,short,positive,unstructured,few_shot,short_positive_unstructured_few_shot,35,225,37,200,1,1,1.0,12,2026-09-01T12:13:57.853588+00:00
fake,sheraton,Hotel,"Stayed at the Sheraton for a conference and was pleasantly surprised by how comfortable everything felt. The staff were genuinely friendly, the bed was amazing, and the lobby bar had great cocktails after a long day. Solid choice overall.",1,custom_youkichirou-s-deepseek,short,positive,unstructured,few_shot,short_positive_unstructured_few_shot,36,238,39,200,1,1,1.0,12,2026-09-01T12:14:01.370121+00:00
fake,sofitel,Hotel,"French elegance meets genuine warmth at Sofitel--the lobby's floral scent and hushed luxury set the tone, and my room's view of the city at dusk was unforgettable. Staff remembered my name, the bed was cloud-soft, and breakfast croissants rivaled Paris.",1,custom_youkichirou-s-deepseek,short,positive,unstructured,few_shot,short_positive_unstructured_few_shot,37,253,40,200,1,2,1.0,12,2026-09-01T12:14:08.639688+00:00
fake,swissotel,Hotel,"Swissotel exceeded expectations--the corner room had stunning lake views and a ridiculously comfy bed. Breakfast was fresh and varied, and the staff remembered my name by day two. Location near the waterfront made evening strolls a breeze. Would happily return.",1,custom_youkichirou-s-deepseek,short,positive,unstructured,few_shot,short_positive_unstructured_few_shot,38,261,40,200,1,1,1.0,12,2026-09-01T12:14:11.979226+00:00
fake,talbott,Hotel,"The Talbott was a quiet refuge--staff remembered my name by day two, and the cozy library lounge felt like a secret gem. Rooms are snug but polished, and the location is unbeatable for strolling to the lake or River North. Thoroughly enjoyed it.",1,custom_youkichirou-s-deepseek,short,positive,unstructured,few_shot,short_positive_unstructured_few_shot,39,245,43,200,1,2,1.0,12,2026-09-01T12:14:19.118893+00:00
fake,affinia,Hotel,"Affinia was a pleasant surprise--great location for exploring the city, and the staff genuinely cared about making sure we had everything we needed. Room was comfy and quiet, and the little kitchenette came in handy for quick breakfasts before heading out each day.",1,custom_youkichirou-s-deepseek,short,positive,unstructured,few_shot,short_positive_unstructured_few_shot,40,265,43,200,1,1,1.0,12,2026-09-01T12:14:21.819317+00:00
fake,allegro,Hotel,"The Hotel Allegro was a pleasant surprise--quirky yet elegant, with a lively lobby and genuinely comfortable beds. Staff went out of their way to make theater recommendations, and the location made everything walkable. I'd happily book here again for a fun city escape.",1,custom_youkichirou-s-deepseek,short,positive,unstructured,few_shot,short_positive_unstructured_few_shot,41,269,43,200,1,1,1.0,12,2026-09-01T12:14:24.717936+00:00
fake,amalfi,Hotel,"The view from our room at Hotel Amalfi was the highlight--waking up to that coastline each morning felt surreal. Staff went out of their way to book us a last-minute boat tour, and the lemon grove breakfast was unforgettable. Wouldn't change a thing.",1,custom_youkichirou-s-deepseek,short,positive,unstructured,few_shot,short_positive_unstructured_few_shot,42,250,43,200,1,1,1.0,12,2026-09-01T12:14:27.206127+00:00
fake,ambassador,Hotel,"The staff at the Ambassador went above and beyond, remembering my coffee order by the second morning. Room was spotless with a gorgeous view, and the location made exploring effortless. Honestly, it felt like a home away from home--I'm already planning my return trip.",1,custom_youkichirou-s-deepseek,short,positive,unstructured,few_shot,short_positive_unstructured_few_shot,43,268,44,200,1,1,1.0,12,2026-09-01T12:14:29.939963+00:00
fake,conrad,Hotel,"The Conrad's location is unbeatable for exploring, but what really stuck with me was how quiet and comfortable the room felt after long days out. Staff were genuinely warm, and the little touches--like the evening turndown--made it feel special.",1,custom_youkichirou-s-deepseek,short,positive,unstructured,few_shot,short_positive_unstructured_few_shot,44,245,39,200,1,1,1.0,12,2026-09-01T12:14:32.701008+00:00
fake,fairmont,Hotel,"The Fairmont was exactly what we needed after a long trip--room was spotless and quiet, and the staff remembered our name at breakfast. The lobby felt grand without being stuffy, and the location made everything walkable. Would happily book again.",1,custom_youkichirou-s-deepseek,short,positive,unstructured,few_shot,short_positive_unstructured_few_shot,45,247,40,200,1,1,1.0,12,2026-09-01T12:14:35.418723+00:00
fake,hardrock,Hotel,"Rocked up expecting loud chaos, got pure comfort instead--huge bed, killer soundproofing, and staff who genuinely vibed with me. The pool scene was buzzing but never obnoxious. Already plotting my next stay; the Hard Rock just gets it.",1,custom_youkichirou-s-deepseek,short,positive,unstructured,few_shot,short_positive_unstructured_few_shot,46,235,38,200,1,1,1.0,12,2026-09-01T12:14:38.333780+00:00
fake,hilton,Hotel,"Stayed here for a conference and was genuinely impressed. The room was spotless and quiet, the bed super comfy, and the breakfast spread had everything. Staff actually remembered my name at checkout--nice touch that made the whole stay feel personal.",1,custom_youkichirou-s-deepseek,short,positive,unstructured,few_shot,short_positive_unstructured_few_shot,47,250,40,200,1,1,1.0,12,2026-09-01T12:15:02.250132+00:00
fake,homewood,Hotel,"The Homewood was a solid pick--clean suite, comfy bed, and the free breakfast actually had decent options. Staff were friendly and quick at check-in, and the location made it easy to grab dinner nearby. Would happily return.",1,custom_youkichirou-s-deepseek,short,positive,unstructured,few_shot,short_positive_unstructured_few_shot,48,224,37,200,1,2,1.0,12,2026-09-01T12:15:08.046367+00:00
fake,hyatt,Hotel,"The Hyatt exceeded expectations--the lake view from my room was stunning, and the lobby coffee bar became my morning ritual. Staff remembered my name by day two, which felt genuinely thoughtful. A smooth, hassle-free stay from check-in to checkout.",1,custom_youkichirou-s-deepseek,short,positive,unstructured,few_shot,short_positive_unstructured_few_shot,49,248,39,200,1,2,1.0,12,2026-09-01T12:15:13.605253+00:00
fake,intercontinental,Hotel,"Loved the sweeping views from the executive lounge and the staff made our anniversary feel special. Comfy beds, impeccable service, and a solid breakfast spread. A bit pricey at the bar, but for a splurge, it was totally worth it.",1,custom_youkichirou-s-deepseek,short,positive,unstructured,zero_shot,short_positive_unstructured_zero_shot,0,230,40,200,1,1,1.0,12,2026-09-01T12:15:16.236459+00:00
fake,james,Hotel,"Great location right in the thick of it all, and the rooftop bar was a perfect spot for sunset cocktails. Rooms were quiet and comfy, though the gym could use a few more dumbbells. Would definitely book again.",1,custom_youkichirou-s-deepseek,short,positive,unstructured,zero_shot,short_positive_unstructured_zero_shot,1,209,38,200,1,1,1.0,12,2026-09-01T12:15:19.057385+00:00
fake,knickerbocker,Hotel,"Stayed here for a weekend getaway and was pleasantly surprised by the spacious room and comfy bed. The rooftop bar has killer views, and the staff were genuinely friendly. Would definitely book again.",1,custom_youkichirou-s-deepseek,short,positive,unstructured,zero_shot,short_positive_unstructured_zero_shot,2,200,33,200,1,1,1.0,12,2026-09-01T12:15:36.899290+00:00
fake,monaco,Hotel,Great stay at Hotel Monaco! The staff were super friendly and the room was perfectly clean. Loved the location--easy walk to everything--and the bed was incredibly comfy. Would definitely book again!,1,custom_youkichirou-s-deepseek,short,positive,unstructured,zero_shot,short_positive_unstructured_zero_shot,3,199,31,200,1,1,1.0,12,2026-09-01T12:15:40.266877+00:00
fake,omni,Hotel,"The Omni was a great base for our city break. The room was spotless and the bed incredibly comfy after long days exploring. Staff were friendly and quick with recommendations, and the location made everything walkable.",1,custom_youkichirou-s-deepseek,short,positive,unstructured,zero_shot,short_positive_unstructured_zero_shot,4,218,36,200,1,1,1.0,12,2026-09-01T12:15:44.347977+00:00
fake,palmer,Hotel,"Great stay at Hotel Palmer! The staff were incredibly welcoming and the room was spotless with a lovely view. Breakfast had plenty of options, and the location made exploring easy. Would happily return.",1,custom_youkichirou-s-deepseek,short,positive,unstructured,zero_shot,short_positive_unstructured_zero_shot,5,202,33,200,1,1,1.0,12,2026-09-01T12:15:46.877861+00:00
fake,sheraton,Hotel,"The service was impeccable from check-in to checkout, and the room was spotless with an incredibly comfortable bed. The lobby bar's old-fashioned was a perfect nightcap after a long day.",1,custom_youkichirou-s-deepseek,short,positive,unstructured,zero_shot,short_positive_unstructured_zero_shot,6,186,30,200,1,1,1.0,12,2026-09-01T12:15:49.739467+00:00
fake,sofitel,Hotel,"The Sofitel was a dream--staff anticipated every need, the bed was pure cloud, and that view of the city from the pool bar made happy hour unforgettable. Check-in was swift, evening turn-down flawless. A perfect, restorative escape.",1,custom_youkichirou-s-deepseek,short,positive,unstructured,zero_shot,short_positive_unstructured_zero_shot,7,232,37,200,1,1,1.0,12,2026-09-01T12:15:53.134061+00:00
fake,swissotel,Hotel,"Stunning views from the upper floors and a super comfy bed made my stay memorable. The breakfast spread was fresh and varied, and the staff genuinely cared about our comfort. A solid pick for a hassle-free, relaxing city break.",1,custom_youkichirou-s-deepseek,short,positive,unstructured,zero_shot,short_positive_unstructured_zero_shot,8,227,39,200,1,1,1.0,12,2026-09-01T12:15:56.198134+00:00
fake,talbott,Hotel,We loved our stay at the Talbott--the staff remembered our names and the room was spotless. That chic lobby bar with the late-night jazz was the perfect wind-down after exploring. Can't wait to return!,1,custom_youkichirou-s-deepseek,short,positive,unstructured,zero_shot,short_positive_unstructured_zero_shot,9,201,34,200,1,1,1.0,12,2026-09-01T12:15:59.443411+00:00
fake,affinia,Hotel,"Affinia was a fantastic surprise--the staff genuinely cared, the blackout curtains made for perfect sleep, and the location couldn't be beaten. My only wish is that I booked a longer stay. Will definitely return next trip.",1,custom_youkichirou-s-deepseek,short,positive,unstructured,zero_shot,short_positive_unstructured_zero_shot,10,222,36,200,1,1,1.0,12,2026-09-01T12:16:03.687039+00:00
fake,allegro,Hotel,"Loved the unique design and the rooftop bar views! Staff were incredibly warm and helpful. Our room was super clean and quiet, a real retreat after exploring. Would definitely stay here again.",1,custom_youkichirou-s-deepseek,short,positive,unstructured,zero_shot,short_positive_unstructured_zero_shot,11,192,32,200,1,1,1.0,12,2026-09-01T12:16:07.325925+00:00
fake,amalfi,Hotel,"The room's balcony view of the sea was spectacular, and the staff went out of their way to make our anniversary special. Breakfast was fresh and plentiful. Just wish we could have stayed longer.",1,custom_youkichirou-s-deepseek,short,positive,unstructured,zero_shot,short_positive_unstructured_zero_shot,12,194,34,200,1,1,1.0,12,2026-09-01T12:16:09.715182+00:00
fake,ambassador,Hotel,"Absolutely lovely stay. The ambassador personally remembered our anniversary and arranged champagne with a handwritten note. Every request was handled lightning fast, and the room's bay view was spectacular. We left feeling truly pampered.",1,custom_youkichirou-s-deepseek,short,positive,unstructured,zero_shot,short_positive_unstructured_zero_shot,13,239,34,200,1,1,1.0,12,2026-09-01T12:19:28.269360+00:00
fake,conrad,Hotel,"From the moment we arrived, the service was impeccable, and our room offered stunning views of the city. The breakfast spread was fantastic, and the pool area was a perfect retreat after a day of exploring.",1,custom_youkichirou-s-deepseek,short,positive,unstructured,zero_shot,short_positive_unstructured_zero_shot,14,206,36,200,1,2,1.0,12,2026-09-01T12:19:34.125559+00:00
fake,fairmont,Hotel,"Stunning property with impeccable service. The room was luxurious and quiet, and the staff anticipated our every need. The breakfast buffet was outstanding, a perfect start to exploring the city. We can't wait to return.",1,custom_youkichirou-s-deepseek,short,positive,unstructured,zero_shot,short_positive_unstructured_zero_shot,15,220,35,200,1,1,1.0,12,2026-09-01T12:19:37.791666+00:00
fake,hardrock,Hotel,"The staff remembered our name every morning at breakfast, which made the whole stay feel personal. The room was spotless and the beds were incredibly comfy, plus the location is perfect for hitting the Strip. We'll definitely be back.",1,custom_youkichirou-s-deepseek,short,positive,unstructured,zero_shot,short_positive_unstructured_zero_shot,16,234,39,200,1,1,1.0,12,2026-09-01T12:19:40.547622+00:00
fake,hilton,Hotel,"The staff were fantastic from check-in to checkout, and the breakfast buffet had everything we craved. Our room was spotless with a killer view. The pool was a bonus. We left feeling completely refreshed.",1,custom_youkichirou-s-deepseek,short,positive,unstructured,zero_shot,short_positive_unstructured_zero_shot,17,204,34,200,1,1,1.0,12,2026-09-01T12:19:43.105758+00:00
fake,homewood,Hotel,"Great stay overall. Rooms were clean and quiet, and the staff went above and beyond when we needed a late checkout. The breakfast had plenty of options. Would definitely return.",1,custom_youkichirou-s-deepseek,short,positive,unstructured,zero_shot,short_positive_unstructured_zero_shot,18,177,30,200,1,1,1.0,12,2026-09-01T12:19:45.338975+00:00
fake,hyatt,Hotel,"The breakfast spread was incredible, and the staff remembered my coffee order by day two. Room was spotless with a gorgeous city view. Would happily book again.",1,custom_youkichirou-s-deepseek,short,positive,unstructured,zero_shot,short_positive_unstructured_zero_shot,19,160,27,200,1,1,1.0,12,2026-09-01T12:19:48.170067+00:00
fake,intercontinental,Hotel,"Stayed here for a conference and was genuinely impressed. The bed was ridiculously comfortable, and the staff remembered my name each morning. Great location too--easy walk to the waterfront. Would happily book again.",1,custom_youkichirou-s-deepseek,short,positive,unstructured,zero_shot,short_positive_unstructured_zero_shot,20,217,33,200,1,1,1.0,12,2026-09-01T12:19:50.716837+00:00
fake,james,Hotel,"The James was exactly what we needed - stylish and quiet, with a bed so comfy I actually slept past my alarm. The rooftop bar had fantastic views, and the staff made check-in feel effortless. Would happily return.",1,custom_youkichirou-s-deepseek,short,positive,unstructured,zero_shot,short_positive_unstructured_zero_shot,21,213,38,200,1,1,1.0,12,2026-09-01T12:19:53.420986+00:00
fake,knickerbocker,Hotel,"The rooftop bar was the perfect end to our anniversary night, and the staff genuinely cared about us, not just our reservation. Our room was quiet and classically stylish, with a view that made the city feel magical. We're already planning our return trip.",1,custom_youkichirou-s-deepseek,short,positive,unstructured,zero_shot,short_positive_unstructured_zero_shot,22,256,44,200,1,1,1.0,12,2026-09-01T12:19:57.520249+00:00
fake,monaco,Hotel,"Absolutely loved my stay at Hotel Monaco! The rooftop pool was a dream, and the staff went above and beyond when I asked for late checkout. Comfy beds, great cocktails, and a perfect location for exploring.",1,custom_youkichirou-s-deepseek,short,positive,unstructured,zero_shot,short_positive_unstructured_zero_shot,23,206,36,200,1,1,1.0,12,2026-09-01T12:20:00.634358+00:00
fake,omni,Hotel,"The Omni exceeded expectations. The bed was ridiculously comfortable, and the staff remembered our names at breakfast. Great downtown location, too. We'll definitely book again for our next city escape.",1,custom_youkichirou-s-deepseek,short,positive,unstructured,zero_shot,short_positive_unstructured_zero_shot,24,202,30,200,1,1,1.0,12,2026-09-01T12:20:03.972106+00:00
fake,palmer,Hotel,"The Palmer completely exceeded expectations for a city stay. Our room was spotless, the bed was incredibly comfortable, and the staff went out of their way to make us feel welcome. I'd happily book here again.",1,custom_youkichirou-s-deepseek,short,positive,unstructured,zero_shot,short_positive_unstructured_zero_shot,25,209,36,200,1,1,1.0,12,2026-09-01T12:20:06.691448+00:00
fake,sheraton,Hotel,"Room was spotless and the view over the bay was unreal--watching the sunset from the bed never got old. Staff remembered my coffee order by day two, which made the whole stay feel personal. Would definitely book again.",1,custom_youkichirou-s-deepseek,short,positive,unstructured,zero_shot,short_positive_unstructured_zero_shot,26,218,38,200,1,1,1.0,12,2026-09-01T12:20:09.396168+00:00
fake,sofitel,Hotel,"The Sofitel was a seamless blend of French elegance and modern comfort. My room was quiet, the bed heavenly, and the staff anticipated every need--from the perfect welcome drink to the smart turndown service. A truly refined, restful stay.",1,custom_youkichirou-s-deepseek,short,positive,unstructured,zero_shot,short_positive_unstructured_zero_shot,27,239,39,200,1,1,1.0,12,2026-09-01T12:20:17.570106+00:00
fake,swissotel,Hotel,"Stunning views from the upper floors and the bed was incredibly comfortable. The breakfast buffet had plenty of options, and the location near the waterfront made evening strolls perfect.",1,custom_youkichirou-s-deepseek,short,positive,unstructured,zero_shot,short_positive_unstructured_zero_shot,28,187,29,200,1,1,1.0,12,2026-09-01T12:20:20.536952+00:00
fake,talbott,Hotel,"Stayed at the Talbott for a quick business trip and was genuinely impressed--the location is unbeatable, steps from the river. My room was spotless, quiet, and the bed was superb. Staff even remembered my coffee order by day two. Would happily return.",1,custom_youkichirou-s-deepseek,short,positive,unstructured,zero_shot,short_positive_unstructured_zero_shot,29,251,42,200,1,1,1.0,12,2026-09-01T12:20:23.490514+00:00
fake,affinia,Hotel,"Great stay at Affinia! The beds were ridiculously comfortable, and the staff genuinely cared--even remembered my coffee order by day two. Location made exploring easy. Would definitely book again.",1,custom_youkichirou-s-deepseek,short,positive,unstructured,zero_shot,short_positive_unstructured_zero_shot,30,196,29,200,1,1,1.0,12,2026-09-01T12:20:26.427623+00:00
fake,allegro,Hotel,"The staff made us feel genuinely welcome from the moment we arrived, and the rooftop pool was the perfect escape after a day exploring. Our room was spotless and quiet, making it incredibly easy to relax. I'd happily return.",1,custom_youkichirou-s-deepseek,short,positive,unstructured,zero_shot,short_positive_unstructured_zero_shot,31,224,39,200,1,1,1.0,12,2026-09-01T12:20:29.496357+00:00
fake,amalfi,Hotel,"The service at Hotel Amalfi truly exceeded expectations--impeccably warm staff and a spotless room with an incredible sea view. Breakfast was fresh and abundant each morning, making our coastal getaway feel effortless and memorable.",1,custom_youkichirou-s-deepseek,short,positive,unstructured,zero_shot,short_positive_unstructured_zero_shot,32,232,34,200,1,1,1.0,12,2026-09-01T12:20:32.492103+00:00
fake,ambassador,Hotel,"My stay was beyond comfortable, and the staff genuinely went out of their way to make me feel at home. The breakfast spread was fantastic, and the bed was perfect for a deep sleep. I'm already planning my next visit!",1,custom_youkichirou-s-deepseek,short,positive,unstructured,zero_shot,short_positive_unstructured_zero_shot,33,216,40,200,1,1,1.0,12,2026-09-01T12:20:37.304867+00:00
fake,conrad,Hotel,"The spa was divine and the staff never missed a beat, even at midnight. Breakfast had the best views I've seen in ages. Slept like a rock; already plotting my return.",1,custom_youkichirou-s-deepseek,short,positive,unstructured,zero_shot,short_positive_unstructured_zero_shot,34,166,31,200,1,1,1.0,12,2026-09-01T12:20:39.810845+00:00
fake,fairmont,Hotel,"The Fairmont exceeded expectations. From the stunning lobby to the impeccably clean room with a killer view, every detail felt thoughtful. Staff were genuinely warm, and the service was flawless.",1,custom_youkichirou-s-deepseek,short,positive,unstructured,zero_shot,short_positive_unstructured_zero_shot,35,195,30,200,1,1,1.0,12,2026-09-01T12:20:42.886882+00:00
fake,hardrock,Hotel,"The Hard Rock delivered on every level. Staff were incredibly friendly, the room was spotless and quiet, and that pool area is a total vibe. Would happily book again for a city escape.",1,custom_youkichirou-s-deepseek,short,positive,unstructured,zero_shot,short_positive_unstructured_zero_shot,36,184,33,200,1,1,1.0,12,2026-09-01T12:20:45.879543+00:00
fake,hilton,Hotel,"The room was spotless and the bed incredibly comfortable--slept like a log after using the fantastic gym. Staff at the front desk were genuinely helpful, and the breakfast spread had everything I craved. Would happily return.",1,custom_youkichirou-s-deepseek,short,positive,unstructured,zero_shot,short_positive_unstructured_zero_shot,37,225,36,200,1,1,1.0,12,2026-09-01T12:20:48.726273+00:00
fake,homewood,Hotel,"Stayed for a conference and was genuinely impressed. The suite was spotless, bed super comfy, and the evening reception with hot food was a nice surprise. Staff went out of their way to help with directions. Would absolutely book again.",1,custom_youkichirou-s-deepseek,short,positive,unstructured,zero_shot,short_positive_unstructured_zero_shot,38,236,40,200,1,1,1.0,12,2026-09-01T12:20:51.338899+00:00
fake,hyatt,Hotel,"The Hyatt exceeded expectations. The bed was perfect, the staff remembered our name each morning, and the rooftop pool at sunset was serene. We left feeling genuinely refreshed. Already planning our return trip.",1,custom_youkichirou-s-deepseek,short,positive,unstructured,zero_shot,short_positive_unstructured_zero_shot,39,211,33,200,1,1,1.0,12,2026-09-01T12:20:54.164339+00:00
fake,intercontinental,Hotel,"The staff genuinely made our anniversary unforgettable, upgrading our room and charming us with a thoughtful dessert. The bed was pure cloud, and that harbor-view breakfast beat any tourist spot. We didn't want to leave.",1,custom_youkichirou-s-deepseek,short,positive,unstructured,zero_shot,short_positive_unstructured_zero_shot,40,220,35,200,1,1,1.0,12,2026-09-01T12:20:56.949785+00:00
fake,james,Hotel,"Absolutely loved my stay at Hotel James! The staff went above and beyond, and the room was spotless with a killer view. Breakfast had tons of options, too. I'm already planning my next visit.",1,custom_youkichirou-s-deepseek,short,positive,unstructured,zero_shot,short_positive_unstructured_zero_shot,41,191,34,200,1,1,1.0,12,2026-09-01T12:20:59.902455+00:00
fake,knickerbocker,Hotel,"Great stay at Hotel Knickerbocker! The rooftop bar with those city views was a real highlight, and the room was surprisingly quiet for being so central. Staff were friendly and quick with recommendations. Would happily book again.",1,custom_youkichirou-s-deepseek,short,positive,unstructured,zero_shot,short_positive_unstructured_zero_shot,42,230,37,200,1,1,1.0,12,2026-09-01T12:21:02.719495+00:00
fake,monaco,Hotel,"Stayed for a weekend escape and was blown away. The room was stylish, quiet, and spotless, while the staff's friendly, genuine service made us feel truly pampered. Highly recommend.",1,custom_youkichirou-s-deepseek,short,positive,unstructured,zero_shot,short_positive_unstructured_zero_shot,43,181,29,200,1,1,1.0,12,2026-09-01T12:21:06.462802+00:00
fake,omni,Hotel,"Stayed for a weekend getaway and the Omni exceeded expectations. The pool area was relaxing, and the staff remembered our names each morning. Room was spotless, bed super comfy. We'll definitely be back.",1,custom_youkichirou-s-deepseek,short,positive,unstructured,zero_shot,short_positive_unstructured_zero_shot,44,203,33,200,1,1,1.0,12,2026-09-01T12:21:09.939078+00:00
fake,palmer,Hotel,"The Palmer exceeded expectations -- the rooftop pool at sunset was pure magic, and the staff remembered my coffee order by day two. Comfy bed, spotless room, brilliant location. Would happily return.",1,custom_youkichirou-s-deepseek,short,positive,unstructured,zero_shot,short_positive_unstructured_zero_shot,45,199,32,200,1,1,1.0,12,2026-09-01T12:21:12.901945+00:00
fake,sheraton,Hotel,Great stay at the Sheraton--the bed was incredibly comfy and the pool area was spotless. Staff went out of their way to help with directions. Would definitely book again.,1,custom_youkichirou-s-deepseek,short,positive,unstructured,zero_shot,short_positive_unstructured_zero_shot,46,170,29,200,1,1,1.0,12,2026-09-01T12:21:17.319271+00:00
fake,sofitel,Hotel,Absolutely gorgeous property with impeccable service from check-in to checkout. The room was spotless and the bed heavenly. We loved the luxurious pool area and the staff's thoughtful touches made our anniversary truly special.,1,custom_youkichirou-s-deepseek,short,positive,unstructured,zero_shot,short_positive_unstructured_zero_shot,47,227,34,200,1,1,1.0,12,2026-09-01T12:21:19.797187+00:00
fake,swissotel,Hotel,"Fantastic stay! The bed was incredibly comfortable, and the staff went above and beyond. Breakfast buffet had so many options, and the location made exploring the city a breeze. Felt genuinely refreshed.",1,custom_youkichirou-s-deepseek,short,positive,unstructured,zero_shot,short_positive_unstructured_zero_shot,48,203,32,200,1,1,1.0,12,2026-09-01T12:21:22.395626+00:00
fake,talbott,Hotel,"Charming boutique hotel with impeccable service--the staff remembered our names and the rooftop bar had stunning city views. Room was quiet, cozy, and spotless. Breakfast was fresh and delicious. Would absolutely return.",1,custom_youkichirou-s-deepseek,short,positive,unstructured,zero_shot,short_positive_unstructured_zero_shot,49,220,32,200,1,1,1.0,12,2026-09-01T12:21:25.056774+00:00
fake,affinia,Hotel,"The Wi-Fi dropped every few minutes, making work impossible, and the bathroom had a persistent mildew smell. Breakfast was overpriced instant eggs, though I'll grant the location near the subway was the only saving grace.",1,custom_youkichirou-s-deepseek,short,negative,structured,few_shot,short_negative_structured_few_shot,0,221,35,200,1,1,1.0,12,2026-09-01T12:21:28.079757+00:00
fake,allegro,Hotel,"The bathroom had a persistent damp smell and a hair on the towel, and the room itself felt dusty under the bed. For $300 a night, I expected way more--my window faced a brick wall, making the whole stay feel claustrophobic and not worth it.",1,custom_youkichirou-s-deepseek,short,negative,structured,few_shot,short_negative_structured_few_shot,1,240,45,200,1,1,1.0,12,2026-09-01T12:21:31.167396+00:00
fake,amalfi,Hotel,"The staff seemed bothered by every request, and the lobby's peeling wallpaper made the whole place feel stuck in the 80s. Our bathroom had a grimy shower curtain, and honestly, our two-night booking felt about a day too long.",1,custom_youkichirou-s-deepseek,short,negative,structured,few_shot,short_negative_structured_few_shot,2,225,39,200,1,1,1.0,12,2026-09-01T12:21:34.405401+00:00
fake,ambassador,Hotel,"The front desk staff seemed irked by every request, and the lobby's worn carpets screamed 1980s. Breakfast featured soggy pastries and lukewarm coffee, while our bathroom had a cracked tile and a showerhead that sprayed sideways. Disappointing.",1,custom_youkichirou-s-deepseek,short,negative,structured,few_shot,short_negative_structured_few_shot,3,244,37,200,1,1,1.0,12,2026-09-01T12:21:37.367116+00:00
fake,conrad,Hotel,"The bathroom's constant drain gurgle grated through paper-thin walls, and the hallway noise never let up. Location is handy, but that's it--the cramped room made the night feel far too long in the worst way.",1,custom_youkichirou-s-deepseek,short,negative,structured,few_shot,short_negative_structured_few_shot,4,207,35,200,1,1,1.0,12,2026-09-01T12:21:40.830786+00:00
fake,fairmont,Hotel,"The breakfast was a chaotic, lukewarm buffet with stale pastries, and our room faced a brick wall instead of any skyline. Bathroom tiles were grimy, and hallway noise from neighboring doors kept me up until midnight.",1,custom_youkichirou-s-deepseek,short,negative,structured,few_shot,short_negative_structured_few_shot,5,216,36,200,1,1,1.0,12,2026-09-01T12:21:43.828761+00:00
fake,hardrock,Hotel,"Checked in late and found crumbs on the carpet and a sticky bedside table; the bathroom had a lingering musty smell. Between thin walls and slamming doors, I barely slept, which made the three nights feel far too long.",1,custom_youkichirou-s-deepseek,short,negative,structured,few_shot,short_negative_structured_few_shot,6,218,39,200,1,1,1.0,12,2026-09-01T12:21:46.385764+00:00
fake,hilton,Hotel,"Our three-night booking felt like a week, mainly because the cramped bathroom flooded every shower. The view of a concrete wall matched the stale, lukewarm breakfast buffet, making each morning a chore.",1,custom_youkichirou-s-deepseek,short,negative,structured,few_shot,short_negative_structured_few_shot,7,202,32,200,1,1,1.0,12,2026-09-01T12:21:49.913310+00:00
fake,homewood,Hotel,"Despite its unbeatable location, my stay felt far too brief and overpriced for what was offered; the staff seemed indifferent and overwhelmed, making an already disappointing experience feel longer than it was.",1,custom_youkichirou-s-deepseek,short,negative,structured,few_shot,short_negative_structured_few_shot,8,210,32,200,1,1,1.0,12,2026-09-01T12:21:52.506798+00:00
fake,hyatt,Hotel,"Thin walls meant I heard every hallway conversation until 2 a.m., and my 'city view' was mostly a brick wall. At this price, the broken WiFi and lackluster breakfast felt like a total ripoff.",1,custom_youkichirou-s-deepseek,short,negative,structured,few_shot,short_negative_structured_few_shot,9,191,34,200,1,1,1.0,12,2026-09-01T12:21:55.001167+00:00
fake,intercontinental,Hotel,"The room wasn't dirty, but the decor felt stuck in the 90s, and the view was just a gray rooftop. The bathroom had a cracked tile and weak water pressure, which sealed the disappointment.",1,custom_youkichirou-s-deepseek,short,negative,structured,few_shot,short_negative_structured_few_shot,10,187,34,200,1,1,1.0,12,2026-09-01T12:21:57.963108+00:00
fake,james,Hotel,"The bathroom had a persistent odd smell and the shower pressure was pathetic. I slept terribly on a lumpy mattress, and the staff seemed indifferent at checkout. Honestly, it felt like a waste of money for what we got.",1,custom_youkichirou-s-deepseek,short,negative,structured,few_shot,short_negative_structured_few_shot,11,218,39,200,1,1,1.0,12,2026-09-01T12:22:00.635405+00:00
fake,knickerbocker,Hotel,"The Knickerbocker's tired, dated decor made the price hard to justify, though you can't beat the Mag Mile proximity. My room had dusty corners and a stained carpet, and the cold, rubbery breakfast was a forgettable afterthought.",1,custom_youkichirou-s-deepseek,short,negative,structured,few_shot,short_negative_structured_few_shot,12,228,37,200,1,2,1.0,12,2026-09-01T12:22:23.776871+00:00
fake,monaco,Hotel,"Paid over $400 a night and barely slept--the walls are paper-thin, and I could hear every hallway conversation until 2 AM. Staff were polite but dismissive when I asked to move, and for that price, this place simply wasn't worth it.",1,custom_youkichirou-s-deepseek,short,negative,structured,few_shot,short_negative_structured_few_shot,13,232,41,200,1,1,1.0,12,2026-09-01T12:22:36.590844+00:00
fake,omni,Hotel,"The rooftop view of the skyline was the only saving grace, but the worn carpet and dusty corners made the room feel far from clean. For the price we paid, the painfully slow wifi and dated furnishings left us regretting the booking entirely.",1,custom_youkichirou-s-deepseek,short,negative,structured,few_shot,short_negative_structured_few_shot,14,241,43,200,1,1,1.0,12,2026-09-01T12:22:40.091978+00:00
fake,palmer,Hotel,"The room's cleanliness was questionable--stains on the carpet and a dusty bathroom--while the promised city view was mostly a brick wall. Wi-Fi dropped constantly, and street noise seeped in all night, making sleep nearly impossible. Definitely not worth the price.",1,custom_youkichirou-s-deepseek,short,negative,structured,few_shot,short_negative_structured_few_shot,15,265,40,200,1,1,1.0,12,2026-09-01T12:22:45.348863+00:00
fake,sheraton,Hotel,"Checked in expecting a premium stay, but the cracked ceiling and dingy carpet made the price feel absurd. Wi-Fi dropped every few minutes, and the 'city view' was mostly a brick wall. Two nights here felt like five.",1,custom_youkichirou-s-deepseek,short,negative,structured,few_shot,short_negative_structured_few_shot,16,215,38,200,1,1,1.0,12,2026-09-01T12:22:48.189802+00:00
fake,sofitel,Hotel,"Despite the unbeatable location, our stay felt frustratingly rushed by checkout while the room showed dust and a stained carpet. Staff were polite but noticeably indifferent, making the whole experience feel overpriced and disappointingly stale.",1,custom_youkichirou-s-deepseek,short,negative,structured,few_shot,short_negative_structured_few_shot,17,245,35,200,1,1,1.0,12,2026-09-01T12:22:51.802233+00:00
fake,swissotel,Hotel,"Stunning lake view from the 28th floor, but that's where the wow ended. The bed sagged, I woke up stiff, and crumbs under the desk made it feel neglected. At $400 a night, this was a letdown I won't repeat.",1,custom_youkichirou-s-deepseek,short,negative,structured,few_shot,short_negative_structured_few_shot,18,206,40,200,1,1,1.0,12,2026-09-01T12:22:57.762115+00:00
fake,talbott,Hotel,"The buffet was sparse and the scrambled eggs turned cold fast, so paying top dollar felt like a mistake. WiFi dropped constantly in the room, and while the bed was made, dusty corners and a stained carpet made the whole stay feel neglected.",1,custom_youkichirou-s-deepseek,short,negative,structured,few_shot,short_negative_structured_few_shot,19,240,43,200,1,1,1.0,12,2026-09-01T12:23:04.368448+00:00
fake,affinia,Hotel,"The room's dated furnishings and dusty corners made the hefty price tag feel like a bad joke. Location was central, sure, but the worn carpet and peeling wallpaper overshadowed any convenience--definitely not worth the splurge.",1,custom_youkichirou-s-deepseek,short,negative,structured,few_shot,short_negative_structured_few_shot,20,227,35,200,1,1,1.0,12,2026-09-01T12:26:37.171645+00:00
fake,allegro,Hotel,"The view of the parking garage and neighboring rooftops was a far cry from the advertised skyline, and the flimsy walls made the two-night stay feel like a week. At this price, I expected working Wi-Fi and comfort, not constant disconnections and a stained carpet.",1,custom_youkichirou-s-deepseek,short,negative,structured,few_shot,short_negative_structured_few_shot,21,264,45,200,1,1,1.0,12,2026-09-01T12:26:40.626348+00:00
fake,amalfi,Hotel,"The breakfast buffet was watery scrambled eggs and stale pastries, nothing worth waking up for. I barely slept--the bed sagged and the AC rattled all night. Worn carpets and faded floral drapes screamed 1980s, and crumbs on the nightstand proved housekeeping skipped us.",1,custom_youkichirou-s-deepseek,short,negative,structured,few_shot,short_negative_structured_few_shot,22,270,43,200,1,1,1.0,12,2026-09-01T12:33:44.664873+00:00
fake,ambassador,Hotel,"The view of the parking garage was grim, and the wi-fi dropped every few minutes, making work impossible. I slept terribly on the rock-hard mattress, and despite it being a single night, the stay felt like an eternity.",1,custom_youkichirou-s-deepseek,short,negative,structured,few_shot,short_negative_structured_few_shot,23,218,38,200,1,1,1.0,12,2026-09-01T12:33:56.364209+00:00
fake,conrad,Hotel,"I paid a small fortune for a supposedly upscale stay, yet the carpet looked frayed and the bathroom fixtures felt dated. Breakfast was a bland buffet with lukewarm eggs, and the whole experience left me questioning whether any of it justified the lofty price tag.",1,custom_youkichirou-s-deepseek,short,negative,structured,few_shot,short_negative_structured_few_shot,24,263,45,200,1,1,1.0,12,2026-09-01T12:34:07.788401+00:00
fake,fairmont,Hotel,"The Fairmont felt tired--worn carpets and dated drapes made the halls feel stuck in another decade. Breakfast was bland and overpriced, while staff seemed disinterested whenever we asked for help. Location was convenient, but that couldn't salvage a disappointing stay.",1,custom_youkichirou-s-deepseek,short,negative,structured,few_shot,short_negative_structured_few_shot,25,269,40,200,1,1,1.0,12,2026-09-01T12:34:10.922467+00:00
fake,hardrock,Hotel,"The room's 'clean' look faded fast--sticky floors and a dusty nightstand. Our so-called city view was a brick wall, breakfast was cold scrambled eggs, and the hallway noise kept us up until midnight. Definitely not worth the price.",1,custom_youkichirou-s-deepseek,short,negative,structured,few_shot,short_negative_structured_few_shot,26,231,38,200,1,1,1.0,12,2026-09-01T12:34:13.781624+00:00
fake,hilton,Hotel,"The Hilton's Wi‐Fi dropped constantly during my three‐night stay, and our room overlooked a grimy rooftop with no hint of skyline. The decor felt tired, with peeling wallpaper and dated furniture, making the visit drag on far longer than it should have.",1,custom_youkichirou-s-deepseek,short,negative,structured,few_shot,short_negative_structured_few_shot,27,253,42,200,1,1,1.0,12,2026-09-01T12:34:17.129531+00:00
fake,homewood,Hotel,"The view was a drab parking garage, and the hallway noise made sleep impossible until after midnight. The bathroom had a cracked tile and weak water pressure, yet somehow the stay felt far too long for what it offered.",1,custom_youkichirou-s-deepseek,short,negative,structured,few_shot,short_negative_structured_few_shot,28,218,39,200,1,1,1.0,12,2026-09-01T12:34:20.950836+00:00
fake,hyatt,Hotel,"Despite the decent skyline view, our room felt neglected with dust on the sills and a stained carpet. Staff were polite but slow, and hallway noise from neighboring guests kept us awake, making the whole stay honestly underwhelming.",1,custom_youkichirou-s-deepseek,short,negative,structured,few_shot,short_negative_structured_few_shot,29,232,38,200,1,1,1.0,12,2026-09-01T12:34:25.305856+00:00
fake,intercontinental,Hotel,"Overpriced for what you get. The bathroom had grime in the corners and the room felt stale. Our window faced a brick wall, and the location was a long walk to the metro.",1,custom_youkichirou-s-deepseek,short,negative,structured,few_shot,short_negative_structured_few_shot,30,169,33,200,1,1,1.0,12,2026-09-01T12:34:28.252222+00:00
fake,james,Hotel,"Disappointing given the price--our room faced a brick wall, and street noise kept us up past midnight. The location near the Loop is convenient, but that can't excuse the dated furniture and overpriced minibar. I expected far more for what we paid.",1,custom_youkichirou-s-deepseek,short,negative,structured,few_shot,short_negative_structured_few_shot,31,248,42,200,1,1,1.0,12,2026-09-01T12:34:31.847917+00:00
fake,knickerbocker,Hotel,"The walls were paper-thin--I heard every door slam and hallway conversation until 2 AM. Our bathroom had a persistent mildew smell, and the lukewarm, bland breakfast buffet was barely edible. I slept terribly and left more exhausted than when I arrived.",1,custom_youkichirou-s-deepseek,short,negative,structured,few_shot,short_negative_structured_few_shot,32,253,41,200,1,1,1.0,12,2026-09-01T12:34:34.417291+00:00
fake,monaco,Hotel,"The room had a musty smell, and the corners were dusty, which made the short stay feel far too long--and spotty Wi-Fi only added to the frustration. Location was central, but that didn't rescue an otherwise disappointing visit.",1,custom_youkichirou-s-deepseek,short,negative,structured,few_shot,short_negative_structured_few_shot,33,227,38,200,1,1,1.0,12,2026-09-01T12:34:37.284417+00:00
fake,omni,Hotel,"Despite the prime location, my stay was a letdown. The room felt dusty and worn, and the street noise kept me tossing all night with a view of a brick wall. Staff seemed indifferent when I complained, and I left more tired than I arrived.",1,custom_youkichirou-s-deepseek,short,negative,structured,few_shot,short_negative_structured_few_shot,34,238,45,200,1,1,1.0,12,2026-09-01T12:34:41.452596+00:00
fake,palmer,Hotel,"The WiFi dropped constantly, and breakfast was cold scrambled eggs with stale pastries. Location was central, but the view faced a brick wall. Disappointing stay overall, especially for the price.",1,custom_youkichirou-s-deepseek,short,negative,structured,few_shot,short_negative_structured_few_shot,35,196,30,200,1,1,1.0,12,2026-09-01T12:34:44.204604+00:00
fake,sheraton,Hotel,"The breakfast buffet was a chaotic mess of congealed eggs and lukewarm coffee, and I barely slept thanks to a rattling AC unit. My 'city view' faced a brick wall, and the dusty corners under the bed made the whole room feel neglected.",1,custom_youkichirou-s-deepseek,short,negative,structured,few_shot,short_negative_structured_few_shot,36,234,43,200,1,1,1.0,12,2026-09-01T12:34:47.008530+00:00
fake,sofitel,Hotel,"The location was ideal, minutes from everything, but that's where the positives end. Our bathroom had a persistent mildew smell, the carpet and furniture felt tired from another decade, and the Wi-Fi dropped every few minutes--hardly worth the premium rate.",1,custom_youkichirou-s-deepseek,short,negative,structured,few_shot,short_negative_structured_few_shot,37,257,40,200,1,1,1.0,12,2026-09-01T12:34:49.666782+00:00
fake,swissotel,Hotel,"The wifi was useless--kept dropping during work calls--and the location, while central, meant constant street noise that made sleep impossible. I left more exhausted than when I arrived. Definitely not worth the price.",1,custom_youkichirou-s-deepseek,short,negative,structured,few_shot,short_negative_structured_few_shot,38,218,33,200,1,1,1.0,12,2026-09-01T12:34:52.307813+00:00
fake,talbott,Hotel,"The location is unbeatable, but that's where the positives end. The hallways felt musty, the room decor was stuck in the 1980s, and we could hear every door slam until 2 a.m. Staff seemed rushed and utterly indifferent when we asked for a quieter floor change.",1,custom_youkichirou-s-deepseek,short,negative,structured,few_shot,short_negative_structured_few_shot,39,260,46,200,1,2,1.0,12,2026-09-01T12:35:12.053979+00:00
fake,affinia,Hotel,"Despite the prime location near Michigan Avenue, I barely slept--the AC rattled all night--and the Wi-Fi kept dropping. For the hefty price, I expected far better, and I left feeling thoroughly underwhelmed.",1,custom_youkichirou-s-deepseek,short,negative,structured,few_shot,short_negative_structured_few_shot,40,207,32,200,1,1,1.0,12,2026-09-01T12:35:14.999083+00:00
fake,allegro,Hotel,"The location couldn't be more convenient, but that's the only highlight. The staff seemed perpetually frazzled and disinterested, our room's view was a brick wall, and breakfast was a sad, lukewarm buffet of rubbery eggs and stale pastries.",1,custom_youkichirou-s-deepseek,short,negative,structured,few_shot,short_negative_structured_few_shot,41,240,38,200,1,1,1.0,12,2026-09-01T12:35:17.746973+00:00
fake,amalfi,Hotel,"Slept terribly on a rock-hard mattress, and the room smelled musty with dusty corners. At these prices, I expected far better. Breakfast was a sad spread of cold eggs and stale pastries--definitely not worth the money.",1,custom_youkichirou-s-deepseek,short,negative,structured,few_shot,short_negative_structured_few_shot,42,218,36,200,1,1,1.0,12,2026-09-01T12:35:20.207294+00:00
fake,ambassador,Hotel,"The tired, beige decor felt straight out of the 80s, and the hallway noise seeped into our room all night. Found dust on the nightstand, and honestly, two nights here dragged on far longer than my patience could handle.",1,custom_youkichirou-s-deepseek,short,negative,structured,few_shot,short_negative_structured_few_shot,43,219,39,200,1,1,1.0,12,2026-09-01T12:35:22.709381+00:00
fake,conrad,Hotel,"The 'city view' was mostly a wall of neighboring windows, and breakfast felt like a rushed cafeteria. The bathroom's shower drain clogged nightly, making the three nights drag on far too long for such a letdown.",1,custom_youkichirou-s-deepseek,short,negative,structured,few_shot,short_negative_structured_few_shot,44,211,36,200,1,1,1.0,12,2026-09-01T12:35:25.292114+00:00
fake,fairmont,Hotel,"The grime on the windows completely obscured the so-called skyline, and the bed felt like a damp sponge, leaving me exhausted. Despite the tired, musty decor from decades past, the two nights here somehow stretched into an eternity too long.",1,custom_youkichirou-s-deepseek,short,negative,structured,few_shot,short_negative_structured_few_shot,45,241,40,200,1,1,1.0,12,2026-09-01T12:35:28.102654+00:00
fake,hardrock,Hotel,"The $400+ price tag felt absurd once I saw the uninspired skyline view and endured the sad, lukewarm breakfast buffet. WiFi dropped constantly in the room, so I gave up and read. Definitely not worth the hype.",1,custom_youkichirou-s-deepseek,short,negative,structured,few_shot,short_negative_structured_few_shot,46,209,37,200,1,1,1.0,12,2026-09-01T12:35:30.906025+00:00
fake,hilton,Hotel,"Despite the prime downtown location, the Hilton felt like a letdown. Staff were curt at check-in, the bathroom had a stubborn clog, and our room's view was mostly a brick wall and a busy rooftop.",1,custom_youkichirou-s-deepseek,short,negative,structured,few_shot,short_negative_structured_few_shot,47,195,35,200,1,1,1.0,12,2026-09-01T12:35:33.990767+00:00
fake,homewood,Hotel,"The breakfast buffet was lukewarm and chaotic, with stale pastries that felt like an afterthought. Wi-Fi kept dropping on the third floor, and our window faced a brick wall--the tired, worn carpet only added to the dated, disappointing vibe.",1,custom_youkichirou-s-deepseek,short,negative,structured,few_shot,short_negative_structured_few_shot,48,241,39,200,1,1,1.0,12,2026-09-01T12:35:36.986097+00:00
fake,hyatt,Hotel,"The room faced a bustling street, so traffic noise kept me up most of the night--I barely slept. Wi-Fi kept dropping, and while the location near downtown was handy, the constant din and poor connection made my stay genuinely frustrating.",1,custom_youkichirou-s-deepseek,short,negative,structured,few_shot,short_negative_structured_few_shot,49,238,40,200,1,2,1.0,12,2026-09-01T12:35:43.059663+00:00
fake,intercontinental,Hotel,"Bathroom had hair on the floor and the shower pressure was dismal. Walls were paper-thin, with guests stomping until midnight. Location is decent for metro access, but the dated room and poor cleanliness made this stay far from the InterContinental standard.",1,custom_youkichirou-s-deepseek,short,negative,structured,zero_shot,short_negative_structured_zero_shot,0,258,41,200,1,1,1.0,12,2026-09-01T12:35:46.031273+00:00
fake,james,Hotel,"The wifi dropped constantly, forcing me to work in the lobby. My room had dust on the baseboards and the bathroom smelled musty, though the location near the metro was undeniably handy.",1,custom_youkichirou-s-deepseek,short,negative,structured,zero_shot,short_negative_structured_zero_shot,1,185,32,200,1,1,1.0,12,2026-09-01T12:35:48.481643+00:00
fake,knickerbocker,Hotel,"Our weekend stay felt far too long; the tired, brown decor screamed 1980s and the peeling wallpaper in the bathroom was off-putting. The room wasn't properly dusted, and for the hefty price, I expected polished upkeep, not a musty carpet that smelled old.",1,custom_youkichirou-s-deepseek,short,negative,structured,zero_shot,short_negative_structured_zero_shot,2,255,43,200,1,1,1.0,12,2026-09-01T12:35:52.026631+00:00
fake,monaco,Hotel,"Stained carpet and dusty surfaces made the room feel unclean, and the constant hallway chatter kept me up until 2 AM. Breakfast was a sad spread of cold eggs and stale pastries, so I didn't sleep well at all.",1,custom_youkichirou-s-deepseek,short,negative,structured,zero_shot,short_negative_structured_zero_shot,3,208,39,200,1,1,1.0,12,2026-09-01T12:35:54.910603+00:00
fake,omni,Hotel,"The 'garden view' was really a brick wall, and the thin walls meant I heard every hallway conversation until 3 AM. Staff were polite but unhelpful, and the rock-hard bed left me exhausted; I slept worse here than on the plane.",1,custom_youkichirou-s-deepseek,short,negative,structured,zero_shot,short_negative_structured_zero_shot,4,226,41,200,1,1,1.0,12,2026-09-01T12:35:57.747467+00:00
fake,palmer,Hotel,"Despite the prime location, I regret paying these rates. The bathroom had questionable stains, and street noise seeped through the walls all night, making sleep nearly impossible--definitely not worth the premium.",1,custom_youkichirou-s-deepseek,short,negative,structured,zero_shot,short_negative_structured_zero_shot,5,213,31,200,1,1,1.0,12,2026-09-01T12:36:01.865999+00:00
fake,sheraton,Hotel,"Breakfast was a chaotic scramble of lukewarm eggs and burnt toast, and the hallways buzzed with slamming doors all night. The lobby's tired floral carpet and peeling wallpaper felt straight from the 80s, while our window offered a brick wall.",1,custom_youkichirou-s-deepseek,short,negative,structured,zero_shot,short_negative_structured_zero_shot,6,242,40,200,1,1,1.0,12,2026-09-01T12:36:04.738620+00:00
fake,sofitel,Hotel,"The bed was lumpy and the duvet felt damp, so I barely slept. The decor is tired and fraying at the edges. My 'city view' was a brick wall, and the bathroom's cracked tile and weak water pressure sealed the disappointing deal.",1,custom_youkichirou-s-deepseek,short,negative,structured,zero_shot,short_negative_structured_zero_shot,7,226,42,200,1,1,1.0,12,2026-09-01T12:36:07.872025+00:00
fake,swissotel,Hotel,"My long weekend felt endless, but mostly due to the painfully slow wifi that made streaming a chore. The cramped bathroom had a finicky shower head, and the cold, rubbery scrambled eggs at breakfast were a forgettable finish to a disappointing stay.",1,custom_youkichirou-s-deepseek,short,negative,structured,zero_shot,short_negative_structured_zero_shot,8,249,42,200,1,1,1.0,12,2026-09-01T12:36:12.407735+00:00
fake,talbott,Hotel,"The wallpaper in the bathroom was peeling, and the plumbing groaned all night, making rest nearly impossible. Breakfast was a lukewarm buffet of stale pastries, and street noise bled through the thin windows without mercy.",1,custom_youkichirou-s-deepseek,short,negative,structured,zero_shot,short_negative_structured_zero_shot,9,222,35,200,1,1,1.0,12,2026-09-01T12:36:15.003175+00:00
fake,affinia,Hotel,"The tired, dated decor made the room feel gloomy, and our supposedly short stay stretched on forever thanks to the relentless street noise and dirty carpet that never felt quite clean.",1,custom_youkichirou-s-deepseek,short,negative,structured,zero_shot,short_negative_structured_zero_shot,10,184,31,200,1,1,1.0,12,2026-09-01T12:36:17.783512+00:00
fake,allegro,Hotel,"Avoid this place unless you love hallway chatter at 3 AM. My two-night stay dragged on forever, especially since the Wi-Fi kept dropping every few minutes. Location is decent for the metro, but the constant noise made everything feel wasted.",1,custom_youkichirou-s-deepseek,short,negative,structured,zero_shot,short_negative_structured_zero_shot,11,241,40,200,1,1,1.0,12,2026-09-01T12:36:21.015293+00:00
fake,amalfi,Hotel,"Thin walls meant I heard every door slam and hallway conversation, ruining any chance of proper sleep, and the staff's curt replies didn't help. The location is central, but that's the only saving grace--I'd skip this place next time.",1,custom_youkichirou-s-deepseek,short,negative,structured,zero_shot,short_negative_structured_zero_shot,12,234,39,200,1,1,1.0,12,2026-09-01T12:36:24.655758+00:00
fake,ambassador,Hotel,"The view of the harbor was stunning, but the dated carpet and peeling wallpaper in our room felt like a time warp. Our two-night anniversary stay dragged on, as constant hallway noise and street chatter made any quiet escape impossible.",1,custom_youkichirou-s-deepseek,short,negative,structured,zero_shot,short_negative_structured_zero_shot,13,236,40,200,1,1,1.0,12,2026-09-01T12:36:27.719218+00:00
fake,conrad,Hotel,"The room was stiflingly hot and the constant street noise meant I barely slept, a real shame given the lovely terrace view. Staff were aloof and unresponsive to my complaints, making the whole stay feel more like a chore than a getaway.",1,custom_youkichirou-s-deepseek,short,negative,structured,zero_shot,short_negative_structured_zero_shot,14,236,42,200,1,1,1.0,12,2026-09-01T12:36:30.469762+00:00
fake,fairmont,Hotel,"For $800 a night, I expected far more--our room had dust on the nightstands and a bathroom with a broken shower head. Staff were courteous but painfully slow, making the whole experience feel overpriced and underwhelming.",1,custom_youkichirou-s-deepseek,short,negative,structured,zero_shot,short_negative_structured_zero_shot,15,221,36,200,1,1,1.0,12,2026-09-01T12:36:32.985584+00:00
fake,hardrock,Hotel,"The view was mostly of other buildings, which was a letdown. While the room felt grungy and under-vacuumed, the location was decent for clubs. The bathroom, however, had clogged drains and a musty smell. Very disappointing for the price.",1,custom_youkichirou-s-deepseek,short,negative,structured,zero_shot,short_negative_structured_zero_shot,16,237,39,200,1,1,1.0,12,2026-09-01T12:36:41.475076+00:00
fake,hilton,Hotel,"Bathroom had a clogged drain and chipped tiles, and the hallway decor felt stuck in the 1980s. The location was central, which helped, but even a two-night stay dragged on far too long given the dated, run-down feel.",1,custom_youkichirou-s-deepseek,short,negative,structured,zero_shot,short_negative_structured_zero_shot,17,216,38,200,1,1,1.0,12,2026-09-01T12:36:43.957486+00:00
fake,homewood,Hotel,"The room was grimy, with sticky spots on the floor, and the thin walls meant constant hallway noise. The Wi-Fi dropped every few minutes, making work impossible, and I barely slept on the lumpy mattress. Waste of money.",1,custom_youkichirou-s-deepseek,short,negative,structured,zero_shot,short_negative_structured_zero_shot,18,219,38,200,1,1,1.0,12,2026-09-01T12:36:46.560533+00:00
fake,hyatt,Hotel,"For the price, this felt like a major letdown--the dated floral carpet and worn fixtures screamed 1990s. My room had dust on the nightstand and a suspicious stain by the window, and the thin pillows made for a restless, aching night.",1,custom_youkichirou-s-deepseek,short,negative,structured,zero_shot,short_negative_structured_zero_shot,19,233,41,200,1,2,1.0,12,2026-09-01T12:36:52.497055+00:00
fake,intercontinental,Hotel,"The view was a dreary brick wall, and the constant hallway noise made rest impossible. Though central, the staff's indifference soured the convenience, leaving me feeling utterly let down by this Intercontinental stay.",1,custom_youkichirou-s-deepseek,short,negative,structured,zero_shot,short_negative_structured_zero_shot,20,218,33,200,1,1,1.0,12,2026-09-01T12:36:58.690311+00:00
fake,james,Hotel,"The dated decor and constant hallway noise made our two-night stay feel twice as long. Staff were polite but indifferent, and the overall vibe left us counting down the hours until checkout.",1,custom_youkichirou-s-deepseek,short,negative,structured,zero_shot,short_negative_structured_zero_shot,21,190,32,200,1,1,1.0,12,2026-09-01T12:37:02.151520+00:00
fake,knickerbocker,Hotel,"The wifi was a constant frustration, dropping during video calls. While the staff were polite, they seemed indifferent to my complaints. For this price, the tired, 80s-style decor felt like a rip-off, and the whole stay left me seriously disappointed.",1,custom_youkichirou-s-deepseek,short,negative,structured,zero_shot,short_negative_structured_zero_shot,22,251,40,200,1,1,1.0,12,2026-09-01T12:37:04.936718+00:00
fake,monaco,Hotel,"The room was stuffy and the bed sagged, giving me a restless night. My cramped bathroom had a constant drip, and the patchy wifi kept cutting out during work. The stay felt far too long for what little comfort was offered.",1,custom_youkichirou-s-deepseek,short,negative,structured,zero_shot,short_negative_structured_zero_shot,23,222,41,200,1,1,1.0,12,2026-09-01T12:37:20.370356+00:00
fake,omni,Hotel,"The dated decor and constant hallway noise made our two-night stay feel twice as long. I barely slept on the lumpy mattress, and the thin walls meant every slamming door jolted me awake.",1,custom_youkichirou-s-deepseek,short,negative,structured,zero_shot,short_negative_structured_zero_shot,24,186,33,200,1,1,1.0,12,2026-09-01T12:37:25.425243+00:00
fake,palmer,Hotel,"Beautiful hotel, but very dated--threadbare carpets and faded furniture. We didn't sleep well with the noisy AC. Paid a premium, felt overpriced. Two nights was one too many; I was honestly relieved to leave.",1,custom_youkichirou-s-deepseek,short,negative,structured,zero_shot,short_negative_structured_zero_shot,25,208,34,200,1,1,1.0,12,2026-09-01T12:37:28.380606+00:00
fake,sheraton,Hotel,"The dated decor and grimy bathroom tiles made this feel anything but premium, definitely not worth the premium rate. While the bed was decent, dust lined the headboard, and the worn carpet screamed for a renovation.",1,custom_youkichirou-s-deepseek,short,negative,structured,zero_shot,short_negative_structured_zero_shot,26,215,36,200,1,1,1.0,12,2026-09-01T12:37:31.056987+00:00
fake,sofitel,Hotel,"For the price, I expected far more. The room wasn't dirty, but the constant hallway noise made sleep impossible, and the staff's indifference to my complaint felt dismissive. Overpriced for what you get.",1,custom_youkichirou-s-deepseek,short,negative,structured,zero_shot,short_negative_structured_zero_shot,27,203,33,200,1,1,1.0,12,2026-09-01T12:37:34.685154+00:00
fake,swissotel,Hotel,"Beautiful hotel, but the Wi-Fi kept dropping, making work impossible. I slept poorly on the rock-hard mattress. For this price, it felt like a total rip-off, and thankfully my one night was mercifully brief.",1,custom_youkichirou-s-deepseek,short,negative,structured,zero_shot,short_negative_structured_zero_shot,28,207,34,200,1,1,1.0,12,2026-09-01T12:37:37.941490+00:00
fake,talbott,Hotel,"The breakfast was a sad, lukewarm spread of stale pastries, and our room wasn't much better. The walls were so thin we heard every door slam, and I barely slept on the gritty sheets that clearly hadn't been changed.",1,custom_youkichirou-s-deepseek,short,negative,structured,zero_shot,short_negative_structured_zero_shot,29,215,39,200,1,1,1.0,12,2026-09-01T12:37:40.701833+00:00
fake,affinia,Hotel,"The view was a dreary wall of the neighboring building, and the noise from the corridor kept me up all night. Staff were indifferent at check-in, while the tired, dusty decor felt stuck in the 90s. Genuinely overpriced.",1,custom_youkichirou-s-deepseek,short,negative,structured,zero_shot,short_negative_structured_zero_shot,30,219,38,200,1,1,1.0,12,2026-09-01T12:37:43.267075+00:00
fake,allegro,Hotel,"The staff seemed bothered by every request, and the bathroom had a lingering mildew smell. For the price, the stained carpet and dusty surfaces made it feel like a budget hostel, not a four-star hotel.",1,custom_youkichirou-s-deepseek,short,negative,structured,zero_shot,short_negative_structured_zero_shot,31,201,35,200,1,2,1.0,12,2026-09-01T12:37:50.236546+00:00
fake,amalfi,Hotel,"The room was dingy and dusty, with hair on the pillows, and the indifferent staff barely acknowledged us. While the beach is close, the bleak view of a concrete wall made the stay feel like a total waste.",1,custom_youkichirou-s-deepseek,short,negative,structured,zero_shot,short_negative_structured_zero_shot,32,204,38,200,1,1,1.0,12,2026-09-01T12:37:52.890224+00:00
fake,ambassador,Hotel,"The room had a stale smell and crumbs near the nightstand, and the so-called city view was just a brick wall. Street noise bled through the windows all night, while the front desk shrugged off my complaints with a dismissive 'we'll look into it.'",1,custom_youkichirou-s-deepseek,short,negative,structured,zero_shot,short_negative_structured_zero_shot,33,246,44,200,1,1,1.0,12,2026-09-01T12:37:55.649534+00:00
fake,conrad,Hotel,"The decor felt painfully dated, like stepping back into the 90s, and breakfast was a bland, overpriced buffet. Room Wi-Fi dropped constantly, and our bathroom had a clogged drain and a musty towel smell that sealed the disappointing stay.",1,custom_youkichirou-s-deepseek,short,negative,structured,zero_shot,short_negative_structured_zero_shot,34,238,39,200,1,1,1.0,12,2026-09-01T12:37:58.601661+00:00
fake,fairmont,Hotel,"The chandeliers looked tired, and the carpet in our hallway felt thirty years old. I barely slept with the street noise, and at $600 a night, it was impossible to justify--though hopping to the waterfront for dinner was undeniably easy.",1,custom_youkichirou-s-deepseek,short,negative,structured,zero_shot,short_negative_structured_zero_shot,35,236,40,200,1,1,1.0,12,2026-09-01T12:39:00.642995+00:00
fake,hardrock,Hotel,"Booked a poolside room for the anniversary, but the thumping bass from the bar made sleep impossible. Staff shrugged off the noise complaints, and our 'city view' was a brick wall. Location's convenient, sure, but I'd rather stay anywhere else next time.",1,custom_youkichirou-s-deepseek,short,negative,structured,zero_shot,short_negative_structured_zero_shot,36,254,42,200,1,1,1.0,12,2026-09-01T12:39:03.549995+00:00
fake,hilton,Hotel,"Room smelled musty, and we found a hair on the pillow--hardly Hilton standards. Location was handy for downtown, but the dated decor and a cold, soggy breakfast buffet made the stay feel like a letdown.",1,custom_youkichirou-s-deepseek,short,negative,structured,zero_shot,short_negative_structured_zero_shot,37,202,35,200,1,1,1.0,12,2026-09-01T12:39:06.917768+00:00
fake,homewood,Hotel,"The bathroom had a constant musty smell and peeling caulk, which set the tone. Staff ignored my requests for fresh towels, though the location near the metro was the only plus, drowned out by nonstop hallway noise until 2 AM.",1,custom_youkichirou-s-deepseek,short,negative,structured,zero_shot,short_negative_structured_zero_shot,38,225,40,200,1,1,1.0,12,2026-09-01T12:39:09.427697+00:00
fake,hyatt,Hotel,"The bathroom had peeling grout and a weak, lukewarm shower, and our room felt grimy with dust on the baseboards. The so-called 'city view' was a brick wall, while the faded carpets and 80s furniture made the whole place feel sadly neglected.",1,custom_youkichirou-s-deepseek,short,negative,structured,zero_shot,short_negative_structured_zero_shot,39,241,42,200,1,1,1.0,12,2026-09-01T12:39:12.291497+00:00
fake,intercontinental,Hotel,"Disappointing stay--staff seemed indifferent, and for this price I expected far more attention. The constant hallway noise made it feel endless, yet somehow our short night passed without any real comfort. Not worth the splurge.",1,custom_youkichirou-s-deepseek,short,negative,structured,zero_shot,short_negative_structured_zero_shot,40,228,35,200,1,1,1.0,12,2026-09-01T12:39:16.153807+00:00
fake,james,Hotel,"The dated decor made the lobby feel tired, and our bathroom had a persistent mildew smell. For the steep price, the convenience of the downtown location couldn't compensate for the underwhelming room.",1,custom_youkichirou-s-deepseek,short,negative,structured,zero_shot,short_negative_structured_zero_shot,41,200,32,200,1,1,1.0,12,2026-09-01T12:39:19.169192+00:00
fake,knickerbocker,Hotel,"Despite the prime location just off Michigan Avenue, the Knickerbocker was a huge letdown. Street noise kept me up all night, so I barely slept and the brief stay felt endless. I couldn't check out fast enough.",1,custom_youkichirou-s-deepseek,short,negative,structured,zero_shot,short_negative_structured_zero_shot,42,210,37,200,1,1,1.0,12,2026-09-01T12:39:21.813854+00:00
fake,monaco,Hotel,"Breakfast was overcooked eggs and stale pastries, the window looked onto a brick wall, and the wifi dropped constantly. Staff seemed annoyed by every question, making me feel like an inconvenience rather than a guest.",1,custom_youkichirou-s-deepseek,short,negative,structured,zero_shot,short_negative_structured_zero_shot,43,217,35,200,1,1,1.0,12,2026-09-01T12:39:24.435102+00:00
fake,omni,Hotel,"The Wi-Fi dropped constantly during my work calls, and the hallway noise from neighboring guests kept me up until 2 AM. I barely slept, and my room's view looked straight into a concrete wall--utterly grim for the price.",1,custom_youkichirou-s-deepseek,short,negative,structured,zero_shot,short_negative_structured_zero_shot,44,220,38,200,1,1,1.0,12,2026-09-01T12:39:27.548295+00:00
fake,palmer,Hotel,"WiFi was practically useless in my room, and the walls were so thin I heard every door slam. Breakfast featured lukewarm, rubbery eggs, while the bathroom had a constantly dripping shower and a broken exhaust fan.",1,custom_youkichirou-s-deepseek,short,negative,structured,zero_shot,short_negative_structured_zero_shot,45,213,36,200,1,1,1.0,12,2026-09-01T12:39:33.489920+00:00
fake,sheraton,Hotel,"The 'bay view' was a muddy rooftop, and our bathroom smelled of stale bleach. Slept poorly on a lumpy mattress, and for this price, it felt like a wasted weekend getaway.",1,custom_youkichirou-s-deepseek,short,negative,structured,zero_shot,short_negative_structured_zero_shot,46,170,31,200,1,1,1.0,12,2026-09-01T12:39:36.457342+00:00
fake,sofitel,Hotel,"Despite the prime location, this Sofitel felt like a costly mistake. The bathroom was dated with a finicky shower, and breakfast was a chaotic, lukewarm buffet. Definitely not worth the premium price for such a tired room.",1,custom_youkichirou-s-deepseek,short,negative,structured,zero_shot,short_negative_structured_zero_shot,47,222,37,200,1,1,1.0,12,2026-09-01T12:39:39.528077+00:00
fake,swissotel,Hotel,"Stained carpet and a sour smell made the room feel grubby, and the patchy Wi-Fi kept dropping calls. The sleepless night stretched forever, yet checkout came cruelly early, leaving me cheated of rest and value.",1,custom_youkichirou-s-deepseek,short,negative,structured,zero_shot,short_negative_structured_zero_shot,48,210,35,200,1,1,1.0,12,2026-09-01T12:39:42.472123+00:00
fake,talbott,Hotel,"The weekend flew by, and for that price, the cramped room wasn't worth it. The bland, lukewarm breakfast was a letdown, though the location was a saving grace for exploring.",1,custom_youkichirou-s-deepseek,short,negative,structured,zero_shot,short_negative_structured_zero_shot,49,173,30,200,1,1,1.0,12,2026-09-01T12:39:45.061694+00:00
fake,affinia,Hotel,"The Affinia was a letdown from the start--the lobby smelled like stale fries, and the room's 'upgraded' view was a brick wall. The air conditioner rattled all night, and housekeeping never replaced the towels. Not worth the price, honestly.",1,custom_youkichirou-s-deepseek,short,negative,unstructured,few_shot,short_negative_unstructured_few_shot,0,240,39,200,1,1,1.0,12,2026-09-01T12:39:48.029315+00:00
fake,allegro,Hotel,"Booked a king room and got a double with a view of the parking garage. The hallway smelled like stale smoke, and housekeeping never showed up despite asking twice. Breakfast was cold scrambled eggs and watery juice. Definitely not worth the price.",1,custom_youkichirou-s-deepseek,short,negative,unstructured,few_shot,short_negative_unstructured_few_shot,1,247,42,200,1,1,1.0,12,2026-09-01T12:39:50.895538+00:00
fake,amalfi,Hotel,"The room was dated and smelled musty, and the 'sea view' was mostly a parking lot. Breakfast felt like an afterthought with cold eggs, and the staff seemed annoyed by every request. Not worth the price for what you get.",1,custom_youkichirou-s-deepseek,short,negative,unstructured,few_shot,short_negative_unstructured_few_shot,2,219,40,200,1,2,1.0,12,2026-09-01T12:39:56.506681+00:00
fake,ambassador,Hotel,"I really wanted to like this place, but the noise from the street was relentless all night and the AC kept rattling. The front desk was polite but couldn't offer a room change. For the price, I expected far better sleep quality and a bit more genuine hospitality.",1,custom_youkichirou-s-deepseek,short,negative,unstructured,few_shot,short_negative_unstructured_few_shot,3,263,48,200,1,1,1.0,12,2026-09-01T12:39:59.731476+00:00
fake,conrad,Hotel,"The Conrad sounded promising, but the reality fell flat. The room was dated and the air conditioning barely worked, making for a restless night. Staff seemed overwhelmed and distant, which really dampened the whole experience for the price.",1,custom_youkichirou-s-deepseek,short,negative,unstructured,few_shot,short_negative_unstructured_few_shot,4,240,38,200,1,1,1.0,12,2026-09-01T12:40:02.790284+00:00
fake,fairmont,Hotel,"I really wanted to love the Fairmont, but the experience fell flat. The room felt dated and the air conditioning was painfully loud. Service was slow everywhere, and we waited over an hour for room service that arrived cold.",1,custom_youkichirou-s-deepseek,short,negative,unstructured,few_shot,short_negative_unstructured_few_shot,5,224,39,200,1,1,1.0,12,2026-09-01T12:40:06.020915+00:00
fake,hardrock,Hotel,"Booked the Hard Rock expecting rock-star treatment, but the room felt tired and the hallways were noisy all night. Staff seemed indifferent, and that 'vibe' didn't make up for a scratchy mattress. Left disappointed.",1,custom_youkichirou-s-deepseek,short,negative,unstructured,few_shot,short_negative_unstructured_few_shot,6,215,34,200,1,1,1.0,12,2026-09-01T12:40:09.306160+00:00
fake,hilton,Hotel,"We booked the Hilton expecting more from the name. The hallways smelled musty, our room's AC rattled all night, and housekeeping ignored our request for extra towels twice. Overpriced for what felt like a dated, understaffed experience.",1,custom_youkichirou-s-deepseek,short,negative,unstructured,few_shot,short_negative_unstructured_few_shot,7,236,37,200,1,1,1.0,12,2026-09-01T12:40:23.772272+00:00
fake,homewood,Hotel,"Booked a king suite for a weekend getaway. Air conditioner rattled all night, and housekeeping never came despite the do not disturb sign being off. Hit or miss at this price.",1,custom_youkichirou-s-deepseek,short,negative,unstructured,few_shot,short_negative_unstructured_few_shot,8,175,31,200,1,1,1.0,12,2026-09-01T12:40:26.439155+00:00
fake,hyatt,Hotel,"I booked the Hyatt expecting more, but the noise from the hallway kept me up all night and the AC unit rattled constantly. Staff were polite but unhelpful about the issues, and honestly, the room felt worn down for what they charge.",1,custom_youkichirou-s-deepseek,short,negative,unstructured,few_shot,short_negative_unstructured_few_shot,9,232,42,200,1,1,1.0,12,2026-09-01T12:40:32.199616+00:00
fake,intercontinental,Hotel,"The Intercontinental's marble lobby is stunning, but that's where the glamour ends. My room smelled musty, the AC rattled all night, and housekeeping never replaced our towels. For these prices, I expected far better. Disappointed.",1,custom_youkichirou-s-deepseek,short,negative,unstructured,few_shot,short_negative_unstructured_few_shot,10,231,35,200,1,2,1.0,12,2026-09-01T12:40:38.050521+00:00
fake,james,Hotel,"Checked in to a dark, cramped room that smelled like old carpet, and the A/C rattled nonstop. Staff was polite but shrugged off every request. For the price, this felt more like a motel than a boutique hotel.",1,custom_youkichirou-s-deepseek,short,negative,unstructured,few_shot,short_negative_unstructured_few_shot,11,208,38,200,1,1,1.0,12,2026-09-01T12:40:40.779115+00:00
fake,knickerbocker,Hotel,"Checked in to find the room wasn't ready, then the A/C rattled all night. The 'historic charm' translates to thin walls and dated furniture. Staff was polite but overwhelmed. For the price, I expected much more. Won't be back.",1,custom_youkichirou-s-deepseek,short,negative,unstructured,few_shot,short_negative_unstructured_few_shot,12,226,39,200,1,2,1.0,12,2026-09-01T12:40:46.828378+00:00
fake,monaco,Hotel,"The Hotel Monaco looked great online, but the reality was a letdown. The room was stuffy and the hallways noisy all night, and the front desk seemed annoyed by every question I asked. Not worth the hype or the price.",1,custom_youkichirou-s-deepseek,short,negative,unstructured,few_shot,short_negative_unstructured_few_shot,13,216,40,200,1,1,1.0,12,2026-09-01T12:40:49.377992+00:00
fake,omni,Hotel,"The room was fine but the air conditioner rattled all night and the front desk brushed me off when I asked to switch. Overpriced for what you get, and the hallway smelled like stale food. Won't be back.",1,custom_youkichirou-s-deepseek,short,negative,unstructured,few_shot,short_negative_unstructured_few_shot,14,202,38,200,1,1,1.0,12,2026-09-01T12:41:44.493131+00:00
fake,palmer,Hotel,"Booked a king room expecting a four-star experience but got stained carpets, a broken coffeemaker, and noise from the hallway all night. The front desk shrugged off my complaints and the breakfast pastries were stale. Definitely not worth the price--I'd skip this one.",1,custom_youkichirou-s-deepseek,short,negative,unstructured,few_shot,short_negative_unstructured_few_shot,15,268,43,200,1,1,1.0,12,2026-09-01T12:41:47.813827+00:00
fake,sheraton,Hotel,"Stayed here for a conference and left pretty deflated. The room was dated, with a musty smell and paper-thin walls--I heard every door slam. Staff were polite but overwhelmed, and housekeeping skipped our floor until late afternoon. Not worth the star rating.",1,custom_youkichirou-s-deepseek,short,negative,unstructured,few_shot,short_negative_unstructured_few_shot,16,259,42,200,1,1,1.0,12,2026-09-01T12:41:50.725806+00:00
fake,sofitel,Hotel,"The Sofitel felt more like a sterile glass box than a Parisian retreat. Our 'upgraded' room had a view of a concrete wall, the air conditioning rattled all night, and housekeeping skipped us entirely until we called twice--truly underwhelming for the price.",1,custom_youkichirou-s-deepseek,short,negative,unstructured,few_shot,short_negative_unstructured_few_shot,17,257,42,200,1,1,1.0,12,2026-09-01T12:41:53.786164+00:00
fake,swissotel,Hotel,"Service at Swissotel felt impersonal from start to finish. Waited 25 minutes at check-in despite a half-empty lobby, and the room had a lingering smoke smell that housekeeping couldn't fix. Shower pressure was weak, plus the AC rattled all night.",1,custom_youkichirou-s-deepseek,short,negative,unstructured,few_shot,short_negative_unstructured_few_shot,18,246,40,200,1,2,1.0,12,2026-09-01T12:42:07.400204+00:00
fake,talbott,Hotel,"I was really let down by the Hotel Talbott. The room felt stuffy and dated, and the walls were so thin I could hear every conversation next door. Service was polite but slow, and for the price, I definitely expected a much better night's sleep.",1,custom_youkichirou-s-deepseek,short,negative,unstructured,few_shot,short_negative_unstructured_few_shot,19,244,45,200,1,1,1.0,12,2026-09-01T12:42:10.919217+00:00
fake,affinia,Hotel,"Booked a suite at Affinia and walked into a dated room that smelled faintly of old carpet. AC rattled all night, and housekeeping never replenished the tiny shampoo bottles. For the price, the staff were polite but overwhelmed--truly underwhelming stay.",1,custom_youkichirou-s-deepseek,short,negative,unstructured,few_shot,short_negative_unstructured_few_shot,20,253,40,200,1,1,1.0,12,2026-09-01T12:42:14.237078+00:00
fake,allegro,Hotel,"Booked the Allegro for a weekend getaway and left pretty let down. The lobby looks great in photos but the room was worn out, the AC rattled all night, and the front desk barely acknowledged us. Not worth the price, honestly. Won't be back.",1,custom_youkichirou-s-deepseek,short,negative,unstructured,few_shot,short_negative_unstructured_few_shot,21,240,44,200,1,1,1.0,12,2026-09-01T12:42:17.384116+00:00
fake,amalfi,Hotel,"The location was great, but that's about all this place has going for it. Our room smelled musty, the AC rattled all night, and the staff acted like we were bothering them. For these prices, I expected a lot more.",1,custom_youkichirou-s-deepseek,short,negative,unstructured,few_shot,short_negative_unstructured_few_shot,22,213,40,200,1,1,1.0,12,2026-09-01T12:42:20.763322+00:00
fake,ambassador,Hotel,"We booked the Ambassador expecting a nice anniversary getaway, but it fell flat. The room was stifling hot, the AC barely worked, and housekeeping never showed up until we called twice. The bar was understaffed and drinks took forever. Not worth the hype or the price.",1,custom_youkichirou-s-deepseek,short,negative,unstructured,few_shot,short_negative_unstructured_few_shot,23,268,46,200,1,1,1.0,12,2026-09-01T12:42:23.733346+00:00
fake,conrad,Hotel,"The Conrad felt more like a corporate checkbox than a luxury escape. Our room had a stale odor, AC rattled all night, and housekeeping missed turn-down despite asking twice. Staff were polite but utterly indifferent--we expected far more for the price.",1,custom_youkichirou-s-deepseek,short,negative,unstructured,few_shot,short_negative_unstructured_few_shot,24,252,41,200,1,1,1.0,12,2026-09-01T12:42:26.754254+00:00
fake,fairmont,Hotel,"I really wanted to love the Fairmont, but our anniversary stay fell flat. The room felt dated, the air conditioning was noisy all night, and the staff seemed rushed and indifferent when we asked for a quiet floor. For the price, I expected far more polish.",1,custom_youkichirou-s-deepseek,short,negative,unstructured,few_shot,short_negative_unstructured_few_shot,25,256,46,200,1,1,1.0,12,2026-09-01T12:42:29.440382+00:00
fake,hardrock,Hotel,"The room smelled like stale smoke and the 'rock star' service was a myth--waited 40 minutes at the front desk while staff gossiped. Pool was packed with non-guests, and the bar overcharged for flat drinks. Definitely not worth the hype for this price.",1,custom_youkichirou-s-deepseek,short,negative,unstructured,few_shot,short_negative_unstructured_few_shot,26,251,43,200,1,1,1.0,12,2026-09-01T12:42:33.652611+00:00
fake,hilton,Hotel,"Booked a king room expecting Hilton standards, but the air conditioning rattled all night, the hallway smelled like old carpet, and the front desk seemed annoyed by every question. For the price, I've had better stays at mid-range motels. Won't be returning.",1,custom_youkichirou-s-deepseek,short,negative,unstructured,few_shot,short_negative_unstructured_few_shot,27,258,42,200,1,1,1.0,12,2026-09-01T12:42:36.531027+00:00
fake,homewood,Hotel,"The room smelled musty and the AC rattled all night, so I barely slept. Staff were polite but shrugged off the issues, and the breakfast was cold and picked over by 8 AM. Really disappointed for what we paid.",1,custom_youkichirou-s-deepseek,short,negative,unstructured,few_shot,short_negative_unstructured_few_shot,28,208,39,200,1,1,1.0,12,2026-09-01T12:42:39.250755+00:00
fake,hyatt,Hotel,"Booked the Hyatt for a weekend getaway and left pretty deflated. The room was tired, with scuffed furniture and a bathroom that smelled musty. Staff seemed overwhelmed at check-in, and the breakfast buffet was cold and overpriced--definitely not worth the hype.",1,custom_youkichirou-s-deepseek,short,negative,unstructured,few_shot,short_negative_unstructured_few_shot,29,261,41,200,1,1,1.0,12,2026-09-01T12:42:42.579069+00:00
fake,intercontinental,Hotel,"The 'luxury' felt like a facade--our room smelled musty, the AC rattled all night, and housekeeping never replaced towels. Staff were polite but useless when we asked for a late checkout. For this price, utter disappointment.",1,custom_youkichirou-s-deepseek,short,negative,unstructured,few_shot,short_negative_unstructured_few_shot,30,225,36,200,1,2,1.0,12,2026-09-01T12:42:48.537072+00:00
fake,james,Hotel,"Honestly, the James felt more like a flashy hostel than a luxury hotel. The room was impossibly small, the walls paper-thin, and I could hear every door slam until 3 AM. Staff were polite but useless when I asked for a quiet room. Not worth the premium price.",1,custom_youkichirou-s-deepseek,short,negative,unstructured,few_shot,short_negative_unstructured_few_shot,31,259,48,200,1,1,1.0,12,2026-09-01T12:42:51.155003+00:00
fake,knickerbocker,Hotel,"I expected old-school charm but got peeling wallpaper, a broken AC that cycled all night, and staff who shrugged at the noise from the street. Location is fine, but for the price, this place needs serious maintenance. I left exhausted and disappointed.",1,custom_youkichirou-s-deepseek,short,negative,unstructured,few_shot,short_negative_unstructured_few_shot,32,252,42,200,1,1,1.0,12,2026-09-01T12:42:54.109538+00:00
fake,monaco,Hotel,"Stayed at Hotel Monaco expecting a boutique treat, but the room felt worn and the AC rattled all night. Staff were polite but indifferent, and breakfast was overpriced for what you got. Not worth the hype or the price tag.",1,custom_youkichirou-s-deepseek,short,negative,unstructured,few_shot,short_negative_unstructured_few_shot,33,222,40,200,1,1,1.0,12,2026-09-01T12:42:56.529132+00:00
fake,omni,Hotel,"The room was freezing and the AC unit rattled all night, so sleep was impossible. Service felt robotic and distant, and housekeeping never replaced the towels. For these rates, I expected far more polish. Sadly, left disappointed.",1,custom_youkichirou-s-deepseek,short,negative,unstructured,few_shot,short_negative_unstructured_few_shot,34,230,37,200,1,2,1.0,12,2026-09-01T12:43:02.455153+00:00
fake,palmer,Hotel,"The location is fine, but the room was noisy all night and the AC barely worked. Staff seemed overwhelmed and forgot our wake-up call. For these prices, I expected way more polish. Left feeling pretty let down overall.",1,custom_youkichirou-s-deepseek,short,negative,unstructured,few_shot,short_negative_unstructured_few_shot,35,218,38,200,1,1,1.0,12,2026-09-01T12:43:06.405640+00:00
fake,sheraton,Hotel,"Disappointing stay--the room was dated and smelled musty, and housekeeping never restocked our towels. Check-in was slow despite booking directly, and the AC barely worked. For the price, I expected far more polish. Probably won't return.",1,custom_youkichirou-s-deepseek,short,negative,unstructured,few_shot,short_negative_unstructured_few_shot,36,238,36,200,1,1,1.0,12,2026-09-01T12:43:09.698936+00:00
fake,sofitel,Hotel,"Stayed here for a conference and left feeling underwhelmed. The room was tired, with scuffed furniture and a view of a wall. Staff were polite but painfully slow, and the so-called luxury breakfast was cold and overpriced. For this price tag, I expected far more polish.",1,custom_youkichirou-s-deepseek,short,negative,unstructured,few_shot,short_negative_unstructured_few_shot,37,270,46,200,1,1,1.0,12,2026-09-01T12:43:12.617582+00:00
fake,swissotel,Hotel,"The location is fine, but that's about it. Our room smelled musty, the AC rattled all night, and housekeeping never replaced the towels. Front desk was polite but shrugged off every complaint. For the price, this felt like a basic chain, not a Swissotel. Won't be back.",1,custom_youkichirou-s-deepseek,short,negative,unstructured,few_shot,short_negative_unstructured_few_shot,38,269,47,200,1,1,1.0,12,2026-09-01T12:43:15.446709+00:00
fake,talbott,Hotel,"I booked the Talbott expecting charm, but the room felt tired and the walls paper-thin--heard every hallway conversation until 2 a.m. Staff was polite but slow, and breakfast was lukewarm at best. Not worth the price tag.",1,custom_youkichirou-s-deepseek,short,negative,unstructured,few_shot,short_negative_unstructured_few_shot,39,221,37,200,1,2,1.0,12,2026-09-01T12:43:21.229809+00:00
fake,affinia,Hotel,"The room smelled musty, the air conditioning clanked all night, and housekeeping never replaced our towels despite calling twice. The lobby looks great in photos, but the hallways are dingy and the hallway noise is relentless. Not worth the price.",1,custom_youkichirou-s-deepseek,short,negative,unstructured,few_shot,short_negative_unstructured_few_shot,40,247,40,200,1,2,1.0,12,2026-09-01T12:43:27.087528+00:00
fake,allegro,Hotel,"Booked the Allegro for a weekend getaway and left pretty let down. Room was worn, the AC rattled all night, and the 'helpful' front desk seemed annoyed every time I asked a basic question. Not worth the hype or the price.",1,custom_youkichirou-s-deepseek,short,negative,unstructured,few_shot,short_negative_unstructured_few_shot,41,221,41,200,1,1,1.0,12,2026-09-01T12:43:29.999146+00:00
fake,amalfi,Hotel,"We booked a superior room with a sea view, but got a cramped box facing a brick wall. The front desk shrugged and said 'full occupancy.' Breakfast was cold scrambled eggs and stale pastries, not worth the €25. For these prices, absolutely not.",1,custom_youkichirou-s-deepseek,short,negative,unstructured,few_shot,short_negative_unstructured_few_shot,42,243,43,200,1,1,1.0,12,2026-09-01T12:43:33.137108+00:00
fake,ambassador,Hotel,"The location was the only saving grace. Room was tired, the AC rattled all night, and housekeeping ignored our do-not-disturb sign twice. Front desk shrugged off the noise complaint. Paid way too much for what felt like a budget stay. Won't be back.",1,custom_youkichirou-s-deepseek,short,negative,unstructured,few_shot,short_negative_unstructured_few_shot,43,249,43,200,1,1,1.0,12,2026-09-01T12:43:35.774948+00:00
fake,conrad,Hotel,"The Conrad felt like a letdown for the price. Check-in was painfully slow, the room had a musty smell, and housekeeping never came despite asking twice. The location is great, but that doesn't fix the dated bathroom or rude front desk.",1,custom_youkichirou-s-deepseek,short,negative,unstructured,few_shot,short_negative_unstructured_few_shot,44,235,41,200,1,1,1.0,12,2026-09-01T12:44:15.228155+00:00
fake,fairmont,Hotel,"The Fairmont's grandeur fades fast--our room was tired, with a view of an air shaft and a bathroom that smelled musty all weekend. Staff were polite but stretched thin, making us wait 20 minutes for a simple ice refill. For the price, this felt like a letdown.",1,custom_youkichirou-s-deepseek,short,negative,unstructured,few_shot,short_negative_unstructured_few_shot,45,260,47,200,1,1,1.0,12,2026-09-01T12:44:18.622328+00:00
fake,hardrock,Hotel,"Booked a 'Sound of Your Stay' package but the guitar in the room was locked away, staff seemed annoyed when I asked about it. Room felt worn, AC rattled all night, and the pool had a weird smell. Not the vibe you'd expect from this brand.",1,custom_youkichirou-s-deepseek,short,negative,unstructured,few_shot,short_negative_unstructured_few_shot,46,238,46,200,1,1,1.0,12,2026-09-01T12:44:23.562408+00:00
fake,hilton,Hotel,"The room was fine at first glance, but the air conditioning rattled all night and the hallway noise made sleep impossible. Staff seemed overwhelmed at check-in, and the breakfast buffet ran out of everything by 8 AM. Not the Hilton standard I expected.",1,custom_youkichirou-s-deepseek,short,negative,unstructured,few_shot,short_negative_unstructured_few_shot,47,252,43,200,1,1,1.0,12,2026-09-01T12:44:25.956489+00:00
fake,homewood,Hotel,"Stayed here for a conference and left genuinely underwhelmed. The room smelled musty, the AC rattled all night, and housekeeping never replaced our towels. Overpriced for what feels like a tired property that's clearly seen better days.",1,custom_youkichirou-s-deepseek,short,negative,unstructured,few_shot,short_negative_unstructured_few_shot,48,236,37,200,1,1,1.0,12,2026-09-01T12:44:28.821148+00:00
fake,hyatt,Hotel,"Stayed here for a conference and left underwhelmed. The room smelled musty, housekeeping skipped our floor until late afternoon, and the air conditioning rattled all night. Overpriced for what feels like a dated property coasting on its name.",1,custom_youkichirou-s-deepseek,short,negative,unstructured,few_shot,short_negative_unstructured_few_shot,49,242,38,200,1,1,1.0,12,2026-09-01T12:44:31.800282+00:00
fake,intercontinental,Hotel,"Booked the Intercontinental expecting luxury, but the room felt tired, the AC rattled all night, and housekeeping ignored our do-not-disturb sign. Overpriced and underwhelming for the brand name.",1,custom_youkichirou-s-deepseek,short,negative,unstructured,zero_shot,short_negative_unstructured_zero_shot,0,195,28,200,1,1,1.0,12,2026-09-01T12:44:34.092867+00:00
fake,james,Hotel,"Checked in expecting the James' usual polish, but our room smelled musty, the AC rattled nonstop, and housekeeping skipped us entirely one day. For $400 a night, that's just insulting--service felt indifferent, and the rooftop bar was overcrowded. Disappointed.",1,custom_youkichirou-s-deepseek,short,negative,unstructured,zero_shot,short_negative_unstructured_zero_shot,1,261,39,200,1,1,1.0,12,2026-09-01T12:44:36.906218+00:00
fake,knickerbocker,Hotel,"The staff were indifferent at best and the room felt tired, with a broken hairdryer and stained carpet. For these prices, I expected far more polish--definitely left feeling underwhelmed and overcharged.",1,custom_youkichirou-s-deepseek,short,negative,unstructured,zero_shot,short_negative_unstructured_zero_shot,2,203,31,200,1,1,1.0,12,2026-09-01T12:44:39.754384+00:00
fake,monaco,Hotel,"The hype is all wrong for this place. Room was tiny, walls paper-thin, and the 'vibe' couldn't mask the stale smell and rude front desk. Paid a fortune for a headache. Never again.",1,custom_youkichirou-s-deepseek,short,negative,unstructured,zero_shot,short_negative_unstructured_zero_shot,3,180,33,200,1,1,1.0,12,2026-09-01T12:44:42.411131+00:00
fake,omni,Hotel,"The Omni is really showing its age. The hallway smelled like old carpet and the air conditioner rattled all night, making sleep impossible. Staff were polite but offered little help. Definitely not worth the premium price.",1,custom_youkichirou-s-deepseek,short,negative,unstructured,zero_shot,short_negative_unstructured_zero_shot,4,222,36,200,1,1,1.0,12,2026-09-01T12:44:44.931974+00:00
fake,palmer,Hotel,"The hotel Palmer is seriously tired--our room had scuffed walls and a broken desk lamp, while the breakfast buffet featured congealed eggs and lukewarm coffee. For these rates, I'd expect fresh towels daily, not a worn-out stay.",1,custom_youkichirou-s-deepseek,short,negative,unstructured,zero_shot,short_negative_unstructured_zero_shot,5,228,37,200,1,1,1.0,12,2026-09-01T12:44:48.291594+00:00
fake,sheraton,Hotel,Booked a city view but got a parking lot; AC sounded like a jet engine and the hallways smelled like old fries. Staff were polite but the whole stay felt rundown and overpriced for what we got.,1,custom_youkichirou-s-deepseek,short,negative,unstructured,zero_shot,short_negative_unstructured_zero_shot,6,193,37,200,1,1,1.0,12,2026-09-01T12:44:50.861752+00:00
fake,sofitel,Hotel,"Booked the Sofitel expecting Parisian elegance, but got worn carpets, a broken mini-bar, and staff who seemed annoyed by every request. The 'quiet' room faced a jackhammer. Not worth the premium--I'd pick a clean mid-range hotel next time.",1,custom_youkichirou-s-deepseek,short,negative,unstructured,zero_shot,short_negative_unstructured_zero_shot,7,239,38,200,1,1,1.0,12,2026-09-01T12:44:54.336579+00:00
fake,swissotel,Hotel,The air conditioning barely worked and the hallways smelled like stale cigarettes. Staff were polite but painfully slow to respond when our sink clogged. Definitely not worth the premium price for such a worn-down room.,1,custom_youkichirou-s-deepseek,short,negative,unstructured,zero_shot,short_negative_unstructured_zero_shot,8,219,35,200,1,1,1.0,12,2026-09-01T12:44:57.048297+00:00
fake,talbott,Hotel,The beds were rock hard and the walls paper-thin; I heard every elevator ding and hallway conversation. Service felt indifferent and our room wasn't ready until past check-in. Disappointing for the price.,1,custom_youkichirou-s-deepseek,short,negative,unstructured,zero_shot,short_negative_unstructured_zero_shot,9,204,32,200,1,1,1.0,12,2026-09-01T12:45:00.494026+00:00
fake,affinia,Hotel,Room smelled like stale smoke and the AC rattled all night. Front desk shrugged when I asked to switch. Paid way too much for a broken shower head and paper-thin walls. Won't be back.,1,custom_youkichirou-s-deepseek,short,negative,unstructured,zero_shot,short_negative_unstructured_zero_shot,10,183,34,200,1,1,1.0,12,2026-09-01T12:45:04.094879+00:00
fake,allegro,Hotel,"The location is great, but the room was dated and the bathroom smelled musty. Staff were indifferent when I complained, and the thin walls meant I heard every word from the neighbors. Left feeling ripped off.",1,custom_youkichirou-s-deepseek,short,negative,unstructured,zero_shot,short_negative_unstructured_zero_shot,11,208,36,200,1,1,1.0,12,2026-09-01T12:45:06.655148+00:00
fake,amalfi,Hotel,"The location was lovely, but the hotel itself feels tired and dated. The air conditioning barely worked, breakfast was chaotic, and our room smelled musty. Definitely not worth the premium price we paid.",1,custom_youkichirou-s-deepseek,short,negative,unstructured,zero_shot,short_negative_unstructured_zero_shot,12,203,33,200,1,1,1.0,12,2026-09-01T12:45:37.479293+00:00
fake,ambassador,Hotel,"The 'Ambassador' promised much but delivered little. Our room had a broken AC and the pool was drained all weekend. Staff were indifferent, and the breakfast was borderline inedible. Save your money.",1,custom_youkichirou-s-deepseek,short,negative,unstructured,zero_shot,short_negative_unstructured_zero_shot,13,199,32,200,1,1,1.0,12,2026-09-01T12:45:40.064867+00:00
fake,conrad,Hotel,"The hallways smelled like stale cigarette smoke, and housekeeping ignored our request for extra towels twice. Honestly, for these prices, the threadbare carpets and lukewarm shower were a total letdown. We left feeling ripped off.",1,custom_youkichirou-s-deepseek,short,negative,unstructured,zero_shot,short_negative_unstructured_zero_shot,14,230,35,200,1,1,1.0,12,2026-09-01T12:45:42.898502+00:00
fake,fairmont,Hotel,"Booked the Fairmont expecting luxury, but everything felt tired and understaffed. Waited 40 minutes for room service, and the 'renovated' room had peeling wallpaper and a broken AC. Definitely not worth the premium rate.",1,custom_youkichirou-s-deepseek,short,negative,unstructured,zero_shot,short_negative_unstructured_zero_shot,15,220,34,200,1,1,1.0,12,2026-09-01T12:45:45.377780+00:00
fake,hardrock,Hotel,"The room was shabby and smelled like stale smoke, plus the AC sounded like a lawnmower all night. Staff were indifferent, and the 'rock star' vibe felt more like a cheap motel. Total letdown for the price.",1,custom_youkichirou-s-deepseek,short,negative,unstructured,zero_shot,short_negative_unstructured_zero_shot,16,205,37,200,1,1,1.0,12,2026-09-01T12:45:48.107102+00:00
fake,hilton,Hotel,"Room smelled of stale cigarette smoke despite the no-smoking tag, and the AC rattled all night. Waited 40 minutes for a lukewarm breakfast. Definitely not the Hilton standard I remember.",1,custom_youkichirou-s-deepseek,short,negative,unstructured,zero_shot,short_negative_unstructured_zero_shot,17,186,30,200,1,1,1.0,12,2026-09-01T12:45:50.365187+00:00
fake,homewood,Hotel,"The room was tired and smelled like old cigarettes, and the breakfast eggs were cold rubber. Tried to get extra towels and waited an hour. For this price, I expected so much more.",1,custom_youkichirou-s-deepseek,short,negative,unstructured,zero_shot,short_negative_unstructured_zero_shot,18,179,33,200,1,1,1.0,12,2026-09-01T12:45:52.745872+00:00
fake,hyatt,Hotel,"The air conditioning barely worked, the hallway smelled like stale smoke, and housekeeping never once replaced our towels. For these prices, I expected far better. Left feeling completely underwhelmed and exhausted.",1,custom_youkichirou-s-deepseek,short,negative,unstructured,zero_shot,short_negative_unstructured_zero_shot,19,215,31,200,1,1,1.0,12,2026-09-01T12:45:55.121608+00:00
fake,intercontinental,Hotel,"Beautiful property, but the staff seemed overwhelmed and indifferent. Waited 20 minutes for basic room service, and the AC never cooled properly. Not the luxury experience I paid for.",1,custom_youkichirou-s-deepseek,short,negative,unstructured,zero_shot,short_negative_unstructured_zero_shot,20,183,29,200,1,1,1.0,12,2026-09-01T12:45:57.429762+00:00
fake,james,Hotel,"The air conditioning barely worked and the hallway smelled like stale cigarettes. For the price, the paper-thin walls and worn-out furniture felt like a real rip-off. I expected so much more.",1,custom_youkichirou-s-deepseek,short,negative,unstructured,zero_shot,short_negative_unstructured_zero_shot,21,191,31,200,1,1,1.0,12,2026-09-01T12:45:59.811133+00:00
fake,knickerbocker,Hotel,"Service was indifferent and the room felt dated, with a broken AC that took hours to fix. The noise from the bar below made rest impossible, and I left feeling ripped off for the price.",1,custom_youkichirou-s-deepseek,short,negative,unstructured,zero_shot,short_negative_unstructured_zero_shot,22,185,35,200,1,1,1.0,12,2026-09-01T12:46:02.925966+00:00
fake,monaco,Hotel,"The staff were lovely, but felt like they were working against the building. Bathroom had a persistent musty smell and the hallways were loud until 3 AM. Not the chic, romantic escape I'd hoped for at this price.",1,custom_youkichirou-s-deepseek,short,negative,unstructured,zero_shot,short_negative_unstructured_zero_shot,23,212,38,200,1,1,1.0,12,2026-09-01T12:46:05.624782+00:00
fake,omni,Hotel,"The Omni looked grand in photos, but our room was dated, with a musty smell and paper-thin walls. Staff were polite but slow, and the overpriced valet was a joke. Left feeling ripped off.",1,custom_youkichirou-s-deepseek,short,negative,unstructured,zero_shot,short_negative_unstructured_zero_shot,24,187,34,200,1,1,1.0,12,2026-09-01T12:46:09.759561+00:00
fake,palmer,Hotel,"The location is convenient, but the room felt tired and the hallway noise was relentless. The promised 'city view' was mostly a brick wall, and breakfast was a sad, lukewarm afterthought. Overall, this stay was a miss for the price.",1,custom_youkichirou-s-deepseek,short,negative,unstructured,zero_shot,short_negative_unstructured_zero_shot,25,232,40,200,1,1,1.0,12,2026-09-01T12:46:12.499798+00:00
fake,sheraton,Hotel,"The room's worn furniture and flickering bathroom light set the tone. Staff seemed overwhelmed, and the AC rattled all night. Honestly expected far more polish from a Sheraton--left frustrated and disappointed.",1,custom_youkichirou-s-deepseek,short,negative,unstructured,zero_shot,short_negative_unstructured_zero_shot,26,210,31,200,1,1,1.0,12,2026-09-01T12:46:15.248879+00:00
fake,sofitel,Hotel,"The rooms are stunning, but the staff seemed overwhelmed and indifferent during our entire stay. We waited over an hour for luggage delivery, and the pool was inexplicably closed for a private event without notice. Expected far more for the price.",1,custom_youkichirou-s-deepseek,short,negative,unstructured,zero_shot,short_negative_unstructured_zero_shot,27,247,41,200,1,1,1.0,12,2026-09-01T12:46:19.407499+00:00
fake,swissotel,Hotel,"The location is fantastic, but that's where the positives end. Our room felt tired, the air conditioning was broken, and housekeeping never replaced the towels. A truly disappointing stay for the price.",1,custom_youkichirou-s-deepseek,short,negative,unstructured,zero_shot,short_negative_unstructured_zero_shot,28,202,32,200,1,1,1.0,12,2026-09-01T12:46:22.067937+00:00
fake,talbott,Hotel,"Disappointing stay. AC rattled all night, and the bathroom had a lingering musty smell. Staff were polite but shrugged off the noise complaint. Not worth the boutique price.",1,custom_youkichirou-s-deepseek,short,negative,unstructured,zero_shot,short_negative_unstructured_zero_shot,29,173,28,200,1,1,1.0,12,2026-09-01T12:46:24.459977+00:00
fake,affinia,Hotel,"The room was worn and the AC rattled all night, plus the 'city view' was a brick wall. Staff seemed annoyed by basic requests, so I'd skip this place next time.",1,custom_youkichirou-s-deepseek,short,negative,unstructured,zero_shot,short_negative_unstructured_zero_shot,30,160,31,200,1,1,1.0,12,2026-09-01T12:46:27.178349+00:00
fake,allegro,Hotel,"The room was so noisy my neighbor's phone conversation kept me up half the night. Staff seemed annoyed when I asked for towels, and the AC barely worked, making it stuffy. Beautiful lobby, but that's where it ends. Not worth it.",1,custom_youkichirou-s-deepseek,short,negative,unstructured,zero_shot,short_negative_unstructured_zero_shot,31,228,41,200,1,1,1.0,12,2026-09-01T12:46:31.116119+00:00
fake,amalfi,Hotel,"The location was stunning, but that's where the magic ended. Our room smelled musty, the air conditioning barely worked, and the breakfast buffet was lukewarm and chaotic every single morning. Expected so much more for the price.",1,custom_youkichirou-s-deepseek,short,negative,unstructured,zero_shot,short_negative_unstructured_zero_shot,32,229,37,200,1,1,1.0,12,2026-09-01T12:46:34.982459+00:00
fake,ambassador,Hotel,"The breakfast buffet was a chaotic free-for-all with empty chafing dishes, and housekeeping never once replenished our towels despite the 'do not disturb' sign we never hung. Save your money for somewhere that actually cares about guests.",1,custom_youkichirou-s-deepseek,short,negative,unstructured,zero_shot,short_negative_unstructured_zero_shot,33,238,37,200,1,1,1.0,12,2026-09-01T12:46:40.568322+00:00
fake,conrad,Hotel,"The service was painfully slow and the staff seemed overwhelmed, though the room itself was clean. For these prices, the dated hallway carpet and the busted espresso machine in the cafe were a real letdown. I expected far more polish.",1,custom_youkichirou-s-deepseek,short,negative,unstructured,zero_shot,short_negative_unstructured_zero_shot,34,234,40,200,1,2,1.0,12,2026-09-01T12:46:48.056503+00:00
fake,fairmont,Hotel,"My anniversary dinner reservation was lost, and the front desk shrugged it off. The room's air conditioning rattled all night, and housekeeping forgot our turn-down service. For this price, I expected polish, not problems.",1,custom_youkichirou-s-deepseek,short,negative,unstructured,zero_shot,short_negative_unstructured_zero_shot,35,222,34,200,1,1,1.0,12,2026-09-01T12:46:50.554242+00:00
fake,hardrock,Hotel,"The room was tired and the AC sounded like a jet engine all night. Staff were indifferent when I complained, and the pool felt more like a crowded public bath. Left with a sour taste for the price.",1,custom_youkichirou-s-deepseek,short,negative,unstructured,zero_shot,short_negative_unstructured_zero_shot,36,197,38,200,1,1,1.0,12,2026-09-01T12:46:53.226471+00:00
fake,hilton,Hotel,"The room was tired and smelled musty, and the air conditioning rattled all night. The front desk staff were polite but couldn't fix the noise, and breakfast was a chaotic, understocked scramble. Not the Hilton standard I remember.",1,custom_youkichirou-s-deepseek,short,negative,unstructured,zero_shot,short_negative_unstructured_zero_shot,37,230,38,200,1,1,1.0,12,2026-09-01T12:46:56.033057+00:00
fake,homewood,Hotel,"Booked a suite for a weekend getaway, but the room smelled musty and the A/C sounded like a jet engine all night. The front desk was indifferent when I complained, and breakfast ran out by 9 AM. Overpriced for the wear and tear.",1,custom_youkichirou-s-deepseek,short,negative,unstructured,zero_shot,short_negative_unstructured_zero_shot,38,228,43,200,1,1,1.0,12,2026-09-01T12:46:59.836898+00:00
fake,hyatt,Hotel,"The staff were lovely, but the room felt dated and smelled musty. The AC was loud all night, and the breakfast buffet was a sad, overpriced spread. Not the Hyatt standard I expected at all.",1,custom_youkichirou-s-deepseek,short,negative,unstructured,zero_shot,short_negative_unstructured_zero_shot,39,189,35,200,1,1,1.0,12,2026-09-01T12:47:03.001009+00:00
fake,intercontinental,Hotel,"Disappointed. Check-in took forever, the room smelled musty, and housekeeping forgot towels twice. For this price, I expect the 'luxury' they advertise, not worn carpets and lukewarm water. Won't be back.",1,custom_youkichirou-s-deepseek,short,negative,unstructured,zero_shot,short_negative_unstructured_zero_shot,40,204,31,200,1,1,1.0,12,2026-09-01T12:47:05.756640+00:00
fake,james,Hotel,"I booked a King Deluxe expecting the loyalty perks I was promised, but the front desk shrugged me off. The room's AC rattled all night, and the hallway smelled like stale smoke. Definitely not worth the $400.",1,custom_youkichirou-s-deepseek,short,negative,unstructured,zero_shot,short_negative_unstructured_zero_shot,41,208,37,200,1,1,1.0,12,2026-09-01T12:47:09.309146+00:00
fake,knickerbocker,Hotel,"The outdated room smelled musty, and the air conditioning sounded like a lawnmower all night. The staff at check-in seemed annoyed by my questions. You'd expect more for these prices.",1,custom_youkichirou-s-deepseek,short,negative,unstructured,zero_shot,short_negative_unstructured_zero_shot,42,183,30,200,1,1,1.0,12,2026-09-01T12:47:12.190381+00:00
fake,monaco,Hotel,"The quirky decor was charming, but the wall-thin noise from the street and hallway made sleep impossible. Service felt indifferent, and the broken AC in our room sealed a disappointing stay.",1,custom_youkichirou-s-deepseek,short,negative,unstructured,zero_shot,short_negative_unstructured_zero_shot,43,190,31,200,1,1,1.0,12,2026-09-01T12:47:14.983701+00:00
fake,omni,Hotel,"Checked in after 4 PM only to find our room wasn't ready, and the front desk was indifferent when we complained. The air conditioning rattled all night, and the overpriced breakfast buffet was cold and stale. Not worth the hype.",1,custom_youkichirou-s-deepseek,short,negative,unstructured,zero_shot,short_negative_unstructured_zero_shot,44,228,40,200,1,1,1.0,12,2026-09-01T12:47:18.495349+00:00
fake,palmer,Hotel,"The air conditioning barely worked and the room was stuffy all night. Staff seemed annoyed when I asked for extra towels. Overpriced for what you get, and the walls are paper thin. Won't return.",1,custom_youkichirou-s-deepseek,short,negative,unstructured,zero_shot,short_negative_unstructured_zero_shot,45,194,34,200,1,1,1.0,12,2026-09-01T12:47:21.087111+00:00
fake,sheraton,Hotel,"The staff were lovely, but the room felt tired and the AC barely worked. The hallway noise kept me up all night, and breakfast was a sad, overpriced buffet. Not the Sheraton standard I remembered.",1,custom_youkichirou-s-deepseek,short,negative,unstructured,zero_shot,short_negative_unstructured_zero_shot,46,196,35,200,1,1,1.0,12,2026-09-01T12:47:23.953395+00:00
fake,sofitel,Hotel,"The grand lobby promised luxury, but our room smelled of damp carpet and the AC rattled all night. Breakfast was chaos, and staff seemed annoyed by basic requests. Not the Sofitel standard I remember.",1,custom_youkichirou-s-deepseek,short,negative,unstructured,zero_shot,short_negative_unstructured_zero_shot,47,200,34,200,1,1,1.0,12,2026-09-01T12:47:26.756506+00:00
fake,swissotel,Hotel,"The room felt dated and the air conditioning rattled all night, making sleep impossible. Breakfast was a chaotic stampede with lukewarm food, and the front desk seemed annoyed by every request--hardly the standard you'd expect from this name.",1,custom_youkichirou-s-deepseek,short,negative,unstructured,zero_shot,short_negative_unstructured_zero_shot,48,242,38,200,1,2,1.0,12,2026-09-01T12:48:26.200870+00:00
fake,talbott,Hotel,"The Talbotts antique charm wore thin fast--our 'deluxe' room was cramped, the AC rattled all night, and the front desk shrugged off our noise complaints. Overpriced and underwhelming; we cut our stay short.",1,custom_youkichirou-s-deepseek,short,negative,unstructured,zero_shot,short_negative_unstructured_zero_shot,49,206,33,200,1,1,1.0,12,2026-09-01T12:48:28.953533+00:00
fake,affinia,Hotel,"My only regret is that I booked just one night at Affinia--I could have happily holed up for a week. The room was a quiet sanctuary despite being on a busy street; I never heard a peep from neighbors or traffic, and the blackout curtains did their job perfectly. I slept like a log on that firm-but-plush bed, waking only to the sun sneaking past the edges. Wi-Fi was fast and stable the whole time, no annoying login drops, which meant I actually finished my emails instead of rage-quitting. Location was ideal for walking everywhere, and the front desk even remembered my name the next morning. It felt less like a chain and more like a well-run boutique. I'm already checking dates for a return trip.",1,custom_youkichirou-s-deepseek,long,positive,structured,few_shot,long_positive_structured_few_shot,0,703,126,700,1,1,1.0,12,2026-09-01T12:48:33.853669+00:00
fake,allegro,Hotel,"I wasn't expecting much from a mid-range hotel, but the Allegro genuinely surprised me. I slept like a log--the blackout curtains did their job, and the mattress had that perfect firm-but-plush balance. The WiFi held up even when I was streaming late at night, which is more than I can say for most places. My room was spotless: no dust on the baseboards, fresh-smelling linens, and a bathroom that looked like it had been scrubbed that morning. As for the decor, it's a bit of a time capsule--think early 2000s business chic with dark wood and geometric patterns--but it's well-maintained and has its own quiet charm. The location was ideal for walking to dinner and the staff at the front desk were genuinely warm. I'd book again without hesitation.",1,custom_youkichirou-s-deepseek,long,positive,structured,few_shot,long_positive_structured_few_shot,1,751,129,700,1,1,1.0,12,2026-09-01T12:48:38.589132+00:00
fake,amalfi,Hotel,"My stay at the Hotel Amalfi was genuinely relaxing, and it's rare I find a city hotel that hits this many notes so well. I was a bit worried about street noise given the location, but our room faced the inner courtyard and it was wonderfully quiet--I slept through all eight hours without a single interruption. The Wi-Fi was solid too, which mattered since I had to answer a few work emails; no dropped connections, and the speed was plenty for video calls. Breakfast was a pleasant surprise: fresh pastries, decent coffee, eggs made to order, and a nice spread of local cheeses. The room itself was spotless, with crisp white linens and a bathroom that looked like it had just been deep-cleaned. Honestly, the whole stay felt effortless, and I'd happily return.",1,custom_youkichirou-s-deepseek,long,positive,structured,few_shot,long_positive_structured_few_shot,2,763,133,700,1,1,1.0,12,2026-09-01T12:48:43.477277+00:00
fake,ambassador,Hotel,"My stay at the Ambassador was genuinely pleasant, and I left feeling like I'd gotten real value for the money. The room was spotless from top to bottom; I checked the corners and baseboards out of habit, and there wasn't a speck of dust anywhere. The bathroom was compact but smartly arranged, with a walk-in rain shower that had solid water pressure and thick, fluffy towels that actually dried you off. I'll admit the decor leans slightly retro--think warm woods and muted golds--but it's well-maintained and has a cozy, almost vintage charm rather than feeling tired or neglected. What impressed me most, though, was the sleep quality: the blackout curtains seal out all street light, and the mattress has that perfect firm-but-giving feel. I woke up once for water and fell right back asleep, which never happens at home. Service at check-in was quick and friendly, too. I'd happily book here again for a quiet, comfortable city break.",1,custom_youkichirou-s-deepseek,long,positive,structured,few_shot,long_positive_structured_few_shot,3,939,158,700,1,1,1.0,12,2026-09-01T12:48:50.146332+00:00
fake,conrad,Hotel,"I booked the Conrad for a work trip and came away genuinely impressed. The staff were the standout--from the doorman remembering my name by day two to the front-desk agent who proactively rebooked my taxi when a meeting ran long. Breakfast was a cut above the usual hotel buffet: the made-to-order omelets were perfect, and the fresh pastries disappeared fast, which tells you everything. My room faced the street, yet I heard next to nothing once the window was shut; even the hallway noise was minimal. The Wi-Fi held up flawlessly through two video calls and a late-night streaming session without a single drop. It's not the flashiest property, but the consistency and care made it a restful, productive stay. I'd happily return.",1,custom_youkichirou-s-deepseek,long,positive,structured,few_shot,long_positive_structured_few_shot,4,733,123,700,1,1,1.0,12,2026-09-01T12:48:54.587082+00:00
fake,fairmont,Hotel,"I wasn't entirely sure what to expect from the Fairmont, but I left genuinely impressed--and a little sad to go. The bed was so comfortable that I slept through my alarm twice, which never happens at home. Our room faced the inner courtyard, and aside from the faint hum of the HVAC, it was wonderfully quiet; I heard zero hallway noise all weekend. The wifi held up perfectly, even during evening video calls from the lounge. If anything, the three nights felt too brief--I'd have happily stayed another day just to use the pool more. Service was attentive without hovering, and the breakfast spread was worth waking up for. Minor quibble: the bathroom door stuck slightly, but that hardly overshadowed an otherwise polished stay. I'd return in a heartbeat.",1,custom_youkichirou-s-deepseek,long,positive,structured,few_shot,long_positive_structured_few_shot,5,758,129,700,1,1,1.0,12,2026-09-01T12:48:59.296016+00:00
fake,hardrock,Hotel,"Breakfast at the Hard Rock was surprisingly solid for a hotel--think made-to-order omelets and a decent spread of fresh fruit and pastries, not just the usual sad continental slap. The staff genuinely set the tone though; the front desk crew remembered my name by day two and the bellman flagged me down with a spare umbrella when a freak storm rolled in. Honestly, for what you get--the location, the pool, the little rock-and-roll touches in the room--it felt like a fair deal, even if the weekend rate stings a bit. I was braced for thin walls and party noise, but my floor was quiet after 11, and the blackout curtains did the heavy lifting for sleep. A couple of minor wear marks in the hallway kept it from a perfect score, but I'd book again without hesitation.",1,custom_youkichirou-s-deepseek,long,positive,structured,few_shot,long_positive_structured_few_shot,6,768,137,700,1,1,1.0,12,2026-09-01T12:49:04.370359+00:00
fake,hilton,Hotel,"The view from my room on the fifteenth floor was the standout--a sweeping panorama of the skyline that made me linger at the window every evening. The bathroom, while compact, felt wonderfully modern with a rainfall shower head and thick, plush towels that were replenished without me even asking. Staff were consistently warm and efficient, from the valet who remembered my name to the front desk who helped me rebook a dinner reservation when my schedule shifted. The decor, thankfully, doesn't lean into that tired beige-and-maroon look; instead, it's sleek with dark wood accents and tasteful, contemporary art that feels intentional rather than generic. Everything functioned flawlessly, and the bed was genuinely comfortable. A few minor scuffs on the hallway baseboards are the only hint of wear. Overall, a polished, dependable stay that exceeded my expectations--I'd happily return.",1,custom_youkichirou-s-deepseek,long,positive,structured,few_shot,long_positive_structured_few_shot,7,891,138,700,1,1,1.0,12,2026-09-01T12:49:09.249636+00:00
fake,homewood,Hotel,"I was a little wary about booking Homewood given the price, but after three nights, I genuinely feel it was money well spent. The room wasn't just tidy; it was spotless, with fresh-smelling linens and a carpet that showed no signs of wear. The bathroom surprised me--plenty of counter space, a powerful showerhead with great water pressure, and a mirror that didn't fog up immediately, which is a small victory. What really sealed it, though, was the sleep quality. The blackout curtains did their job flawlessly, and the mattress had that perfect firmness that supports you without feeling like a board. I woke up refreshed each morning, which rarely happens in hotels. The check-in was smooth, and the lobby had a nice, quiet vibe. For a comfortable, hassle-free stay that doesn't nickel-and-dime you, this place hits the mark. I'd book again.",1,custom_youkichirou-s-deepseek,long,positive,structured,few_shot,long_positive_structured_few_shot,8,845,141,700,1,1,1.0,12,2026-09-01T12:49:13.700292+00:00
fake,hyatt,Hotel,"The Hyatt turned out to be a solid choice for my three-night stay. I was initially worried the common areas might feel tired, but the lobby and hallways have a clean, contemporary vibe that hasn't aged poorly. The room itself was quiet, and the bed was the real standout--I slept better here than I have at home in weeks, thanks to the firm mattress and blackout curtains that actually did their job. The bathroom was a pleasant surprise: a rainfall shower with strong water pressure and plenty of hot water, plus generous counter space that didn't get cluttered. Given the location and the level of comfort, I felt the rate was fair, especially compared to nearby options with less to offer. The only minor quibble was the slightly worn carpet near the door, but it didn't detract from an otherwise restful and worthwhile stay. I'd happily book here again.",1,custom_youkichirou-s-deepseek,long,positive,structured,few_shot,long_positive_structured_few_shot,9,857,149,700,1,1,1.0,12,2026-09-01T12:49:21.746808+00:00
fake,intercontinental,Hotel,"Our three-night escape at the Intercontinental felt like a single, blissful afternoon--I actually found myself wishing we'd booked one more day just to linger over that skyline view from the 22nd floor. The room was immaculate, with crisp white linens and a bathroom so spotless it gleamed under the soft lighting. Housekeeping even folded my stray charging cable into a neat coil, a small touch that spoke volumes. The Wi-Fi was flawless from check-in to checkout, handling both work calls and late-night streaming without a hiccup. I'm not one to gush, but the floor-to-ceiling windows framed Lake Michigan so perfectly that I caught myself staring out more than watching TV. Genuinely, a stay that felt both too short and exactly right.",1,custom_youkichirou-s-deepseek,long,positive,structured,few_shot,long_positive_structured_few_shot,10,739,121,700,1,1,1.0,12,2026-09-01T12:49:26.603639+00:00
fake,james,Hotel,"I'll admit I booked the James mostly for its address, but the stay itself turned out to be the highlight of my trip. The room wasn't huge, but it was spotless--fresh linens, no stray hairs in the bathroom, and the walk-in shower had excellent water pressure. What really stood out was the staff: from the front desk who remembered my name to the concierge who circled three under-the-radar restaurants on a map, everyone seemed genuinely happy to help. Location-wise, you're steps from the river and a short stroll to Michigan Avenue, yet the street itself felt calm at night. I slept better than I have in months. Minor quibble: the hallway ice machine was out on my floor, but that's hardly a dealbreaker. I'd return in a heartbeat, and I've already recommended it to two coworkers.",1,custom_youkichirou-s-deepseek,long,positive,structured,few_shot,long_positive_structured_few_shot,11,784,136,700,1,1,1.0,12,2026-09-01T12:49:40.662081+00:00
fake,knickerbocker,Hotel,"The Knickerbocker turned out to be a surprisingly restful hideaway despite its central location. Our room faced the inner courtyard, so street noise was virtually nonexistent--just the faint, pleasant hum of the city far below. The view, while not skyline-facing, had a quiet charm: rooftops and leafy terraces that felt private and calm. As for cleanliness, I'm particular, and I found zero faults; the white linens were crisp, the bathroom gleamed, and the carpets looked freshly vacuumed. The staff genuinely elevated the stay. From the doorman who remembered our name to the front desk agent who patiently rebooked our dinner reservation after a mix-up, everyone seemed to anticipate needs before we voiced them. Even the housekeeping team left a handwritten note about the weather forecast. It's rare to find that blend of efficiency and warmth. I left feeling genuinely refreshed, not just tolerated. I would absolutely return.",1,custom_youkichirou-s-deepseek,long,positive,structured,few_shot,long_positive_structured_few_shot,12,933,147,700,1,1,1.0,12,2026-09-01T12:49:45.827586+00:00
fake,monaco,Hotel,"Stayed three nights at Hotel Monaco and came away genuinely impressed. The wifi was rock-solid from the moment I connected--I streamed video calls and work files without a single drop, which is rarer than it should be downtown. My room's bathroom had a rainfall shower with strong pressure and plenty of hot water, plus fluffy towels that actually smelled fresh. Street traffic was audible on the lower floor, but the double-paned windows and white-noise machine in the closet kept it easy to sleep by midnight. Location couldn't be beat: four blocks from the train, a two-minute walk to a decent coffee shop, and an easy stroll to the riverfront for evening walks. Staff were friendly during check-in, and the lobby's quirky decor grew on me. Would happily book again.",1,custom_youkichirou-s-deepseek,long,positive,structured,few_shot,long_positive_structured_few_shot,13,769,129,700,1,1,1.0,12,2026-09-01T12:49:51.219980+00:00
fake,omni,Hotel,"From the moment I checked in, the Omni felt like a calm retreat tucked right in the middle of the city's energy. My room on the 14th floor faced the lake, and I caught a spectacular sunset over the water that I didn't expect to see from a business trip. What impressed me most was how genuinely quiet it was--I heard none of the typical street noise or hallway chatter, and I slept deeply both nights, waking up refreshed before my meetings. The bathroom was a real highlight: a spacious walk-in shower with excellent water pressure, thick towels, and plenty of counter space for my toiletries. Everything felt thoughtfully designed for comfort rather than just style. The staff were warm without being intrusive, and location-wise, I could walk to dinner easily. I'd gladly book here again for a stay that balances work and relaxation effortlessly.",1,custom_youkichirou-s-deepseek,long,positive,structured,few_shot,long_positive_structured_few_shot,14,849,145,700,1,1,1.0,12,2026-09-01T12:49:56.328915+00:00
fake,palmer,Hotel,"I wasn't expecting much from a mid-range property, but the Palmer genuinely surprised me. The decor does lean traditional--think rich wood and classic patterned carpets--yet it's been maintained so well that it feels charming rather than tired. The staff were the real highlight: the front desk remembered my name by the second day, and the bellman gave me a fantastic local eatery tip that wasn't in any guidebook. Breakfast was a pleasant affair, with made-to-order omelets and proper strong coffee, all served without a chaotic rush. Despite being near a busy avenue, my room was remarkably quiet--the double-paned windows did their job perfectly, and I slept soundly both nights. For the rate I paid, this felt like a genuine bargain, and I'd happily book here again on my next visit.",1,custom_youkichirou-s-deepseek,long,positive,structured,few_shot,long_positive_structured_few_shot,15,788,130,700,1,1,1.0,12,2026-09-01T12:50:00.840105+00:00
fake,sheraton,Hotel,"Our three-night stay at the Sheraton flew by far too quickly--the kind of visit where you find yourself lingering over coffee in the lobby just to soak up the atmosphere a little longer. The front desk team was genuinely warm, remembering our names by day two and offering a fantastic local bakery tip that became our morning ritual. We booked a high-floor room with a skyline view, and watching the city lights flicker on each evening felt like a private show. Given the plush bedding, spotless bathroom, and the surprisingly robust breakfast buffet, I'd say the rate was absolutely fair for what you get. I honestly wouldn't change a thing, except maybe steal one more night on that balcony.",1,custom_youkichirou-s-deepseek,long,positive,structured,few_shot,long_positive_structured_few_shot,16,693,119,700,1,1,1.0,12,2026-09-01T12:50:04.784727+00:00
fake,sofitel,Hotel,"My long weekend at Sofitel felt far too brief--I could have happily lingered another few days just to soak in that skyline view from my room. The floor-to-ceiling windows framed the city beautifully at both sunrise and nightfall. What truly set the stay apart, though, was the staff: every doorman, front desk agent, and housekeeper seemed genuinely invested in my comfort, remembering my name by the second morning. Breakfast was a quiet pleasure--flaky croissants, made-to-order omelets, and fresh-squeezed orange juice served in a serene dining room that never felt rushed. The bed was plush, the bathroom elegant, and the location made evening strolls effortless. I left only wishing I'd booked one more night.",1,custom_youkichirou-s-deepseek,long,positive,structured,few_shot,long_positive_structured_few_shot,17,714,113,700,1,1,1.0,12,2026-09-01T12:50:09.241154+00:00
fake,swissotel,Hotel,"Checking in was seamless--the front desk team even remembered my name the next morning, which felt personal without being overbearing. The bathroom was a genuine highlight: a rain shower with strong pressure, plus a deep soaking tub that I actually used twice. I'd booked three nights but left wishing for one more, though that's more a compliment than a complaint. The location made exploring easy, yet the rooms insulated me from street noise entirely. For the rate I paid, considering the breakfast spread and the evening turndown service with chocolates, I felt the value was solid--not a steal, but fair for the quality. Staff everywhere, from housekeeping to the concierge, were attentive without hovering. I'd gladly return, and likely will on my next trip.",1,custom_youkichirou-s-deepseek,long,positive,structured,few_shot,long_positive_structured_few_shot,18,764,124,700,1,1,1.0,12,2026-09-01T12:50:13.520658+00:00
fake,talbott,Hotel,"My stay at Hotel Talbott was a pleasant surprise from start to finish. The front desk team greeted me with genuine warmth, even remembering my name when I returned from dinner. My room was spotless--the kind of clean that makes you want to kick off your shoes immediately. Despite being on Dearborn, I heard almost nothing from the street; the windows did wonders, and the hallway noise was minimal, which made for a truly restful night. The location is unbeatable for exploring the Loop or hopping on the riverwalk, and the Mag Mile is just a pleasant stroll away. The bathroom had great water pressure, and the bed was firm but comfortable. It's not a flashy property, but it's efficient, charming, and well-run. I'd gladly book here again for a business trip or a weekend away.",1,custom_youkichirou-s-deepseek,long,positive,structured,few_shot,long_positive_structured_few_shot,19,780,136,700,1,1,1.0,12,2026-09-01T12:50:17.581238+00:00
fake,affinia,Hotel,"I was pleasantly surprised by how quiet my room at Affinia was--despite being on a lower floor, street noise never intruded, and the blackout curtains made for deep, restful sleep. The bathroom felt freshly updated with a rainfall showerhead and soft towels, though the vanity lighting was a touch dim for getting ready. My corner room faced the river, and watching the lights flicker on the city skyline at dusk became my favorite evening ritual. The decor skews mid-2000s boutique--dark woods and geometric accents that aren't exactly cutting-edge but remain clean and comfortable, showing minimal wear. Staff remembered my name by day two, and the lobby coffee bar was a lifesaver. Not a five-star luxury property, but for location and value, I'd happily book again.",1,custom_youkichirou-s-deepseek,long,positive,structured,few_shot,long_positive_structured_few_shot,20,769,125,700,1,1,1.0,12,2026-09-01T12:50:22.071046+00:00
fake,allegro,Hotel,"The third-floor room looked straight onto the leafy courtyard, not the city skyline, but that turned out to be a blessing--morning light filtered through the maples without any street noise. The wifi held strong even during evening video calls, which surprised me for an older building. Decor-wise, the lobby keeps its classic Art Deco bones, and the guest rooms walk a fine line: the furniture isn't new, but the crisp white linens and fresh paint keep it from feeling tired. I checked in on a Tuesday and left Thursday, and honestly, that second night flew by. I could have easily stayed one more day just to use the pool terrace again. Breakfast was a simple continental spread, but the coffee was excellent. A solid, comfortable pick, and I'd return without hesitation.",1,custom_youkichirou-s-deepseek,long,positive,structured,few_shot,long_positive_structured_few_shot,21,773,131,700,1,1,1.0,12,2026-09-01T12:50:25.881007+00:00
fake,amalfi,Hotel,"We stayed at the Amalfi for a quick two-nighter, and honestly, I could have used one more day just to soak in the atmosphere. The location was a quiet goldmine--steps from the harbor restaurants but tucked away enough that our room felt like a peaceful retreat. I slept like a log both nights; the blackout curtains did serious work, and the bed had that just-right firmness without any of that annoying sag in the middle. The decor leans traditional rather than trend-forward, think warm wood and soft cream tones, but it felt well-maintained and cozy rather than tired. Our only regret was not booking a longer stay to try the pool and breakfast spread. A genuinely comfortable, convenient stop worth repeating.",1,custom_youkichirou-s-deepseek,long,positive,structured,few_shot,long_positive_structured_few_shot,22,713,121,700,1,1,1.0,12,2026-09-01T12:50:30.310206+00:00
fake,ambassador,Hotel,"I was genuinely surprised by how comfortable this stay turned out to be, especially given the hotel's slightly older reputation. The lobby has that classic, polished feel--marble floors and dark wood--and while the guest corridors show a few scuffs, my room itself felt fresh and well-kept, with a crisp white duvet and modern bedside USB ports. Breakfast was a real highlight: the made-to-order omelet station beat any generic buffet, and the fresh pastries were still warm at 7 a.m. I slept like a log on the firm mattress, and the blackout curtains actually did their job despite the bright streetlights below. The wifi was consistently strong--streamed a movie in bed without a single buffering pause. The only tiny disappointment was the pool being chilly, but that didn't dampen an otherwise smooth, efficient, and pleasant two nights. I'd happily book here again for business or a quick city break.",1,custom_youkichirou-s-deepseek,long,positive,structured,few_shot,long_positive_structured_few_shot,23,905,148,700,1,1,1.0,12,2026-09-01T12:50:35.388517+00:00
fake,conrad,Hotel,"The Conrad exceeded expectations from the moment I walked in. The bathroom was a standout--a massive walk-in rain shower with excellent water pressure, plus thick, plush towels that actually felt spa-quality. As for the decor, it felt refreshingly current, not sterile or tired; the warm wood accents and soft lighting created a genuinely cozy atmosphere. Our room was spotless, with no dust or wear and tear visible anywhere, and the housekeeping team did a meticulous job each day. Breakfast in the restaurant was a lovely surprise: the made-to-order omelets were perfectly fluffy, and the fresh pastries were still warm. Even the coffee was properly strong. Everything felt seamless, calm, and genuinely cared-for. I left feeling rested and impressed, and I'd happily book again without hesitation.",1,custom_youkichirou-s-deepseek,long,positive,structured,few_shot,long_positive_structured_few_shot,24,801,125,700,1,1,1.0,12,2026-09-01T12:50:39.967238+00:00
fake,fairmont,Hotel,"Fairmont Chicago delivers a classic, refined stay rather than cutting-edge style--the lobby's marble and warm wood feel timeless, not tired, and our room's furnishings were well-kept even if the palette leaned traditional. The Wi-Fi was rock solid throughout, easily handling video calls from the desk by the window. Breakfast in the main restaurant was a highlight: the made-to-order omelet bar was quick, and the fresh pastries and strong coffee set us up for a long day of sightseeing. Being steps from Millennium Park and a short walk to the Riverwalk made mornings effortless, and the doormen's transit tips saved us time. Staff were consistently courteous, and the pool was a bonus after a hot afternoon. A dependable, polished choice--I'd book again if returning to the Loop.",1,custom_youkichirou-s-deepseek,long,positive,structured,few_shot,long_positive_structured_few_shot,25,782,126,700,1,1,1.0,12,2026-09-01T12:50:44.462277+00:00
fake,hardrock,Hotel,"From the moment I walked into the lobby with its golden guitars and rock memorabilia, I knew this wasn't going to be your standard cookie-cutter stay. The front desk crew were absolute legends--charming, fast, and genuinely funny, offering tips on the best local taco spots without any of that stiff corporate politeness. My room on the tenth floor was spotless, with crisp white linens and a killer view of the strip, and I never heard a peep from the hallway or neighboring rooms despite the hotel being fully booked. The Wi-Fi was surprisingly solid too; I streamed a movie without a single buffering wheel, which is more than I can say for most places I've crashed. Sure, the pool gets lively and the bar hums at night, but if you're after quiet, the room seals it off beautifully. Solid, rock-and-roll hospitality that actually delivers. I'd come back in a heartbeat.",1,custom_youkichirou-s-deepseek,long,positive,structured,few_shot,long_positive_structured_few_shot,26,872,150,700,1,1,1.0,12,2026-09-01T12:50:49.405233+00:00
fake,hilton,Hotel,"My corner room on the 24th floor had a sweeping view of the river and the skyline that made me want to linger by the window every evening. The wifi was genuinely dependable, even during peak hours, which meant I could stream a movie without a single drop. Breakfast offered a solid spread, from made-to-order omelets to fresh pastries, though the coffee was just okay. What really stood out was the staff: the front desk remembered my name by the second day, and the housekeeping team left a handwritten note about a local running trail I'd inquired about. I've stayed at pricier properties that made me feel more like a transaction; here, every encounter felt personal and unhurried. A few minor scuffs on the hallway paint and a slow elevator on checkout morning were negligible against the warmth and efficiency of the entire stay. I'd gladly return.",1,custom_youkichirou-s-deepseek,long,positive,structured,few_shot,long_positive_structured_few_shot,27,853,147,700,1,1,1.0,12,2026-09-01T12:50:54.087763+00:00
fake,homewood,Hotel,"Breakfast at Homewood was a pleasant surprise--hot scrambled eggs, crispy bacon, and fresh waffles that weren't soggy. The bathroom was spotless with a strong shower and plenty of hot water, though the towels could've been plusher. I slept like a log; the mattress was firm but supportive, and the blackout curtains did their job against the morning sun. The Wi‐Fi held up without a single drop, even while streaming a movie on my laptop. Nothing fancy, but everything worked exactly as it should. Staff were friendly at check-in, and the room felt quiet despite being near the elevator. For the price, this was a solid, hassle-free stay--I'd book again without hesitation.",1,custom_youkichirou-s-deepseek,long,positive,structured,few_shot,long_positive_structured_few_shot,28,673,111,700,1,1,1.0,12,2026-09-01T12:50:57.910529+00:00
fake,hyatt,Hotel,"The Hyatt was a solid choice for our anniversary getaway. The bathroom felt like a small spa retreat, with excellent water pressure in the rainfall shower and thick, fluffy towels that actually wrapped around you. I was pleasantly surprised by how quiet our room was, despite the hotel being fully booked; we never heard hallway chatter or street noise. Our corner room faced the river, and watching the city lights flicker at dusk was a real treat. The housekeeping team clearly took pride in their work--the carpet looked vacuumed, the glass surfaces were streak-free, and the sheets smelled fresh without being overpowering. Everything felt crisply maintained, from the bedside lamps to the minibar. It wasn't flashy, but it was exactly what we needed for a restful weekend, and the front desk even surprised us with a small dessert for our anniversary. We'd happily book here again.",1,custom_youkichirou-s-deepseek,long,positive,structured,few_shot,long_positive_structured_few_shot,29,886,146,700,1,1,1.0,12,2026-09-01T12:51:03.029985+00:00
fake,intercontinental,Hotel,"I booked two nights but left after one, and honestly, that's the only regret I have about my stay at the InterContinental. I slept like a log in the ridiculously comfortable bed, waking only to the soft glow of sunrise over the river. The staff from the doorman to the housekeeping team were unfailingly gracious, never once making me feel rushed or like a bother. Breakfast in the main dining room was a highlight; the made-to-order omelets were perfect, and the fresh pastries were still warm. Between exploring the city and relaxing in my immaculate room, the time simply evaporated. I'm already plotting a return trip with a proper long weekend, because one night here just isn't nearly enough to soak it all in.",1,custom_youkichirou-s-deepseek,long,positive,structured,few_shot,long_positive_structured_few_shot,30,716,124,700,1,1,1.0,12,2026-09-01T12:51:07.730500+00:00
fake,james,Hotel,"I was honestly prepared for downtown noise, but my room on the eighth floor was remarkably peaceful--just the faint hum of the city below. The staff felt genuinely attentive without hovering, especially the front desk agent who remembered I mentioned an early flight and had coffee ready at 6 a.m. The decor surprised me: sleek and crisp, with warm wood accents that still felt current, not like a hotel stuck in 2015. My corner room faced the river, and watching the lights flicker on the skyscrapers at dusk was a quiet thrill. Bathroom was spotless, rainfall shower had real pressure, and the bed was firm enough to sleep like a rock. A few scuffs on the hallway baseboards, but nothing that dampened the experience. I'd absolutely book again next time I'm in town.",1,custom_youkichirou-s-deepseek,long,positive,structured,few_shot,long_positive_structured_few_shot,31,768,133,700,1,1,1.0,12,2026-09-01T12:51:12.716511+00:00
fake,knickerbocker,Hotel,"Our corner room at the Knickerbocker was a pleasant surprise. The view stretched from the glittering Magnificent Mile down to the lake, and I found myself just watching the city lights at dusk, which felt like a free show. Given the prime location, I'd say the rate was fair--not a bargain, but you're paying for that postcard scenery and the easy stroll to everything. The front desk crew were genuinely warm, even when we asked for extra towels twice, and the doorman remembered our names by the second day. The bathroom, though compact, had a rainfall shower with strong pressure and fluffy robes that made it feel indulgent. The bed was plush, and the blackout curtains worked perfectly. Only minor hiccup: the elevator wait during checkout rush. Still, I left rested, impressed, and already planning a return.",1,custom_youkichirou-s-deepseek,long,positive,structured,few_shot,long_positive_structured_few_shot,32,814,137,700,1,1,1.0,12,2026-09-01T12:51:17.214694+00:00
fake,monaco,Hotel,"The Hotel Monaco exceeded expectations in nearly every way. Breakfast was a highlight--the made-to-order omelets were fluffy, and their fresh pastries paired perfectly with strong coffee. Given the prime location and thoughtful touches like the evening wine reception, it absolutely felt worth the splurge. My only regret is that I booked just two nights; I could have easily spent four, unwinding in the cozy yet stylish room. The view over the historic district was charming, especially at dusk when the streetlights flickered on, though rooms facing the courtyard are quieter if you're a light sleeper. Staff were genuinely warm, offering great local dining tips without being pushy. I left refreshed and already planning a return--just a bit longer next time.",1,custom_youkichirou-s-deepseek,long,positive,structured,few_shot,long_positive_structured_few_shot,33,763,120,700,1,1,1.0,12,2026-09-01T12:51:22.332106+00:00
fake,omni,Hotel,"I wasn't sure what to expect from a downtown Omni, but this one surprised me in the best way. I slept like a rock--the blackout curtains actually worked, and the bed had that perfect balance of firm and plush. Breakfast downstairs was a cut above the usual hotel buffet; the omelet station was fast, and the fresh pastries were still warm. Honestly, I could have stayed another day just to lounge in the lobby with a coffee, but our schedule was packed. When I checked the bill, I felt the rate was justified, especially given the room size and the quiet despite being near all the action. It wasn't a bargain, but it wasn't a rip-off either. If you're on the fence, book it--just give yourself more time than we did. I left wishing we'd planned an extra night.",1,custom_youkichirou-s-deepseek,long,positive,structured,few_shot,long_positive_structured_few_shot,34,761,139,700,1,1,1.0,12,2026-09-01T12:51:48.576131+00:00
fake,palmer,Hotel,"The Hotel Palmer was exactly what I needed after a long travel day, and honestly, it felt like a steal for the quality. My room was spotless, from the crisp white linens to the gleaming bathroom fixtures, and the housekeeping had clearly paid attention to every detail. The building itself is wonderfully solid--my room faced the street, but I heard nothing but a faint hum of traffic, which faded completely once I closed the window. I slept like a log on that firm, comfortable mattress; it was the best rest I'd had in weeks. The location is unbeatable, yet somehow the space felt serene and insulated from the bustle outside. For the price I paid, especially given the prime spot and the meticulous upkeep, I'd say it was well worth it. I will definitely be back.",1,custom_youkichirou-s-deepseek,long,positive,structured,few_shot,long_positive_structured_few_shot,35,767,136,700,1,1,1.0,12,2026-09-01T12:51:53.549707+00:00
fake,sheraton,Hotel,"I was a bit wary booking the Sheraton, given its size, but my stay exceeded expectations. The room was surprisingly quiet, with solid soundproofing that let me sleep in despite a full house. The Wi-Fi was fast and stable for both streaming and video calls, which I really appreciated. Decor-wise, it's not cutting-edge, but the classic, warm tones and updated bedding kept it feeling fresh rather than dated. Breakfast was a highlight: a generous buffet with made-to-order omelets, fresh pastries, and decent coffee--definitely above the usual hotel standard. Staff were efficient, and the location made exploring easy. It's not a boutique experience, but for comfort and reliability, I'd happily return.",1,custom_youkichirou-s-deepseek,long,positive,structured,few_shot,long_positive_structured_few_shot,36,704,110,700,1,1,1.0,12,2026-09-01T12:51:59.192804+00:00
fake,sofitel,Hotel,"Stayed here for a long weekend and honestly couldn't have picked a better spot. The Sofitel's location was perfect for wandering--right between the river and the main shopping streets, so we never felt stranded. The wifi in the room was solid, even for a couple of late-night work calls, which was a relief. Breakfast was a real highlight: the pastries were flaky and fresh, and they had a nice mix of hot items plus a decent cheese spread, definitely better than your average hotel buffet. Given the quality of the bedding and how quiet the room was, I felt the price was justified--not cheap, but you're paying for that polish. Staff were professional without being stuffy. I'd happily book here again.",1,custom_youkichirou-s-deepseek,long,positive,structured,few_shot,long_positive_structured_few_shot,37,704,121,700,1,1,1.0,12,2026-09-01T12:52:03.689745+00:00
fake,swissotel,Hotel,"Swissotel Chicago turned out to be a genuinely pleasant surprise. The location is unbeatable--steps from the riverwalk and a short stroll to Navy Pier, which made evening exploring effortless. I was half-expecting tired, corporate decor, but the lobby feels crisp and contemporary, with warm wood accents that haven't aged badly at all. The front desk team was exceptionally warm, even helping me rebook a dinner reservation when my plans shifted at the last minute. My room had a lovely lake view, and the bed was so comfortable I nearly missed my morning meeting. If anything, my two nights felt far too brief--I could have easily settled in for a lazy weekend. The only minor quibble is the elevator wait during peak check-in, but that hardly dampened an otherwise flawless stay. I'd absolutely return.",1,custom_youkichirou-s-deepseek,long,positive,structured,few_shot,long_positive_structured_few_shot,38,805,133,700,1,1,1.0,12,2026-09-01T12:52:08.193846+00:00
fake,talbott,Hotel,"The Hotel Talbott felt like a hidden gem tucked away from the chaos, and I'm already planning my return. From the moment I walked in, the staff were genuinely warm--not the rehearsed friendliness you often get--and they remembered my name the next morning, which was a lovely touch. Breakfast was a quiet, elegant affair with perfectly flaky croissants and a made-to-order omelet that beat any chain buffet. My room overlooked the leafy street, and watching the city lights flicker on from that window was a real treat. The bed was supremely comfortable, with plush pillows that cradled me into a deep sleep--the kind I rarely get at home. Everything felt thoughtfully curated, and while it's not the flashiest spot, its understated charm won me over completely.",1,custom_youkichirou-s-deepseek,long,positive,structured,few_shot,long_positive_structured_few_shot,39,762,126,700,1,1,1.0,12,2026-09-01T12:52:13.902099+00:00
fake,affinia,Hotel,"I was honestly a bit skeptical booking Affinia on a budget, but it turned out to be a solid value. The bed was the highlight--firm enough for support but with a plush topper that had me sleeping like a log until 9 AM, which never happens on business trips. The room's decor is a mix of clean contemporary and a few quirky touches that feel intentional, not tired, though the hallway carpet shows some wear. I only had one night, and I did wish I could stay another just to use the pool and lounge area; it felt like two days would be perfect. For the price I paid, especially given the location near everything, I'd call it a fair deal. The staff were genuine, and the blackout curtains were a godsend. I'd return without hesitation.",1,custom_youkichirou-s-deepseek,long,positive,structured,few_shot,long_positive_structured_few_shot,40,733,136,700,1,1,1.0,12,2026-09-01T12:52:19.163207+00:00
fake,allegro,Hotel,"I was a bit nervous booking Hotel Allegro, given the mixed-age reviews, but it genuinely exceeded expectations. The location is unbeatable for exploring the Loop, and honestly, the price felt fair for what you get--the room was spotless, with a surprisingly plush bed and a quiet corner that made me forget I was in the middle of a city. The wifi was flawless; I streamed videos and joined a work call without a single drop. My window faced west, and catching the sunset over the rooftops was a lovely, unplanned perk. Breakfast was the highlight each morning: a solid spread of fresh pastries, made-to-order eggs, and proper coffee, served with no rush. The staff even remembered my room number by day two. Minor wear in the hallway carpet, but nothing that mattered. I'd happily rebook next time I'm in town.",1,custom_youkichirou-s-deepseek,long,positive,structured,few_shot,long_positive_structured_few_shot,41,810,140,700,1,1,1.0,12,2026-09-01T12:52:26.276534+00:00
fake,amalfi,Hotel,"I was a bit skeptical about the WiFi after reading some older comments, but it turned out to be rock-solid--I streamed video and joined a video call without a single drop. The front desk crew genuinely made the stay, though; they remembered my name by the second day and went out of their way to draw a map to a hidden little trattoria that became my favorite meal of the trip. My room was spotless, with that fresh, just-cleaned scent and crisp sheets that made me look forward to crashing each night. The bathroom was compact but thoughtfully arranged, featuring a fantastic rainshower head and fluffy towels that were replaced without me even asking. Everything felt effortless, which is exactly what you want on vacation. I'd happily book here again.",1,custom_youkichirou-s-deepseek,long,positive,structured,few_shot,long_positive_structured_few_shot,42,754,130,700,1,1,1.0,12,2026-09-01T12:52:33.065102+00:00
fake,ambassador,Hotel,"The bathroom was the real highlight for me--a walk-in rainforest shower with excellent water pressure and those big, fluffy towels that actually wrap around you properly. Breakfast had a solid spread: made-to-order omelets, fresh pastries, and a surprisingly good Greek yogurt bar with local honey. My corner room looked straight out over the harbor, and I spent a good hour each morning just watching the ferries glide in, especially at sunrise when the water turned gold. The room itself was spotless, right down to the baseboards and the glass shower door without a single streak. Housekeeping even folded my stray charging cable neatly on the desk. Minor quirks like a slightly squeaky closet door didn't bother me--the staff were so warm and the location unbeatable. I'd happily return, and I'm already checking dates for next spring.",1,custom_youkichirou-s-deepseek,long,positive,structured,few_shot,long_positive_structured_few_shot,43,839,136,700,1,1,1.0,12,2026-09-01T12:52:40.426077+00:00
fake,conrad,Hotel,"The room's floor-to-ceiling window faced the bay, and I'll admit I spent at least an hour just watching the ferries slide past at dusk--lights flickering on one by one. Wi‐Fi was rock solid throughout, even from the balcony, which surprised me given how many devices I had connected. The bed was the real highlight: firm but plush, and I slept straight through until my alarm, which never happens in hotels. The bathroom mirrored the rest of the space, all cool marble and a rain shower with real pressure; the soaps smelled of cedar and citrus, a nice switch from the usual generic bottles. Staff checked me in quickly and even remembered my coffee order at breakfast the next morning. If you want a dependable, quietly luxurious escape without any fuss, this place earns its name--I'd book again without hesitating.",1,custom_youkichirou-s-deepseek,long,positive,structured,few_shot,long_positive_structured_few_shot,44,817,139,700,1,1,1.0,12,2026-09-01T12:52:47.585953+00:00
fake,fairmont,Hotel,"We booked the Fairmont for a quick anniversary getaway, and I'm genuinely glad we did. The bathroom was a standout--huge marble walk-in shower with excellent water pressure, plus robes that actually fit. Wi-Fi was spotty in the hallway but rock-solid in the room, which mattered since I had to log a few work hours before dinner. Location-wise, you can't beat it; we strolled to the lake, caught a show, and walked back without once needing a cab. If anything, the stay felt too short--I could've happily parked in that bed for another night, but we had to check out and head home. Staff were warm without being fussy. Just wish we'd booked one more day.",1,custom_youkichirou-s-deepseek,long,positive,structured,few_shot,long_positive_structured_few_shot,45,654,115,700,1,1,1.0,12,2026-09-01T12:52:54.000071+00:00
fake,hardrock,Hotel,"Stayed at Hard Rock for a long weekend and honestly came away impressed. The room was spotless--crisp white linens, no stray hairs in the bathroom, and the surfaces actually looked wiped down. Given the prime location and the way the place is styled, I expected to pay a tourist tax, but the rate felt fair for what you got. I'm a light sleeper, yet the blackout curtains and quiet hallway meant I slept through the night both evenings, which never happens for me in hotels. Staff stood out, too. The front desk clerk remembered my name at checkout, and housekeeping proactively restocked the coffee pods without me asking. Minor quibble: the elevator wait got long at peak hours, but that's a small price. I'd book again without hesitation.",1,custom_youkichirou-s-deepseek,long,positive,structured,few_shot,long_positive_structured_few_shot,46,741,128,700,1,1,1.0,12,2026-09-01T12:53:00.791147+00:00
fake,hilton,Hotel,"My three-night stay at the Hilton was exactly what I needed, and honestly, I could have used a fourth day to fully unwind. The room was spotless, with crisp white linens and a bathroom that gleamed like it had just been sanitized. I was a bit worried about street noise given the central location, but the double-glazed windows kept everything wonderfully hushed; I slept like a log. The highlight was the view--a sweeping panorama of the city skyline that shifted from glittering lights at dusk to soft, hazy gold at sunrise. I never felt rushed, though the time flew by. The housekeeping staff were discreet and efficient, refreshing towels daily without ever intruding. It's rare to find a hotel that balances comfort, quiet, and convenience so seamlessly. I'm already checking dates for my return visit.",1,custom_youkichirou-s-deepseek,long,positive,structured,few_shot,long_positive_structured_few_shot,47,807,135,700,1,1,1.0,12,2026-09-01T12:53:07.228335+00:00
fake,homewood,Hotel,"Stayed three nights at Homewood and came away genuinely impressed, though I'll admit the lobby made me pause--those dark wood beams and patterned carpet feel a little 2005, not fresh. But my room on the eighth floor flipped that first impression. The view faced the river, and watching the barges ease past during golden hour made the whole trip feel calmer. Bathroom was the real win: a deep soaking tub, excellent water pressure, and towels thick enough to dry off twice. The bed was firm without being board-like, and the blackout curtains actually worked. At $189 a night, I'd call that fair for the size and quiet. Decor could use a refresh, sure, but everything was spotless and functional. I'd return without hesitation.",1,custom_youkichirou-s-deepseek,long,positive,structured,few_shot,long_positive_structured_few_shot,48,727,123,700,1,1,1.0,12,2026-09-01T12:53:18.270346+00:00
fake,hyatt,Hotel,"I was honestly impressed with how smoothly everything went at the Hyatt. The front desk team greeted me by name and even remembered I'd mentioned wanting a quiet floor, which was a thoughtful touch. My room was spotless--no stray hairs in the bathroom, crisp sheets, and the carpet actually looked vacuumed. The view faced the city skyline, and at dusk the lights were genuinely beautiful without feeling touristy. I'll admit I braced for tired furniture, but the space felt recently refreshed: the armchair looked new, and the bedside USB ports were a practical bonus. The hallway carpet showed slight wear, but that's inevitable. Staff in the hallways always smiled, and housekeeping restocked my coffee without me asking. Nothing flashy, just well-executed basics with a touch of care. I'd book here again without hesitation.",1,custom_youkichirou-s-deepseek,long,positive,structured,few_shot,long_positive_structured_few_shot,49,828,133,700,1,1,1.0,12,2026-09-01T12:53:24.680337+00:00
fake,intercontinental,Hotel,"Stayed here for a long weekend and was genuinely impressed. The location is unbeatable--we walked to the harbour and the old town in under ten minutes, which made sightseeing effortless. I'll admit I was a little worried the interiors might feel tired, but the lobby and our room struck a nice balance between classic elegance and modern touches; the carpet was spotless and the furniture felt well-maintained. Our corner room offered a sweeping view over the marina, and watching the boats come in at sunset was a real highlight. The Wi-Fi was reliable throughout, which let me catch up on emails without any frustrating drops, and even streaming a film at night worked without buffering. Breakfast had plenty of variety, and the staff were attentive without hovering. Minor quibble: the gym could use a few more free weights, but that's nitpicking. I'd happily return.",1,custom_youkichirou-s-deepseek,long,positive,structured,zero_shot,long_positive_structured_zero_shot,0,870,144,700,1,1,1.0,12,2026-09-01T12:53:31.730971+00:00
fake,james,Hotel,"The location on the strip can't be beaten, but the real highlight was the unexpected calm. We grabbed a spot by the pool early, and the view of the ocean from the higher floors is genuinely stunning at sunrise. Breakfast each morning was a proper spread--think made-to-order omelets and fresh pastries, not just the standard continental fare. While the lobby has a sleek, modern vibe that feels current, the guest rooms lean a bit more traditional with older carpet; it's not shabby, just noticeably dated. That said, the staff were the true stars. From the front desk who remembered our room number to the bartender who mixed a perfect Old Fashioned, everyone was warm and proactive without being pushy. We left feeling genuinely rested, and that's worth a lot.",1,custom_youkichirou-s-deepseek,long,positive,structured,zero_shot,long_positive_structured_zero_shot,1,762,129,700,1,1,1.0,12,2026-09-01T12:53:37.715190+00:00
fake,knickerbocker,Hotel,"After a long travel day, I was frankly dreading a mediocre hotel bed. Instead, I slept like a rock--the mattress was firm but yielding, and the blackout curtains made the room a perfect cave. The cleanliness was impeccable, from the streak-free mirrors to the crisp, fresh-smelling linens. The staff felt genuinely attentive without hovering; the front desk remembered my name and the valet had great local tips. My corner room's view was the real reward, though: a sweeping, glittering panorama of the city skyline at dusk that made me pull up a chair and just sit there. Minor quibble: the shower pressure was slightly weak, but that's a small price for such a peaceful, well-run stay. I'd happily return.",1,custom_youkichirou-s-deepseek,long,positive,structured,zero_shot,long_positive_structured_zero_shot,2,707,119,700,1,1,1.0,12,2026-09-01T12:53:44.678126+00:00
fake,monaco,Hotel,"Stayed three nights for a business trip and honestly couldn't have picked a better spot. The location is unreal--steps from the riverfront and a quick walk to all the good restaurants, yet the room was eerily quiet. I slept like a rock through two busy weekdays, which never happens in downtown hotels. My corner room faced the water, and watching the barges glide by at sunset was a peaceful bonus I didn't expect. The staff genuinely stood out--front desk remembered my name on day two and the bartender mixed a perfect old fashioned without me even asking. Check-in was swift, and housekeeping was thorough without being intrusive. Only minor gripe: the hallway carpets felt a bit dated. But the vibe, the calm, and the friendly service make me want to come back for a leisure stay.",1,custom_youkichirou-s-deepseek,long,positive,structured,zero_shot,long_positive_structured_zero_shot,3,785,136,700,1,1,1.0,12,2026-09-01T12:53:52.937974+00:00
fake,omni,Hotel,"Stayed here for a long weekend and honestly, it exceeded expectations for the rate we booked. The room was spotless, with a bed that made it hard to get up in the morning--those blackout curtains actually work. Bathroom was a highlight: rainfall shower with strong pressure and plenty of hot water, plus the towels were thick and plush, not those scratchy hospital ones. Wi-Fi was surprisingly reliable; I streamed a movie without a single buffering pause. I was worried about street noise, but the double-glazed windows kept everything silent--we heard nothing but the AC hum at night. The location is convenient too, a short walk to tourist spots but far enough to escape the crowds. Sure, the lobby gets busy, but for the comfort level, I'd definitely book again. Worth every penny.",1,custom_youkichirou-s-deepseek,long,positive,structured,zero_shot,long_positive_structured_zero_shot,4,785,132,700,1,1,1.0,12,2026-09-01T12:53:59.927022+00:00
fake,palmer,Hotel,"Stayed three nights for a business trip and was genuinely impressed. The room was spotless--fresh linens, no dust on the baseboards, and the housekeeping even folded my loose charger cord neatly. For the rate I paid, it felt like a steal compared to the chain hotels nearby. The bathroom was compact but modern, with a rainfall showerhead that had strong, hot pressure and those thick towels that actually absorb. I slept like a log both nights; the blackout curtains did their job, and the mattress was firm but supportive, no springs poking through. Only minor gripe: hallway noise bled through around 7 a.m. on the last morning. Still, I'd book again without hesitation--clean, quiet enough, and honestly a great value for the location.",1,custom_youkichirou-s-deepseek,long,positive,structured,zero_shot,long_positive_structured_zero_shot,5,739,123,700,1,1,1.0,12,2026-09-01T12:54:08.673765+00:00
fake,sheraton,Hotel,"Stayed here for a business conference and was pleasantly surprised by the whole experience. The room was spotless, with fresh linens and a carpet that actually looked vacuumed, which is rarer than it should be. The Wi-Fi was fast and reliable--I streamed a video call without a single drop, which made working from the room a breeze. The bathroom had excellent water pressure and the rainfall showerhead was a treat after long days, though the glass door did let a bit of light in early morning. Street noise was minimal thanks to the double-paned windows; I only heard distant sirens twice all week. The bed was firm but comfortable, and housekeeping was prompt each day. Minor quibbles aside, this was a solid, hassle-free stay that met all my needs. I'd happily book again for future trips.",1,custom_youkichirou-s-deepseek,long,positive,structured,zero_shot,long_positive_structured_zero_shot,6,793,136,700,1,1,1.0,12,2026-09-01T12:54:15.486722+00:00
fake,sofitel,Hotel,"Stayed here for a long weekend and was genuinely impressed. The location is a huge win--we walked to the Louvre and the Seine in under ten minutes, and the metro was practically on the doorstep. The wifi was flawless throughout, even in the hallways, which was a pleasant surprise. Our room faced the inner courtyard, so it was wonderfully quiet, especially at night; I barely heard a peep. The decor felt more classic than cutting-edge, but it was tasteful and well-maintained, with plush carpets and elegant touches that didn't seem tired. The staff were attentive without being fussy. Breakfast was a lovely spread of pastries and fresh fruit. All in all, a very relaxing and convenient base, and I wouldn't hesitate to book here again.",1,custom_youkichirou-s-deepseek,long,positive,structured,zero_shot,long_positive_structured_zero_shot,7,739,125,700,1,1,1.0,12,2026-09-01T12:54:22.311927+00:00
fake,swissotel,Hotel,"Stayed here for a business trip and was pleasantly surprised by how smoothly everything went. The location is unbeatable--right next to the metro and a short stroll to the waterfront, which made getting around a breeze after my meetings. Wi-Fi was strong and reliable in both the room and the lobby, no dropped connections during video calls, which is rare in my experience. The staff genuinely stood out; from the cheerful front desk who upgraded me to a higher floor to the housekeeper who remembered my late checkout request without being reminded. Considering the service and the comfy bed, I'd say it was worth every penny, even though it's not the cheapest option. Room was quiet, the breakfast buffet had solid variety, and I left feeling refreshed. Would happily book again.",1,custom_youkichirou-s-deepseek,long,positive,structured,zero_shot,long_positive_structured_zero_shot,8,782,131,700,1,1,1.0,12,2026-09-01T12:54:29.130407+00:00
fake,talbott,Hotel,"The Hotel Talbot exceeded my expectations, though I wish I'd booked one more night. The staff were the real highlight--from the cheerful doorman who remembered my name to the front desk clerk who patiently mapped out a running route along the river. My room faced the courtyard, which meant a leafy, tranquil view instead of street noise. The decor felt pleasantly vintage, with brass fixtures and floral drapes that seemed intentional rather than tired. It's a charming throwback, not a museum piece. Breakfast was generous, and the evening turn-down service with homemade cookies was a lovely touch. The only reason I'm not giving five stars is the slightly soft mattress, but honestly, given how welcoming everything felt, I'd still return in a heartbeat.",1,custom_youkichirou-s-deepseek,long,positive,structured,zero_shot,long_positive_structured_zero_shot,9,758,123,700,1,1,1.0,12,2026-09-01T12:54:35.342978+00:00
fake,affinia,Hotel,"The Affinia turned out to be a genuinely pleasant surprise. The bathroom was a standout--spacious, flawlessly clean, with a rainfall shower that had excellent pressure, plus those lovely little Aesop toiletries that felt like a proper treat. Check-in was swift, and the staff, from the front desk to the bellman, were wonderfully attentive without being overbearing; they even remembered my preference for a high floor without me having to ask twice. My only real complaint is that my two-night stay felt far too short to fully enjoy the cozy, modern room and the cozy lobby bar. For the location and the level of service, I honestly felt the price was fair--not a steal, but certainly worth it for a comfortable, hassle-free city break. I'd happily return.",1,custom_youkichirou-s-deepseek,long,positive,structured,zero_shot,long_positive_structured_zero_shot,10,757,126,700,1,1,1.0,12,2026-09-01T12:54:41.873706+00:00
fake,allegro,Hotel,"Stayed three nights at Allegro and left genuinely impressed. The bed was firm but supportive, and the blackout curtains worked wonders--I slept straight through until 8am, which never happens at home. Despite being a few blocks from the main square, the room was remarkably hushed; the double-glazed windows completely muffled the street noise. Breakfast was a pleasant surprise, with a made-to-order omelette station and fresh pastries that beat the usual hotel buffet fare. Location-wise, you couldn't ask for more: a five-minute walk to the cathedral and surrounded by cozy cafes and bakeries for afternoon coffee breaks. The only minor hiccup was the shower pressure fluctuating in the morning, but that's nitpicking. Would absolutely book again for the quiet nights and unbeatable convenience.",1,custom_youkichirou-s-deepseek,long,positive,structured,zero_shot,long_positive_structured_zero_shot,11,798,122,700,1,1,1.0,12,2026-09-01T12:54:48.017936+00:00
fake,amalfi,Hotel,"Wished we could have stretched our time here into a second night, but even one evening at Hotel Amalfi felt wonderfully complete. The room was spotless, with crisp white linens and a bathroom that gleamed like it had just been sanitized. Breakfast was a pleasant surprise--fresh pastries, creamy cappuccino, and ripe fruit that didn't taste like it came from a can. Location-wise, you couldn't ask for better; we strolled to the marina in under five minutes and stumbled upon a quiet piazza for dinner. The staff even remembered our names at checkout, which added a personal touch. Only regret? Not booking longer. For a quick coastal stop, this place nails the essentials without fuss.",1,custom_youkichirou-s-deepseek,long,positive,structured,zero_shot,long_positive_structured_zero_shot,12,686,114,700,1,1,1.0,12,2026-09-01T12:54:53.891228+00:00
fake,ambassador,Hotel,"We only stayed one night, which turned out to be our only regret. The room was spotless--not a single speck of dust on the baseboards, and the bathroom smelled of fresh citrus. We slept like rocks on that cloud-like bed, and the blackout curtains meant we woke up naturally, not at the crack of dawn. Breakfast was a pleasant surprise: fluffy scrambled eggs, crispy bacon, and a surprisingly good make-your-own waffle station with real maple syrup. The coffee was strong and hot, exactly what I needed before heading to the airport. Honestly, I've paid twice as much for chain hotels that felt half as nice. The staff even remembered our names at checkout, which was a small touch that felt genuinely thoughtful. We'll definitely book two nights next time.",1,custom_youkichirou-s-deepseek,long,positive,structured,zero_shot,long_positive_structured_zero_shot,13,756,129,700,1,1,1.0,12,2026-09-01T12:55:00.923509+00:00
fake,conrad,Hotel,"Really enjoyed our three-night stay at the Conrad. The location can't be beaten, and while the lobby feels a bit corporate-chic, our room was surprisingly fresh with a lovely modern bathroom. Yes, it's pricey, but the service, the stunning skyline view, and the seamless check-in made it feel worth every pound. Breakfast was a highlight--the made-to-order omelettes were superb, and the pastries were still warm. My only tiny gripe is the hallway carpet looks a little tired, but that's minor. The wifi was fast and reliable in the room and even by the pool, which was perfect for streaming a film at night. Would definitely return.",1,custom_youkichirou-s-deepseek,long,positive,structured,zero_shot,long_positive_structured_zero_shot,14,633,106,700,1,1,1.0,12,2026-09-01T12:55:08.647665+00:00
fake,fairmont,Hotel,"The Fairmont exceeded my expectations in nearly every way. I slept like a log in the incredibly plush bed, with blackout curtains that made the morning feel like midnight until I chose to rise. The bathroom was a marble sanctuary, complete with a rainfall shower that had fantastic pressure and Le Labo toiletries that felt like a real treat. Breakfast in the main restaurant was a highlight--the made-to-order omelets were fluffy and perfect, and the fresh pastries were still warm. While it's undeniably pricey, the level of service, the spotless room, and that serene night's sleep made me feel like I genuinely got what I paid for. I'd happily book again for a special occasion.",1,custom_youkichirou-s-deepseek,long,positive,structured,zero_shot,long_positive_structured_zero_shot,15,682,115,700,1,1,1.0,12,2026-09-01T12:55:17.416371+00:00
fake,hardrock,Hotel,"We stayed at the Hard Rock for a long weekend celebrating our anniversary, and the whole experience exceeded our hopes. The view from our room, which faced the lagoon, turned out to be a real highlight. Watching the sunsets reflect off the pool area was a subtle, beautiful touch we didn't expect. The room itself was spotless, from the gleaming bathroom to the crisp, white linens; housekeeping clearly takes pride in their work. I slept better than I have in months, honestly. The blackout curtains truly blocked every sliver of light, and the bed was that perfect mix of firm and plush. Every staff member we encountered, from the valet to the baristas, was genuinely warm and helpful without being intrusive. They even left a handwritten note and a small dessert for our anniversary, which felt personal, not manufactured. We'll definitely be back for another escape. The convenience and energy were remarkable.",1,custom_youkichirou-s-deepseek,long,positive,structured,zero_shot,long_positive_structured_zero_shot,16,915,152,700,1,1,1.0,12,2026-09-01T12:55:27.804160+00:00
fake,hilton,Hotel,"Checked in Thursday and, honestly, I could have stayed another three days. The bed was that perfect middle ground between cloud-soft and supportive--I slept like I hadn't in months, only waking because the sunrise streamed through the blackout curtains' edges. The hallway was whisper-quiet all night; the only interruption was the faint hum of the AC, which I actually found soothing. The wifi was flawless, streaming a movie on my laptop in bed with zero buffering, which is rare for a hotel this size. My only complaint is that the shower pressure was slightly weak, but the lobby coffee made up for it. It felt like a quick retreat, and I left genuinely refreshed.",1,custom_youkichirou-s-deepseek,long,positive,structured,zero_shot,long_positive_structured_zero_shot,17,668,114,700,1,1,1.0,12,2026-09-01T12:55:32.971980+00:00
fake,homewood,Hotel,"We stayed at the Homewood for three nights, and honestly, it delivered far more than I expected for the rate we paid. Our room on the seventh floor had a killer view of the skyline, especially at dusk when the lights started popping on--it felt like a free show every evening. The staff were the real highlight though; from the front desk to housekeeping, everyone seemed genuinely invested in making our stay smooth, even remembering our names by day two. The Wi-Fi was rock solid, too--I ran a few video calls without a single drop, which is rare for a hotel this size. Breakfast was standard but fresh, and the location made it easy to walk to dinner spots. I'd absolutely book again next time I'm in town. Minor nitpick: the hallway carpets looked a bit tired, but that didn't dull an otherwise great stay.",1,custom_youkichirou-s-deepseek,long,positive,structured,zero_shot,long_positive_structured_zero_shot,18,810,145,700,1,1,1.0,12,2026-09-01T12:55:39.405156+00:00
fake,hyatt,Hotel,"I was a bit wary about the carpet in the hallways, but honestly, the room itself felt fresh and modern, with clean lines and a comfortable, neutral palette. The Wi-Fi was flawless--I streamed a movie without a single hiccup, which is rarer than you'd think. And the bed? I slept like a log, truly. The blackout curtains did their job, and the mattress had that perfect balance of firm and plush. Surprisingly, it was also dead quiet at night; I heard nothing beyond the soft hum of the AC. I will say the bathroom fixtures looked a little dated, but everything was spotless and functional. Overall, a solid, restful stay. For the price, this location is a steal, and I'd happily book again next time I'm in the area.",1,custom_youkichirou-s-deepseek,long,positive,structured,zero_shot,long_positive_structured_zero_shot,19,716,129,700,1,1,1.0,12,2026-09-01T12:55:44.656921+00:00
fake,intercontinental,Hotel,"The view from our 18th-floor room was genuinely spectacular--a sweeping panorama of the city skyline that shifted from glittering night lights to a soft, golden sunrise. We barely wanted to close the curtains. Breakfast downstairs was a cut above the typical hotel buffet: the made-to-order omelets were fluffy, the pastries were still warm, and the fresh-squeezed orange juice was a small luxury I didn't expect. Location-wise, you couldn't ask for more; we walked to the historic district in under ten minutes, and the metro station was basically at the corner. As for sleep, the bed was firm but comfortable, and the blackout shades did their job perfectly--I slept straight through until my alarm, which never happens at home. A few minor quirks with the Wi-Fi speed, but honestly, the stay felt worth every penny.",1,custom_youkichirou-s-deepseek,long,positive,structured,zero_shot,long_positive_structured_zero_shot,20,818,134,700,1,1,1.0,12,2026-09-01T12:55:50.306573+00:00
fake,james,Hotel,"Stayed at Hotel James for three nights and honestly couldn't have asked for a better base. The location is fantastic for exploring, but what really sold me was the value. For the quality of the room, the amenities, and the service, I felt like I got a steal. Breakfast each morning was a genuine highlight--fresh pastries, proper coffee, and made-to-order eggs that beat any continental buffet I've tried. The room faced the courtyard, so street noise was never an issue, and the blackout curtains were a lifesaver. I slept like a log every single night, which almost never happens in hotels. The bed was firm but supportive, and the pillows were perfect. If you're weighing options, choose this one--you won't regret it. I'm already planning my return trip.",1,custom_youkichirou-s-deepseek,long,positive,structured,zero_shot,long_positive_structured_zero_shot,21,758,128,700,1,1,1.0,12,2026-09-01T12:55:54.940011+00:00
fake,knickerbocker,Hotel,"We booked a corner king for our anniversary and were honestly blown away by the view--the Empire State Building was perfectly framed, glowing across the city at night. Morning coffee on the windowsill was a highlight. Breakfast downstairs was a solid, generous spread with good coffee and made-to-order omelets, though nothing wildly gourmet. Our room was exceptionally quiet at night, a real feat given the location, though you could hear faint traffic if you listened. Being a five-minute walk from Bryant Park, the subway, and a handful of excellent bakeries made it ideal for a weekend. Staff were warm and attentive at check-in. We'd absolutely recommend it for a city stay, and it's priced fairly for what you get. Just don't skip the rooftop bar at sunset.",1,custom_youkichirou-s-deepseek,long,positive,structured,zero_shot,long_positive_structured_zero_shot,22,763,127,700,1,1,1.0,12,2026-09-01T12:55:59.244808+00:00
fake,monaco,Hotel,"Stayed here for a long weekend and was genuinely impressed. The room was spotless - the kind of clean that makes you want to kick off your shoes immediately. Staff were warm without being fussy, and the front desk actually remembered my name when I asked for extra towels, which felt like a small, thoughtful touch. The decor leans traditional, but it's been kept up so well that it reads as elegant rather than tired - think rich wood, crisp linens, and soft lighting that doesn't scream 'renovation needed.' For the rate I paid, I'd call it a fair deal, especially given the central location and the quiet at night. Breakfast was solid, and the bar had a nice, unhurried vibe. Would happily book again, though I might splurge on a corner room next time for the extra light. A comfortable, dependable choice that doesn't try too hard and gets it right.",1,custom_youkichirou-s-deepseek,long,positive,structured,zero_shot,long_positive_structured_zero_shot,23,853,152,700,1,1,1.0,12,2026-09-01T12:56:25.683722+00:00
fake,omni,Hotel,"We stayed three nights in a king room with a skyline view, and honestly, it exceeded expectations. The lobby's marble and brass could lean a bit traditional, but our room felt crisp and modern--soft linens, USB ports everywhere, and a bathroom that actually had good water pressure. The staff were the real standout: the front desk clerk remembered our anniversary without us mentioning it and sent up a small dessert plate. Our window faced the river, catching the sunset behind the bridges, which made the higher price tag feel justified. Breakfast buffet was pricey, but the omelet station was worth it. Valet was quick each morning, and the gym had brand-new Pelotons. Yes, the hallways are a little worn near the ice machine, but the overall polish and genuine service made it a solid pick for a special trip. I'd book again.",1,custom_youkichirou-s-deepseek,long,positive,structured,zero_shot,long_positive_structured_zero_shot,24,830,142,700,1,1,1.0,12,2026-09-01T12:56:30.721127+00:00
fake,palmer,Hotel,"We stayed at the Palmer for a long weekend, and honestly, it exceeded expectations. Our room on the seventh floor faced the garden side, which meant we woke up to a serene canopy of trees instead of the usual city clamor--a truly lovely surprise. The location was a dream for exploring; we walked to the High Line and Chelsea Market in under ten minutes, and grabbing the subway was effortless. I was a bit worried about street noise, but the double-glazed windows worked wonders. I slept like a log each night, the bed was firm yet plush, and the blackout curtains kept the morning light at bay. It's rare to find a hotel this central that feels this peaceful. The staff were friendly without being intrusive, and the lobby's coffee bar became our daily ritual. For a traveler who values both convenience and quiet, this was just right--we'll definitely book again.",1,custom_youkichirou-s-deepseek,long,positive,structured,zero_shot,long_positive_structured_zero_shot,25,866,151,700,1,1,1.0,12,2026-09-01T12:56:35.572236+00:00
fake,sheraton,Hotel,"I have to admit, I was a little worried the Sheraton would feel dated, but my corner room was spotless and surprisingly modern. The carpet looked fresh, the bathroom grout was pristine, and the blackout curtains worked perfectly. My only real complaint is that I booked a two-night stay and it simply flew by--I could have easily used a third day just to lounge in that ridiculously comfortable bed. Breakfast downstairs was a pleasant surprise, with made-to-order omelets and proper barista coffee, far above the usual hotel buffet mush. Given the location, the lovely pool, and the overall polish, it genuinely felt worth every penny. I left already checking dates for my next visit.",1,custom_youkichirou-s-deepseek,long,positive,structured,zero_shot,long_positive_structured_zero_shot,26,685,114,700,1,1,1.0,12,2026-09-01T12:56:40.237930+00:00
fake,sofitel,Hotel,"We booked a standard room for a weekend escape and were genuinely impressed by the level of quiet. Despite the hotel being fully booked, we never heard a peep from the corridors or neighboring rooms--the insulation is superb. The Wi-Fi was a pleasant surprise, too; I streamed a movie on my laptop in bed with zero buffering, and my partner's video call in the lounge area was crystal clear. The bathroom was a highlight: a walk-in rain shower with excellent water pressure and those lovely, thick Hermes amenities. The room itself was spotless--fresh linens, not a speck of dust on the surfaces, and the carpet smelled clean, which is rare. We slept like logs and left feeling genuinely rested. Only wish we'd stayed another night.",1,custom_youkichirou-s-deepseek,long,positive,structured,zero_shot,long_positive_structured_zero_shot,27,732,125,700,1,1,1.0,12,2026-09-01T12:56:44.165181+00:00
fake,swissotel,Hotel,"We stayed at the Swissotel for a long weekend and left genuinely impressed. Breakfast was a standout--the made-to-order omelet station was a nice touch, and the fresh pastries and proper cappuccino made a great start to the day. The lobby and our room felt modern and clean, not at all dated, with sleek wood accents and soft, warm lighting that made it cozy. I slept like a log on the firm-but-comfortable bed, and the blackout curtains were a lifesaver for sleeping in. The wifi was surprisingly solid; I streamed a movie without a single buffer, which is rare for a hotel. The location was perfect for exploring, and the staff were friendly without being overbearing. Only minor gripe: the bathroom could use a bit more counter space. Otherwise, we'd absolutely book again.",1,custom_youkichirou-s-deepseek,long,positive,structured,zero_shot,long_positive_structured_zero_shot,28,776,132,700,1,1,1.0,12,2026-09-01T12:56:49.385079+00:00
fake,talbott,Hotel,"The Hotel Talbot exceeded my expectations--it felt like a steal for the location and service. Yes, the lobby decor leans traditional, but the rooms are freshly updated with crisp linens and modern touches that avoid the dated cliche. I slept like a log on the plush king bed, with blackout curtains that actually block the street light. The bathroom was a real highlight: a spotless walk-in rain shower with excellent water pressure and plush towels. It's rare to find that level of polish at this price point. The only minor quibble was the hallway noise in the morning, but it didn't ruin the overall experience. I'd gladly pay again.",1,custom_youkichirou-s-deepseek,long,positive,structured,zero_shot,long_positive_structured_zero_shot,29,636,109,700,1,1,1.0,12,2026-09-01T12:56:53.813909+00:00
fake,affinia,Hotel,"We booked the Affinia at a reasonable rate, and frankly, it felt like a steal for what we got. The bathroom was a pleasant surprise--spacious, with excellent water pressure and plenty of fluffy towels, plus a nice rainfall showerhead that made mornings feel luxurious. The wifi was solid the entire stay, no dropped calls during a video conference from the room, which is always a gamble. My only minor caveat is that we could hear hallway chatter now and then, but the room itself was quiet enough, and the bed was so comfortable that I slept like a log anyway. For the location and amenities, I'd absolutely choose this place again. A genuinely smooth, hassle-free experience that exceeded expectations without breaking the bank.",1,custom_youkichirou-s-deepseek,long,positive,structured,zero_shot,long_positive_structured_zero_shot,30,731,123,700,1,1,1.0,12,2026-09-01T12:56:58.170825+00:00
fake,allegro,Hotel,"We booked a standard room for a quick weekend getaway, and honestly, the spotless condition of it blew me away. The white linens were crisp, and the bathroom smelled like fresh citrus, which was a lovely touch after a long drive. Our window faced the inner courtyard, so instead of a grand vista, we got a peaceful view of the small fountain and the late afternoon sun hitting the ivy. It was calming, not flashy. The front desk team, especially a gentleman named Marco, was incredibly attentive, even calling up to check if we needed extra pillows after seeing us check in with a toddler. Though we had planned for two nights, the time flew by--we barely had a chance to use the pool. It felt far too short, and we left with that familiar, wistful feeling of wanting just one more lazy morning in the big, soft bed.",1,custom_youkichirou-s-deepseek,long,positive,structured,zero_shot,long_positive_structured_zero_shot,31,816,149,700,1,1,1.0,12,2026-09-01T12:57:06.978128+00:00
fake,amalfi,Hotel,"We stayed at Hotel Amalfi for four nights and honestly, it exceeded expectations. Our room was spotless, with fresh linens and a bathroom that gleamed--a detail I always appreciate. Despite being near the main road, the double glazing did its job; we slept deeply and undisturbed each night. The staff, especially the front desk gentleman, were wonderfully attentive without hovering, offering excellent local eating suggestions. The location proved ideal, a short, pleasant stroll to the duomo yet removed from the chaos. The breakfast spread was decent, and having a cold bottle of water waiting in the mini-bar was a thoughtful touch. If you value a clean, quiet base that doesn't break the bank, this is a solid pick.",1,custom_youkichirou-s-deepseek,long,positive,structured,zero_shot,long_positive_structured_zero_shot,32,721,118,700,1,1,1.0,12,2026-09-01T12:57:11.323408+00:00
fake,ambassador,Hotel,"Stayed here for three nights and honestly, it exceeded expectations. The location was perfect--steps from a metro stop and a short stroll to some great local eateries, which made exploring effortless without being in the tourist chaos. Our room faced the inner courtyard, so it was remarkably peaceful; the only sounds were distant morning chatter from the staff, but never disruptive. I was worried about noise given the central spot, but the windows did their job brilliantly. Breakfast was a pleasant surprise, with fresh pastries, made-to-order eggs, and proper coffee rather than the watery stuff you often get. Considering the quality of the bedding, the spotless bathroom, and the genuinely helpful concierge, I felt it was worth every penny--not cheap, but fair for what you receive. I would happily return next time and will recommend it to friends visiting the city.",1,custom_youkichirou-s-deepseek,long,positive,structured,zero_shot,long_positive_structured_zero_shot,33,876,141,700,1,1,1.0,12,2026-09-01T12:57:16.281328+00:00
fake,conrad,Hotel,"Our weekend at the Conrad felt far too brief--we were just getting comfortable when checkout arrived. The staff, from the valet to the front desk, anticipated our needs with genuine warmth; the concierge even remembered our coffee preference on the second morning. Our room was immaculate, with crisp linens and a sparkling bathroom that smelled faintly of eucalyptus. I'm picky about WiFi, but the connection here was seamless, streaming video without a single drop. The only reason I hesitate to give five stars is that the breakfast buffet, while delicious, ran out of fresh pastries by 9 AM. Still, the housekeeping team refreshed our towels twice daily and left our space spotless. A memorable, cozy escape--I only wish we'd booked one more night.",1,custom_youkichirou-s-deepseek,long,positive,structured,zero_shot,long_positive_structured_zero_shot,34,752,123,700,1,1,1.0,12,2026-09-01T12:57:27.168787+00:00
fake,fairmont,Hotel,"Stayed here for three nights and honestly left impressed. The location was a dream for exploring--we could walk to the harbor in about ten minutes and grab a cab to the old town without any hassle. Yes, it's pricey, but given the plush bedding, the incredibly quiet room, and the genuinely warm service, I felt the splurge was justified. Breakfast was a highlight: the made-to-order omelets were fluffy, and the fresh pastries and tropical fruit selection felt far above the typical hotel buffet. I slept like a log both nights--the blackout curtains and the soft, supportive mattress were perfect after long walking days. Even the hallway ice machine was silent. If you can manage the cost, this is a solid, comfortable base that won't disappoint.",1,custom_youkichirou-s-deepseek,long,positive,structured,zero_shot,long_positive_structured_zero_shot,35,748,125,700,1,1,1.0,12,2026-09-01T12:57:33.741046+00:00
fake,hardrock,Hotel,"We stayed three nights over a weekend and, honestly, I was bracing for chaos given the Hard Rock reputation. Instead, it was one of the smoother hotel experiences we've had in a while. The room was spotless--no stray hairs in the bathroom, crisp linens, and the carpet actually smelled fresh. Wi-Fi held up flawlessly for streaming and video calls, which was a pleasant surprise for a property this size. We were on a higher floor facing the pool, and while there was some ambient bass from the bar until about 11 PM, it faded quickly and never disturbed our sleep. Considering the location and the free breakfast buffet, it felt worth every penny--especially compared to nearby options. Staff were genuinely friendly, not robotic. I'd book again without hesitation.",1,custom_youkichirou-s-deepseek,long,positive,structured,zero_shot,long_positive_structured_zero_shot,36,766,128,700,1,1,1.0,12,2026-09-01T12:57:40.248629+00:00
fake,hilton,Hotel,"The room was far more stylish than I expected, with a sleek, modern palette that felt fresh rather than the tired beige I've seen in so many other chains. The staff genuinely impressed me--from the cheerful valet who remembered my name to the front desk agent who proactively recommended a quieter floor when she heard I had early meetings. Wi-Fi was rock solid throughout, even during peak evening hours in the lobby bar, which is where I camped out with my laptop. My only real complaint? The stay felt criminally short. I booked two nights for a conference and wished I'd tacked on a third to explore the rooftop pool and that incredible breakfast spread. The bed was so plush I almost missed my alarm, and the blackout curtains worked like a charm. If you're weighing between here and the generic spot across the street, do yourself a favor--choose this one. I left feeling genuinely rested, not just tolerated.",1,custom_youkichirou-s-deepseek,long,positive,structured,zero_shot,long_positive_structured_zero_shot,37,915,159,700,1,1,1.0,12,2026-09-01T12:57:49.067385+00:00
fake,homewood,Hotel,"I'm honestly a little reluctant to leave this review because I want to keep this place a secret. We were on the fourth floor facing the courtyard, and I was braced for hallway noise, but it was almost eerily quiet -- I heard nothing after 10 PM. The blackout curtains did their job, and the bed was firm without being hard; I slept a solid eight hours, which never happens in hotels. The room itself was spotless, right down to the baseboards, and the housekeeper had even folded the toilet paper edge into a neat point. As for the view, it was a pleasant patch of green with a fountain, nothing dramatic, but perfect for morning coffee while watching families wander out to the pool. I'll definitely rebook on my next trip.",1,custom_youkichirou-s-deepseek,long,positive,structured,zero_shot,long_positive_structured_zero_shot,38,724,132,700,1,1,1.0,12,2026-09-01T12:57:55.819544+00:00
fake,hyatt,Hotel,"I was honestly bracing for a lackluster stay given some older photos I'd seen online, but the Hyatt surprised me. Our room faced the courtyard, and the silence was remarkable--I slept through the night without a single hallway squeak or street rumble, which almost never happens for me. The bedding was crisp and the blackout curtains did their job perfectly. While the lobby has a classic, slightly traditional feel, the room itself felt freshly updated with clean lines and modern fixtures, nothing tired or worn. For the rate we paid, especially with the breakfast included, it felt like solid value--not a steal, but fair for the comfort and service. I'd happily book again for a quiet, stress-free weekend.",1,custom_youkichirou-s-deepseek,long,positive,structured,zero_shot,long_positive_structured_zero_shot,39,711,118,700,1,1,1.0,12,2026-09-01T12:58:03.333543+00:00
fake,intercontinental,Hotel,"We stayed at the Intercontinental for a long weekend, and the location was unbeatable--right in the heart of the city, with the metro entrance steps away. I was worried about street noise, but our high-floor room was remarkably quiet; I slept like a log, deeper than I have in months. The bed was plush without being too soft, and blackout curtains did their job perfectly. Housekeeping kept the room spotless, fresh towels appeared twice daily, and the bathroom sparkled. The only minor hiccup was a slow elevator during checkout rush, but that didn't dampen our experience. If you want a serene, convenient, and impeccably clean base, this is it. I'd book again tomorrow without a second thought.",1,custom_youkichirou-s-deepseek,long,positive,structured,zero_shot,long_positive_structured_zero_shot,40,698,117,700,1,1,1.0,12,2026-09-01T12:58:08.994723+00:00
fake,james,Hotel,"Wish we'd booked a third night -- two just weren't enough to soak up the Hotel James. Our corner room on the eighth floor gave us a sweeping, postcard-perfect view of the harbor lights twinkling at dusk, which made the short commute to the ferry terminal feel almost like a scenic prologue to our day trips. The staff, from the front desk to the housekeeping crew, were genuinely warm, remembering our names by the second morning and even suggesting a hidden tapas spot that became a highlight. Location-wise, you're smack in the middle of everything -- we walked to the old town in ten minutes and grabbed late-night coffee across the street without hassle. The bed was heavenly, the breakfast spread generous. Honestly, the only downside was having to pack up and leave. We'll be back, longer next time, for sure.",1,custom_youkichirou-s-deepseek,long,positive,structured,zero_shot,long_positive_structured_zero_shot,41,815,141,700,1,1,1.0,12,2026-09-01T12:58:15.647543+00:00
fake,knickerbocker,Hotel,"We booked the Knickerbocker for a quick anniversary getaway, and honestly, it was over far too soon. The room was spotless--crisp white linens, gleaming bathroom fixtures, and not a speck of dust on the windowsill overlooking the bustling street below. I slept like a log, thanks to the blackout curtains and the surprisingly plush mattress that cradled my back after a long day of walking. The bed was so comfortable I almost wanted to extend our stay, but the weekend flew by. Given the prime location and the attentive staff who remembered our name each morning, it felt worth every penny. My only regret is not booking a third night.",1,custom_youkichirou-s-deepseek,long,positive,structured,zero_shot,long_positive_structured_zero_shot,42,637,110,700,1,1,1.0,12,2026-09-01T12:58:21.248250+00:00
fake,monaco,Hotel,"We had a wonderful stay at Hotel Monaco. The room was spotless, with crisp white linens and a smell of fresh lemongrass the moment you walked in. The bathroom felt modern and luxurious, featuring a rainfall shower with excellent water pressure and plenty of fluffy towels. Our window faced the harbor, and watching the boats bob in the morning light was a genuine treat, even with the slight street noise. I was a bit worried the decor might feel old, but it's actually a clever mix of classic charm and updated touches--velvet chairs next to a sleek desk, that sort of thing. It felt thoughtful, not tired. The staff were all smiles, and the location made everything easy. Definitely a place I'd book again.",1,custom_youkichirou-s-deepseek,long,positive,structured,zero_shot,long_positive_structured_zero_shot,43,708,124,700,1,1,1.0,12,2026-09-01T12:58:29.487387+00:00
fake,omni,Hotel,"Stayed here for a long weekend and honestly, it exceeded expectations for the rate we paid. The location is a major win--you're smack in the middle of everything, with great restaurants and the waterfront just a short, pleasant walk away. I was a bit worried about the decor based on some older photos, but our room felt refreshed and modern, with clean lines and a comfortable, plush bed. We had a corner room facing the city, and the floor-to-ceiling windows gave us a stunning skyline view at sunset, which was a real treat. The staff were friendly without being overbearing, and check-in was a breeze. Considering the prime spot and the quality of the room, it felt like a solid value. We'll definitely book again when we're back in town.",1,custom_youkichirou-s-deepseek,long,positive,structured,zero_shot,long_positive_structured_zero_shot,44,742,130,700,1,1,1.0,12,2026-09-01T12:58:36.354849+00:00
fake,palmer,Hotel,"I'll admit I was a little wary about the decor after seeing some older photos online, but honestly the lobby's marble floors and dark wood paneling felt more classic than dated--our room had a subtle retro charm that grew on me. Breakfast was a pleasant surprise: freshly baked croissants, made-to-order omelets, and a fantastic local honey that I piled onto thick-cut sourdough. The view from our fifth-floor window overlooked the treetops and a sliver of the harbor, golden at sunrise, which made morning coffee feel like a small ceremony. Yes, this place isn't cheap, but between the spotless linens, quiet corridors, and genuinely helpful staff who remembered our coffee order by day two, I'd call it fair value. I'd happily return for a weekend treat.",1,custom_youkichirou-s-deepseek,long,positive,structured,zero_shot,long_positive_structured_zero_shot,45,756,125,700,1,1,1.0,12,2026-09-01T12:58:42.675060+00:00
fake,sheraton,Hotel,"Stayed three nights for a conference and was genuinely impressed. Check-in was seamless, with the front desk staff proactively offering a late checkout when they saw my evening flight, which I appreciated. The lobby and my room felt recently updated--sleek lines, warm woods, no worn carpet or faded drapes. My corner room had a panoramic view of the city skyline, and watching sunset from the floor-to-ceiling window was a real highlight. Room service was prompt, and the bed was exactly the firmness I needed. For the nightly rate, especially given the location and the quality of service, it felt like fair value. Not a luxury palace, but a solid, comfortable stay that exceeded expectations. I'd happily book here again for a work trip.",1,custom_youkichirou-s-deepseek,long,positive,structured,zero_shot,long_positive_structured_zero_shot,46,740,123,700,1,1,1.0,12,2026-09-01T12:58:48.894853+00:00
fake,sofitel,Hotel,"We stayed three nights for our anniversary, and it was exactly the restful escape we needed. The room facing the inner courtyard was remarkably silent -- we never once heard hallway noise or street traffic, which is rare for a hotel this size. The bathroom was a marble showcase, with a rainfall shower that had fantastic pressure and a deep soaking tub I actually used twice. Every staff member we encountered, from the doorman to housekeeping, greeted us by name after check-in, and the concierge arranged a last-minute dinner reservation at a lovely bistro without any fuss. The decor strikes a nice balance: the public spaces feel grand and freshly updated, while the guest room's classic furnishings have a timeless, elegant charm rather than anything tired. Our only slight quibble was the minibar cost, but that's typical for this tier. We left feeling thoroughly pampered.",1,custom_youkichirou-s-deepseek,long,positive,structured,zero_shot,long_positive_structured_zero_shot,47,880,145,700,1,1,1.0,12,2026-09-01T12:58:55.445274+00:00
fake,swissotel,Hotel,"Stayed here for three nights and left genuinely impressed. It wasn't cheap, but for the location and quality, I felt it was worth every penny. Our room on the 28th floor offered a stunning panorama of the city skyline, especially at sunset when the windows caught the golden light. The bathroom was a real highlight - spotless, with a powerful rain shower and soft, thick towels that felt luxurious. Despite being in a busy area, the soundproofing was superb; we heard nothing from the street or neighboring rooms, which made for incredibly restful sleep. The bed was firm yet comfortable, and the blackout curtains did their job perfectly. Breakfast was extensive with fresh pastries and made-to-order eggs. Staff were professional and attentive without being intrusive. If you're after a solid, reliable base with great views and silence, this is it. I'd happily return.",1,custom_youkichirou-s-deepseek,long,positive,structured,zero_shot,long_positive_structured_zero_shot,48,872,143,700,1,1,1.0,12,2026-09-01T12:59:03.667820+00:00
fake,talbott,Hotel,"We stayed at the Talbott for a long weekend and were pleasantly surprised by how much we got for the rate. The location was a dream--steps from the L and a short stroll to a dozen great restaurants, so we barely needed a rideshare. The bathroom, while compact, had excellent water pressure and plenty of hot water for morning showers. Our room's windows faced the side street, so it was quiet at night, which we appreciated. Wifi was reliable and fast enough for streaming a movie before bed without any buffering. Overall, it felt worth every penny, especially compared to pricier chain hotels nearby. Nothing fancy, but clean, comfortable, and in the heart of everything. I'd happily book again.",1,custom_youkichirou-s-deepseek,long,positive,structured,zero_shot,long_positive_structured_zero_shot,49,697,119,700,1,1,1.0,12,2026-09-01T12:59:08.752898+00:00
fake,affinia,Hotel,"I wasn't sure what to expect with Affinia, but it turned out to be exactly the kind of stay that makes you forget you're in a hotel. The room was generous without feeling cavernous, and the bed was so comfortable I actually slept in past my alarm--which never happens when I travel. What really stood out, though, was how proactive the staff were. We mentioned we were heading to a show and they handed us a map with the fastest walking route plus a couple of dinner spots we hadn't considered. The gym had enough equipment to get a proper workout in, and the lobby coffee in the morning was a nice touch for early risers. Location-wise, you're close enough to walk to major sights but tucked away from the constant street noise. Only tiny hiccup was the elevator wait during peak checkout time, but that's a minor blip. I'd happily book here again.",1,custom_youkichirou-s-deepseek,long,positive,unstructured,few_shot,long_positive_unstructured_few_shot,0,849,154,700,1,1,1.0,12,2026-09-01T12:59:13.322199+00:00
fake,allegro,Hotel,"The Hotel Allegro turned out to be a great pick for our long weekend downtown. I'll admit I booked it mostly for the location near the theater district, but the whole experience was a pleasant surprise. The lobby has this old-school, slightly theatrical vibe that's fun without trying too hard, and check-in was quick even with a line forming behind us. Our room wasn't huge, but it was smartly laid out, spotless, and the bed was genuinely comfortable--I slept like a rock. The staff stood out the most; every single person we passed in the hallways or at the front desk offered a smile and a helpful tip. We didn't try the restaurant much beyond a quick breakfast, but what we had was solid. If you're looking for swanky luxury, this isn't it, but for a friendly, clean, and wonderfully central stay, I'd happily return.",1,custom_youkichirou-s-deepseek,long,positive,unstructured,few_shot,long_positive_unstructured_few_shot,1,822,145,700,1,1,1.0,12,2026-09-01T12:59:17.626513+00:00
fake,amalfi,Hotel,"Stayed at Hotel Amalfi for four nights and honestly couldn't have asked for a better base. The location is perfect--close enough to walk to the main sights but tucked away on a quiet street, so you actually get decent sleep. Our room faced the courtyard, which was a lovely bonus; you could hear the fountain at night, which was surprisingly calming. The staff were the real highlight, though. Every single person we interacted with, from the front desk to the breakfast team, was genuinely warm and helpful without being overbearing. They pointed us to a tiny trattoria two blocks away that ended up being our favorite meal of the trip. Breakfast was simple but fresh--good coffee, pastries, eggs made to order. The room itself was clean and comfortable, maybe a bit dated in the bathroom, but spotless and the bed was fantastic. Would happily return.",1,custom_youkichirou-s-deepseek,long,positive,unstructured,few_shot,long_positive_unstructured_few_shot,2,852,145,700,1,1,1.0,12,2026-09-01T12:59:22.000393+00:00
fake,ambassador,Hotel,"I wasn't expecting much beyond a place to crash, but the Ambassador genuinely surprised me. The lobby has this warm, classic feel without being stuffy, and the front desk clerk actually remembered my name the next morning, which was a nice touch. My room was incredibly quiet--I slept like a log even though I was facing the main street. The bed was firm but comfortable, and the blackout curtains did their job perfectly. Breakfast was included and it wasn't the usual sad continental spread; they had made-to-order omelets and really good coffee. The only minor hiccup was the elevator being slow during the morning rush, but honestly, it gave me time to check my emails. For the price, especially in this neighborhood, I felt like I got way more than I paid for. I'd definitely book here again for a weekend getaway.",1,custom_youkichirou-s-deepseek,long,positive,unstructured,few_shot,long_positive_unstructured_few_shot,3,819,142,700,1,1,1.0,12,2026-09-01T12:59:30.692243+00:00
fake,conrad,Hotel,"Stayed at the Conrad for a long weekend and honestly, it exceeded expectations. The location is perfect for exploring, but the real standout was the service--front desk remembered our names and the concierge booked us a last-minute river cruise without any fuss. Room was quiet, bed was genuinely comfortable, and I appreciated the Nespresso machine and the little touches like complimentary shoe shine service. Breakfast was solid, though a bit pricey; the omelet station made up for it. Only minor gripe was the gym being slightly warm in the morning, but equipment was top-notch. Valet was quick both times. Would happily return for a business trip or another getaway--it's that rare hotel that feels polished without feeling stuffy.",1,custom_youkichirou-s-deepseek,long,positive,unstructured,few_shot,long_positive_unstructured_few_shot,4,736,118,700,1,1,1.0,12,2026-09-01T12:59:36.624813+00:00
fake,fairmont,Hotel,"Fairmont is one of those places where everything just works, which sounds simple but is actually rare. The lobby has that grand, old-school elegance without feeling stuffy, and check-in was smooth even though we arrived early. They stored our luggage and texted us the moment our room was ready, which was a nice touch. Our room overlooked the lake, and the bed was genuinely comfortable--not too soft, not too firm. I also have to call out the concierge desk; they booked us a last-minute reservation at a place that was supposedly fully booked, and gave us a walking route that avoided the touristy crowds. The pool area was a bit busy in the afternoon, but it cleared out by evening. Minor gripe: the hallway ice machine on our floor was out of order, but someone brought ice up within ten minutes of us asking. That kind of response makes up for a lot. Already looking forward to coming back.",1,custom_youkichirou-s-deepseek,long,positive,unstructured,few_shot,long_positive_unstructured_few_shot,5,896,159,700,1,2,1.0,12,2026-09-01T13:02:26.641484+00:00
fake,hardrock,Hotel,"Stayed at the Hard Rock for a weekend getaway and honestly left impressed. The rock-and-roll vibe is everywhere--guitars on the walls, a killer playlist in the lobby, even the elevator music is curated. Check-in was quick, and the front desk guy hooked us up with a room on a high floor overlooking the strip. The room itself was clean and comfortable, though a bit on the dark side with all the moody decor. The bed was fantastic, and the blackout curtains did their job. We grabbed drinks at the pool bar one afternoon--overpriced, sure, but the vibe made up for it. Location is unbeatable if you want to be in the middle of everything, and the staff consistently went out of their way to help, from valet to housekeeping. Wouldn't hesitate to book again.",1,custom_youkichirou-s-deepseek,long,positive,unstructured,few_shot,long_positive_unstructured_few_shot,6,757,134,700,1,1,1.0,12,2026-09-01T13:02:31.706092+00:00
fake,hilton,Hotel,"Stayed here for a long weekend and honestly couldn't have asked for a smoother experience. The front desk team was warm and efficient even with a packed lobby on Friday afternoon--we were in our room within ten minutes. The room itself was spotless, the bed was genuinely comfortable, and I loved that the blackout curtains actually did their job. Location is a huge plus: walked to the riverwalk, the Bean, and several great restaurants without ever needing a rideshare. The breakfast buffet had solid variety, though it does get busy around 9 a.m., so go early if you want a quiet corner. Also appreciated the gym being open 24 hours--managed a quick workout before checkout. Only tiny gripe: the hallway ice machine on our floor was out of order, but the front desk had someone bring up a bucket promptly. Would happily return here for business or a city trip.",1,custom_youkichirou-s-deepseek,long,positive,unstructured,few_shot,long_positive_unstructured_few_shot,7,863,150,700,1,1,1.0,12,2026-09-01T13:02:36.544879+00:00
fake,homewood,Hotel,"Homewood ended up being exactly the kind of stay I didn't know I needed. The room was spotless and quiet, with a kitchenette that actually had decent cookware--I made breakfast twice instead of eating out. The bed was firm but comfortable, and the blackout curtains did their job perfectly. What really stood out, though, was the front desk team. I had a minor billing mix-up and they sorted it in under five minutes, no hassle, plus they remembered my name the next day and asked about my hike. The free evening reception was a nice bonus, and the pool was warm and uncrowded. Parking was easy and right by the entrance. For the price, I genuinely can't complain. I'd happily book here again for a longer trip.",1,custom_youkichirou-s-deepseek,long,positive,unstructured,few_shot,long_positive_unstructured_few_shot,8,711,127,700,1,1,1.0,12,2026-09-01T13:02:41.316053+00:00
fake,hyatt,Hotel,"We booked the Hyatt mainly for its location, and honestly, it exceeded every expectation we had. The lobby is grand without feeling stuffy, and the front desk agent noticed it was our anniversary and surprised us with a room on a higher floor. That little touch set the tone. Our room was quiet, spotless, and the bed was genuinely comfortable--not too firm, not too soft. I'm picky about pillows, and I slept like a log all three nights.

The breakfast buffet was pricey but worth it for the made-to-order omelets and fresh pastries. We also used the pool one rainy afternoon, and it was surprisingly uncrowded. The only minor downside was the elevator wait during checkout rush, but two of three cars were running and it wasn't a big deal. If you want a smooth, comfortable stay in the heart of the city, this Hyatt is a safe bet. We'd book again without hesitation.",1,custom_youkichirou-s-deepseek,long,positive,unstructured,few_shot,long_positive_unstructured_few_shot,9,868,154,700,1,1,1.0,12,2026-09-01T13:02:47.003296+00:00
fake,intercontinental,Hotel,"Our stay at the InterContinental was genuinely fantastic from start to finish. The room was spotless, with a ridiculously comfortable bed and blackout curtains that made sleeping in way too easy. I loved the little touches, like the Nespresso machine and the fact that the bathroom had both a rain shower and a tub. The staff were the real highlight though--everyone from the doorman to the front desk remembered our names and went out of their way to help with dinner reservations and local tips. The location was perfect for walking to everything we wanted to see, and the lobby bar had a great vibe for a nightcap. We even used the pool, which was surprisingly quiet. For the price, it's hard to beat this level of service and polish. Already planning our return.",1,custom_youkichirou-s-deepseek,long,positive,unstructured,few_shot,long_positive_unstructured_few_shot,10,766,134,700,1,1,1.0,12,2026-09-01T13:02:51.560675+00:00
fake,james,Hotel,"I'll be honest--I booked the James mainly for the location, but the stay itself ended up being the highlight of my trip. The lobby has this quiet, understated cool that doesn't try too hard, and the front desk team was genuinely warm without being overbearing. My room faced the river, and the floor-to-ceiling windows made the whole space feel twice as big. The bed was firm but plush, and the blackout curtains actually worked. I'm picky about bathrooms, and this one impressed me--huge shower head, good water pressure, and the Kiehl's products were a nice touch. The gym had decent equipment, though it's small. I grabbed a drink at the bar one night, and the bartender remembered my order the next day, which felt like a small, pleasant miracle. For a few nights in the city, this place hit every mark, and I'd happily return for the views alone.",1,custom_youkichirou-s-deepseek,long,positive,unstructured,few_shot,long_positive_unstructured_few_shot,11,851,149,700,1,1,1.0,12,2026-09-01T13:04:36.887122+00:00
fake,knickerbocker,Hotel,"Stayed at the Knickerbocker for a long weekend and honestly couldn't have picked a better spot. The lobby is gorgeous without feeling stuffy--that old-school glamour mixed with a laid-back vibe. Check-in was a breeze, and the guy at the desk even remembered my name the next morning when I asked for coffee directions, which I thought was a nice touch. Room was on the smaller side, but the bed was insanely comfortable and the blackout curtains actually worked, so I slept like a rock. Location is unbeatable for walking to the river or catching an Uber up north. The rooftop bar gets busy, but we snagged a seat at sunset and the view of the city was worth every penny of the overpriced cocktail. Only minor hiccup was the hallway noise one night, but it died down quickly. Would absolutely book here again for a city escape.",1,custom_youkichirou-s-deepseek,long,positive,unstructured,few_shot,long_positive_unstructured_few_shot,12,827,147,700,1,1,1.0,12,2026-09-01T13:04:41.725505+00:00
fake,monaco,Hotel,"I'll be honest--I booked Hotel Monaco mostly for the location, but the stay itself ended up being the highlight of my trip. The room was compact but smartly laid out, with a ridiculously comfortable bed and a window seat I actually used for morning coffee. The staff genuinely seemed to enjoy their jobs, which made check-in and questions feel easy, not transactional. Their restaurant recommendation was spot-on, too. Pet-friendly is a big plus for me, and my dog got more attention than I did. The gym is small but fine for a quick workout. If you're expecting sprawling luxury, this isn't that, but everything was clean, quiet, and thoughtfully done. I'd absolutely stay here again.",1,custom_youkichirou-s-deepseek,long,positive,unstructured,few_shot,long_positive_unstructured_few_shot,13,685,115,700,1,1,1.0,12,2026-09-01T13:04:45.596092+00:00
fake,omni,Hotel,"The Omni doesn't just put you in the middle of downtown--it puts you in a genuinely comfortable bubble above the chaos. My corner room had a ridiculous view of the lake, and the bed was so good I actually skipped an early meeting just to stay horizontal. The staff never made me feel like a number; the front desk guy remembered my coffee order by day two. I used the pool when it was quiet, and the towels were huge and warm, not those thin afterthoughts you usually get. Breakfast was pricey, but the omelet station was worth the splurge. Only gripe: the hallway ice machine was on the fritz one night. All in all, I left feeling rested, not frazzled--which is exactly what I want from a business trip. I'd gladly book it again.",1,custom_youkichirou-s-deepseek,long,positive,unstructured,few_shot,long_positive_unstructured_few_shot,14,730,135,700,1,1,1.0,12,2026-09-01T13:04:50.034712+00:00
fake,palmer,Hotel,"My stay at Hotel Palmer was exactly what I needed--a comfortable, no-fuss base that made exploring feel effortless. The room wasn't huge, but it was smartly laid out, with a surprisingly plush bed and blackout curtains that actually worked. I slept like a log.

The real standout, though, was the breakfast. Fresh pastries, good coffee, and eggs cooked to order, all served in a bright little nook off the lobby. It beat any chain buffet I've tried. The front desk team also went out of their way to book a last-minute dinner reservation for me when everywhere seemed full.

Sure, the decor is a bit dated, and you'll hear hallway noise now and then. But for the price, the friendly service, and the quiet street location, I'd happily return. It's not flashy, but it's genuinely solid.",1,custom_youkichirou-s-deepseek,long,positive,unstructured,few_shot,long_positive_unstructured_few_shot,15,785,136,700,1,1,1.0,12,2026-09-01T13:04:54.009272+00:00
fake,sheraton,Hotel,"I stayed at the Sheraton for a conference last week and left genuinely impressed. The location is unbeatable if you need to be in the heart of the city, but what really stood out was how smoothly everything ran. The front desk staff were warm and efficient, even with a long line at check-in. My room was on a higher floor and surprisingly quiet, with a comfy bed and blackout curtains that actually worked. I'm a light sleeper, so that mattered. The club lounge had a solid breakfast spread, and the espresso machine was a lifesaver each morning. I also used the pool one evening--it was clean and not overcrowded. The only minor hiccup was slow elevator service during peak hours, but it didn't ruin anything. For the price and the level of service, I'd absolutely book here again.",1,custom_youkichirou-s-deepseek,long,positive,unstructured,few_shot,long_positive_unstructured_few_shot,16,783,139,700,1,1,1.0,12,2026-09-01T13:04:59.151177+00:00
fake,sofitel,Hotel,"My stay at Sofitel was a masterclass in understated luxury. From the moment I stepped into the soaring, light-filled atrium, the atmosphere felt calm and effortlessly chic. The room itself was a sanctuary--the bed was impossibly comfortable, with crisp linens that made it hard to leave each morning. I particularly loved the deep soaking tub and the rainfall shower; it was the perfect way to unwind after a long day of meetings. The staff, without exception, were gracious and attentive, remembering my name and coffee order by the second day. The location on State Street was ideal, putting me within walking distance of the river and Millennium Park. While the lobby bar can get a bit lively in the evenings, it adds to the energy. I left feeling genuinely rested and spoiled. A truly wonderful, refined experience that I would happily repeat.",1,custom_youkichirou-s-deepseek,long,positive,unstructured,few_shot,long_positive_unstructured_few_shot,17,847,142,700,1,1,1.0,12,2026-09-01T13:05:04.559480+00:00
fake,swissotel,Hotel,"Stayed at the Swissotel for a long weekend and honestly couldn't have asked for a smoother visit. The room on the 28th floor had those floor-to-ceiling windows that made the whole city feel like part of the decor--watching the lights come on over the lake at dusk was a highlight every single night. Bed was firm but comfortable, and the blackout curtains actually did their job. Staff were consistently warm, especially the doormen who remembered our names by day two and always had a tip for where to grab a quick bite or skip a line. The indoor pool was a nice escape after long walking days, and the breakfast buffet had enough variety that even our picky eater found something new to enjoy each morning. Location near the river made it easy to get anywhere on foot or via the L. Could've used a bit more drawer space in the room, but that's a minor nit. Would happily book again.",1,custom_youkichirou-s-deepseek,long,positive,unstructured,few_shot,long_positive_unstructured_few_shot,18,884,161,700,1,1,1.0,12,2026-09-01T13:05:09.559313+00:00
fake,talbott,Hotel,"We spent three nights at The Talbott and honestly, it was the perfect home base. The location can't be beat--we walked everywhere, and coming back to that quiet, tucked-away entrance on Delaware felt like a small escape from the street bustle. Our room was on the smaller side, but it was so thoughtfully laid out that it never felt cramped. The bed was exceptionally comfortable, and I slept better than I do at home. The staff genuinely stood out; from the doorman who remembered our names to the front desk team that booked us a last-minute dinner reservation. The little touches, like fresh flowers in the lobby and the cozy bar, gave it that old-world charm without feeling stuffy. We even appreciated the filtered water station on our floor. It's not the fanciest or flashiest, but it's warm, efficient, and incredibly well-run. We wouldn't hesitate to return.",1,custom_youkichirou-s-deepseek,long,positive,unstructured,few_shot,long_positive_unstructured_few_shot,19,866,147,700,1,1,1.0,12,2026-09-01T13:05:13.931645+00:00
fake,affinia,Hotel,"Honestly, I wasn't sure what to expect with the Affinia, but it ended up being the perfect home base for our long weekend. The location is fantastic--we walked to the park, grabbed late-night bites, and never touched the subway once. What really stood out was the front desk crew; they remembered our names by day two and went out of their way to swap our room when street noise got annoying. The room itself was cozy but cleverly laid out, with a comfortable bed and a small kitchenette that saved us a fortune on breakfast. Bathroom was spotless, water pressure was great. I've paid double for hotels with half the charm. A few dated spots here and there, but the vibe was so welcoming that I honestly didn't care. Would absolutely book again.",1,custom_youkichirou-s-deepseek,long,positive,unstructured,few_shot,long_positive_unstructured_few_shot,20,745,133,700,1,1,1.0,12,2026-09-01T13:05:18.209160+00:00
fake,allegro,Hotel,"Absolutely loved my stay at Hotel Allegro. The location is unbeatable--right in the theater district, so we walked everywhere and never touched the car after parking. The lobby has this quirky, artsy vibe that feels more boutique than chain, and the staff genuinely seemed to enjoy their jobs. They upgraded us to a corner room with tall windows and a surprisingly comfy king bed; the pillows were perfect. Yes, the bathroom is small and the walls are a bit thin (we heard the elevator ding all night), but the nightly live jazz in the lounge more than made up for it. The blackout curtains worked wonders, and the in-room coffee was actually decent. For the price and location, this is a solid, character-filled pick--I'd book again in a heartbeat.",1,custom_youkichirou-s-deepseek,long,positive,unstructured,few_shot,long_positive_unstructured_few_shot,21,749,129,700,1,1,1.0,12,2026-09-01T13:05:22.415281+00:00
fake,amalfi,Hotel,"We stayed at the Hotel Amalfi for four nights and honestly couldn't have asked for a smoother getaway. The location is ideal--just enough off the main strip to avoid the racket, but a two-minute stroll gets you to the beach and all the little trattorias. What really stood out was the staff; they remembered our names by day two and went out of their way to book a last-minute boat trip when the tour we wanted was sold out. Our room had a small balcony overlooking the lemon groves, and the scent drifting in each morning was pure bliss. The breakfast spread was generous, with fresh pastries and excellent espresso. Sure, the decor leans a bit traditional, but it's spotless and comfortable. We left feeling genuinely rested and a little sad to go--that says it all. Would absolutely return.",1,custom_youkichirou-s-deepseek,long,positive,unstructured,few_shot,long_positive_unstructured_few_shot,22,793,139,700,1,1,1.0,12,2026-09-01T13:05:27.365402+00:00
fake,ambassador,Hotel,"Stayed here for a long weekend and honestly, I was impressed by how smooth everything went. The front desk crew was quick and genuinely friendly, not the usual scripted hospitality. Our room overlooked the pool area, which was a nice surprise, and the bed was seriously comfortable--I slept better than I do at home. The little touches like the complimentary coffee station in the lobby and the way they refreshed the room discreetly while we were out made it feel like they actually care. We ate at the on-site restaurant for breakfast one morning, and the avocado toast was solid, though a bit pricey. Location-wise, it's a short walk to a few decent bars and a convenience store, which came in handy. Would happily book here again for another city trip.",1,custom_youkichirou-s-deepseek,long,positive,unstructured,few_shot,long_positive_unstructured_few_shot,23,756,131,700,1,2,1.0,12,2026-09-01T13:05:38.713203+00:00
fake,conrad,Hotel,"The Conrad exceeded my expectations from start to finish. I booked a standard king, and the room was genuinely spacious with a gorgeous view of the river--the floor-to-ceiling windows made the whole space feel even bigger. The bed was incredibly comfortable, and the blackout curtains actually worked, which I can't always say. The staff at the front desk were warm and efficient, and they proactively arranged a late checkout without me even asking. The bathroom had a rain shower and lovely Aesop toiletries, which was a nice touch. We had drinks at the lobby bar one evening, and the cocktails were well made, though pricier than I'd normally go for. The fitness center was compact but had everything I needed. Location-wise, it's a short walk to the riverwalk and plenty of restaurants. I'd happily return.",1,custom_youkichirou-s-deepseek,long,positive,unstructured,few_shot,long_positive_unstructured_few_shot,24,810,135,700,1,1,1.0,12,2026-09-01T13:05:42.426081+00:00
fake,fairmont,Hotel,"Our stay at the Fairmont was exactly what we needed after a long travel day. The lobby feels grand without being stuffy, and the check-in process was smooth and welcoming, even with a small line. Our room overlooked the city and was genuinely quiet, which made for an excellent sleep. The bed was plush without being too soft, and the blackout curtains did their job perfectly. I particularly appreciated the little touches--the turn-down service left a small card with the next day's weather, and the bathroom amenities smelled lovely. We had breakfast at the hotel restaurant and the service was attentive but not hovering. The location made walking to most sights easy, though we did use the valet once and it was quick. Overall, a comfortable, polished stay that met all expectations, and we would definitely return.",1,custom_youkichirou-s-deepseek,long,positive,unstructured,few_shot,long_positive_unstructured_few_shot,25,820,137,700,1,1,1.0,12,2026-09-01T13:05:48.382173+00:00
fake,hardrock,Hotel,"We had a blast at Hard Rock. The location is killer, right in the middle of everything, and the whole vibe is just fun from the second you walk in--guitars everywhere, music playing in the lobby, you can't help but tap your foot. Check-in was quick, and the lady at the front desk was super friendly, even upgraded us to a higher floor with a nice view. The room itself was clean and modern, with a comfy bed and a cool rock-and-roll theme without feeling cheesy. The pool area was lively but not overcrowded, and the drinks were strong. We ate at the restaurant one night and the burgers were actually really good. Only tiny downside was the hallway noise from other guests, but that's pretty standard for a busy hotel. Overall, a solid, energetic stay and we'd definitely come back.",1,custom_youkichirou-s-deepseek,long,positive,unstructured,few_shot,long_positive_unstructured_few_shot,26,784,141,700,1,1,1.0,12,2026-09-01T13:05:53.261328+00:00
fake,hilton,Hotel,"We wrapped up a conference downtown and decided to stretch the trip into a long weekend at the Hilton. Honestly, the location was the first win--steps from the river walk and maybe ten minutes to Grant Park. But the real surprise was how quiet the room stayed despite the busy streets below. I'm a light sleeper, and I didn't hear a single siren all three nights. The bed was firm in that just-right way, and the blackout curtains actually did their job. Breakfast at the lobby cafe was pricey, so we grabbed pastries elsewhere, but the in-room coffee was drinkable--a bigger compliment than most hotels get. The front desk clerk remembered my name on day two and offered a late checkout without me even asking. Small touches like that make the difference. I'd book here again for work or play.",1,custom_youkichirou-s-deepseek,long,positive,unstructured,few_shot,long_positive_unstructured_few_shot,27,794,140,700,1,1,1.0,12,2026-09-01T13:05:57.490198+00:00
fake,homewood,Hotel,"I wasn't sure what to expect from a hotel that leans so heavily on being 'homey,' but Homewood genuinely pulled it off without feeling kitschy. Our suite was spotless and way more spacious than I anticipated--the kitchenette actually came stocked with real cookware, so we made breakfast a couple of mornings instead of eating out. The bed was comfortable, and I appreciated the blackout curtains because the hallway light was bright. Staff at the front desk remembered our names by day two, which was a nice touch. The free evening reception on weekdays was a pleasant surprise, and the pool area was clean, even if the water was a bit chilly. Only minor hiccup: the AC unit hummed louder than I'd like. Still, for the price and the location near the interstate, we'd happily book again.",1,custom_youkichirou-s-deepseek,long,positive,unstructured,few_shot,long_positive_unstructured_few_shot,28,788,136,700,1,1,1.0,12,2026-09-01T13:06:01.170389+00:00
fake,hyatt,Hotel,"Stayed three nights at the Hyatt for a conference, and honestly, it exceeded what I expected from a big downtown property. The lobby feels grand without being stuffy, and check-in was painless--the front desk agent actually remembered my name the next morning, which was a nice touch. My room on the 14th floor had a sweeping view of the river, and the bed was firm but cozy, with blackout curtains that worked too well (I nearly missed my alarm). The gym is well-equipped, though it gets busy around 7 a.m., so go early. I didn't try the restaurant, but the bar made a solid old fashioned. One small gripe: the hallway ice machine was out of order, but a quick call to housekeeping fixed that within ten minutes. Overall, a comfortable, polished stay that made the business trip feel almost like a mini-vacation. I'd gladly book here again.",1,custom_youkichirou-s-deepseek,long,positive,unstructured,few_shot,long_positive_unstructured_few_shot,29,841,148,700,1,1,1.0,12,2026-09-01T13:06:05.523553+00:00
fake,intercontinental,Hotel,"Stayed here for four nights on a work trip, and honestly, the Intercontinental more than lived up to its name. The lobby is grand without feeling stuffy, and the check-in process was smooth even though we arrived a bit early. They held our bags and texted us the moment the room was ready, which was a nice touch. The room itself was quiet, well-insulated from street noise, and the bed was genuinely comfortable--I slept better here than I do at home most nights. The pool area is worth a visit even if you aren't swimming; it's got that old-school charm that makes you feel like you've stepped back in time. Breakfast buffet was pricey but generous, with made-to-order eggs that weren't overcooked. Staff were consistently friendly, from the valet to the housekeeping team. Would happily book again.",1,custom_youkichirou-s-deepseek,long,positive,unstructured,few_shot,long_positive_unstructured_few_shot,30,801,137,700,1,1,1.0,12,2026-09-01T13:06:09.488283+00:00
fake,james,Hotel,"Stayed at Hotel James for a long weekend and honestly couldn't have asked for a better base. The location is fantastic--steps from the park and easy walking to everything we wanted to see, though we also used the bikes they lend out, which was a nice touch. Room was quiet and dark at night, which I always appreciate, and the bed was genuinely comfortable, not just hotel-speak. The coffee in the lobby each morning was a lifesaver before heading out. Staff surprised me most, though--they remembered our names at breakfast and gave spot-on tips for a neighborhood spot we ended up loving. Valet was quick every time, even on Saturday night. Minor nitpick: the shower pressure could be stronger, but that's about it. Already planning a return.",1,custom_youkichirou-s-deepseek,long,positive,unstructured,few_shot,long_positive_unstructured_few_shot,31,744,127,700,1,1,1.0,12,2026-09-01T13:06:13.492521+00:00
fake,knickerbocker,Hotel,"We chose the Hotel Knickerbocker for a mix of sightseeing and a little R&R, and it hit the right notes. Our room on the ninth floor was surprisingly quiet given the hustle below, and the blackout curtains were a lifesaver after long days. I really appreciated the little things: a proper coffee maker, not one of those pod machines, and a bathroom with excellent water pressure. The location was unbeatable for wandering to Navy Pier or hopping on the L. We didn't eat at the restaurant, but the bar's old-school vibe was perfect for a nightcap. Staff at the front desk were friendly and quick to help with directions. Sure, the decor leans toward classic, and the carpets could use a refresh, but it felt clean and well-cared-for. I'd absolutely stay here again for the blend of history and convenience. The complimentary bottle of wine upon arrival was a pleasant, unexpected touch that set the tone for our whole weekend.",1,custom_youkichirou-s-deepseek,long,positive,unstructured,few_shot,long_positive_unstructured_few_shot,32,924,160,700,1,1,1.0,12,2026-09-01T13:06:55.669147+00:00
fake,monaco,Hotel,"My stay at Hotel Monaco was exactly what I needed--stylish without being stuffy, and located just steps from everything I wanted to do. The check-in was quick, and the front desk clerk genuinely took time to mark up a map with her favorite local spots, which I appreciated way more than the usual scripted suggestions. The room itself was comfortable, with a surprisingly cozy bed and a bathroom that had plenty of hot water and counter space. I also liked the little extras, like the yoga mat and the complimentary wine hour in the lobby--it was a nice way to unwind after a long day of walking. The only tiny hiccup was the street noise at night, but it wasn't enough to ruin my sleep. All in all, I'd happily book here again for a weekend getaway.",1,custom_youkichirou-s-deepseek,long,positive,unstructured,few_shot,long_positive_unstructured_few_shot,33,750,137,700,1,1,1.0,12,2026-09-01T13:07:00.385583+00:00
fake,omni,Hotel,"We booked the Omni almost on a whim for a long weekend, and honestly, it turned out to be the best decision of the trip. The location is unbeatable--steps from the Mag Mile but quiet enough that we slept like logs. What really impressed me was the check-in process; the front desk agent remembered my name and even had a list of local coffee spots ready when I mentioned we were jet-lagged. The room itself was huge for downtown, with a couch area that meant we weren't tripping over our suitcases. The pool was warm, the gym had actual squat racks, and the housekeeping staff folded my stray charging cable into a neat coil. Only minor gripe: the elevator wait during checkout rush. But honestly, we're already planning our return in the fall.",1,custom_youkichirou-s-deepseek,long,positive,unstructured,few_shot,long_positive_unstructured_few_shot,34,744,133,700,1,1,1.0,12,2026-09-01T13:07:04.393868+00:00
fake,palmer,Hotel,"We booked the Hotel Palmer on a bit of a whim for a long weekend, and honestly, it turned out to be the perfect home base. The location is fantastic--you can walk to so many places, and the train station is right there, which made exploring effortless. The staff were genuinely friendly, from the doorman who remembered our name to the front desk helping us map out a rainy-day itinerary on their tablet. Our room was quiet, which was a blessing, and the bed was incredibly comfortable with soft, high-quality sheets. The blackout curtains actually worked, and we slept in later than we have in months. The little touches, like a proper Nespresso machine and a handwritten welcome note, didn't go unnoticed. We didn't try the restaurant, but the bar made a mean old fashioned. We left feeling rested and would absolutely book again for a city trip.",1,custom_youkichirou-s-deepseek,long,positive,unstructured,few_shot,long_positive_unstructured_few_shot,35,848,148,700,1,1,1.0,12,2026-09-01T13:07:08.757162+00:00
fake,sheraton,Hotel,"Stayed at the Sheraton for a conference and honestly, it exceeded what I expected from a big chain. Check-in was a breeze, even with a long line, because the front desk moved people through with real efficiency. My room on the 14th floor was quiet, which is rare, and the bed was genuinely comfortable--I slept like a rock. The bathroom was spotless and the water pressure in the shower was fantastic after a long travel day. I grabbed dinner at the hotel bar and the service was attentive without hovering, and the food was surprisingly good for hotel fare. Location wise, it's central enough to walk to a few good spots, and the staff gave me solid recommendations. The gym was decent, with working treadmills and free weights, nothing fancy but functional. Only minor hiccup was slow Wi-Fi in the evening, but morning speed was fine. I'd gladly book here again for a business trip or a weekend getaway.",1,custom_youkichirou-s-deepseek,long,positive,unstructured,few_shot,long_positive_unstructured_few_shot,36,905,159,700,1,1,1.0,12,2026-09-01T13:07:13.715742+00:00
fake,sofitel,Hotel,"I wasn't sure what to expect with a French luxury brand in the middle of downtown, but Sofitel exceeded every expectation. The room was beautifully quiet, which is rare in this part of the city, and the blackout curtains actually worked, so I slept like a rock. The bed was firm yet plush, with linens that felt crisp and cool. What really stood out was the staff--from the valet who remembered my name every single morning to the front desk agent who helped me rebook a flight without any hesitation. The pool is small but never crowded, and the gym had everything I needed. Breakfast was pricey, but the pastries were legitimately fresh and flaky. I'd absolutely stay here again for the service alone.",1,custom_youkichirou-s-deepseek,long,positive,unstructured,few_shot,long_positive_unstructured_few_shot,37,703,124,700,1,1,1.0,12,2026-09-01T13:07:17.700328+00:00
fake,swissotel,Hotel,"Really impressed with Swissotel. The location is fantastic--you're steps from the lake and a quick walk to all the main sights, yet the rooms feel surprisingly quiet. We booked a corner room and the views over the water were stunning, especially at sunrise. The bed was incredibly comfortable, and I appreciated the blackout curtains after a long flight. Staff were professional without being stuffy; the front desk remembered my name every time we passed, which was a nice touch. Breakfast had a solid spread with fresh pastries and made-to-order eggs, though it got busy around 9. The pool area is small but clean and never overcrowded. Only minor gripe was the hallway carpet showing some wear, but it didn't detract from the stay. Would happily return.",1,custom_youkichirou-s-deepseek,long,positive,unstructured,few_shot,long_positive_unstructured_few_shot,38,756,126,700,1,1,1.0,12,2026-09-01T13:07:27.432110+00:00
fake,talbott,Hotel,"My stay at Hotel Talbott was exactly what I needed--charming without trying too hard. The building has that old-school character you don't find in chain hotels, with creaky floors and a cozy lobby that smells faintly of wood polish. I booked a standard king, but the room felt generous, with a window seat overlooking the quiet side street and a bed I actually sank into. The front desk clerk remembered my name when I asked for extra towels, which was a small touch that went a long way. Breakfast was simple--pastries, fruit, decent coffee--but served in a sunlit nook that felt more like a friend's dining room than a hotel. Location-wise, it's a short walk to the river and a bunch of good restaurants, though the walls are a bit thin; I heard my neighbor's TV one night, but it faded by 10. All in all, a warm, unpretentious place I'd happily return to.",1,custom_youkichirou-s-deepseek,long,positive,unstructured,few_shot,long_positive_unstructured_few_shot,39,858,154,700,1,1,1.0,12,2026-09-01T13:07:31.947338+00:00
fake,affinia,Hotel,"I stayed at Affinia for a long weekend and honestly came away pleasantly surprised. The location is a massive win--you're right in the middle of everything, yet the rooms stay quiet enough for a solid sleep. I had a kitchenette, which I wasn't expecting, and it came in handy for breakfasts before heading out. The bed was firm but comfy, and the blackout curtains actually worked. Staff at the front desk were friendly without being overbearing, and they let me leave my bags after checkout without any fuss. The gym was small but had what I needed--free weights and a few machines. Wi-Fi held up fine for streaming. It's not fancy, but everything felt clean and well-maintained. I'd definitely book here again for the value and convenience.",1,custom_youkichirou-s-deepseek,long,positive,unstructured,few_shot,long_positive_unstructured_few_shot,40,742,127,700,1,1,1.0,12,2026-09-01T13:07:35.781919+00:00
fake,allegro,Hotel,"Absolutely loved my stay at Hotel Allegro. The location is unbeatable--steps from the theater district and a quick walk to the Loop, yet the rooms are surprisingly quiet. I was a little worried the historic building might feel dated, but the mix of vintage charm and modern updates is spot on. My king room was cozy but well laid out, with a plush bed and excellent blackout curtains that made sleeping in a breeze. The staff genuinely stood out: the front desk remembered my name by my second morning and even texted me a dinner reservation suggestion that turned out to be fantastic. Housekeeping was thorough without being intrusive. The lobby bar has a great buzz in the evenings, and the breakfast service was efficient, though nothing extraordinary. For the price, especially on a weekend rate, this is a steal. I'd happily return and already recommended it to colleagues visiting for shows.",1,custom_youkichirou-s-deepseek,long,positive,unstructured,few_shot,long_positive_unstructured_few_shot,41,897,152,700,1,1,1.0,12,2026-09-01T13:07:39.926624+00:00
fake,amalfi,Hotel,"Our room overlooked the little piazza, and honestly, I could have sat on that tiny balcony all day just watching the sea and the lemon trees. The Hotel Amalfi is tucked into the hillside so perfectly that you feel like part of the town itself. Breakfast was simple but plentiful--fresh pastries, local cheese, and the best cappuccino we had on the whole coast. The staff remembered our names by the second morning and helped us book a boat tour that ended up being the highlight of our trip. The room itself was compact but spotless, with a lovely tiled bathroom. The only minor downside was the walk back up from the beach, but the view from the rooftop terrace more than made up for it. A genuinely charming, welcoming place.",1,custom_youkichirou-s-deepseek,long,positive,unstructured,few_shot,long_positive_unstructured_few_shot,42,727,130,700,1,1,1.0,12,2026-09-01T13:07:46.029082+00:00
fake,ambassador,Hotel,"Stayed three nights here and honestly couldn't have asked for a smoother trip. The lobby is elegant without being stuffy, and the front desk agent remembered my name each time I walked by--a small touch that made the stay feel personal. Room was spotless and quiet, with a bed that had me sleeping better than I do at home. The blackout curtains actually worked, and the bathroom had great water pressure plus those thick towels you only seem to get at nicer places. Location was perfect for walking to dinner and catching a show, but I also appreciated the hotel bar for a nightcap. The bartender mixed a solid Old Fashioned and chatted without hovering. Only minor gripe: the elevator took a while during checkout rush. Would book again without hesitation.",1,custom_youkichirou-s-deepseek,long,positive,unstructured,few_shot,long_positive_unstructured_few_shot,43,758,131,700,1,1,1.0,12,2026-09-01T13:08:00.480270+00:00
fake,conrad,Hotel,"I'll be honest--I booked the Conrad mostly for its location, but the stay turned out to be the highlight of the trip. The lobby feels understated and classy without trying too hard, and the check-in was smooth even though we arrived early. They stored our bags, texted us the moment the room was ready, and even added a small welcome note for our anniversary. The room itself was quiet, which I never take for granted in a city hotel, and the bed was genuinely comfortable. Breakfast was a bit pricey, but the coffee was excellent and the staff remembered our order on the second morning. The gym is compact but has everything you need. We didn't use the pool, but the view from the lounge at sunset was worth it alone. I'd happily stay here again.",1,custom_youkichirou-s-deepseek,long,positive,unstructured,few_shot,long_positive_unstructured_few_shot,44,748,136,700,1,2,1.0,12,2026-09-01T13:08:10.275813+00:00
fake,fairmont,Hotel,"The Fairmont turned out to be exactly what I needed after a messy travel day. Check-in was smooth and the front desk agent noticed my exhaustion and offered a late checkout without me even asking--that little gesture set the tone. The room itself was classic and quiet, with a genuinely comfortable bed and blackout curtains that worked. I slept like a log. The lobby feels grand without being stuffy, and the location is perfect for wandering down to the waterfront or grabbing a cab. I had breakfast at the restaurant one morning and the eggs benedict was properly done, not the usual hotel mush. Housekeeping was unobtrusive and thorough. My only minor gripe is that the hallway ice machine was out of order, but that's a blip. I'd happily book here again for a city stay.",1,custom_youkichirou-s-deepseek,long,positive,unstructured,few_shot,long_positive_unstructured_few_shot,45,775,136,700,1,1,1.0,12,2026-09-01T13:08:14.499883+00:00
fake,hardrock,Hotel,"Stayed at the Hard Rock over a long weekend and honestly didn't want to leave. The whole vibe hits you the moment you walk in--music playing, guitars on the walls, just a cool energy without feeling gimmicky. Room was quiet, bed super comfy, and the blackout curtains actually worked, which is rare. I loved that they had a real record player in the room with a small vinyl collection; that was a fun touch we didn't expect. Staff were down-to-earth and quick with dinner spots that weren't tourist traps. Pool area gets busy but the service there kept things flowing. Only minor gripe was the elevator wait during checkout, but that's it. We've already booked our next stay. Solid pick for a fun, comfortable trip.",1,custom_youkichirou-s-deepseek,long,positive,unstructured,few_shot,long_positive_unstructured_few_shot,46,715,125,700,1,1,1.0,12,2026-09-01T13:08:19.102015+00:00
fake,hilton,Hotel,"Stayed at the Hilton for a conference and honestly came away impressed. Location is unbeatable--walkable to everything, and the staff from bellmen to front desk were genuinely friendly without being over the top. Room was spotless, bed comfy, and the blackout curtains actually worked, which is rare. The executive lounge had a solid breakfast spread and the evening snacks were a nice perk after long days. Only minor hiccup was the elevator wait during checkout rush, but that's about it. The gym could use more free weights, but cardio machines were plentiful and new. Pool area got busy around noon but that's expected. Overall, a solid, dependable stay that made the trip easy. I'd book here again without hesitation.",1,custom_youkichirou-s-deepseek,long,positive,unstructured,few_shot,long_positive_unstructured_few_shot,47,722,119,700,1,1,1.0,12,2026-09-01T13:08:25.348181+00:00
fake,homewood,Hotel,"We picked Homewood because we needed a kitchen for a week-long stay, and honestly, it exceeded what we expected. The suite was genuinely spacious--our two kids had their own sleeping nook, and the full-size fridge meant we actually cooked dinner three nights instead of eating out. Breakfast had real variety, not just the sad scrambled eggs you see at some places; the oatmeal bar and make-your-own waffles were a hit. The pool was warm and clean, though it's on the smaller side, so we went at off-hours. Staff at the front desk remembered our room number by day two, which felt personal. Only minor gripe: the hallway ice machine was on our floor but out of order, and they directed us to the next floor. Not a big deal. For the price, especially with the included evening social on weekdays, this is a solid, comfortable pick for families or anyone wanting more than a basic hotel room. We've already booked our next stay.",1,custom_youkichirou-s-deepseek,long,positive,unstructured,few_shot,long_positive_unstructured_few_shot,48,926,163,700,1,1,1.0,12,2026-09-01T13:08:32.004890+00:00
fake,hyatt,Hotel,"The Hyatt was exactly what I needed after a long travel day. Check-in was smooth, and the front desk actually remembered my name the next morning, which was a nice touch. My room had a fantastic view of the skyline, and the bed was the kind that makes you want to skip your morning plans just to stay in it. The shower pressure was perfect, and the blackout curtains worked wonders for jet lag. I visited the restaurant for breakfast, and the avocado toast with poached eggs was surprisingly good, not your typical hotel fare. The gym was well-equipped, and the pool area was quiet even on a weekend. Location-wise, it was easy to walk to the waterfront, and the staff gave me a great tip for a less touristy dinner spot nearby. I really have no complaints. It's a solid, comfortable place that got everything right, and I wouldn't hesitate to book it again next time I'm in town.",1,custom_youkichirou-s-deepseek,long,positive,unstructured,few_shot,long_positive_unstructured_few_shot,49,880,160,700,1,1,1.0,12,2026-09-01T13:08:37.907988+00:00
fake,intercontinental,Hotel,"We booked a club room for our anniversary weekend and the welcome amenity (a lovely prosecco and chocolate-covered strawberries) was a thoughtful touch. The room itself was spotless, with a super comfortable king bed and the blackout curtains really did their job. The gym is top-notch for a hotel, and I actually got a solid workout in before we hit the pool. Speaking of which, the pool area is a bit compact, but we snagged loungers in the morning without issue. Club lounge breakfast was the highlight--the made-to-order omelets and fresh pastries were fantastic, and the staff there remembered our names by day two. Sure, valet parking is steep, but for this level of service and comfort, we'd return without hesitation. A solid five stars for a consistently excellent stay.",1,custom_youkichirou-s-deepseek,long,positive,unstructured,zero_shot,long_positive_unstructured_zero_shot,0,779,130,700,1,1,1.0,12,2026-09-01T13:08:41.865292+00:00
fake,james,Hotel,"Stayed here for a long weekend and honestly couldn't have picked a better spot. The lobby has this warm, moody vibe that immediately felt like a escape from the city noise, even though you're right in the middle of everything. Our room was on the quieter side, which was a pleasant surprise--the blackout curtains actually worked, and the bed was that perfect level of firm with soft sheets. I'm still thinking about the breakfast spread; the fresh pastries and made-to-order omelets were a step above typical hotel fare. The staff genuinely seemed happy to help, from the doorman who remembered our name to the front desk arranging a last-minute spa slot. Only tiny hiccup was the elevator wait during checkout rush, but that's hardly worth complaining about. Great value for the location and vibe--I'd definitely book again.",1,custom_youkichirou-s-deepseek,long,positive,unstructured,zero_shot,long_positive_unstructured_zero_shot,1,826,137,700,1,1,1.0,12,2026-09-01T13:08:46.160456+00:00
fake,knickerbocker,Hotel,"Stayed here for a long weekend and honestly, the location is unbeatable--steps from the Magnificent Mile but tucked away enough to feel like an escape. The room was on the smaller side, but the floor-to-ceiling windows made up for it with killer city views, especially at sunset. I loved the vintage vibe in the lobby; it's got that old-school Chicago charm without feeling stuffy. The staff were genuinely warm, not that fake hospitality energy. Someone at the front desk recommended a deep-dish spot two blocks over that was incredible. The bar upstairs was a nice bonus for a nightcap, though drinks were pricey. Bed was plush, blackout curtains worked perfectly. Only minor gripe--hallway noise carried a bit, but it quieted down early. Would definitely book again for the charm and convenience.",1,custom_youkichirou-s-deepseek,long,positive,unstructured,zero_shot,long_positive_unstructured_zero_shot,2,799,131,700,1,1,1.0,12,2026-09-01T13:08:50.182383+00:00
fake,monaco,Hotel,"Stayed here for a long weekend and honestly, it exceeded expectations. The location is unbeatable--steps from all the action but the rooms are surprisingly quiet, so you get the best of both worlds. Loved the quirky, colorful decor; it's not your typical boring chain hotel. The staff were genuinely friendly, especially the bartender in the lobby who recommended a great local spot for brunch. My room was spotless, bed super comfy, and the blackout curtains worked wonders. Only tiny hiccup was the elevator wait Saturday morning, but it cleared up fast. Would absolutely book again for a city escape.",1,custom_youkichirou-s-deepseek,long,positive,unstructured,zero_shot,long_positive_unstructured_zero_shot,3,603,99,700,1,1,1.0,12,2026-09-01T13:08:53.893308+00:00
fake,omni,Hotel,"Stayed here for a long weekend celebrating our anniversary, and honestly, it exceeded expectations. The location is unbeatable - we walked to the waterfront every evening and it was so easy to hop on the T for exploring. The room itself was spotless and quiet, which we really appreciated after some noisy hotel experiences elsewhere. The bed was ridiculously comfortable, and the blackout curtains were a lifesaver for sleeping in. We had drinks at the rooftop bar one night, and the views over the city were stunning, though the cocktails were a bit pricey. The staff genuinely stood out though - from the warm welcome at check-in to the front desk helping us print last-minute concert tickets. Breakfast buffet was solid with made-to-order omelets. Only tiny gripe: the valet was a little slow on Sunday morning, but they were friendly about it. Would absolutely book again for a city stay.",1,custom_youkichirou-s-deepseek,long,positive,unstructured,zero_shot,long_positive_unstructured_zero_shot,4,893,150,700,1,1,1.0,12,2026-09-01T13:09:02.049306+00:00
fake,palmer,Hotel,"We stayed at the Palmer for a long weekend and honestly, it exceeded every expectation we had. The location is perfect for exploring the city, but what truly set it apart was the staff--from the doorman who remembered our names to the front desk team who helped us snag a last-minute dinner reservation. Our room faced the garden, which was a quiet oasis after busy days of sightseeing. The bed was wonderfully firm, and the blackout curtains were a lifesaver. We had breakfast included, and the spread was fantastic, with fresh pastries and made-to-order eggs. The only tiny hiccup was a slow drain in the shower, but maintenance fixed it within the hour of us mentioning it. We left feeling genuinely rested and well-cared for. It's rare to find a hotel that balances classic elegance with such modern comfort. We'll definitely be back.",1,custom_youkichirou-s-deepseek,long,positive,unstructured,zero_shot,long_positive_unstructured_zero_shot,5,838,143,700,1,1,1.0,12,2026-09-01T13:09:06.375101+00:00
fake,sheraton,Hotel,"Absolutely loved my stay at the Sheraton! The moment we walked into the lobby, the staff greeted us with such warmth, even offering a late checkout before we asked. Our room was spotless and the bed? Honestly, I've never slept so well in a hotel. The blackout curtains were a lifesaver after a long travel day. I have to give a shoutout to the bar staff--they made the best Old Fashioned I've had in ages, and the bartender remembered my name on the second night. The pool was a bit busy during peak hours, so we went early morning and had it almost to ourselves. Only tiny hiccup was the elevator wait on floor 14 during breakfast rush, but that's a minor thing when everything else was this polished. Will definitely be back for our next city break, and I've already recommended it to my colleagues. Top notch.",1,custom_youkichirou-s-deepseek,long,positive,unstructured,zero_shot,long_positive_unstructured_zero_shot,6,812,148,700,1,1,1.0,12,2026-09-01T13:09:10.561542+00:00
fake,sofitel,Hotel,"From the moment we pulled up, the doorman's warm greeting set the tone. Check-in was swift, and the room--a Prestige suite--was absolutely spotless. The bed felt like a cloud, and the blackout curtains worked wonders for jet lag. We grabbed cocktails at the bar each evening; the mixologist actually remembered our order on the second night, which was a lovely touch. Breakfast had plenty of variety, though the coffee could be stronger. The only hiccup was a slightly noisy AC unit that hummed all night, but honestly, it faded into background noise. Location-wise, you're steps from the river and a short stroll to the Louvre. Staff went out of their way to print our museum tickets and even recommended a hidden bistro that became our favorite meal of the trip. If you want understated luxury without any snobbery, this is it. We're already eyeing a return visit in the fall.",1,custom_youkichirou-s-deepseek,long,positive,unstructured,zero_shot,long_positive_unstructured_zero_shot,7,878,150,700,1,1,1.0,12,2026-09-01T13:09:15.147893+00:00
fake,swissotel,Hotel,"I picked this hotel mainly for the location, and it didn't disappoint. Being right by the harbour made exploring the city on foot effortless, and the train station was a quick stroll away. The check-in was efficient, though I did have to wait a few minutes for a room to be ready, which was fine. My room had a fantastic view of the water, and the bed was incredibly comfortable - I slept like a log. The breakfast spread was substantial, with a great mix of local pastries and hot items. The only slight downside was the air conditioning being a bit noisy, but it wasn't a dealbreaker. Overall, a very solid, comfortable stay that I'd happily book again.",1,custom_youkichirou-s-deepseek,long,positive,unstructured,zero_shot,long_positive_unstructured_zero_shot,8,655,119,700,1,2,1.0,12,2026-09-01T13:09:26.074607+00:00
fake,talbott,Hotel,"We loved our stay at the Talbott. The location is just perfect for exploring the Magnificent Mile, but what really sold us was the old-school charm--the lobby feels like stepping back into a more elegant era, without being stuffy. Our room was on the smaller side, but it was spotless and the bed was ridiculously comfortable after long walking days. The staff at the front desk were genuinely warm, remembered our names, and gave fantastic dinner recommendations. The complimentary coffee in the morning was a nice touch, though I wish the hours were a bit longer. The bathroom was tight, but the rainfall shower pressure was great. It's not a flashy modern high-rise, but if you appreciate polished, boutique-style service and a classic Chicago vibe, book here. We'd absolutely return.",1,custom_youkichirou-s-deepseek,long,positive,unstructured,zero_shot,long_positive_unstructured_zero_shot,9,787,130,700,1,1,1.0,12,2026-09-01T13:09:29.915326+00:00
fake,affinia,Hotel,"Stayed here for a long weekend and honestly couldn't have picked a better spot. The staff at the front desk were super welcoming, even let us check in a couple hours early after a red-eye. Room was on the smaller side but immaculate, with a super comfy bed and blackout curtains that actually worked--slept like a rock. The mini-fridge and microwave were a lifesaver for late-night snacks. Location is the real winner, though: a quick walk to the Metro and tons of great food spots around Logan Circle. We did have a minor issue with the key card not working once, but they fixed it in under five minutes with an apology. Would absolutely book again for the value and convenience.",1,custom_youkichirou-s-deepseek,long,positive,unstructured,zero_shot,long_positive_unstructured_zero_shot,10,680,121,700,1,1,1.0,12,2026-09-01T13:09:34.342219+00:00
fake,allegro,Hotel,"Stayed three nights for a conference and was genuinely impressed. The location is perfect, tucked a block from the river but still close to the old town's busy lanes. My room on the sixth floor had a small balcony overlooking the rooftops--quiet in the morning, just the church bells. The bed was firm but comfortable, and the blackout curtains actually worked, which is rare.

Breakfast was the real highlight: fresh pastries, proper cappuccinos made to order, and scrambled eggs that weren't rubbery. The staff remembered my name by the second day, which felt thoughtful, not forced. Only minor gripe--the gym is tiny with just two treadmills, and the elevator can be slow during check-out rush. But the rooftop bar at sunset made up for it entirely. Would happily return for a leisure stay.",1,custom_youkichirou-s-deepseek,long,positive,unstructured,zero_shot,long_positive_unstructured_zero_shot,11,793,133,700,1,1,1.0,12,2026-09-01T13:09:38.766096+00:00
fake,amalfi,Hotel,"We had a wonderful four-night stay at Hotel Amalfi in early September. The location was ideal, tucked on a quiet side street yet just a two-minute stroll to the bustling promenade and beach. Our sea-view room was spotless, with a comfortable bed and a balcony perfect for watching the sunset with a glass of local wine. The staff truly made the difference--everyone from the front desk to the breakfast servers was genuinely warm and helpful, offering great tips for avoiding the crowds. The breakfast spread was ample, with fresh pastries and excellent cappuccino. While the rooms are a bit dated and the walls slightly thin, we slept well. Overall, it offered fantastic value for the area. We would happily return.",1,custom_youkichirou-s-deepseek,long,positive,unstructured,zero_shot,long_positive_unstructured_zero_shot,12,716,120,700,1,1,1.0,12,2026-09-01T13:09:42.903271+00:00
fake,ambassador,Hotel,"Honestly, I almost didn't book here because of a mix-up with my dates, but the front desk agent, Marco, sorted everything out in minutes with a smile. That set the tone for the whole stay. The room was spotless, the bed was like sleeping on a cloud, and the blackout curtains actually worked. I loved that the mini-fridge had real glassware, not just plastic cups. The location is perfect for exploring on foot, but the best part was the quiet courtyard for morning coffee. Breakfast had fresh pastries and made-to-order eggs, which was a pleasant surprise. The only tiny hiccup was the elevator being slow during peak checkout time, but honestly, it gave me a moment to breathe. I left feeling genuinely rested, which is rare for a business trip. Definitely my new home base in the city.",1,custom_youkichirou-s-deepseek,long,positive,unstructured,zero_shot,long_positive_unstructured_zero_shot,13,788,138,700,1,1,1.0,12,2026-09-01T13:09:47.805007+00:00
fake,conrad,Hotel,"Stayed for a long weekend and honestly couldn't fault it. The room was spotless, with a ridiculously comfortable bed and a view that made me just sit and stare for an hour. Staff were attentive without hovering--the concierge remembered my name after one interaction and gave great dinner tips. Breakfast buffet had everything, though the eggs benedict was the standout. Pool area was calm even on a busy Saturday, and the loungers were actually spaced out, which never happens. Minor hiccup with the Wi-Fi in the room, but they sorted it within minutes. Location is perfect if you want to be close to the river but away from the tourist crush. Would happily book again, and I'm picky about hotels. Great value for what you get.",1,custom_youkichirou-s-deepseek,long,positive,unstructured,zero_shot,long_positive_unstructured_zero_shot,14,728,126,700,1,1,1.0,12,2026-09-01T13:09:52.522272+00:00
fake,fairmont,Hotel,"The Fairmont definitely knows how to make you feel like you've escaped the everyday. From the moment the doorman greeted us with a genuine smile, the service was attentive without ever being stuffy. Our room had a stunning view of the city skyline, and the bed was so plush I actually looked forward to waking up just to lounge in it. The bathroom was spotless, with thick towels and that lovely Le Labo toiletries scent that lingers nicely. We had breakfast at the main restaurant, and the eggs benedict were perfectly poached, though I'll admit the coffee took a second cup to hit the spot. The pool area was a bit busy on Saturday afternoon, but we found a quiet corner by the cabanas. Check-out was a breeze with the mobile key. A few minor scuffs on the hallway wallpaper, but honestly, it added to the old-world charm. We left feeling rested and a little spoiled. Worth the splurge.",1,custom_youkichirou-s-deepseek,long,positive,unstructured,zero_shot,long_positive_unstructured_zero_shot,15,888,159,700,1,1,1.0,12,2026-09-01T13:09:56.673504+00:00
fake,hardrock,Hotel,"We had a really great stay here for our anniversary. The staff genuinely seemed to care and made us feel special -- the front desk even remembered our reason for visiting and sent up a small dessert plate. The room was clean and quiet, with a super comfortable bed and blackout curtains that actually worked, which is rare. We loved the lazy river and pool area, even on a busy Saturday afternoon. Service at the pool bar was quick, and the cocktails were strong. Drinks at the lobby bar one night were a bit pricey, but that's expected. The location is unbeatable for the Boulevard, and we walked everywhere. Would definitely book again for a fun, easy getaway.",1,custom_youkichirou-s-deepseek,long,positive,unstructured,zero_shot,long_positive_unstructured_zero_shot,16,662,118,700,1,2,1.0,12,2026-09-01T13:10:07.069209+00:00
fake,hilton,Hotel,"We had a fantastic stay at the Hilton. The location was perfect for exploring, and the staff truly went above and beyond. From the moment we checked in, everyone was incredibly welcoming, and they even arranged a late checkout without us having to ask. The room was spotless and the bed was wonderfully comfortable; I haven't slept that well in ages. We also loved the breakfast buffet--tons of fresh options, and the coffee was actually good, which is rare in hotels.

The only minor hiccup was the pool being a bit busy on Saturday afternoon, but that's not really on them. Overall, it was a seamless, relaxing experience, and we wouldn't hesitate to book here again. A big thank you to the front desk team for making our anniversary feel so special! Highly recommended for both couples and families.",1,custom_youkichirou-s-deepseek,long,positive,unstructured,zero_shot,long_positive_unstructured_zero_shot,17,802,139,700,1,2,1.0,12,2026-09-01T13:10:22.120957+00:00
fake,homewood,Hotel,"I'm genuinely impressed with how comfortable our stay was at Homewood. The room was spotless and the bed was honestly one of the best I've slept in at a hotel in a long time--firm but not hard, great pillows. The kitchenette came in handy for late-night snacks, and the mini-fridge kept our drinks properly cold. Breakfast had a solid rotation: made-to-order omelets one morning and decent waffles the next. The staff at the front desk were friendly without being overbearing, and they even gave us a great recommendation for a local taco spot that was packed with residents. The only minor hiccup was the elevator being slow at peak checkout time, but it didn't ruin anything. We'll definitely book here again when we're in the area.",1,custom_youkichirou-s-deepseek,long,positive,unstructured,zero_shot,long_positive_unstructured_zero_shot,18,734,126,700,1,1,1.0,12,2026-09-01T13:10:26.445126+00:00
fake,hyatt,Hotel,"Stayed here for a long weekend and honestly couldn't have picked a better spot. The location is perfect--right by the waterfront, and everything we wanted to see was a short walk or quick cab away. Check-in was smooth, and they even let us into our room early, which was a huge win after a red-eye. The room itself was spotless, with a super comfortable bed and a great view of the harbor. The blackout curtains were a lifesaver for sleeping in. We hit the pool one afternoon, and it was surprisingly quiet and well-maintained. Only tiny hiccup was the hallway noise on Saturday night, but it died down quickly. The breakfast spread had plenty of options, and the staff were all genuinely friendly, from the valets to the front desk. Would absolutely book here again for a city escape.",1,custom_youkichirou-s-deepseek,long,positive,unstructured,zero_shot,long_positive_unstructured_zero_shot,19,785,139,700,1,1,1.0,12,2026-09-01T13:10:31.165601+00:00
fake,intercontinental,Hotel,"Stayed for three nights for a work conference and honestly, the location was the main pull--right by the harbor, a quick stroll to the ferry and some fantastic seafood spots. The room itself was on the higher floors and had a sweeping view that made the morning coffee feel special. Bed was firm but incredibly comfortable, and blackout curtains actually did their job. The bathroom was spotless with great water pressure, which is a win in my book. 

The only hiccup was the Wi-Fi dropping a couple of times during a video call, though it was fine afterwards. Staff at the front desk were efficient and friendly, especially when I asked for restaurant recommendations. The club lounge was a nice perk for evening snacks, though a bit crowded. Would definitely book here again for the convenience and overall comfort. Nothing flashy, but everything done right.",1,custom_youkichirou-s-deepseek,long,positive,unstructured,zero_shot,long_positive_unstructured_zero_shot,20,860,145,700,1,1,1.0,12,2026-09-01T13:10:35.369642+00:00
fake,james,Hotel,"We had a fantastic long weekend at Hotel James. The location is perfect for exploring the city, but the real highlight was the incredible staff. Everyone from the front desk to the housekeeping team was genuinely friendly and went above and beyond. Our room was a quiet retreat from the busy streets, featuring a wonderfully comfortable bed and a large, bright bathroom. The rainfall shower was a particular luxury. I also appreciated the thoughtful touches, like the complimentary coffee in the lobby each morning that was actually good. The on-site restaurant served a delicious dinner, though it is a bit on the pricey side. We left feeling rested and thoroughly impressed. We are already planning our next visit and wouldn't consider staying anywhere else. Highly recommended for a chic and comfortable base.",1,custom_youkichirou-s-deepseek,long,positive,unstructured,zero_shot,long_positive_unstructured_zero_shot,21,812,132,700,1,1,1.0,12,2026-09-01T13:10:41.530939+00:00
fake,knickerbocker,Hotel,"Stayed here for a long weekend and honestly, the location can't be beat--right in the thick of the Loop, steps from the river walk and a million transit options. The lobby is a stunner, all old-school grandeur with a modern twist, and check-in was painless. Our room was on the quieter side, which was a relief, and the bed was seriously comfortable. The blackout curtains did their job, and the bathroom was spotless, though the shower pressure was just okay. We grabbed drinks at the rooftop bar one night; the views of the city skyline were worth the slightly steep prices. Staff were friendly and quick with recommendations for dinner spots. Only minor gripe: the hallway was a bit noisy early morning, but it didn't ruin anything. Would absolutely book again for the convenience and comfort.",1,custom_youkichirou-s-deepseek,long,positive,unstructured,zero_shot,long_positive_unstructured_zero_shot,22,796,136,700,1,1,1.0,12,2026-09-01T13:10:46.037518+00:00
fake,monaco,Hotel,"Stayed three nights for a work conference and honestly, the Hotel Monaco was the best part of the trip. The location is perfect--steps from the French Quarter but quiet enough that you actually sleep. My room had this great little balcony overlooking the courtyard, and the bed was absurdly comfortable. I'm picky about pillows, and these were just right.

What really stood out was the staff. From the valet who remembered my name every morning to the front desk clerk who printed my boarding pass without me even asking, everyone seemed genuinely happy to help. The evening wine hour in the lobby is a nice touch too--met some fellow travelers and actually chatted instead of staring at my phone.

Only minor gripe: the bathroom sink drained a bit slowly. But honestly, I'd book again in a heartbeat. That rooftop hot tub at sunset? Worth it alone. Great value for the vibe.",1,custom_youkichirou-s-deepseek,long,positive,unstructured,zero_shot,long_positive_unstructured_zero_shot,23,876,151,700,1,1,1.0,12,2026-09-01T13:10:50.035141+00:00
fake,omni,Hotel,"We had a really lovely stay here. Check-in was quick, and the front desk agent was genuinely friendly, not just reciting a script. Our room on the 14th floor had a fantastic view of the park, and I'll admit we spent an embarrassing amount of time just watching the city lights at night. The bed was super comfortable, with great pillows, and the blackout curtains actually worked--a rare find. We grabbed breakfast at the restaurant one morning, and the avocado toast was surprisingly good, though the coffee took a while to arrive. The gym is solid, with new treadmills and plenty of towels. My only minor gripe: the hallway ice machine on our floor was out of order, but a quick call brought a bucket right up. Overall, a very polished, comfortable experience. We'd definitely book here again.",1,custom_youkichirou-s-deepseek,long,positive,unstructured,zero_shot,long_positive_unstructured_zero_shot,24,795,138,700,1,1,1.0,12,2026-09-01T13:10:54.342517+00:00
fake,palmer,Hotel,"We stayed at The Palmer for a long weekend and honestly, it exceeded every expectation we had. The location is perfect, tucked away on a quiet street but just a five-minute walk to the harbor and all the best restaurants. Our room was spotless, with a incredibly comfortable bed and a balcony that caught the morning sun beautifully. The staff were the real highlight though--from the cheerful valet who remembered our names to the front desk team that helped us snag a last-minute reservation at a fully booked seafood place. The rooftop bar is a must for sunset drinks, and the cocktails are actually well-poured. Only tiny complaint was the shower pressure was a bit weak, but everything else was so polished it didn't matter. We've already started looking at dates to come back in the fall. Highly recommend this gem to anyone wanting a relaxed, upscale stay without the stuffy vibe.",1,custom_youkichirou-s-deepseek,long,positive,unstructured,zero_shot,long_positive_unstructured_zero_shot,25,887,152,700,1,1,1.0,12,2026-09-01T13:10:59.103063+00:00
fake,sheraton,Hotel,"We stayed at the Sheraton for a long weekend and honestly, it exceeded my expectations. The check-in process was smooth, and the front desk agent actually acknowledged our status tier and upgraded us to a room facing the city, which was a lovely surprise. The room itself was spotless and the bed was, as expected, incredibly comfortable--I slept better there than I do at home. The location was great for walking to restaurants and the water.

The only minor hiccup was the pool area being a bit crowded on Saturday afternoon, but we just went back in the morning and had it almost to ourselves. The lobby bar had a great vibe too, perfect for winding down with a craft cocktail. The staff throughout the hotel were consistently polite and helpful. All in all, a really solid, stress-free stay. We'll likely be back.",1,custom_youkichirou-s-deepseek,long,positive,unstructured,zero_shot,long_positive_unstructured_zero_shot,26,817,143,700,1,1,1.0,12,2026-09-01T13:11:02.456167+00:00
fake,sofitel,Hotel,"We had a wonderful long weekend at the Sofitel. The check-in was incredibly smooth, and we were greeted with a lovely welcome drink which set a warm tone. Our room was spacious and impeccably clean, with the classic French elegance you'd expect, but the bed was the real highlight - I slept like a log every night. The staff throughout the hotel were attentive without being intrusive; the concierge arranged a fantastic last-minute dinner reservation for us. Breakfast offered a great mix of pastries and hot dishes, and the coffee was top-notch. The only hiccup was a slightly slow elevator during a busy morning, but it was a minor issue. Location is perfect for exploring, yet the hotel feels like a peaceful sanctuary. We left feeling genuinely rested and would absolutely return.",1,custom_youkichirou-s-deepseek,long,positive,unstructured,zero_shot,long_positive_unstructured_zero_shot,27,785,132,700,1,1,1.0,12,2026-09-01T13:11:07.198814+00:00
fake,swissotel,Hotel,"Stayed here for a long weekend and honestly couldn't have picked a better base. The room was spacious, spotless, and the bed was like sleeping on a cloud--I actually wanted to check out late just to enjoy it more. The staff made the difference though; from the doorman who remembered my name to the front desk helping me sort out a lost charger without any fuss, everyone seemed genuinely happy to help. The location is brilliant for sightseeing, but the real highlight was the breakfast spread--fresh pastries, made-to-order eggs, and the best coffee I had all trip. My only tiny gripe is the gym could use a few more free weights, but that's nitpicking. Would absolutely book again next time I'm in town.",1,custom_youkichirou-s-deepseek,long,positive,unstructured,zero_shot,long_positive_unstructured_zero_shot,28,706,123,700,1,1,1.0,12,2026-09-01T13:11:12.142896+00:00
fake,talbott,Hotel,"My partner and I spent three nights here for our anniversary, and it was exactly the cozy, historic getaway we hoped for. The room was on the smaller side, but the wood beams, fireplace, and plush bedding made it feel like a warm hideaway rather than a cramped space. We loved that the hotel is right in the heart of the Magnificent Mile, yet our room was remarkably quiet--no street noise at all. The staff genuinely went out of their way, especially the concierge who booked us a last-minute river architecture tour and recommended an off-menu dish at a nearby bistro we still talk about. The complimentary breakfast was simple but well done, and the lobby's afternoon cookies were a lovely touch after a long walk. Sure, the building shows its age in a few nicks, but that's part of its charm. We left feeling rested, spoiled, and already planning a return. Highly recommend for couples who appreciate character over cookie-cutter hotels.",1,custom_youkichirou-s-deepseek,long,positive,unstructured,zero_shot,long_positive_unstructured_zero_shot,29,941,162,700,1,1,1.0,12,2026-09-01T13:11:19.247402+00:00
fake,affinia,Hotel,"Stayed here for a long weekend and honestly, it exceeded expectations. The lobby has a sleek, modern vibe that sets a nice tone. My room was spotless, with a super comfy bed and blackout curtains that actually worked--slept like a log. The location on East 39th is a huge win, super close to Grand Central and a quick stroll to Koreatown for late-night bites. Staff were friendly without being overbearing, and the check-in process was a breeze. Only tiny gripe: the bathroom could use a bit more counter space, but that's minor. The rooftop bar is a hidden gem with great city views. Would definitely book here again for the price point and convenience. Solid pick for a city trip.",1,custom_youkichirou-s-deepseek,long,positive,unstructured,zero_shot,long_positive_unstructured_zero_shot,30,682,120,700,1,1,1.0,12,2026-09-01T13:11:23.065832+00:00
fake,allegro,Hotel,"My wife and I booked a last-minute weekend getaway and landed at Allegro, and honestly, it was a happy accident. The room was compact but spotless, and the bed was surprisingly comfy--I slept better here than at home. The real standout was the staff. From the front desk who let us check in early to the bartender who remembered our drink order on night two, everyone seemed genuinely happy to help. The rooftop pool is small but perfect for a lazy afternoon, and the included breakfast hit the spot every morning, especially the fresh-baked pastries. Location-wise, it's a quick walk to the tram and a few great local spots we found. The walls are a tad thin, and the shower pressure could be stronger, but for the price, this place overdelivers. We've already mentioned coming back.",1,custom_youkichirou-s-deepseek,long,positive,unstructured,zero_shot,long_positive_unstructured_zero_shot,31,784,136,700,1,1,1.0,12,2026-09-01T13:11:27.502324+00:00
fake,amalfi,Hotel,"We chose Hotel Amalfi for the view, but honestly, the staff made the stay. Every single person, from the front desk to the breakfast crew, greeted us by name after day one - a small touch that felt incredibly personal. The room itself was spotless, though the bathroom was a bit snug, a fair trade for the private balcony overlooking the water. Mornings were a highlight: strong espresso, flaky pastries, and a spread of local cheeses that fuelled our daily hikes. The only minor hiccup was the thin walls; we could hear our neighbours' late-night chatter. Still, the location is unbeatable - a five-minute stroll to the marina and tucked away from the main drag. I'd absolutely return for the hospitality alone.",1,custom_youkichirou-s-deepseek,long,positive,unstructured,zero_shot,long_positive_unstructured_zero_shot,32,712,122,700,1,1,1.0,12,2026-09-01T13:11:31.800567+00:00
fake,ambassador,Hotel,"We stayed for five nights at the Ambassador, and honestly, it exceeded what we expected from a city-center hotel. The moment we walked in, the doorman remembered our names from the second day on--that little personal touch meant a lot. Our room on the seventh floor was quiet, spotless, and had a brilliant view of the old town's rooftops, though the bathroom could've used a slightly stronger shower head. The breakfast spread was generous, with made-to-order omelets and pastries that stayed fresh. We had a minor issue with the air conditioning on the first evening, but the front desk sent a technician within ten minutes and followed up the next morning to make sure everything was fine. The pool area is small but pleasant, and the bar staff mix a solid negroni. If you want a comfortable, attentive stay without any fuss, this is it. We'd gladly return.",1,custom_youkichirou-s-deepseek,long,positive,unstructured,zero_shot,long_positive_unstructured_zero_shot,33,860,148,700,1,1,1.0,12,2026-09-01T13:11:35.748371+00:00
fake,conrad,Hotel,"Stayed here for a long weekend and honestly, it exceeded expectations. The room was spotless, with an incredibly comfortable bed and blackout curtains that made sleeping in feel glorious. The view of the river at sunset was a real highlight--I could have sat by the window all evening. Staff were professional without being stuffy; the concierge booked us a last-minute dinner spot that was fantastic. Breakfast had a good variety, though the coffee could have been stronger. The pool area was a bit crowded on Saturday afternoon, but that's my only minor gripe. Overall, a polished, relaxing stay that felt worth every penny. I'd happily return.",1,custom_youkichirou-s-deepseek,long,positive,unstructured,zero_shot,long_positive_unstructured_zero_shot,34,646,106,700,1,1,1.0,12,2026-09-01T13:11:40.611367+00:00
fake,fairmont,Hotel,"We had a fantastic stay at the Fairmont. The room was beautifully appointed with a super comfortable bed and a stunning view of the mountains. I was a bit worried about it being too formal, but the staff were so warm and welcoming, especially the concierge who helped us plan a last-minute hike. The breakfast buffet was a splurge but worth it for the sheer variety, from fresh pastries to made-to-order omelets. The pool area was a bit crowded in the afternoon, but we found it quiet in the early morning. Our only minor hiccup was a slow drain in the shower, but maintenance fixed it within twenty minutes of us calling. Overall, it was a classy and relaxing getaway that exceeded our expectations. We'd absolutely come back.",1,custom_youkichirou-s-deepseek,long,positive,unstructured,zero_shot,long_positive_unstructured_zero_shot,35,727,128,700,1,1,1.0,12,2026-09-01T13:11:44.375247+00:00
fake,hardrock,Hotel,"Stayed here for a long weekend celebrating my partner's birthday, and honestly, we were both blown away. The guitar-shaped tower is iconic, of course, but the vibe inside is what really sets it apart. We had a club-level room with a strip view, and the sunset over the palm trees was unreal - totally worth the upgrade. The staff at check-in were super friendly, even though the lobby was packed, and they surprised us with a small cake and a handwritten note for the occasion. We spent most of our time by the main pool - it gets busy, but the DJ kept the energy up and the cabana service was quick. Cocktails were strong and pricey, but you expect that. Dinner at the Mexican spot on property was surprisingly solid. Location can't be beaten for easy access to the strip, but the soundproofing meant we slept like babies. Would definitely book again for a special trip.",1,custom_youkichirou-s-deepseek,long,positive,unstructured,zero_shot,long_positive_unstructured_zero_shot,36,871,157,700,1,1,1.0,12,2026-09-01T13:11:48.806311+00:00
fake,hilton,Hotel,"Stayed here for a long weekend and honestly, it exceeded expectations. The room was spotless, the bed super comfortable, and the blackout curtains actually worked, which never happens. We had a minor issue with the AC on the first night, but housekeeping sorted it out within twenty minutes and even left a small fruit plate as an apology. The location is brilliant if you want to be near the waterfront, and the lobby bar makes a mean old fashioned. Breakfast buffet was pricier than I'd like, but the omelet station was worth it. Staff throughout were friendly without being overbearing. If you're after luxury, it's there, but it feels more like genuine hospitality than show. Would definitely book again.",1,custom_youkichirou-s-deepseek,long,positive,unstructured,zero_shot,long_positive_unstructured_zero_shot,37,708,119,700,1,1,1.0,12,2026-09-01T13:11:52.205104+00:00
fake,homewood,Hotel,"Stayed here for a long weekend and honestly couldn't have asked for a smoother visit. The suite was spotless and the kitchenette came in handy for late-night snacks, though the pull-out sofa was a touch firmer than I'd prefer. Breakfast had solid options--the make-your-own waffle station was a hit with the kids, and the scrambled eggs were actually fluffy, not rubbery. The indoor pool was warm, and the staff at the front desk remembered our room number every time we walked by, which felt personal. Location is convenient, about ten minutes from the interstate and a quick drive to a few decent restaurants. Only minor hiccup was the ice machine on our floor being out of order, but the guy at the desk offered to fill our cooler from the lobby without hesitation. I'd book here again for the value and the quiet, comfortable sleep.",1,custom_youkichirou-s-deepseek,long,positive,unstructured,zero_shot,long_positive_unstructured_zero_shot,38,836,145,700,1,1,1.0,12,2026-09-01T13:11:59.828114+00:00
fake,hyatt,Hotel,"Stayed for three nights during a conference and was genuinely impressed. The room was spotless, with a super comfortable bed and blackout curtains that actually worked--slept like a log. Staff at the front desk were efficient and friendly, even when the lobby was crowded. The in-house restaurant had a solid breakfast spread, and the omelet station was a nice touch. Location is a bit far from the main tourist drag, but the free shuttle to the downtown core made it easy. Gym is well-equipped, though the treadmills could use a tune-up. Pool area was quiet and clean. Only minor complaint: the Wi-Fi in the room dropped a couple of times during video calls. Otherwise, a dependable, comfortable stay that delivered on all the basics. Would book again for business trips.",1,custom_youkichirou-s-deepseek,long,positive,unstructured,zero_shot,long_positive_unstructured_zero_shot,39,772,130,700,1,1,1.0,12,2026-09-01T13:12:03.651562+00:00
fake,intercontinental,Hotel,"Stayed for three nights to celebrate an anniversary, and honestly, they made it feel special without being fussy. The room was spotless with a ridiculously comfortable bed. I loved that the blackout curtains actually worked--slept past nine, which never happens. The pool area gets busy by late morning, so go early. Breakfast had a great mix of local and western options; the made-to-order omelet was a hit. Staff were attentive but not hovering. The location is perfect for walking to the old city, and the concierge gave us a fantastic, less-crowded route to the market. Only tiny gripe: the elevator wait during checkout was a bit long. Otherwise, a genuinely relaxing stay. Worth the splurge.",1,custom_youkichirou-s-deepseek,long,positive,unstructured,zero_shot,long_positive_unstructured_zero_shot,40,697,115,700,1,2,1.0,12,2026-09-01T13:12:12.137594+00:00
fake,james,Hotel,"Stayed at Hotel James for a long weekend and honestly, it exceeded every expectation I had. The location is perfect--steps from everything but tucked away enough to feel quiet. Check-in was a breeze; the front desk agent actually remembered my name and gave great dinner recommendations. The room itself was spotless, with a ridiculously comfortable bed and blackout curtains that let me sleep in past 9, which never happens. I loved the little touches: the complimentary coffee in the lobby each morning was strong and delicious, and the gym was way better equipped than most hotels I've visited. The only minor hiccup was the shower pressure fluctuating one evening, but it didn't ruin anything. The bar downstairs has a fantastic cocktail list, and the staff there were friendly without being pushy. For the price, this place is a steal. I've already booked my next stay for next month. Can't recommend it enough.",1,custom_youkichirou-s-deepseek,long,positive,unstructured,zero_shot,long_positive_unstructured_zero_shot,41,916,152,700,1,1,1.0,12,2026-09-01T13:12:16.283852+00:00
fake,knickerbocker,Hotel,"Stayed here for a long weekend and honestly, the location is unbeatable. You're right in the middle of everything, steps from the river walk, and the views from the upper floors are stunning at sunset. The room itself was a bit on the compact side, but the bed was incredibly comfortable and the blackout curtains worked wonders. What really impressed me was the staff--every single person, from the doorman to the front desk, was genuinely friendly and helpful without being overbearing. The rooftop bar is a must-visit, even if you're not a guest, though the cocktails are pricey. My only minor gripe was the hallway noise in the mornings, but it wasn't a dealbreaker. I'd absolutely book again for the charm and convenience.",1,custom_youkichirou-s-deepseek,long,positive,unstructured,zero_shot,long_positive_unstructured_zero_shot,42,727,123,700,1,1,1.0,12,2026-09-01T13:12:20.437311+00:00
fake,monaco,Hotel,"Stayed here for a long weekend and honestly couldn't have picked a better spot. The location is unbeatable--steps from the riverfront and a short stroll to all the good restaurants, but the street itself stays quiet at night, which I appreciated. Check-in was smooth, and they even let us into our room early since we'd arrived before the standard time. The room itself was stylish without feeling stuffy, and the bed was genuinely comfortable; I slept like a log both nights. Bathroom had great water pressure and those little toiletries that actually smell nice. The bar downstairs is worth a visit even if you're not a guest--the bartender mixed a killer Old Fashioned. Only tiny gripe: the hallway ice machine was out on our floor, but the front desk sent someone up with a bucket within minutes. Would gladly book again.",1,custom_youkichirou-s-deepseek,long,positive,unstructured,zero_shot,long_positive_unstructured_zero_shot,43,825,141,700,1,1,1.0,12,2026-09-01T13:12:24.786112+00:00
fake,omni,Hotel,"We had a wonderful three-night stay at the Omni. The location was perfect for exploring the city, but honestly, we could have just stayed in the hotel the whole time. The pool area was a real highlight--clean, well-heated, and the towels were always stocked. Our room was spotless and the bed was incredibly comfortable; I slept better than I do at home. The staff were all so welcoming, from the valet to the front desk. We had one small issue with the TV remote and someone was up to fix it within minutes. Breakfast on the terrace was a lovely way to start the day. We're already looking at dates to come back next year.",1,custom_youkichirou-s-deepseek,long,positive,unstructured,zero_shot,long_positive_unstructured_zero_shot,44,623,115,700,1,1,1.0,12,2026-09-01T13:12:28.537523+00:00
fake,palmer,Hotel,"We stayed at Hotel Palmer for four nights and honestly couldn't have been happier with the choice. The location is perfect--a quiet street but still a five-minute walk to the main square, which meant we got peaceful mornings without being isolated. Our room overlooked a small courtyard, and the soundproofing was excellent; we never heard a peep from the neighbors. The bed was firm but supportive, and the blackout curtains worked wonders after late nights. Breakfast was a highlight: fresh pastries, local cheeses, and made-to-order eggs that weren't swimming in grease. The staff remembered our preferences by the second day, which felt genuinely thoughtful rather than scripted. Only minor hiccup was the shower pressure being a bit weak, but the water stayed hot. We'd absolutely return and would recommend it to anyone wanting a comfortable, unpretentious base.",1,custom_youkichirou-s-deepseek,long,positive,unstructured,zero_shot,long_positive_unstructured_zero_shot,45,868,137,700,1,1,1.0,12,2026-09-01T13:12:32.715761+00:00
fake,sheraton,Hotel,"Checked in a bit later than planned, around 10 PM, and the front desk had everything ready--even upgraded us to a high floor with a nice view of the river, which was a lovely surprise. The room was spotless, bed super comfy, and the blackout curtains actually worked. Breakfast buffet had a good mix of hot and cold options; the omelet station was a plus, though the coffee could've been stronger. I used the gym in the morning--it's compact but had everything I needed. Location is solid for exploring, with the metro a short walk. Only minor gripe: the hallway ice machine was noisy at night, but it didn't ruin anything. Staff were consistently friendly, from valet to housekeeping. I'd gladly stay here again for the value and reliability.",1,custom_youkichirou-s-deepseek,long,positive,unstructured,zero_shot,long_positive_unstructured_zero_shot,46,743,129,700,1,1,1.0,12,2026-09-01T13:12:36.410046+00:00
fake,sofitel,Hotel,"We booked the Sofitel for a anniversary weekend and honestly couldn't have picked better. The room was spacious, with a heavenly bed and a view of the city lights that made us feel like we were in a movie. The staff were professional but warm, especially the concierge who arranged a last-minute dinner reservation for us at a lovely bistro. The pool area was a serene escape from the busy streets, and we spent a lazy afternoon there. Breakfast had everything we could crave, from fresh pastries to made-to-order omelets. While the lobby was a bit busy at check-in, the efficient process made up for it. We left feeling completely relaxed and already planning our return. A truly elegant stay with that special touch you don't find everywhere.",1,custom_youkichirou-s-deepseek,long,positive,unstructured,zero_shot,long_positive_unstructured_zero_shot,47,744,128,700,1,2,1.0,12,2026-09-01T13:12:45.008292+00:00
fake,swissotel,Hotel,"The location is unbeatable for sightseeing, right by the river and a short stroll to the Old Town. We booked a standard room and were pleasantly surprised by the space, plus the soundproofing was perfect--slept like a baby despite the bustling city outside. The breakfast spread deserves a special mention: fresh pastries, made-to-order eggs, and a great selection of local cheeses. Staff were professional and friendly, quickly sorting out an extra pillow request and recommending a fantastic restaurant for dinner. My only minor gripe was the slightly slow Wi-Fi in the evenings, but it didn't ruin anything. The gym is small but well-equipped, and the pool area is a nice bonus after a long day of walking. For the price and quality, I would definitely stay here again on my next trip.",1,custom_youkichirou-s-deepseek,long,positive,unstructured,zero_shot,long_positive_unstructured_zero_shot,48,788,132,700,1,1,1.0,12,2026-09-01T13:13:15.696466+00:00
fake,talbott,Hotel,"Stayed here for a long weekend and honestly, I'm still thinking about the bed. That mattress was pure cloud--slept like a log all three nights, which never happens in hotels. Location is unbeatable: two blocks from the river, easy walk to all the good coffee spots, and quiet enough at night. The front desk guy, Marcus, remembered our names and had great tips for a hidden speakeasy we'd have never found. Room was compact but smartly laid out, with a rainfall shower that had serious pressure. Breakfast was simple--pastries, fruit, decent espresso--but the fresh orange juice was a lovely touch. Only tiny gripe: the hallway ice machine was out of order one afternoon. Minor. Would absolutely book again for the location and that heavenly bed.",1,custom_youkichirou-s-deepseek,long,positive,unstructured,zero_shot,long_positive_unstructured_zero_shot,49,746,125,700,1,1,1.0,12,2026-09-01T13:13:19.835762+00:00
fake,affinia,Hotel,"We booked Affinia expecting a polished stay, but it felt more like a faded chain trying too hard. Breakfast was a cramped buffet of lukewarm scrambled eggs and stale pastries, and the coffee tasted burnt. The wifi dropped constantly, making it impossible to stream anything or even load a basic map without frustration. Our room faced an interior airshaft, so the 'view' was just a brick wall and a humming vent. Noise was the worst part--thin walls meant every hallway conversation and door slam echoed through the night, and we got little sleep. The bed was decent, but that's about the only compliment. Staff were polite but couldn't resolve the internet or offer a quieter floor. For the price they charge, this was a letdown. I'd look elsewhere unless you're desperate and don't mind feeling like you're in a budget hostel with nicer curtains.",1,custom_youkichirou-s-deepseek,long,negative,structured,few_shot,long_negative_structured_few_shot,0,848,144,700,1,1,1.0,12,2026-09-01T13:13:24.267889+00:00
fake,allegro,Hotel,"I booked the Hotel Allegro hoping for a charming boutique stay, but the reality was a letdown from the moment I checked in. The front desk agent barely acknowledged me, handing over the key card with a curt nod and zero information about the property. My room, while visually okay at first glance, had a suspicious stain on the carpet near the window and a layer of dust on the headboard. The bathroom was the worst part: the shower pressure was a pathetic trickle, and the grout between the tiles was black with mold. I couldn't even enjoy the much-talked-about view--all I saw was a brick wall and a noisy ventilation unit grumbling outside. The location is convenient, but the apathetic staff and tired, dirty rooms made it feel like a glorified hostel. I would not return.",1,custom_youkichirou-s-deepseek,long,negative,structured,few_shot,long_negative_structured_few_shot,1,776,137,700,1,1,1.0,12,2026-09-01T13:13:28.761884+00:00
fake,amalfi,Hotel,"I had high hopes for Hotel Amalfi, but honestly, the experience left a sour taste. The room itself was passable at first glance, but the carpet had a sticky patch near the mini-fridge, and there was a suspicious, damp smell that lingered the entire time. Our one-night stay ended up feeling interminable, mostly because the air conditioning unit rattled like a coffee grinder all night, making sleep nearly impossible.

The staff were polite enough at check-in, but whenever we called down for extra towels or a wake-up call, we were met with a dismissive tone and long holds. The bathroom was the worst offender: the showerhead sprayed in a weak, erratic pattern, and the grouting had gone a worrying shade of black. Plus, the exhaust fan didn't work, leaving the room steamy and muggy. For the price, I expected far more, and I cannot recommend this place.",1,custom_youkichirou-s-deepseek,long,negative,structured,few_shot,long_negative_structured_few_shot,2,858,147,700,1,1,1.0,12,2026-09-01T13:13:33.154140+00:00
fake,ambassador,Hotel,"I booked the Ambassador expecting a bit of a splurge, but honestly, I left feeling like I'd thrown money away. The room rate was steep, and for that price, I expected something more than a worn carpet and furniture that looked like it hadn't been updated since the early 2000s. The mustard-yellow armchair had a suspicious stain, and the curtains smelled faintly of dust. Our window faced a brick wall, so 'view' was a generous term--we had to keep the blinds shut for any privacy, which made the room feel like a cave. The staff were polite but overwhelmed, and the breakfast buffet was a sad spread of stale pastries. I was only there for one night, yet that was more than enough. Two nights would have felt like a punishment. Not worth the premium, not by a long shot.",1,custom_youkichirou-s-deepseek,long,negative,structured,few_shot,long_negative_structured_few_shot,3,771,140,700,1,1,1.0,12,2026-09-01T13:13:37.157510+00:00
fake,conrad,Hotel,"I had high hopes for the Conrad, but honestly, the experience left me frustrated. The bathroom was the first letdown--a single, shallow sink that splashed water everywhere and a showerhead with only two settings, one of which dribbled. The room itself wasn't truly dirty, but there were dust bunnies under the desk and a suspicious stain on the armchair I didn't want to examine closely. Staff were polite at check-in but completely dismissive when I asked for extra towels, telling me to call housekeeping myself; when I did, no one ever answered. Despite the 'city view' promise, I heard constant hallway chatter, slamming doors, and what sounded like furniture being dragged upstairs until nearly 2 AM. For these rates, I expected polish and attention--instead I got a mediocre stay that felt more like a mid-tier business hotel. I won't be returning.",1,custom_youkichirou-s-deepseek,long,negative,structured,few_shot,long_negative_structured_few_shot,4,854,141,700,1,1,1.0,12,2026-09-01T13:13:41.984453+00:00
fake,fairmont,Hotel,"I'd been looking forward to a special weekend at the Fairmont, but the reality fell far short of the pictures and the price tag. Our room on the eighth floor faced the parking garage and a slice of rooftops; we had to lean out the window to see any skyline, and even then, it was mostly cranes. The hallway noise was relentless--doors slamming and guests talking loudly until past midnight, and thin walls meant we heard every flush from next door. At over four hundred a night, it felt like a robbery for what was essentially a mediocre business hotel. The front desk staff were polite but disinterested, and when I asked about a quieter room, they shrugged and said the hotel was full. Housekeeping skipped our turn-down entirely, and the one call I made to request extra towels rang for ages before someone picked up. I truly wanted to love it, but I left feeling cheated and exhausted.",1,custom_youkichirou-s-deepseek,long,negative,structured,few_shot,long_negative_structured_few_shot,5,889,159,700,1,1,1.0,12,2026-09-01T13:13:48.298481+00:00
fake,hardrock,Hotel,"I've stayed at Hard Rock properties before and usually expect a certain level of polish, but this visit missed the mark by a mile. The bathroom looked decent at first, but the shower drain was slow, and the cheap pump bottles of soap were nearly empty. Our 'city view' turned out to be a brick wall and a vent that hummed all night. Staff were polite at check-in but vanished when we called for extra towels--took three tries and over an hour. Sleep was rough: the mattress sagged in the middle, and the hallway noise from a rowdy group carried straight through the thin door. For the price, this felt more like a mid-tier chain than a rock-and-roll flagship. I wanted to love it, but left tired and frustrated. Won't be back.",1,custom_youkichirou-s-deepseek,long,negative,structured,few_shot,long_negative_structured_few_shot,6,726,132,700,1,1,1.0,12,2026-09-01T13:13:52.064533+00:00
fake,hilton,Hotel,"The view from my 14th-floor room was the only thing that didn't disappoint--a hazy slice of the skyline that felt wasted on a window I barely had time to enjoy. My three-night business stay stretched into an eternity of restless evenings, the bed too firm and the hallway noise relentless until past midnight. I would have traded half that time for functioning internet; the complimentary Wi-Fi dropped every twenty minutes, forcing me to re-login repeatedly while trying to join a video call. The staff, though polite at check-in, vanished when I asked for a late checkout--and the front desk agent who finally appeared seemed annoyed, barely glancing up from her screen. The hallways smelled faintly of stale coffee, and the air conditioning rattled like a loose shutter. For the price, I expected far more than a good view and a lukewarm hello.",1,custom_youkichirou-s-deepseek,long,negative,structured,few_shot,long_negative_structured_few_shot,7,847,142,700,1,1,1.0,12,2026-09-01T13:13:56.431949+00:00
fake,homewood,Hotel,"We booked Homewood expecting a decent night's sleep before an early flight, but it was a real letdown. The hallway noise was constant well past midnight--doors slamming, people talking at full volume--and the walls were paper-thin. I could hear the TV from the room next door as if it were on my nightstand. The wifi was practically useless; it kept dropping and was too slow to even load a basic webpage, which I needed for work. Honestly, for what they charged, I felt ripped off. The room itself was shabby, with a stained carpet and a worn-out mattress that sagged in the middle. I tossed and turned all night and woke up more exhausted than when I arrived. Save your money and stay elsewhere.",1,custom_youkichirou-s-deepseek,long,negative,structured,few_shot,long_negative_structured_few_shot,8,697,124,700,1,1,1.0,12,2026-09-01T13:13:59.851627+00:00
fake,hyatt,Hotel,"I booked the Hyatt expecting the usual level of polish, but left genuinely frustrated. Our room faced a construction site, so the 'city view' was mostly a crane and a lot of dust. The noise was relentless--jackhammering started before 7 AM, and the thin windows did nothing to muffle it. I barely slept; by the second night, I was counting the hours until checkout, and honestly, the three nights felt like a week. The hallways weren't much better, with slamming doors echoing until midnight. I'll give credit to the front desk clerk who moved us to a higher floor, but it still didn't help. The bed itself was decent, but that's about all. For the price, I expected far more. I won't be back.",1,custom_youkichirou-s-deepseek,long,negative,structured,few_shot,long_negative_structured_few_shot,9,693,124,700,1,1,1.0,12,2026-09-01T13:14:03.651326+00:00
fake,intercontinental,Hotel,"I booked the InterContinental expecting a touch of grandeur, but the reality felt like a faded postcard. The lobby's marble gleams, sure, but the hallway carpets are worn, and the room's furniture looks straight out of the late '90s, with scuffed edges and a tired floral armchair. The bed was comfortable enough, but the cleanliness was spotty--I found a stale receipt under the desk and dust bunnies lurking by the baseboards. Our one-night stop felt both rushed and interminable; the paper-thin walls let me hear every door slam and hallway conversation, so I got little rest. The bathroom was the low point: a cracked tile, a showerhead with uneven pressure, and a faint musty smell that no amount of ventilation could fix. For this price, I expected polish, not patina. I won't return.",1,custom_youkichirou-s-deepseek,long,negative,structured,few_shot,long_negative_structured_few_shot,10,790,133,700,1,1,1.0,12,2026-09-01T13:14:07.546677+00:00
fake,james,Hotel,"I booked the James for a special weekend, and honestly, it fell flat. The location is decent--you can walk to the river and a few good spots--but that's the only saving grace. Our bathroom was the real letdown: a cracked tile in the shower, lukewarm water pressure that sputtered, and a sink that drained so slowly I had to brush my teeth in the tub. The room itself looked tidy at first, but the carpet had visible stains near the window, and I found a stray hair on the duvet. Staff were polite enough, yet when I mentioned the bathroom issue at the front desk, the response was a shrug and a promise to 'note it' that never materialized. For the price, I expected more polish. It wasn't a disaster--just a list of small disappointments that added up to a stay I won't be repeating.",1,custom_youkichirou-s-deepseek,long,negative,structured,few_shot,long_negative_structured_few_shot,11,784,145,700,1,1,1.0,12,2026-09-01T13:14:11.748880+00:00
fake,knickerbocker,Hotel,"I was really looking forward to a weekend getaway, but the Knickerbocker left me feeling more tired than when I arrived. The bed was rock hard, and the constant hum from the street traffic meant I was up half the night. Breakfast was a sad affair of lukewarm, rubbery eggs and stale pastries, served by a staff that seemed completely indifferent. The bathroom had a perpetually clogged drain that left the floor wet, and the water pressure in the shower was pathetically weak. We paid extra for a city view, but our window looked directly over a noisy construction site and a grim airshaft, offering just a sliver of the skyline. Overall, it was a disappointing stay that felt far overpriced for the quality. I wouldn't recommend it.",1,custom_youkichirou-s-deepseek,long,negative,structured,few_shot,long_negative_structured_few_shot,12,733,128,700,1,1,1.0,12,2026-09-01T13:14:15.169742+00:00
fake,monaco,Hotel,"I'm not sure if the walls are paper-thin or if my neighbors were just having a full-blown party, but I heard every thump and laugh until nearly 2 a.m. For nearly $300 a night, I expected better soundproofing. The room itself was clean and stylish, but that didn't make up for the constant noise, nor the lukewarm breakfast where the scrambled eggs were dry and the coffee tasted burnt. The location is convenient, but I felt the whole experience was wildly overpriced, almost like paying for a luxury brand without the substance. My two nights felt like an eternity, and by the second morning I was counting the hours until checkout. If you crave peace and value, look elsewhere.",1,custom_youkichirou-s-deepseek,long,negative,structured,few_shot,long_negative_structured_few_shot,13,679,119,700,1,1,1.0,12,2026-09-01T13:14:20.114604+00:00
fake,omni,Hotel,"The Omni left me feeling genuinely underwhelmed. The bathroom was cramped, with a showerhead that dribbled water sideways and a towel rack that fell off the wall when I reached for a fresh one. My 'city view' turned out to be a direct line into an office building's HVAC units, so I kept the curtains drawn the entire time. The wifi was a sore spot--connection dropped constantly, making it impossible to stream anything or even hold a simple video call for work. Oddly, my two-night stay felt both too short and too long: too short to offset the travel hassle, but too long after the third cold shower and the fourth hour of internet frustration. The bed was comfortable, I'll grant that, but this was not the relaxing retreat I'd booked. I left more stressed than when I arrived, and I won't be returning.",1,custom_youkichirou-s-deepseek,long,negative,structured,few_shot,long_negative_structured_few_shot,14,807,144,700,1,1,1.0,12,2026-09-01T13:14:23.949640+00:00
fake,palmer,Hotel,"The Palmer's location on State Street is genuinely hard to beat for sightseeing, which is the only reason I'm giving it two stars instead of one. Unfortunately, that's where the positives end. Our room, advertised as recently renovated, looked tired and worn, with a suspicious stain on the carpet near the mini-fridge and a layer of dust on the headboard. The bathroom was the real letdown--the shower pressure was pitiful, the grout was discolored, and the provided toiletries smelled like cheap generic soap. Housekeeping did the bare minimum, leaving wet towels on the floor and not replacing the coffee. At $280 a night, this felt like a $90 motel experience dressed up in a fancy lobby. The location saved the trip, but the value simply wasn't there.",1,custom_youkichirou-s-deepseek,long,negative,structured,few_shot,long_negative_structured_few_shot,15,756,127,700,1,1,1.0,12,2026-09-01T13:14:27.918945+00:00
fake,sheraton,Hotel,"Checked in at 3 PM, but the room wasn't ready until nearly 5, and no one offered so much as a complimentary drink while we waited in the crowded lobby. The wifi was practically useless in our room--kept dropping every few minutes, making any work impossible. Staff were polite but visibly overwhelmed, and my request for extra towels took three calls and an hour. For the premium rate we paid, the carpet looked stained and the bathroom had a lingering musty smell. We booked three nights, but by the second morning, we were already counting the hours to checkout. The location is convenient, sure, but this felt like a $120 motel experience dressed up with a fancy lobby. I'd rather have skipped the last night entirely than paid what they charged. Genuinely disappointing for a brand I once trusted.",1,custom_youkichirou-s-deepseek,long,negative,structured,few_shot,long_negative_structured_few_shot,16,801,139,700,1,1,1.0,12,2026-09-01T13:14:31.650875+00:00
fake,sofitel,Hotel,"I booked the Sofitel expecting Parisian elegance, but left feeling thoroughly underwhelmed. The hallway carpet looked tired, and our room's decor felt stuck in the early 2000s--stiff beige fabrics, a bulky armoire, and lighting so dim it was hard to read. Worse, the air conditioner rattled all night, and I barely slept; the thin walls let every hallway conversation seep through. Housekeeping was inconsistent: the bathroom floor had a stray hair on arrival, and the glass shower door was smeared with fingerprints. I asked for a quiet floor at check-in, yet we faced a busy street where sirens blared until 3 a.m. The bed itself was comfortable enough, but that's the only positive. For this price point, I expect freshness, soundproofing, and meticulous cleaning--none of which were delivered. I won't be returning.",1,custom_youkichirou-s-deepseek,long,negative,structured,few_shot,long_negative_structured_few_shot,17,819,132,700,1,1,1.0,12,2026-09-01T13:14:59.912171+00:00
fake,swissotel,Hotel,"I booked the Swissotel expecting the dependable quality that comes with the brand name, but my stay left me genuinely underwhelmed. Our room faced the internal courtyard, and while that meant it was mercifully quiet, the view was essentially a grey wall and the top of the mechanical plant room. The bathroom felt like an afterthought from the early nineties, with a clunky, cracked tiled surround and a shower head that sprayed in every direction except on me. The carpet in the hallway had visible stains, and the room itself, despite the recent refurbishment claims, still had dated, beige furniture that creaked ominously. Honestly, for the nightly rate, I expected far more polish. You're paying for the location and the name, but the experience itself felt tired. I would think twice before booking here again, especially since there are fresher, better-value options a few blocks away. It wasn't a disaster, but it was a disappointment.",1,custom_youkichirou-s-deepseek,long,negative,structured,few_shot,long_negative_structured_few_shot,18,943,155,700,1,1,1.0,12,2026-09-01T13:15:04.471093+00:00
fake,talbott,Hotel,"The Talbotts' worn glamour is charming from the lobby, but that charm evaporates by the second night. Our 'deluxe' room had a frayed carpet and a window facing a brick wall, so I slept poorly, disturbed by hallway noise and an AC unit that rattled like a loose muffler. The staff were polite but overwhelmed; housekeeping ignored our door sign twice, and front desk claimed they couldn't fix the thermostat until the next day. At $340 a night, this felt like a $190 experience. We checked out after only one of our two planned nights--not because the stay was too short, but because the mattress sagged and the bathroom smelled faintly of mildew. The location and vintage bar are lovely, but you're paying for history, not comfort. I'd pass on a return.",1,custom_youkichirou-s-deepseek,long,negative,structured,few_shot,long_negative_structured_few_shot,19,753,132,700,1,1,1.0,12,2026-09-01T13:15:09.403532+00:00
fake,affinia,Hotel,"The Affinia left me genuinely puzzled. The location was undeniably its only saving grace--steps from the El and a short cab ride to the Loop made sightseeing easy. Inside, though, the decor felt frozen in the mid-2000s, with tired floral patterns on the bedding and a hallway carpet that had seen better decades. My bathroom was the low point: the showerhead had only two settings (dribble or scalding blast), and the grout looked like it hadn't seen a scrub brush in months. The staff were polite but perpetually overstretched; the front desk gave clipped answers to my questions about dining, and housekeeping knocked at 8:30 AM despite my 'Do Not Disturb' sign. For what they charge, I expected polish, not this faded, disengaged experience. I won't be back.",1,custom_youkichirou-s-deepseek,long,negative,structured,few_shot,long_negative_structured_few_shot,20,761,128,700,1,1,1.0,12,2026-09-01T13:15:13.746490+00:00
fake,allegro,Hotel,"Breakfast was the first letdown of the day--cold scrambled eggs that looked like they'd been sitting out since dawn, plus coffee that tasted burnt and watery. I slept terribly, partly because the mattress sagged in the middle and partly because I could hear every footstep in the hallway, as if the walls were made of paper. The staff seemed perpetually annoyed; asking for extra towels earned me a sigh and a slow, grudging walk to the supply closet. The lobby decor hasn't been touched since the mid-2000s--faded floral carpet, wobbly armchairs, and a strange, cloying air freshener. By the second night, I just wanted to leave. For the price, you'd expect at least a decent night's rest and a smile from the front desk. This place delivered neither.",1,custom_youkichirou-s-deepseek,long,negative,structured,few_shot,long_negative_structured_few_shot,21,752,128,700,1,1,1.0,12,2026-09-01T13:15:18.338518+00:00
fake,amalfi,Hotel,"I'd heard the Amalfi's location was unbeatable, and that much is true--you're steps from the old town. But that's where the positives end. The 'sea view' we paid extra for was mostly a rooftop and a sliver of water, and the window hadn't been cleaned in months. Check-in took forever, and the front desk clerk seemed annoyed by every question. The room itself felt trapped in 1985, with mustard-toned carpet, a tiny tube TV, and a showerhead that dribbled. Housekeeping never replaced the coffee pods, and the hair dryer died on day two. When I asked for a late checkout, I got a flat 'no' without apology. Honestly, the building's location is the only thing working in its favor. For the price, you could do much better a few blocks over. I left feeling tired, dusty, and thoroughly unimpressed.",1,custom_youkichirou-s-deepseek,long,negative,structured,few_shot,long_negative_structured_few_shot,22,796,139,700,1,1,1.0,12,2026-09-01T13:15:22.731823+00:00
fake,ambassador,Hotel,"I really wanted to like the Hotel Ambassador, but our anniversary weekend fell flat. The lobby's plastic plants and stained carpet set the tone; our room followed suit with floral drapes from another decade and a radiator that clanked all night. We paid extra for a 'city view,' which was mostly a brick wall and a sliver of rooftop. The staff were polite but indifferent--at check-in we were handed keys without a smile or a single recommendation, and housekeeping never replaced our empty coffee pods. The bathroom was the worst part: a cracked tub with poor water pressure, a loose faucet, and a hairdryer that died mid-use. The bed was comfortable, I'll give them that, but the peeling wallpaper and gum under the desk made us eager to leave. For these prices, you can do much better.",1,custom_youkichirou-s-deepseek,long,negative,structured,few_shot,long_negative_structured_few_shot,23,788,137,700,1,1,1.0,12,2026-09-01T13:15:27.088403+00:00
fake,conrad,Hotel,"I was really looking forward to a luxurious weekend at the Conrad, but it fell short in every meaningful way. The noise was the first problem--our room faced the street, and sirens and traffic kept me up until 2 a.m. despite the advertised soundproofing. The bathroom looked nice at first, but the shower pressure was dismal, and the glass door leaked water all over the floor. Breakfast was a crowded, chaotic buffet with lukewarm eggs and stale pastries; the omelet station had a 20-minute wait. Worst of all, the Wi-Fi kept dropping every ten minutes, and the front desk suggested I 'move closer to the router.' For nearly $400 a night, I expected calm, comfort, and functioning basics. Instead, I left exhausted and annoyed. I won't be returning.",1,custom_youkichirou-s-deepseek,long,negative,structured,few_shot,long_negative_structured_few_shot,24,750,128,700,1,1,1.0,12,2026-09-01T13:15:30.709824+00:00
fake,fairmont,Hotel,"I booked the Fairmont expecting a landmark stay, but left feeling I'd overpaid for a faded name. The bed was decent, but the air conditioning cycled loudly all night, and I woke up more tired than when I arrived. At nearly $400 a night, that alone stung. The lobby has grand bones, yet the hallways and our room feel stuck in the early 2000s--scuffed baseboards, worn carpet, and furniture that looks like it survived a decade of conferences. Breakfast was the low point: a lukewarm buffet with watery scrambled eggs and stale pastries, all for $32 a head. Service was polite but stretched thin, especially at check-in. Honestly, the location is prime, but so is the competition. For this price, I expected polish, not a lesson in managing disappointment. I won't be back.",1,custom_youkichirou-s-deepseek,long,negative,structured,few_shot,long_negative_structured_few_shot,25,772,133,700,1,1,1.0,12,2026-09-01T13:15:36.098345+00:00
fake,hardrock,Hotel,"I booked the Hard Rock hoping for a fun, rock-and-roll vibe, but what I got was a tired, overpriced room that felt like a generic budget hotel with a guitar decal slapped on the wall. The bathroom was the worst part: the shower head dripped constantly, the grout was stained dark in the corners, and the tiny mirror was fogged up for a full hour after any hot water ran. Honestly, at over $300 a night, this was a total rip-off. The room itself had crumbs on the carpet near the mini-fridge and a suspicious sticky patch by the desk that housekeeping clearly missed. As for noise, forget sleeping in--the hallway thumped with bass from a party until 3 AM, and the ice machine on our floor rattled like a broken snare drum all night. The only thing 'hard' about this stay was the bed, which felt like a concrete slab. Save your money and pick somewhere else.",1,custom_youkichirou-s-deepseek,long,negative,structured,few_shot,long_negative_structured_few_shot,26,857,158,700,1,1,1.0,12,2026-09-01T13:15:40.657779+00:00
fake,hilton,Hotel,"Checked in after a long flight and was met by a front desk agent who barely looked up, muttering through the process as if I were interrupting something. The room itself felt tired--carpet stained near the window, a layer of dust on the nightstand, and the bathroom grout looked like it hadn't seen a scrub brush in weeks. The Wi-Fi dropped three times during a single video call, forcing me to restart the whole session. Location is decent if you want to be near the convention center, but it's a hike to any decent restaurant or bar. Honestly, for the price, I expected far more polish. I've stayed at better-run Hiltons in smaller cities. I won't be returning to this one.",1,custom_youkichirou-s-deepseek,long,negative,structured,few_shot,long_negative_structured_few_shot,27,675,121,700,1,1,1.0,12,2026-09-01T13:15:46.785521+00:00
fake,homewood,Hotel,"You can't beat the location for exploring downtown, which was the only saving grace. Unfortunately, the stay felt about two nights too long once the issues piled up. Breakfast was a chaotic zoo--the scrambled eggs were watery, the coffee urn ran dry twice, and the 'hot' oatmeal was lukewarm by the time I found a table. Sleep was nearly impossible: the AC unit clanked all night, and the walls were so thin I heard every toilet flush from the adjacent room. The bed sagged in the middle, and the pillows were flat as pancakes. I checked out a day early, honestly. For the price, I expected basic comfort. Instead, I left exhausted and disappointed. A convenient spot wasted on a rundown property. I won't be back.",1,custom_youkichirou-s-deepseek,long,negative,structured,few_shot,long_negative_structured_few_shot,28,714,126,700,1,1,1.0,12,2026-09-01T13:15:50.274659+00:00
fake,hyatt,Hotel,"Checked in around 4pm and the front desk agent barely looked up from her screen, handing over the key card without a single question about our stay. The room itself was a letdown--dust bunnies in the corners, a sticky spot on the nightstand, and the bathroom mirror had smudges that looked like they hadn't been wiped in days. Breakfast the next morning was borderline sad: lukewarm scrambled eggs, stale pastries, and coffee that tasted burnt, all served in a dining area that felt cramped and grimy. The decor throughout felt trapped in the early 2000s--beige carpets, dated floral patterns, and worn furniture that desperately needed replacing. Even the hallway smelled faintly of old carpet cleaner. For the price we paid, I expected far more polish and attention. Disappointing overall, and I'm honestly not sure I'd return even if the location is convenient.",1,custom_youkichirou-s-deepseek,long,negative,structured,few_shot,long_negative_structured_few_shot,29,864,142,700,1,1,1.0,12,2026-09-01T13:15:55.245811+00:00
fake,intercontinental,Hotel,"I booked the Intercontinental expecting the grandeur its name implies, but what I found was a faded echo of a bygone era. The lobby is impressive, sure, but my room felt stuck in the 90s, with worn carpet and furniture that looked tired rather than classic. The staff were courteous but overwhelmed; a simple request for extra towels took three calls and nearly an hour. While the location is undeniably convenient, just steps from the Magnificent Mile, that's its only saving grace. My window faced a brick wall and an air conditioning unit, offering a view that was frankly depressing. For the premium price, this felt like a letdown. I honestly expected far more polish for a property of this stature. I left feeling I'd overpaid for a name, not an experience, and I would think twice before returning.",1,custom_youkichirou-s-deepseek,long,negative,structured,few_shot,long_negative_structured_few_shot,30,805,139,700,1,1,1.0,12,2026-09-01T13:16:06.314289+00:00
fake,james,Hotel,"We booked the James expecting a sleek, quiet retreat, but our stay was a letdown from start to finish. The room faced an interior airshaft, so the 'city view' was basically a brick wall and a glimpse of the neighboring rooftop AC units. Worse, the hallways were surprisingly noisy--we heard shouting and slamming doors until past 2 AM, and the thin window did nothing to block the mechanical hum. Housekeeping clearly skipped the details: there was a sticky patch near the mini-fridge, dust on the lampshades, and a coffee ring on the desk. I slept poorly, tossing all night on a mattress that sagged in the middle, and the pillows were limp as pancakes. By morning, I was exhausted and just wanted out. For the price, this felt more like a budget chain than a boutique stay. I won't be returning.",1,custom_youkichirou-s-deepseek,long,negative,structured,few_shot,long_negative_structured_few_shot,31,797,141,700,1,1,1.0,12,2026-09-01T13:16:10.139304+00:00
fake,knickerbocker,Hotel,"I booked the Knickerbocker expecting old-world charm, but the reality felt more like neglect. Our room faced the interior airshaft, so the 'city view' was a brick wall and a humming vent, which also meant we heard every conversation from neighboring rooms and the clatter of housekeeping carts from 7 AM. At nearly $400 a night, it was a real gut punch. The carpet was stained, the furniture had that dusty, faded look from the 90s, and the single elevator was perpetually packed. The lobby is grand, sure, but the rooms don't match the facade. The location on the Mag Mile is the only saving grace, but it doesn't excuse the noise, the dated decor, or the feeling that the staff couldn't care less. I'd skip it unless you're desperate for the address.",1,custom_youkichirou-s-deepseek,long,negative,structured,few_shot,long_negative_structured_few_shot,32,752,133,700,1,1,1.0,12,2026-09-01T13:16:14.739739+00:00
fake,monaco,Hotel,"The location was genuinely convenient, steps from the metro and a host of decent eateries, which made getting around painless. That's where the positives end. My room felt tired, but the bathroom was the real low point: the showerhead spat unevenly, the grout was dark and grimy, and the ventilation fan rattled all night. Breakfast was a sad buffet of lukewarm scrambled eggs, stale pastries, and coffee that tasted burnt. To top it off, the wifi dropped constantly, forcing me to hotspot my phone for work. I'm not sure what's changed, but this didn't live up to the brand's reputation. A serviceable mattress and friendly front desk staff couldn't rescue a stay that left me counting down to checkout. I'd only return if nowhere else was available.",1,custom_youkichirou-s-deepseek,long,negative,structured,few_shot,long_negative_structured_few_shot,33,751,127,700,1,1,1.0,12,2026-09-01T13:16:18.642274+00:00
fake,omni,Hotel,"I booked the Omni expecting the polished, upscale vibe the photos promised, but the reality was a frayed version of that. The front desk staff were painfully indifferent, barely looking up from their screens to hand over the key card, and every request for extra towels or a late checkout was met with a curt 'we'll see.' The wifi was a joke--it dropped constantly in the room, forcing me to camp in the lobby just to send a simple email, which hardly feels acceptable at these rates. Honestly, the price tag felt absurd for what I got. The bathroom was the worst part: a cracked tile near the tub, a showerhead that sprayed sideways, and a lingering musty odor no amount of fan noise could fix. I've had better stays at mid-range chains for half the cost. This was a disappointing, overpriced miss.",1,custom_youkichirou-s-deepseek,long,negative,structured,few_shot,long_negative_structured_few_shot,34,799,143,700,1,1,1.0,12,2026-09-01T13:16:22.739891+00:00
fake,palmer,Hotel,"I booked the Hotel Palmer based on photos that promised charm, but the reality was a letdown from the start. The bed was rock hard, and the thin pillows left me tossing until 3 AM; I woke up with a stiff neck and a headache. The Wi-Fi was essentially a rumor--it dropped every few minutes, making it impossible to even load a simple email. While the hallway was quiet, the walls were paper-thin, and I heard every flush and conversation from the neighboring room until midnight. The bathroom was the worst offender: the showerhead sputtered with uneven pressure, and the sink had a stubborn clog that left water standing for hours. I'm not one to complain, but for the price, this stay felt like a complete waste of money. I won't be back.",1,custom_youkichirou-s-deepseek,long,negative,structured,few_shot,long_negative_structured_few_shot,35,739,133,700,1,1,1.0,12,2026-09-01T13:16:26.125830+00:00
fake,sheraton,Hotel,"I booked the Sheraton expecting the dependable comfort of a big-name chain, but the experience left a sour taste. The moment I walked into the lobby, the dated floral carpets and worn armchairs screamed 1990s, and the hallways had a faint musty smell. My room was a mixed bag: the bathroom sparkled, but the carpet by the bed had a suspicious dark stain I avoided stepping on, and the curtains were frayed at the edges. I slept terribly--the mattress sagged in the middle, and the air conditioner rattled loudly every few minutes, keeping me half-awake all night. Breakfast was the final letdown: lukewarm scrambled eggs that tasted powdered, stale croissants, and coffee that was weak and bitter. For nearly $250 a night, I'd expect modern fixtures, a truly clean floor, and at least decent morning fuel. Sadly, this felt more like a budget motel with a fancy sign. I won't be returning.",1,custom_youkichirou-s-deepseek,long,negative,structured,few_shot,long_negative_structured_few_shot,36,888,152,700,1,2,1.0,12,2026-09-01T13:16:37.961727+00:00
fake,sofitel,Hotel,"My stay at the Sofitel was a masterclass in under-delivery. The promise of Parisian elegance faded the moment I stepped off the elevator onto my floor, where the hallway hummed with a persistent, mechanical drone--a sound that followed me into my room, where the air conditioning unit clattered all night. Sleep was fitful; I woke up more exhausted than when I arrived. The two nights stretched on interminably. Staff were polite but maddeningly disengaged; my request for a later checkout was met with a shrug and a curt 'possible, but not guaranteed.' The one saving grace, the panoramic view of the city, was perpetually obscured by a film of grime on the window I couldn't reach. It felt like being trapped in a beautiful, broken spaceship. I finally checked out feeling shortchanged, as if the visit had been a dull, lengthy obligation rather than a brief escape.",1,custom_youkichirou-s-deepseek,long,negative,structured,few_shot,long_negative_structured_few_shot,37,868,147,700,1,1,1.0,12,2026-09-01T13:16:41.779137+00:00
fake,swissotel,Hotel,"We booked the Swissotel based on its reputation, but the whole experience felt tired. The hallway carpet was worn, and our room's decor looked like it hadn't been updated since the early 2000s - beige, scuffed, and with a lampshade that was crooked. I slept poorly, partly because the mattress sagged in the middle and partly because the air conditioning hummed loudly every ten minutes. On the bright side, the windows were well-insulated, so street noise wasn't the issue. What really got me was how long the stay felt; we had booked for three nights but checked out after two because there was simply nothing enjoyable to linger over. The staff was polite but overstretched, and the breakfast buffet ran out of everything by 9 a.m. I can't call it a disaster, just a persistent, drab disappointment that made me wish we'd picked another property.",1,custom_youkichirou-s-deepseek,long,negative,structured,few_shot,long_negative_structured_few_shot,38,849,145,700,1,1,1.0,12,2026-09-01T13:16:46.781659+00:00
fake,talbott,Hotel,"I was really looking forward to our weekend at the Talbott, but the experience left me flat. The front desk staff seemed almost annoyed by our presence, barely looking up from their screens during check-in. The decor is stuck in the early 90s, with tired floral patterns and worn carpet in the hallways that smells faintly of dust. Our room faced the back alley, so the 'city view' was really just a brick wall and a dumpster. The bed was saggy, and the constant humming from the HVAC unit made it impossible to fall asleep until late. I woke up more tired than when I arrived. For this price, I genuinely expect better service and a decent night's rest. I would not return, which is a shame because the location is convenient.",1,custom_youkichirou-s-deepseek,long,negative,structured,few_shot,long_negative_structured_few_shot,39,727,132,700,1,1,1.0,12,2026-09-01T13:16:50.800704+00:00
fake,affinia,Hotel,"I booked two nights at Affinia as a weekend escape, and honestly, I'm relieved it wasn't a week. The room's window faced an interior air shaft, offering a grim view of concrete and a humming exhaust fan, which I stared at more than I'd like because the Wi-Fi kept dropping every few minutes on my laptop. Traffic noise from the street seeped through the glass all night, so rest was elusive--I heard every siren and motorcycle until 3 a.m. The stay felt both cramped and overlong, as the tiny bathroom and worn carpet made me eager to leave by checkout. Front desk staff were polite but couldn't fix the connectivity or offer a quieter room. For the price, this was a letdown; I'd look elsewhere next time.",1,custom_youkichirou-s-deepseek,long,negative,structured,few_shot,long_negative_structured_few_shot,40,706,127,700,1,1,1.0,12,2026-09-01T13:16:55.117865+00:00
fake,allegro,Hotel,"I really wanted to like the Hotel Allegro, but it felt like a missed opportunity at every turn. The location is fine, but walking into the room felt like stepping back into 1992, with tired floral curtains and worn, scuffed furniture that absolutely did not match the photos online. Cleanliness was a major letdown; I found a hair on the pillowcase and the bathroom grout was stained and grimy. The breakfast was chaotic and cheap--powdered eggs, stale pastries, and lukewarm coffee that ran out quickly. Honestly, the place felt overpriced for what you get, especially when there are better options nearby. The bed was comfortable enough, but that's the only positive. The hallways had a strange, musty odor, too. For the money I spent, I expected a charming, updated boutique experience, but instead I left feeling relieved to check out. I can't recommend it unless you're purely after a bed for one night.",1,custom_youkichirou-s-deepseek,long,negative,structured,few_shot,long_negative_structured_few_shot,41,908,153,700,1,1,1.0,12,2026-09-01T13:16:59.991879+00:00
fake,amalfi,Hotel,"My stay at Hotel Amalfi was, frankly, a letdown from the moment I walked in. The 'boutique charm' advertised online translates to dark, cramped hallways and a lobby that smelled like stale cooking oil. My room faced the main road, and the noise was relentless--scooters revving and car horns blaring through the flimsy windows until past midnight. I barely slept. What little rest I got was on a mattress that sagged in the middle, and the pillow was as flat as a pancake. Breakfast the next morning was the final straw: lukewarm scrambled eggs, rubbery croissants, and coffee that tasted burnt. I found myself counting the hours until checkout, yet the check-in process was so slow I felt my vacation slipping away before it began. Given the price, I expected far more. Certainly not a stay I'd recommend.",1,custom_youkichirou-s-deepseek,long,negative,structured,few_shot,long_negative_structured_few_shot,42,806,138,700,1,1,1.0,12,2026-09-01T13:17:04.135094+00:00
fake,ambassador,Hotel,"I booked the Ambassador expecting a quiet, central base, but between the rattling elevator shaft and the street-level bar's bass thumping until 2 AM, I barely got three hours of sleep. The room itself was clean enough, but the walls were paper-thin--I could hear the neighbor's TV news and every flush. The staff seemed overwhelmed and disinterested; my request for a fan to mask the noise was met with a shrug and a promise that never materialized. Location-wise, you can't beat the walk to the main square, but that's about all it has going for it. Check-in took twenty minutes, and the front desk didn't even acknowledge my loyalty status. I left more exhausted than I arrived, paying a premium for a night that felt like a dormitory. Unless you're a heavy sleeper or bring earplugs, I'd look elsewhere. Disappointing all around.",1,custom_youkichirou-s-deepseek,long,negative,structured,few_shot,long_negative_structured_few_shot,43,832,142,700,1,1,1.0,12,2026-09-01T13:17:08.450850+00:00
fake,conrad,Hotel,"I booked the Conrad expecting a premium experience, but the reality fell far short of the price tag. The location is genuinely excellent, right in the heart of things, which is the only reason I'd rate it two stars instead of one. However, the value for money is poor; our 'deluxe' room felt tired, with dated furniture and a musty smell despite the inflated rate. The noise was a constant issue all night long--thin walls meant I could hear the neighboring guest's television and every hallway conversation, and the street traffic below kept my windows vibrating. Staff interactions felt transactional and cold. At check-in, I was handed a key without a smile or any acknowledgment of our anniversary, and when I asked for a quiet room or a later checkout, I was brushed off without empathy. It's a shame, because the property has potential, but this wasn't worth the splurge.",1,custom_youkichirou-s-deepseek,long,negative,structured,few_shot,long_negative_structured_few_shot,44,877,150,700,1,2,1.0,12,2026-09-01T13:17:17.275024+00:00
fake,fairmont,Hotel,"I booked the Fairmont expecting a touch of elegance, but what I got was a masterclass in indifference. Breakfast was a chaotic, overpriced buffet where the scrambled eggs were cold and the coffee tasted burnt; getting a server's attention felt like a minor miracle. The staff, when they weren't avoiding eye contact, were curt to the point of rudeness, especially at the front desk during check-in. The location is admittedly convenient for sightseeing, but that's the only positive. My bathroom had peeling caulk around the tub and a hair dryer that barely worked, plus the water pressure in the shower was laughably weak. For the nightly rate, I expected polished service and clean details. Instead, I left with a bitter aftertaste and a lighter wallet. I won't be returning.",1,custom_youkichirou-s-deepseek,long,negative,structured,few_shot,long_negative_structured_few_shot,45,777,129,700,1,1,1.0,12,2026-09-01T13:17:22.339189+00:00
fake,hardrock,Hotel,"Stayed here over a long weekend and left feeling thoroughly underwhelmed, especially for the nightly rate. The Wi-Fi was a joke--constantly dropping in the room, so I ended up tethering my laptop to my phone just to get work done. That's not acceptable at these prices. Breakfast was a cramped, chaotic buffet where the scrambled eggs were rubbery and the coffee tasted burnt; we waited fifteen minutes just for a table. Location is decent, right near the strip and easy walking to attractions, but everything else drags it down. The room itself felt worn, with stained carpet and a bathroom that smelled musty. I wasn't expecting luxury, but I was expecting basic competence. For what we paid, this was a rip-off. I won't be back.",1,custom_youkichirou-s-deepseek,long,negative,structured,few_shot,long_negative_structured_few_shot,46,731,125,700,1,1,1.0,12,2026-09-01T13:17:25.845601+00:00
fake,hilton,Hotel,"Breakfast was a cringe-worthy affair: lukewarm scrambled eggs that tasted of nothing, stale pastries, and coffee that was closer to dishwater. The wifi flickered in and out so unpredictably that I gave up trying to stream anything and just stared at my phone's 'no connection' icon. Oddly, our three-night stay felt both interminable and rushed -- endless hours of nothing to do in the room, yet checkout arrived before we'd ever relaxed. The noise was the real killer: walls thin enough to hear the neighbor's TV and a hallway that echoed with slammed doors until 2 a.m. For Hilton's reputation, this was a profound letdown. I left more exhausted than when I arrived, and I won't be back.",1,custom_youkichirou-s-deepseek,long,negative,structured,few_shot,long_negative_structured_few_shot,47,689,118,700,1,1,1.0,12,2026-09-01T13:17:30.497906+00:00
fake,homewood,Hotel,"The bed was advertised as plush, but it felt like a lumpy sack of potatoes, and I woke up every hour with a stiff back. The whole place has a sad, early-2000s vibe, with worn carpet in the hallways and furniture that looks like it survived a frat party. At nearly two hundred a night, I expected better; this felt more like a budget motel with a fancy lobby. Our window faced the parking garage and a dumpster, so we kept the curtains shut the entire time. The noise from the HVAC unit rattled all night, too. Honestly, the only positive was the front desk clerk, who was friendly but couldn't fix the fundamental issues. I left more exhausted than when I arrived, and I definitely won't be back. Save your money.",1,custom_youkichirou-s-deepseek,long,negative,structured,few_shot,long_negative_structured_few_shot,48,713,132,700,1,1,1.0,12,2026-09-01T13:17:34.290115+00:00
fake,hyatt,Hotel,"Checked in after midnight to find the hallway reeked of stale cigarette smoke, and the smell crept right under the door into our room. The bathroom was the worst part--the showerhead sprayed sideways, the caulk around the tub was peeling and gray, and the hairdryer sounded like a dying lawnmower. Housekeeping clearly missed this one: there was a sticky patch near the minibar and what looked like crumbs under the desk. Location is decent if you want the Loop, but you're paying for that address alone. I could hear every door slam and the elevator ding until 2 a.m., plus the HVAC rattled on and off all night. Bed was firm, sheets were clean, but that's the only positive. For Hyatt's name, this was a letdown--dirty, dated, and far from restful. I won't be back.",1,custom_youkichirou-s-deepseek,long,negative,structured,few_shot,long_negative_structured_few_shot,49,767,135,700,1,1,1.0,12,2026-09-01T13:17:38.591990+00:00
fake,intercontinental,Hotel,"I'd heard the Intercontinental name carries weight, so I expected more than what I got. The room faced the inner courtyard, which was eerily quiet at night--until 6 a.m., when housekeeping carts rumbled down the corridor like a freight train. I slept in fits, never reaching that deep rest you hope for when traveling. The WiFi was a joke: patched into the lobby network, it dropped every time I turned my phone, and the in-room 'high-speed' option required a login that expired hourly. For the price, I felt cheated. The stay felt agonizingly long, not because I wanted to leave, but because each minute dragged with broken promises--stained carpet, lukewarm shower water, and a mini-bar that was mostly empty. Two nights stretched into an eternity. I'd rather have slept in the airport lounge.",1,custom_youkichirou-s-deepseek,long,negative,structured,zero_shot,long_negative_structured_zero_shot,0,795,133,700,1,1,1.0,12,2026-09-01T13:17:45.007800+00:00
fake,james,Hotel,"We booked Hotel James expecting a design-forward boutique stay, but the reality was a masterclass in mismanagement. Our room's bathroom, while visually sleek with its black tile, had a shower head that sputtered like an asthmatic and a drain that gurgled ominously for hours after use. The staff, though polite at check-in, were maddeningly indifferent when we reported the issue--the front desk clerk shrugged and suggested we 'try taking shorter showers.' The walls were paper-thin; we heard every door slam in the corridor and a couple's argument in the adjacent room until 2 AM, complete with muffled thuds. Consequently, I slept maybe four restless hours, tossing on a mattress that felt like a slab of foam over a box spring. For the premium price, I expected polish, not this mirage of comfort. I left more exhausted than I arrived, and I won't be returning.",1,custom_youkichirou-s-deepseek,long,negative,structured,zero_shot,long_negative_structured_zero_shot,1,865,144,700,1,1,1.0,12,2026-09-01T13:17:49.088994+00:00
fake,knickerbocker,Hotel,"Booked a 'Deluxe King' here based on the historic photos, but the reality fell flat. The room smelled musty, and the carpet had visible stains near the baseboards. The bathroom sink was chipped, and the grout looked like it hadn't been scrubbed in months. For the $340 a night I paid, this felt like a $120 motel experience, only with fancier lobby decor and a lot more noise. My window faced the courtyard, but the ventilation unit clanked all night, and I could hear every footstep from the floor above until after 1 AM. The furniture--orange velvet chair and a laminate desk--felt like a 1990s time capsule, not charmingly vintage. The only modern touch was a cheap tablet on the nightstand with a glaring 'Welcome' screen. Service was pleasant, but honestly, I'd rather have saved my money and stayed somewhere clean. I checked out a day early.",1,custom_youkichirou-s-deepseek,long,negative,structured,zero_shot,long_negative_structured_zero_shot,2,848,147,700,1,1,1.0,12,2026-09-01T13:17:54.481756+00:00
fake,monaco,Hotel,"The location is genuinely unbeatable--steps from everything you'd want to see--but that's where the positives end for me. I paid a premium expecting a boutique experience, yet the room felt tired, with scuffed furniture and a bathroom that smelled faintly of damp towels. The wifi was an absolute joke; it dropped constantly, forcing me to hotspot my phone for basic work. Despite the central address, I barely slept--the street noise filtered through the supposedly soundproofed windows like they were open, and the thin walls meant I heard my neighbor's TV until 2 AM. For the nightly rate, which rivaled four-star chains, I expected better insulation and reliable connectivity. The staff were polite during check-in, but no one offered a solution when I mentioned the noise. I left feeling robbed and exhausted. If you value sleep or stable internet, look elsewhere--this place trades on its address alone.",1,custom_youkichirou-s-deepseek,long,negative,structured,zero_shot,long_negative_structured_zero_shot,3,909,146,700,1,1,1.0,12,2026-09-01T13:17:58.850154+00:00
fake,omni,Hotel,"I really wanted to like this place, but the Omni just didn't deliver for what they charge. The rate felt steep for a room that had a suspicious sticky patch near the nightstand and hair in the bathroom sink upon arrival. Breakfast was the low point: lukewarm scrambled eggs that looked like they'd been sitting out for hours, and the orange juice tasted watered down. The Wi-Fi was technically free, but it dropped every fifteen minutes, making it impossible to stream anything or even load a simple email reliably. I asked the front desk for help, and they just shrugged, saying it was a 'known issue.' Honestly, the only saving grace was the bed, which was comfortable enough. But for these prices, I expect clean surfaces and functioning internet. I left feeling like I'd overpaid for a mediocre stay, and I won't be coming back. There are better options nearby for less money.",1,custom_youkichirou-s-deepseek,long,negative,structured,zero_shot,long_negative_structured_zero_shot,4,880,153,700,1,1,1.0,12,2026-09-01T13:18:03.575988+00:00
fake,palmer,Hotel,"We booked two nights at Hotel Palmer expecting a charming getaway, but honestly, one night would have been more than enough. The constant hum from the ventilation system made sleeping a miserable chore, and the thin walls meant I heard every door slam and every conversation in the hallway. It simply wasn't worth the premium rate they charge for a room with a peeling bathroom ceiling and a carpet that felt perpetually damp. We were counting the hours until checkout. Breakfast was a bleak affair too--tepid scrambled eggs, stale pastries, and coffee that tasted burnt. The only high point was the front desk staff's apology, but a kind word doesn't fix a sleepless night or justify the bill. We left exhausted, relieved, and thoroughly underwhelmed.",1,custom_youkichirou-s-deepseek,long,negative,structured,zero_shot,long_negative_structured_zero_shot,5,752,125,700,1,1,1.0,12,2026-09-01T13:18:07.693978+00:00
fake,sheraton,Hotel,"I really wanted to like this place, given the Sheraton name, but our stay left a sour taste. The bathroom was the low point: the caulking around the tub was grimy and peeling, and the showerhead sputtered like it was giving up. The decor felt frozen in the early 2000s, all heavy dark wood and beige wallpaper that made the room feel cramped and dusty, despite the housekeeping attempts. Our two nights here honestly felt like four, dragged out by thin walls and a constant hum from the mini-fridge. The staff were polite enough at check-in, but any request--extra towels, a late checkout--was met with a shrug and a 'we'll see.' It's functional, I suppose, but for the price, I'd expect a fresher, more attentive experience. I left with a headache and a sense that this property has been coasting on its brand for years.",1,custom_youkichirou-s-deepseek,long,negative,structured,zero_shot,long_negative_structured_zero_shot,6,821,145,700,1,1,1.0,12,2026-09-01T13:18:12.433396+00:00
fake,sofitel,Hotel,"The view from our window was the sole saving grace--the Eiffel Tower twinkling against the night sky felt like a cruel joke given the mediocrity surrounding it. Our stay felt paradoxically both too rushed and interminably long; we were eager to leave, yet the check-out process dragged on as if the front desk was trying to punish us for our departure. The staff, while outwardly polite, were chronically unhelpful, responding to simple requests with vague shrugs and redirecting us to the concierge, who was perpetually 'occupied.' The room itself was a letdown: the corners held a fine film of dust, the bathroom grout was visibly stained, and a small, sticky residue on the bedside table went untouched for our entire two nights. For this price, I expected polish, not a lesson in disappointment.",1,custom_youkichirou-s-deepseek,long,negative,structured,zero_shot,long_negative_structured_zero_shot,7,799,133,700,1,1,1.0,12,2026-09-01T13:18:16.362601+00:00
fake,swissotel,Hotel,"The Swissotel's location is genuinely its only saving grace, putting you right in the heart of everything, which was a godsend for our business meetings. Unfortunately, that's where the positives end. My room on the tenth floor faced the courtyard, so the promised city view was a dull, concrete wall. Worse, the so-called 'soundproofing' is a myth; I could hear the housekeeping carts rumbling at 7 AM and the muffled television from the room next door well into the night. It was exhausting. Breakfast was a chaotic, overpriced affair. The scrambled eggs were watery, the pastries tasted stale, and the coffee machine had a queue that snaked around the entire buffet. By the second morning, I'd given up and grabbed a croissant from a nearby cafe. For the nightly rate, this level of noise, bland food, and grim outlook feels like a serious letdown. I left more tired than when I arrived. A real shame for such a prime spot.",1,custom_youkichirou-s-deepseek,long,negative,structured,zero_shot,long_negative_structured_zero_shot,8,926,160,700,1,1,1.0,12,2026-09-01T13:18:54.518042+00:00
fake,talbott,Hotel,"Booked the Talbott for a three-night business trip based on its prime Mag Mile address, but left seriously underwhelmed. Yes, you can walk to the Apple store and the river in minutes, and the lobby has a certain faded grandeur. That's where the charm ends. My 'king' room was cramped, with a window facing a brick wall, and the bathroom felt like an afterthought--a cracked tile, a showerhead that dribbled sideways, and towels thin as tissue. Sleep was abysmal: the AC rattled all night, and I could hear every door slam and hallway conversation until 2 AM. For the $340 a night they charged, I expected far more. The staff were polite but the whole experience felt like a calculated squeeze for tourists, not a genuine luxury stay. I'd pick a chain next time--at least they'd be honest about what they are. Disappointing value.",1,custom_youkichirou-s-deepseek,long,negative,structured,zero_shot,long_negative_structured_zero_shot,9,829,144,700,1,2,1.0,12,2026-09-01T13:19:07.400706+00:00
fake,affinia,Hotel,"We booked the Affinia for a three-night city break, and honestly, we left feeling let down. The location is excellent--right by the park and within easy walking distance of restaurants--but that's where the positives end. Our room on the sixth floor was anything but quiet; we could hear constant street noise and doors slamming well past midnight. The carpet looked stained, and I found a hair in the bathroom sink on arrival. The staff seemed indifferent, more interested in chatting behind the desk than helping us with a broken TV remote. It was a disappointing stay for the price, and I wouldn't recommend it unless you're desperate for the address.",1,custom_youkichirou-s-deepseek,long,negative,structured,zero_shot,long_negative_structured_zero_shot,10,654,110,700,1,1,1.0,12,2026-09-01T13:19:11.004291+00:00
fake,allegro,Hotel,"I'm still scratching my head over how this place earned its stars. The bathroom was the low point--the showerhead dribbled lukewarm water, and the drain gurgled like it was drowning every few minutes. As for sleep, forget it: the mattress sagged into a crater, and the AC unit rattled all night, so I woke up more exhausted than when I checked in. The room itself wasn't filthy, but the carpet had suspicious stains near the baseboard, and the sheets felt damp, like they'd been hung in a closet. Honestly, the stay dragged; by day two, I was counting the hours to checkout, yet the lobby checkout line took forever, making it feel both too short and painfully long. I'd rather have spent the money on a roadside motel--at least that would've been honest about its flaws.",1,custom_youkichirou-s-deepseek,long,negative,structured,zero_shot,long_negative_structured_zero_shot,11,771,136,700,1,1,1.0,12,2026-09-01T13:19:16.113287+00:00
fake,amalfi,Hotel,"The walls here are paper-thin. I could hear the couple next door arguing until 2 AM, and the elevator dings all night long, so 'sleep' was a distant memory. The advertised free Wi-Fi was a joke--it disconnected every few minutes, making it impossible to even load a map for dinner plans. The bathroom was the real low point: a cramped, moldy-smelling closet where the showerhead dribbled lukewarm water and the exhaust fan sounded like a dying lawnmower. As for the view, our window faced a brick wall and a row of noisy AC units. I paid extra for a 'superior' room, and this is what I got. The only positive was the location near the beach, but honestly, that's not enough to salvage a stay this disappointing. I expected so much more from an Amalfi hotel. Save your money.",1,custom_youkichirou-s-deepseek,long,negative,structured,zero_shot,long_negative_structured_zero_shot,12,774,139,700,1,2,1.0,12,2026-09-01T13:19:23.991119+00:00
fake,ambassador,Hotel,"Booked three nights expecting the standard Ambassador polish--left after two, exhausted and out of pocket. The hallway reeked of stale cigarettes, and our 'quiet interior' room faced a service courtyard where carts crashed from 5 AM onward. Breakfast was a genuine letdown: lukewarm scrambled eggs, rubbery bacon, and coffee that tasted burnt even after I asked for a fresh pot. The staff weren't rude, exactly, but they were robotic--one front desk agent shrugged when I mentioned the noise, another forgot to send up extra towels twice. I slept maybe four hours total, pillows flat as pancakes, mattress sagging toward the middle. Even the blackout curtains had a gap letting in the parking lot floodlight. For the price, I expected at least basic comfort. This felt less like a hotel and more like a tired rest stop wearing a suit. I won't return.",1,custom_youkichirou-s-deepseek,long,negative,structured,zero_shot,long_negative_structured_zero_shot,13,850,142,700,1,1,1.0,12,2026-09-01T13:19:28.184033+00:00
fake,conrad,Hotel,"I booked the Conrad expecting refined luxury, but left feeling cheated. The Wi-Fi was a constant battle--it dropped in the middle of a video call and never reconnected without a frustrating lobby visit. Our room faced an inner courtyard, so the 'city view' was really a gray wall and a ventilation shaft humming all night. I slept terribly; the mattress was far too soft, and the air conditioning cycled loudly every twenty minutes. The staff were polite on the surface but utterly unhelpful--housekeeping ignored our request for extra towels twice, and the front desk shrugged when I mentioned the noise. For this price, I've had better service at a mid-range chain. The lobby is pretty, sure, but that's where the charm ends. I won't be back.",1,custom_youkichirou-s-deepseek,long,negative,structured,zero_shot,long_negative_structured_zero_shot,14,744,126,700,1,1,1.0,12,2026-09-01T13:19:32.971584+00:00
fake,fairmont,Hotel,"Booked the Fairmont for a milestone anniversary and left deeply underwhelmed. The bathroom was the first red flag: a grimy shower curtain that stuck to you, a sink faucet that sprayed water everywhere, and a constant, faint musty odor. Our room faced an air conditioning unit and a brick wall, so the 'city view' was a joke. Worse, we heard every door slam in the corridor all night, plus the plumbing gurgling from neighboring suites--zero soundproofing. The staff, while polite, were shockingly indifferent; when I mentioned the noise and the damp towels at the front desk, the response was a shrug and a scripted 'we'll look into it,' which never happened. For the price, I expected far more care. It beats me how this place gets the ratings it does. A disappointing stay that did not match the brand's reputation at all, and I can't recommend it unless you get a lucky room.",1,custom_youkichirou-s-deepseek,long,negative,structured,zero_shot,long_negative_structured_zero_shot,15,878,153,700,1,1,1.0,12,2026-09-01T13:19:41.089341+00:00
fake,hardrock,Hotel,"Booked a 'Strip view' room and got a gorgeous vista of the parking garage and the Hard Rock Cafe's neon sign that buzzed all night. The blackout curtains couldn't block the hum. Breakfast was a chaotic free-for-all, with lukewarm scrambled eggs and bacon so rubbery it bounced. The waffle station had a twenty-minute line. As for sleep, I don't think I got more than three consecutive hours--the walls are paper-thin, and I heard the guests next door arguing until 2 AM, followed by their kid crying. The hallway was noisier than the casino floor below. I paid premium prices for a subpar stay, and the front desk shrugged when I mentioned the noise. Save your money and book elsewhere. This was a major letdown.",1,custom_youkichirou-s-deepseek,long,negative,structured,zero_shot,long_negative_structured_zero_shot,16,712,124,700,1,1,1.0,12,2026-09-01T13:19:44.604006+00:00
fake,hilton,Hotel,"The bathroom was the first crack in the facade. The caulking around the tub was black with mildew, and the provided 'premium' toiletries were empty, cheaply refilled bottles. I get that midtown isn't cheap, but for this price, I expected more than a lukewarm dribble from the showerhead. Location-wise, you can't beat it for Bryant Park, but that's the sole saving grace. My room faced a brick wall, so the view was a depressing expanse of soot. Breakfast was a chaotic, overpriced buffet where the scrambled eggs were rubbery and the coffee tasted burnt. The staff were polite but overwhelmed, clearly stretched thin. I've stayed at far better Hiltons for less. This one felt like a faded, tired husk of a hotel, relying entirely on its address. I was genuinely relieved to check out.",1,custom_youkichirou-s-deepseek,long,negative,structured,zero_shot,long_negative_structured_zero_shot,17,785,134,700,1,1,1.0,12,2026-09-01T13:19:48.945584+00:00
fake,homewood,Hotel,"Checked in late after a long drive, and the front desk clerk barely looked up from her phone. The room itself was clean enough, but the walls were paper-thin--I heard the neighbor's TV until 2 AM and every flush from the floor above. For the price, I expected at least a decent night's sleep, but instead I felt like I was paying to camp in a hallway. The bed was lumpy, and the AC rattled all night, which made the stay feel endless. I'd booked for two nights but cut it to one because I couldn't face another evening of that noise. Staff on checkout were equally indifferent, no apology, no follow-up. I've stayed at cheaper motels with more character and better quiet. Not worth it, and I won't be back.",1,custom_youkichirou-s-deepseek,long,negative,structured,zero_shot,long_negative_structured_zero_shot,18,706,131,700,1,1,1.0,12,2026-09-01T13:19:54.348779+00:00
fake,hyatt,Hotel,"I was really looking forward to staying here, but the experience left a sour taste. The Wi-Fi was practically useless in my room, dropping constantly and making it impossible to join a video call for work. I had to sit in the lobby, which was far from ideal. The staff, while polite at check-in, seemed overwhelmed and distant whenever I asked for anything, like extra towels or a dinner recommendation--I felt like a bother. Breakfast was a letdown; the scrambled eggs were rubbery and the coffee tasted burnt, sitting in lukewarm chafing dishes. As for the decor, the whole place has a faded 90s vibe with worn carpets and dated floral patterns in the hallways. It's clean, sure, but it feels neglected and tired. For the price we paid, I expected so much more. I won't be back.",1,custom_youkichirou-s-deepseek,long,negative,structured,zero_shot,long_negative_structured_zero_shot,19,780,138,700,1,1,1.0,12,2026-09-01T13:19:59.747482+00:00
fake,intercontinental,Hotel,"I'm genuinely puzzled by the high ratings for this Intercontinental. The lobby's grand chandeliers can't hide the fact that the carpet in my hallway was stained and frayed, and the furniture in the room felt like a time capsule from the early 2000s--scratched wood, a remote that barely worked, and a bed that sagged in the middle. My bathroom was the lowlight: the 'rain' showerhead sputtered unevenly, and the grout was discolored with mildew in the corners. The staff weren't rude, but they were distractingly indifferent--I had to ask twice for extra towels, and the front desk barely looked up when I checked in. For nearly $400 a night, this felt like a mid-tier business hotel, not a luxury flagship. I left disappointed and won't return. There are far better options nearby for far less.",1,custom_youkichirou-s-deepseek,long,negative,structured,zero_shot,long_negative_structured_zero_shot,20,795,135,700,1,1,1.0,12,2026-09-01T13:20:05.587579+00:00
fake,james,Hotel,"I booked the James expecting a trendy, upscale stay, but left feeling thoroughly let down. The breakfast buffet was a sad affair--scrambled eggs that were watery and cold, stale pastries, and coffee that tasted burnt, all for an exorbitant supplemental charge. The bathroom was my biggest frustration: the showerhead dribbled with uneven pressure, and the drain clogged halfway through my second morning, leaving a puddle on the tile that housekeeping never fully addressed. My room's window faced a brick wall, so the 'city view' was nonexistent unless I leaned out awkwardly to glimpse a sliver of the next building. Given the nightly rate, this felt like a rip-off. The lobby is stylish, sure, but that doesn't compensate for the worn mattress springs and the constant hallway noise from neighboring guests. I'd rather have paid half the price for a functional chain hotel. Disappointing, overpriced, and not worth the hype.",1,custom_youkichirou-s-deepseek,long,negative,structured,zero_shot,long_negative_structured_zero_shot,21,927,149,700,1,1,1.0,12,2026-09-01T13:20:12.404927+00:00
fake,knickerbocker,Hotel,"We booked the Knickerbocker expecting old-world charm, but the reality fell far short. Our one-night anniversary stay felt painfully long, largely because the air conditioning clanked all night and the walls were thin enough to hear every hallway conversation. Breakfast was a rushed, lukewarm buffet of powdered eggs and stale pastries, with coffee that tasted burnt. Staff seemed indifferent; the front desk barely acknowledged our early check-in request and the valet was gruff when we asked for directions. The location near the Magnificent Mile was convenient for shopping, but that's the only saving grace. For the price, we expected so much more--genuine hospitality, a quiet room, and a meal worth waking up for. Instead, we left exhausted and relieved to be gone, vowing never to return.",1,custom_youkichirou-s-deepseek,long,negative,structured,zero_shot,long_negative_structured_zero_shot,22,796,126,700,1,1,1.0,12,2026-09-01T13:20:20.516456+00:00
fake,monaco,Hotel,"I'd heard great things about Hotel Monaco, but my stay left me scratching my head. The lobby's gold-and-maroon palette felt frozen in the late nineties, with worn velvet armchairs and a dusty chandelier that screamed for an update. My room's decor was equally tired--peeling wallpaper near the window and a carpet with mysterious stains I avoided stepping on. Sleep was elusive; the mattress sagged in the middle, and the air conditioner rattled like a dying lawnmower all night, cycling on and off every twenty minutes. Breakfast was a letdown: lukewarm scrambled eggs, stale croissants, and coffee that tasted burnt, served in a cramped, noisy dining area. The staff, though, were polite but utterly indifferent--no smiles, no proactive help, just mechanical yes/no answers to my questions about local transport. For the price, I expected charm and care, not this faded, forgettable experience. I won't be returning.",1,custom_youkichirou-s-deepseek,long,negative,structured,zero_shot,long_negative_structured_zero_shot,23,918,145,700,1,1,1.0,12,2026-09-01T13:20:24.676935+00:00
fake,omni,Hotel,"Booked this for a work trip expecting the Omni name to mean something, but it felt more like a budget motel with a fancy lobby. The room was dated, the carpet had a suspicious sticky patch, and the A/C rattled all night, so the noise never let up. I paid over $200 and honestly, I've had better sleep in airport lounges. The 'complimentary breakfast' was a sad spread of powdered eggs and stale pastries, with coffee that tasted burnt. You'd think for that price they'd at least spring for real juice. Location was decent for the convention center--about a ten-minute walk--but that's the only saving grace. Between the thin walls, hallway chatter until 2 a.m., and the constant elevator dinging, I left more exhausted than I arrived. Definitely not worth the money, and I wouldn't return unless someone else was covering the bill.",1,custom_youkichirou-s-deepseek,long,negative,structured,zero_shot,long_negative_structured_zero_shot,24,831,143,700,1,1,1.0,12,2026-09-01T13:20:29.353056+00:00
fake,palmer,Hotel,"Booked the Palmer expecting old-world charm; got a lesson in disappointment. The so-called city view from our room was mostly a brick wall and a sliver of a neighboring rooftop, with the actual skyline teased just out of frame. Breakfast was a sad affair--cold scrambled eggs, stale pastries, and coffee that tasted burnt and bitter. At over $300 a night, I felt completely fleeced; the worn carpets and chipped bathroom tiles only added insult. Sleep was the worst part: the mattress sagged in the middle, and the street noise filtered through the thin windows all night. I woke up more tired than when I arrived. Unless you enjoy overpaying for a mediocre stay, look elsewhere. This place has traded its former reputation for penny-pinching and neglect.",1,custom_youkichirou-s-deepseek,long,negative,structured,zero_shot,long_negative_structured_zero_shot,25,755,126,700,1,1,1.0,12,2026-09-01T13:20:33.958714+00:00
fake,sheraton,Hotel,"I booked this Sheraton for a three-night city break, and honestly, it felt about 48 hours too long. The room itself was clean enough, but the air conditioning wheezed like it was on its last legs, and the walls were thin enough to hear my neighbor's entire phone conversation. Breakfast was the low point--rubbery scrambled eggs, lukewarm coffee, and pastries that tasted like they'd been sitting out since dawn. The staff weren't rude, but they were so brisk and disengaged that I felt like a nuisance just asking for extra towels. At nearly $280 a night, this felt like a rip-off; I've had better service at mid-range chains. The location is convenient, sure, but that doesn't compensate for the sterile atmosphere and the sense that nobody actually cares if you're there or not. I won't be coming back.",1,custom_youkichirou-s-deepseek,long,negative,structured,zero_shot,long_negative_structured_zero_shot,26,805,138,700,1,1,1.0,12,2026-09-01T13:20:38.045940+00:00
fake,sofitel,Hotel,"The two nights here stretched into an eternity, yet somehow the time I actually wanted to enjoy slipped away. The air conditioning rattled like a dying lawnmower, and the hallway noise from a wedding party seeped under the door until past 1 AM. Our room's decor felt trapped in the late 90s--scuffed beige headboards, a worn floral armchair, and a bathroom with grout that had seen better decades. The staff, though polite, moved with a distracted air. Twice I asked for extra towels, and the request was met with a cheerful nod that took forty minutes to fulfill. The lobby's fresh flowers and chic lighting were a cruel contrast to our tired quarters. Breakfast was competent but forgettable, and checkout felt rushed. For the price, I expected the Sofitel sparkle. Instead, I got a faded ghost of it.",1,custom_youkichirou-s-deepseek,long,negative,structured,zero_shot,long_negative_structured_zero_shot,27,803,138,700,1,1,1.0,12,2026-09-01T13:20:44.687720+00:00
fake,swissotel,Hotel,"Booked Swissotel expecting their usual high standards, but this stay fell flat. Breakfast was a chaotic scrum - cold scrambled eggs, dried-out pastries, and coffee that tasted burnt, with staff more interested in clearing plates than refilling the buffet. The wifi was practically useless in my room; I had to sit in the hallway to send a single email, and even then it dropped twice. The bathroom looked modern at first, but the shower pressure was weak and the drain gurgled constantly, leaving a puddle on the floor no matter what I did. As for the view - I paid extra for a city panorama, but got a direct look at a concrete ventilation shaft and a sliver of rooftop, which felt like a cruel joke. For the price, this was a disappointing, forgettable experience that made me question the brand. I won't be back.",1,custom_youkichirou-s-deepseek,long,negative,structured,zero_shot,long_negative_structured_zero_shot,28,815,145,700,1,1,1.0,12,2026-09-01T13:20:48.825312+00:00
fake,talbott,Hotel,"We booked the Talbott expecting old-world charm, but the reality felt more like neglect. Our room's carpet had a suspicious sticky patch near the minibar, and the bathroom sink drained so slowly that I ended up brushing my teeth in the shower. The view from our fourth-floor window was a brick wall and a noisy ventilation shaft--hardly the romantic cityscape in the brochure. Staff were polite but indifferent; when I asked for extra towels, the front desk clerk sighed and said housekeeping was 'busy,' then handed me a damp one from a cart. The bed linens were crisp, I'll give them that, but the baseboards were dusty and the window sill had a dead fly. For $340 a night, I expect at least a working hairdryer--mine sparked and cut out. This place trades on its history, but the upkeep is tragic. I won't be returning.",1,custom_youkichirou-s-deepseek,long,negative,structured,zero_shot,long_negative_structured_zero_shot,29,822,145,700,1,1,1.0,12,2026-09-01T13:20:53.703741+00:00
fake,affinia,Hotel,"I really wanted to like the Affinia, but the whole stay felt like a bad flashback to the early 2000s. The hallway carpet was that weird, busy pattern that hides stains but looks perpetually grimy, and our room had a bulky, dated entertainment center that screamed for a remodel. The bed was surprisingly firm, but the pillow was so flat it was useless, and I tossed all night. We were on the seventh floor, yet the street noise from below was relentless, punctuated by sirens until 3 a.m. Honestly, three nights felt like an eternity here. The only positive was the convenient location, but that doesn't make up for feeling like I'd wasted a weekend on a tired, noisy relic. I'll pick a different spot next time.",1,custom_youkichirou-s-deepseek,long,negative,structured,zero_shot,long_negative_structured_zero_shot,30,712,127,700,1,1,1.0,12,2026-09-01T13:20:57.528490+00:00
fake,allegro,Hotel,"I really wanted to like Hotel Allegro, but the experience left me feeling cheated. I barely slept a wink; the air conditioning unit rattled like a trapped wasp all night, and the mattress was so lumpy I might as well have been on a park bench. The much-touted breakfast was a sad affair of lukewarm powdered eggs and stale pastries, with coffee that tasted burnt. The staff, while polite, were utterly indifferent, barely glancing up from their phones when I asked for a late checkout--they just shrugged. For the premium price we paid, this felt like a highway robbery. The location is decent, but that's the only saving grace. I've stayed in far better hostels for half the cost. Save your money and find somewhere else.",1,custom_youkichirou-s-deepseek,long,negative,structured,zero_shot,long_negative_structured_zero_shot,31,722,126,700,1,1,1.0,12,2026-09-01T13:21:03.505570+00:00
fake,amalfi,Hotel,"I booked the Hotel Amalfi expecting charm, but the reality was a tired, lackluster stay. Breakfast was a sad affair of watery coffee, stale pastries, and scrambled eggs that had clearly been sitting under a heat lamp for hours. Our room's 'sea view' was mostly a brick wall and a sliver of gray water, which felt like a cruel joke given the price. The decor was aggressively dated--think brown floral carpets and wobbly furniture from the 1980s--which immediately made the place feel grimy rather than quaint. The bed was the worst offender: a lumpy mattress with a sagging middle that guaranteed a night of tossing and turning, punctuated by the noisy air conditioning unit rattling like a dying engine. I left more exhausted than I arrived, feeling completely ripped off. I genuinely cannot recommend this place to anyone.",1,custom_youkichirou-s-deepseek,long,negative,structured,zero_shot,long_negative_structured_zero_shot,32,824,138,700,1,1,1.0,12,2026-09-01T13:21:07.437943+00:00
fake,ambassador,Hotel,"I really wanted to love my stay here, but the experience left me feeling deflated and counting the hours until checkout. The biggest issue was sleep: the mattress was lumpy and sagged in the middle, and the street-facing window offered zero soundproofing, so I was awake until 2 AM listening to traffic. The shower in the bathroom was a torrential mess, with weak pressure and a curtain that clung to my skin. Everything felt tired--the carpets were stained, and the floral bedspread looked like it was from the 1980s. Even the promised high-speed wifi was a joke; it dropped constantly in my room, making it impossible to stream a movie. I can't shake the feeling that they're coasting on the building's old reputation, and I'd advise anyone to look elsewhere first.",1,custom_youkichirou-s-deepseek,long,negative,structured,zero_shot,long_negative_structured_zero_shot,33,767,131,700,1,1,1.0,12,2026-09-01T13:21:11.628905+00:00
fake,conrad,Hotel,"I really wanted to love the Conrad, but our stay fell far short of the price tag. The much-touted city view from our room was mostly obscured by a massive, grimy window that hadn't been cleaned in what looked like months. Smudges and water stains blurred the skyline into a depressing haze. Worse, the room itself felt stale. While the bed was made, I found a long, dark hair on the pillowcase and a sticky patch on the nightstand that clearly hadn't been wiped down. The wifi was a joke--constantly dropping during a video call, forcing me to tether my phone. As for sleeping, the air conditioning cycled on and off with a loud, rattling thump every twenty minutes. Add in the thin walls, and I barely got a wink. For these prices, I expected far more attention to detail; instead, I left feeling grimy and exhausted. We won't be back.",1,custom_youkichirou-s-deepseek,long,negative,structured,zero_shot,long_negative_structured_zero_shot,34,836,151,700,1,1,1.0,12,2026-09-01T13:21:16.986774+00:00
fake,fairmont,Hotel,"The Fairmont's reputation clearly precedes it, but our stay felt trapped in a bygone era. The lobby's grand chandeliers are impressive, yet the room's decor was tired--worn floral drapes and dark, scuffed furniture that screamed 1990s. Our 'city view' was mostly a brick wall and a sliver of the rooftop AC units. The bathroom was the low point: a cracked tile floor, a showerhead with uneven pressure, and a grimy caulk line around the tub that made me want to skip bathing entirely. Breakfast was a cafeteria-style disappointment. The scrambled eggs were watery, the bacon flabby, and the coffee tasted burnt. For the nightly rate, I expected polish, not peeling wallpaper and frostbitten service at the front desk. I've had better stays at a mid-range chain. This felt like a grand dame who's forgotten how to care for her guests. Save your money.",1,custom_youkichirou-s-deepseek,long,negative,structured,zero_shot,long_negative_structured_zero_shot,35,850,143,700,1,1,1.0,12,2026-09-01T13:21:21.524206+00:00
fake,hardrock,Hotel,"I really wanted to love the Hard Rock, given its reputation, but my stay fell flat. The location is undeniably convenient--walking distance to the Strip's main attractions and a CVS for supplies. However, the noise was relentless. Our room faced the pool, and the thumping bass from the dayclub didn't let up until after midnight, then the hallway chatter and slamming doors started. I got maybe four hours of broken sleep, waking up groggy and irritated. The bathroom was another low point: the shower pressure was weak, the caulking was moldy and peeling, and the fan sounded like a jet engine. For the premium price, I expected far better. It felt more like a worn-out motel with a rock-and-roll facade than a four-star experience. I won't be returning unless they fix the soundproofing and bathroom maintenance.",1,custom_youkichirou-s-deepseek,long,negative,structured,zero_shot,long_negative_structured_zero_shot,36,815,136,700,1,1,1.0,12,2026-09-01T13:21:26.439389+00:00
fake,hilton,Hotel,"I chose the Hilton for its unbeatable central location, which truly is a stone's throw from everything I needed. That's where the positives end. The lobby's beige-and-brass decor feels like a time capsule from the early 90s, with worn carpets and scuffed furniture that scream neglect. My room's so-called 'city view' was mostly a brick wall and a sliver of a parking garage. The bathroom was the biggest letdown: the showerhead sputtered, the caulking was mildewed and peeling, and the towels were thin as paper. For the price I paid, I expected far better maintenance and a fresher atmosphere. Service was polite but overstretched. I'd only return if every other hotel was booked solid--which, frankly, says it all.",1,custom_youkichirou-s-deepseek,long,negative,structured,zero_shot,long_negative_structured_zero_shot,37,717,118,700,1,1,1.0,12,2026-09-01T13:21:31.494098+00:00
fake,homewood,Hotel,"We booked the Homewood expecting a decent value for a city break, but honestly, it felt like we overpaid for what we got. The location is walkable to the main sights, which was a plus, but that's where the positives end. Staff were polite yet appeared overwhelmed at the front desk; check-in took ages, and requests for extra towels were met with a curt 'we'll see.' I barely slept--the air conditioning rattled like a loose fan all night, and the mattress felt like a lumpy sack of potatoes. The hallways echoed with noise from neighboring rooms until well past midnight. For what we paid, I'd expected a properly functional room, not a tired, neglected one. Disappointing overall.",1,custom_youkichirou-s-deepseek,long,negative,structured,zero_shot,long_negative_structured_zero_shot,38,682,117,700,1,1,1.0,12,2026-09-01T13:21:35.892920+00:00
fake,hyatt,Hotel,"Booked this place expecting the Hyatt standard, but honestly, it fell flat. The hallways had that faint, musty smell of old carpet, and our room's decor felt straight out of the early 2000s - heavy drapes, worn wooden headboard, and a lampshade with a suspicious brown stain. Cleanliness was a gamble: the sheets were fresh, but the baseboards had a fuzzy layer of dust, and there were stray hairs in the shower drain. The bathroom was the worst part - the caulking around the tub was peeling and gray, and the water pressure vacillated between a trickle and a violent spray. At $280 a night, it felt like a $140 motel. The cracked tile floor and sticky closet handle just sealed the deal. I've had better stays at mid-range chains for half the price. Disappointing, especially since the staff were polite. I won't be back.",1,custom_youkichirou-s-deepseek,long,negative,structured,zero_shot,long_negative_structured_zero_shot,39,823,145,700,1,1,1.0,12,2026-09-01T13:21:40.103919+00:00
fake,intercontinental,Hotel,"We booked the Intercontinental expecting their signature standard, but our stay fell far short. The room itself felt tired; the carpet had visible stains near the armchair, and the duvet cover was wrinkled with what looked like a dried spill. Our 'city view' was mostly a brick wall and a sliver of a parking garage, which made the space feel claustrophobic. The bathroom was the biggest letdown--the grout was discolored, the shower pressure dribbled, and the tiny bottle of shampoo was nearly empty. To make matters worse, the walls were paper-thin. We heard the neighboring guests' TV until nearly midnight, and then the elevator bell chimed every few minutes from the corridor. All of this for nearly $400 a night. I've had better sleep in a roadside motel. The staff were polite but offered no apology or adjustment when we mentioned the noise at checkout. Disappointing, especially for the brand's reputation.",1,custom_youkichirou-s-deepseek,long,negative,structured,zero_shot,long_negative_structured_zero_shot,40,915,151,700,1,1,1.0,12,2026-09-01T13:21:45.810415+00:00
fake,james,Hotel,"Booked two nights expecting a boutique escape, but left after one and still felt cheated. At $410 a night, this place is a masterclass in misplaced confidence. Our room's carpet had a sticky patch near the minibar, and the bathroom grout was genuinely grimy--I didn't dare use the glass shower without my flip-flops. The wifi was laughably erratic: perfect in the hallway, dead at the desk where I needed it. When I asked the front desk, they shrugged and blamed the brick walls, as if that excused a premium rate. Frankly, the stay dragged--checkout couldn't come soon enough, yet somehow it still wasn't worth the length. The lobby's nice, sure, but you're not sleeping there. Save your money.",1,custom_youkichirou-s-deepseek,long,negative,structured,zero_shot,long_negative_structured_zero_shot,41,695,118,700,1,1,1.0,12,2026-09-01T13:21:51.155209+00:00
fake,knickerbocker,Hotel,"The Knickerbocker had so much potential, but our anniversary stay felt like a disappointment wrapped in faded grandeur. The room's carpet was visibly stained near the minibar, and the bathroom grout had a suspicious, dark film that made me keep my slippers on. Honestly, two nights felt like an eternity because the noise was relentless--every door slam in the hallway echoed, and we could hear the couple next door arguing until 2 AM. The decor was a strange time capsule: brass fixtures and floral wallpaper that might've been chic in 1989, but now just felt tired and dusty. Even the lobby's chandelier seemed dimmed by neglect. We checked out a day early, but the front desk still charged us fully, citing a policy we never saw. For the price, I'd expect fresh linens, not a pre-owned vibe. Skip it unless you're desperate for a retro-themed nap.",1,custom_youkichirou-s-deepseek,long,negative,structured,zero_shot,long_negative_structured_zero_shot,42,850,146,700,1,1,1.0,12,2026-09-01T13:21:55.419147+00:00
fake,monaco,Hotel,"I booked the Monaco for a two-night romantic getaway, and frankly, it felt about two nights too long. We checked in with high hopes, but the magic evaporated quickly. The bed was impossibly hard, like sleeping on a concrete slab wrapped in a sheet, and I woke up each morning with a stiff back and a foul mood. Our room faced a brick wall and a noisy ventilation shaft, so the 'city view' was a literal brick joke. The promised high-speed Wi-Fi was a cruel myth; it dropped constantly, making it impossible to stream anything or even scroll social media without frustration. The whole experience felt soulless and overpriced. I'd rather sleep in my car than spend another restless, disconnected night here. Save your money.",1,custom_youkichirou-s-deepseek,long,negative,structured,zero_shot,long_negative_structured_zero_shot,43,723,125,700,1,1,1.0,12,2026-09-01T13:21:59.795447+00:00
fake,omni,Hotel,"I'm genuinely disappointed with my stay at the Omni. The wifi was a constant struggle, dropping out every few minutes, which made it impossible to get any work done in the room. The staff, while polite at check-in, became nearly impossible to reach afterward--housekeeping ignored our 'do not disturb' sign and we had to call twice just to get extra towels. Our 'city view' was essentially a brick wall and the air conditioning unit's hum was louder than the traffic below. Considering the nightly rate, this felt like a highway motel price tag with none of the perks. The lobby is nice, but that doesn't make up for a dated room, spotty connectivity, and service that vanished when we actually needed help. I'd think hard about paying this much again.",1,custom_youkichirou-s-deepseek,long,negative,structured,zero_shot,long_negative_structured_zero_shot,44,752,130,700,1,1,1.0,12,2026-09-01T13:22:03.624947+00:00
fake,palmer,Hotel,"We booked the Palmer expecting a charming stay, but the reality was a letdown. Breakfast was a sad affair of lukewarm scrambled eggs and stale pastries, with coffee that tasted burnt. The location is undeniably central, which is its only saving grace, but you pay for it with constant street noise--trams clattering until midnight and deliveries starting before dawn. Our room's decor felt frozen in the early 90s, with worn floral drapes and a carpet that smelled faintly of dust. The bed was lumpy, and the bathroom had a persistent mildew smell. While the staff were polite, they couldn't fix the fundamental issues. For the price, I expected so much more. I won't be returning.",1,custom_youkichirou-s-deepseek,long,negative,structured,zero_shot,long_negative_structured_zero_shot,45,681,115,700,1,1,1.0,12,2026-09-01T13:22:07.947233+00:00
fake,sheraton,Hotel,"I was really looking forward to this stay, but the Sheraton missed the mark in nearly every way. The lobby looks like it hasn't been updated since the early 2000s, with worn carpet and furniture that's seen better days, and our room felt just as tired. The bed was uncomfortably firm, and the pillows were flat, so I spent most of the night tossing and turning. To make matters worse, the hallway noise was relentless--guests were chatting loudly until 2 a.m., and the thin walls meant I heard every door slam. The staff was polite but completely overwhelmed; the front desk took twenty minutes to check us in, and when I asked for extra towels, they never arrived. By morning, we just wanted to leave. Everything about this felt dated, disorganized, and drained of any charm.",1,custom_youkichirou-s-deepseek,long,negative,structured,zero_shot,long_negative_structured_zero_shot,46,776,136,700,1,1,1.0,12,2026-09-01T13:22:11.964324+00:00
fake,sofitel,Hotel,"I booked the Sofitel expecting a lot more than what I got, and honestly, I left feeling pretty let down. The room itself was spacious, but 'clean' felt like a stretch--there was a suspicious stain on the armchair and a layer of dust on the bedside lamps that I noticed right away. The staff were polite enough at check-in, but that was it. When I asked for extra towels and a quiet room away from the elevator, I got a shrug and a 'we're fully booked,' which made me feel like an inconvenience rather than a guest. The view was a dreary, direct look at a concrete parking structure, not the city skyline I'd pictured. For the premium price I paid, this was nowhere near worth it. I've had better service and upkeep at a three-star, honestly. It's disappointing because you expect a certain standard, but the Sofitel just missed the mark on almost everything that matters. I won't be returning.",1,custom_youkichirou-s-deepseek,long,negative,structured,zero_shot,long_negative_structured_zero_shot,47,893,161,700,1,1,1.0,12,2026-09-01T13:22:18.128305+00:00
fake,swissotel,Hotel,"I really wanted to love this place, but the Swissotel felt like a relic from a bygone era. The decor in the hallways and our room was desperately dated--think muddy browns and heavy, tired furniture that screamed 1990s corporate retreat. While the location near the river was undeniably convenient for sightseeing, the noise was relentless; the street-facing room picked up every tram, siren, and late-night reveller until past 2 AM. We asked for a quieter room, but were told the hotel was full. For the premium price we paid, I expected better soundproofing and at least a hint of modern chic. The bed was comfortable enough, but that's hardly a consolation when you're exhausted from poor sleep and staring at worn carpets. It simply wasn't worth the money, and I left feeling cheated of a proper rest.",1,custom_youkichirou-s-deepseek,long,negative,structured,zero_shot,long_negative_structured_zero_shot,48,805,137,700,1,1,1.0,12,2026-09-01T13:22:22.707525+00:00
fake,talbott,Hotel,"I really wanted to like this place, given the historic charm, but our stay was a letdown from the moment we checked in. The front desk staff were curt and dismissive, barely looking up from their phones when we asked about late checkout. Our room, while visually nice, had a grimy film on the bathroom sink and hair on the baseboards that made me question the cleaning standards. Worse, I slept terribly; the walls were paper-thin, and I could hear every footstep and muffled conversation from the hallway until past midnight, plus some kind of mechanical hum from the AC unit that wouldn't shut off. The bed itself was lumpy, with a sagging middle that left my back aching by morning. For the price we paid, I expected far more attention to detail. A genuine disappointment that didn't live up to its reputation.",1,custom_youkichirou-s-deepseek,long,negative,structured,zero_shot,long_negative_structured_zero_shot,49,813,143,700,1,1,1.0,12,2026-09-01T13:22:27.414134+00:00
fake,affinia,Hotel,"Booked the Affinia based on photos promising a chic, cozy boutique vibe. What I got was a shoebox with a view of a brick wall and a radiator that clanked like a haunted boiler all night. The 'modern' bathroom had a shower head that dribbled and a fogged-up mirror I couldn't see myself in. The staff were polite but useless--asked for extra towels twice, they never arrived. The lobby smelled like stale coffee and Febreze, and the so-called 'complimentary' wifi dropped every ten minutes. Honestly, for the price, I could've stayed at a Motel 6 and gotten better sleep. The location saved it from a one-star review, but I will not be returning. Save your money.",1,custom_youkichirou-s-deepseek,long,negative,unstructured,few_shot,long_negative_unstructured_few_shot,0,662,116,700,1,1,1.0,12,2026-09-01T13:22:31.030555+00:00
fake,allegro,Hotel,"Booked the Allegro expecting a boutique classic; got a box of missed opportunities instead. The lobby is all moody lighting and peeling velvet, which would be charming if the front desk actually acknowledged you. Waited fifteen minutes while two staff argued about a shift swap. Room 812 was a shoebox with a view of a brick wall, the A/C rattled like a dying lawnmower all night, and the 'signature' rain shower dribbled lukewarm water. Housekeeping skipped us entirely one day, and when I called, they said 'we're understaffed, sorry.' The bar downstairs charges $19 for a cocktail that tastes like melted popsicle. Location is the only saving grace--you can walk to the river and theaters--but honestly, for this price, I'd rather sleep in a hostel with better service. Left with a stiff neck and zero interest in returning.",1,custom_youkichirou-s-deepseek,long,negative,unstructured,few_shot,long_negative_unstructured_few_shot,1,827,138,700,1,1,1.0,12,2026-09-01T13:22:38.430113+00:00
fake,amalfi,Hotel,"I booked the Amalfi expecting a charming coastal hideaway based on the photos, but the reality was a letdown from the moment I walked in. The front desk clerk barely looked up from his phone, and our 'sea view' turned out to be a sliver of water wedged between two construction cranes. The room itself was stuffy, with a musty smell that the overworked air conditioning unit couldn't fix. Housekeeping was inconsistent--towels were replaced one day, forgotten the next, and the bathroom sink drained slowly the entire stay. The breakfast, supposedly included, was lukewarm scrambled eggs and stale pastries served in a cramped dining area. I'll admit the location is convenient for the ferry, but for the price, I expected comfort and basic attentiveness. This felt more like a budget hostel wearing a fancy name. I really wanted to like it, but I left feeling cheated and exhausted. Won't be back.",1,custom_youkichirou-s-deepseek,long,negative,unstructured,few_shot,long_negative_unstructured_few_shot,2,898,151,700,1,1,1.0,12,2026-09-01T13:22:43.524029+00:00
fake,ambassador,Hotel,"We booked the Ambassador specifically because of the location, and honestly, that's the only thing that lived up to the billing. The lobby looks impressive in photos, but the reality is tired and worn. Our 'deluxe' room had a stain on the carpet that looked like old coffee, and the air conditioning unit sounded like a lawnmower every time it kicked on. We asked for a quieter room and were told nothing else was available, though the front desk clerk didn't seem particularly interested in helping anyway.

The bathroom had a cracked tile and the shower pressure was a pathetic drizzle. We tried the hotel bar one night, but the service was so slow we ended up leaving before we got our drinks. For the price we paid, this was a major letdown. It feels like a budget motel with a fancy coat of paint. I genuinely don't understand the positive reviews, and we will not be returning, nor will we recommend it to friends.",1,custom_youkichirou-s-deepseek,long,negative,unstructured,few_shot,long_negative_unstructured_few_shot,3,920,165,700,1,2,1.0,12,2026-09-01T13:22:52.398482+00:00
fake,conrad,Hotel,"Booked a king room expecting the Conrad standard, but this felt like a budget operation wearing a nice suit. The check-in took twenty minutes because they'd lost the reservation, despite my confirmation email. Room was okay at first glance, but the AC rattled all night, and the bathroom had a lingering musty smell no amount of towels could mask. Housekeeping skipped our room entirely one day, and when I called, they said 'we'll get to it' and never did. The bar served a flat, overpriced cocktail, and the bartender seemed annoyed we existed. Location is decent, sure, but you're paying for the name. I've had better nights in a roadside motel. For the price, this was a letdown. Won't be back.",1,custom_youkichirou-s-deepseek,long,negative,unstructured,few_shot,long_negative_unstructured_few_shot,4,698,121,700,1,1,1.0,12,2026-09-01T13:22:56.365899+00:00
fake,fairmont,Hotel,"We booked the Fairmont for a milestone anniversary, expecting the usual level of polish you associate with the name. Instead, we got a masterclass in indifference. Check-in took over twenty minutes because only one agent was on duty, and she seemed genuinely annoyed that we had questions about parking. The room itself was tired--carpet stains near the window, a lampshade with a visible scorch mark, and a bathroom door that wouldn't close without a firm shove. Housekeeping skipped our turndown service entirely, and when I called to ask about it, they said 'maybe tomorrow' and hung up. The bar was the one bright spot, but even there, the cocktail list was half out of stock. For nearly $600 a night, I expect better than a sad, worn-out room and staff who treat you like an inconvenience. We won't be back.",1,custom_youkichirou-s-deepseek,long,negative,unstructured,few_shot,long_negative_unstructured_few_shot,5,812,140,700,1,1,1.0,12,2026-09-01T13:23:02.533851+00:00
fake,hardrock,Hotel,"Had such high hopes for the Hard Rock, given the brand. What a letdown. Check-in took forever, and the front desk guy barely looked up from his screen, acting like he was doing me a favor. The room itself was tired--carpet stained, a musty smell that the citrus air freshener only made worse, and the 'rock star' view was a brick wall and an AC unit. Paid for a 'premium' room that felt like a budget motel with better guitars on the wall. Housekeeping skipped our room entirely on the second day, so I had to call twice to get towels. The hallways were absurdly noisy all night; we heard every door slam and rowdy group stomping back at 3 a.m. The pool was packed and lukewarm, with a line for chairs. Honestly, for these prices, you're paying for the logo. Location is decent, but that's the only saving grace. Won't be back.",1,custom_youkichirou-s-deepseek,long,negative,unstructured,few_shot,long_negative_unstructured_few_shot,6,827,153,700,1,2,1.0,12,2026-09-01T13:23:11.520700+00:00
fake,hilton,Hotel,"I booked the Hilton expecting a certain standard, and honestly, I left feeling like I'd wasted my money. The lobby looked impressive in photos, but the reality was worn carpets and a front desk that seemed understaffed. Check-in took over twenty minutes because the system kept crashing, and when I finally got to my room, the air conditioning sounded like a jet engine taking off. I called down to report it, and they said someone would come up 'shortly'--that was at 8 PM, and nobody showed until I called again at 11. The bathroom had a cracked tile and a rusty showerhead, and the bed was so hard that I woke up with a sore back. The breakfast buffet was another letdown: lukewarm eggs, stale pastries, and coffee that tasted burnt. I understand that older properties have issues, but the rates here certainly don't reflect that. Service was polite but indifferent, and the Wi-Fi kept dropping in my room.",1,custom_youkichirou-s-deepseek,long,negative,unstructured,few_shot,long_negative_unstructured_few_shot,7,909,159,700,1,2,1.0,12,2026-09-01T13:23:20.687821+00:00
fake,homewood,Hotel,"We booked Homewood for a weekend getaway based on the photos, and honestly, we should have known better. The hallway smelled like old carpet and stale cigarette smoke, which was a bad omen. Our 'king suite' was basically a standard motel room with a fake wall divider. The bed was lumpy, and the pillows were flat as pancakes. We found a hair in the bathroom sink, and the shower pressure was a pathetic drizzle.

To make matters worse, the air conditioner sounded like a lawnmower all night. We called the front desk twice about it, and the second time, they just said 'we'll have someone look at it tomorrow.' There was no offer to move us. The complimentary breakfast was a sad spread of powdered eggs and soggy cereal. For the price we paid, I expected so much more. This place is tired and overpriced. We left a day early and won't be back.",1,custom_youkichirou-s-deepseek,long,negative,unstructured,few_shot,long_negative_unstructured_few_shot,8,845,154,700,1,1,1.0,12,2026-09-01T13:23:24.872402+00:00
fake,hyatt,Hotel,"Stayed here for a conference and honestly left wondering if I'd booked the wrong hotel. The lobby looks great in photos but the reality is worn carpets and a constant hum from the AC that never quite went away. Check-in took twenty minutes because the front desk seemed understaffed and the person helping me kept disappearing. My room smelled faintly of damp, and the 'city view' was mostly a brick wall with a sliver of sky. The bed was firm enough, but the pillows were flat as pancakes, and housekeeping didn't show up until after 4 PM each day, even with the do-not-disturb sign off. I tried room service once--the burger arrived cold and the fries were soggy. The gym had two broken treadmills and no water refill station. For the price, I expected far more polish. Location is convenient, sure, but that's the only thing that worked. I won't be back.",1,custom_youkichirou-s-deepseek,long,negative,unstructured,few_shot,long_negative_unstructured_few_shot,9,857,152,700,1,1,1.0,12,2026-09-01T13:23:30.334584+00:00
fake,intercontinental,Hotel,"Three nights at the Intercontinental left me genuinely puzzled about the reputation. We booked a 'premium' room and got a view of a brick wall, with windows that hadn't been properly cleaned in weeks. The air conditioning rattled all night, and when I mentioned it at the desk, they promised to send engineering--nobody ever came. Housekeeping skipped our room entirely one day, and when we called for towels, it took an hour and a half. The lobby is grand, sure, but the hallways smell like stale carpet and the elevator wait is absurd during checkout. The pool was overcrowded, the sauna lukewarm, and the breakfast buffet is overpriced for rubber eggs and stale pastries. Honestly, the only bright spot was the bartender on the 14th floor, who genuinely tried to make up for the chaos. For the nightly rate, this is a hard pass. I've had better service at a mid-tier chain.",1,custom_youkichirou-s-deepseek,long,negative,unstructured,few_shot,long_negative_unstructured_few_shot,10,876,152,700,1,1,1.0,12,2026-09-01T13:23:34.470294+00:00
fake,james,Hotel,"I really wanted to love the James, given the location and the vibe, but the stay left me feeling drained. Check-in was painfully slow with only one person at the desk, and they seemed annoyed by basic questions about the pool hours and breakfast options. The room itself was advertised with floor-to-ceiling windows, but mine overlooked a dingy airshaft, and the curtain had a large, grimy tear near the bottom. The mattress had a significant dip on one side, so I woke up with a sore back both mornings. Housekeeping never came by unless I called twice, and even then they forgot fresh towels. The hallway smelled like stale cleaning chemicals, and the ice machine on my floor was broken the entire weekend. This place costs a premium, but the service just isn't there. I've had better experiences at mid-range chains. Not worth it.",1,custom_youkichirou-s-deepseek,long,negative,unstructured,few_shot,long_negative_unstructured_few_shot,11,833,144,700,1,1,1.0,12,2026-09-01T13:23:38.783400+00:00
fake,knickerbocker,Hotel,"We booked the Knickerbocker based on its reputation, but honestly, it missed the mark. Our room was dated, with scuffed furniture and a finicky thermostat that kept the place either sweltering or freezing. The bathroom had a lingering musty odor we couldn't shake no matter how long we ran the fan. We asked for extra towels twice and waited over an hour both times, only to receive them after we'd already given up. The bar was overpriced, and the bartender seemed annoyed that we wanted simple cocktails. Even the so-called 'lake view' was mostly a parking garage. For the nightly rate, I expected far more polish and attention to detail. I'm not sure what the hype is about, but I left feeling like we wasted our money on a faded, understaffed establishment that coasts on its history.",1,custom_youkichirou-s-deepseek,long,negative,unstructured,few_shot,long_negative_unstructured_few_shot,12,788,137,700,1,1,1.0,12,2026-09-01T13:23:42.875469+00:00
fake,monaco,Hotel,"I really wanted to like Hotel Monaco, especially given the great location near everything we wanted to see. The check-in process was painfully slow, and the front desk agent barely made eye contact, which set the tone. Our room, while clean, was shockingly small and the much-touted 'signature' decor felt tired and dated, not quirky. The bed was comfortable enough, but the air conditioning unit rattled all night, making sleep nearly impossible. We asked for a quiet room and were given one facing a noisy street. Housekeeping never replaced our coffee, and when we called, we were told it would be brought up but it never arrived. The bar was overpriced and understaffed. For the nightly rate, I expect a certain level of polish and service; this felt more like a budget chain that traded on its name. I wouldn't recommend it, which is a shame because the potential is clearly there, but the execution was a total letdown.",1,custom_youkichirou-s-deepseek,long,negative,unstructured,few_shot,long_negative_unstructured_few_shot,13,925,159,700,1,1,1.0,12,2026-09-01T13:23:47.320292+00:00
fake,omni,Hotel,"I booked the Omni based on pictures that must have been taken years ago. The hallway carpet was stained, and our room smelled musty, like old air conditioning. The 'renovated' bathroom had a chipped sink and a showerhead that dribbled, not sprayed. We asked for extra towels twice and waited over an hour both times, only to get a call saying they were out and would bring them later--they never came. The air conditioning unit rattled all night, and the blackout curtains had gaps, so we were up with the sunrise. Location is decent, but that's about it. The front desk staff were polite but clearly overwhelmed, and the breakfast buffet was cold and overpriced. For the rate we paid, I expected far better. I'm genuinely disappointed, and I won't return.",1,custom_youkichirou-s-deepseek,long,negative,unstructured,few_shot,long_negative_unstructured_few_shot,14,756,131,700,1,1,1.0,12,2026-09-01T13:23:50.970657+00:00
fake,palmer,Hotel,"The location is fine, right by the park, but that's about all this place has going for it. We booked a 'deluxe' room and got a cramped space with a view of a brick wall, and the AC unit sounded like a lawnmower all night. The hallways smelled like old carpet and stale air freshener. Breakfast was a disaster--cold eggs, dry pastries, and the coffee machine was out of order for the whole three days. The front desk staff weren't rude, just completely indifferent, like we were bothering them by asking for extra towels. We asked for a late checkout and were told no, with zero flexibility. For the price we paid, this felt like a budget motel with a fancy lobby. I honestly don't understand the positive reviews. Maybe they got a different room. I wouldn't recommend it unless you're desperate for the location and don't mind basic, mediocre service. I'm still kicking myself for not booking elsewhere.",1,custom_youkichirou-s-deepseek,long,negative,unstructured,few_shot,long_negative_unstructured_few_shot,15,903,159,700,1,1,1.0,12,2026-09-01T13:23:55.450944+00:00
fake,sheraton,Hotel,"Stayed here for a corporate event and left genuinely puzzled by the hype. The lobby looks impressive in photos, but the reality is worn edges, scuffed hallways, and an elevator system that felt like a daily puzzle. Check-in took over twenty minutes despite booking weeks ahead, and the front desk seemed more interested in chatting among themselves than acknowledging a queue. My room faced an interior courtyard, so natural light was basically a rumor. The carpet had visible stains near the window, and the bathroom sink drained so slowly I had to brush my teeth in shifts. Housekeeping skipped two of my four nights entirely. Breakfast buffet was a sad parade of lukewarm eggs and dry pastries, priced like a fine dining experience. I've stayed at far cheaper properties with better mattresses and actual soundproofing--the hallway noise at 2 AM was relentless. It's not awful, but for this price point and brand name, it's a letdown.",1,custom_youkichirou-s-deepseek,long,negative,unstructured,few_shot,long_negative_unstructured_few_shot,16,937,156,700,1,2,1.0,12,2026-09-01T13:24:05.350360+00:00
fake,sofitel,Hotel,"I booked the Sofitel expecting the Parisian polish everyone raves about, but honestly, my stay fell flat. The lobby looks stunning in photos, but the reality is worn edges and a strange musty smell near the elevators. My room was supposedly upgraded, yet the carpet had visible stains and the air conditioning rattled all night, making sleep nearly impossible. I asked for an extra blanket twice and it never arrived. The bathroom amenities were half-empty, which is just embarrassing for this price point. Breakfast was chaotic--the buffet ran out of basic items like yogurt and pastries, and staff seemed more interested in chatting than clearing tables. Location is convenient, sure, but for the nightly rate I expected service and upkeep that matched the brand. I left feeling like I'd stayed at a mediocre business hotel, not a Sofitel. Disappointing, especially since I'd been looking forward to it for weeks. Won't return.",1,custom_youkichirou-s-deepseek,long,negative,unstructured,few_shot,long_negative_unstructured_few_shot,17,929,151,700,1,1,1.0,12,2026-09-01T13:24:10.239529+00:00
fake,swissotel,Hotel,"Checked in at 4pm and was told our room wouldn't be ready until 5:30. The front desk agent shrugged and said 'we're running behind' without any offer to store bags or give a drink voucher. When we finally got the keys, the room smelled like stale cigarette smoke, even though it was a non-smoking floor. The air conditioning rattled loudly all night, and the bathroom had a cracked tile and a hair in the sink drain. Housekeeping never came the next morning despite the do-not-disturb sign being off. I called twice and was put on hold for ten minutes. The location is convenient, but the hallway carpets are worn, the elevator is painfully slow, and the mini-bar was stocked with expired snacks. For the price, I expected far better. Not worth it.",1,custom_youkichirou-s-deepseek,long,negative,unstructured,few_shot,long_negative_unstructured_few_shot,18,748,132,700,1,1,1.0,12,2026-09-01T13:24:16.051431+00:00
fake,talbott,Hotel,"The location is convenient, right off Michigan Avenue, but that's where the positives end for me. Check-in took way too long, and the front desk agent seemed annoyed when I asked about late checkout. The room itself felt tired and stuffy; the AC unit rattled all night, and the carpet had a musty smell that even the generic air freshener couldn't mask. I booked a king, but got a double with a view of a brick wall. Housekeeping skipped our room one day entirely, and when I called down, they said I hadn't put the door tag out--except they'd run out of tags at the front desk. The bar area was overpriced, and the bartender was more interested in chatting with a local than serving me. Honestly, for what this place charges, I expected so much more. I've had better stays at roadside motels. I won't be back.",1,custom_youkichirou-s-deepseek,long,negative,unstructured,few_shot,long_negative_unstructured_few_shot,19,810,148,700,1,1,1.0,12,2026-09-01T13:24:19.884879+00:00
fake,affinia,Hotel,"I really wanted to like the Affinia, but the whole stay felt like a series of small letdowns that added up. The room was advertised as spacious, but the layout was awkward--a giant column right in the middle of the floor made it impossible to move around the bed without stubbing your toe. The air conditioning unit sounded like a lawnmower and kicked on every fifteen minutes, so I got maybe three hours of sleep total. Housekeeping never came by even though I left the sign out, and when I called down, they just said they'd 'try again tomorrow.' The lobby looks nice in photos, but the hallways smelled like stale cigarette smoke, and the elevator took forever. Honestly, the location is the only saving grace, but for these prices, I expected way better. I won't be back.",1,custom_youkichirou-s-deepseek,long,negative,unstructured,few_shot,long_negative_unstructured_few_shot,20,775,138,700,1,1,1.0,12,2026-09-01T13:24:24.161795+00:00
fake,allegro,Hotel,"I really wanted to like this place based on the photos, but the reality was a letdown from the moment I walked in. The lobby smelled like stale fryer oil, and the front desk agent barely looked up from her phone to hand me my key card. My room, supposedly a 'deluxe,' faced a brick wall and a rattling AC unit that sounded like a lawnmower all night. The carpet had mysterious stains, and the bathroom mirror was smudged with toothpaste from a previous guest. I paid extra for the 'city view' which turned out to be a sliver of roof. The breakfast buffet was an absolute joke--cold eggs, stale pastries, and coffee that tasted burnt. The only positive was the housekeeping staff, who were polite, but they couldn't fix the noise from the hallway or the paper-thin walls. For the price, I'd rather sleep in my car honestly. Won't be back.",1,custom_youkichirou-s-deepseek,long,negative,unstructured,few_shot,long_negative_unstructured_few_shot,21,837,152,700,1,1,1.0,12,2026-09-01T13:24:28.536460+00:00
fake,amalfi,Hotel,"Honestly, I left the Hotel Amalfi feeling pretty deflated, especially given the price we paid. Check-in set the tone; we waited nearly twenty minutes while the sole receptionist struggled with a system that seemed to crash twice. Our 'sea view' room turned out to be a cramped box overlooking a construction site and a sliver of water, and the soundtrack was relentless drilling starting at 7 AM. The bed was hard as a rock, and the pillows were flat as pancakes. Breakfast was chaos--food lukewarm, coffee machine perpetually out of order, and not enough seating. It felt more like a hostel pretending to be a boutique hotel. The location is genuinely great, and I'll give the housekeeping credit for being thorough, but that doesn't make up for the noise, the uncomfortable room, and the manager's dismissive shrug when I complained. Save your money.",1,custom_youkichirou-s-deepseek,long,negative,unstructured,few_shot,long_negative_unstructured_few_shot,22,852,143,700,1,1,1.0,12,2026-09-01T13:24:32.572577+00:00
fake,ambassador,Hotel,"Checked in at 3:45 and my room wasn't ready until past 5, even though I'd requested early arrival. No apology, just a blank stare at the front desk. The room itself felt tired--carpet stained near the window, and the AC unit rattled all night like a washing machine. I asked for extra towels twice and never got them. The bar was understaffed, and my cocktail took 20 minutes. Location is fine, sure, but that's about all it has going for it. Breakfast buffet was lukewarm and overpriced at $28. The view was of a brick wall. Honestly, for what they charge, I expected a lot more. Won't be back.",1,custom_youkichirou-s-deepseek,long,negative,unstructured,few_shot,long_negative_unstructured_few_shot,23,595,109,700,1,1,1.0,12,2026-09-01T13:24:35.867639+00:00
fake,conrad,Hotel,"I booked the Conrad expecting the usual five-star polish, but the experience felt off from the moment I walked in. The lobby is stunning, sure, but the front desk staff seemed frazzled and barely acknowledged me until I coughed twice. My room wasn't ready at 4 PM, and when I finally got in, the 'upgraded' view was a brick wall and a noisy AC unit that rattled all night. Housekeeping forgot to restock the coffee pods, and when I called, they said they'd send some up--they never did. The bathroom fixtures looked great in photos but felt cheap, with a shower head that sprayed sideways. Breakfast was a disaster: cold eggs, dry pastries, and a server who rolled her eyes when I asked for more juice. For $400 a night, I expected better. The location is convenient, but that's the only saving grace. I've had more attentive service at a roadside motel. Won't be back.",1,custom_youkichirou-s-deepseek,long,negative,unstructured,few_shot,long_negative_unstructured_few_shot,24,869,155,700,1,1,1.0,12,2026-09-01T13:24:41.096255+00:00
fake,fairmont,Hotel,"I booked the Fairmont for a three-night anniversary trip, and honestly, I'm struggling to see where the five-star reputation comes from. The lobby is grand, sure, but that's where the polish ended. Our room faced an interior courtyard with a constant humming ventilation noise, and the curtains didn't fully block the light from the corridor. More frustrating was the service: we waited over an hour for a simple extra pillow request, and when I called again, the front desk put me on hold and then forgot about me. The housekeeping also skipped our turndown entirely one night without explanation. Breakfast at the restaurant felt overpriced for lukewarm eggs and slow coffee refills. I've stayed at far better hotels for less money. The location is convenient, but that doesn't excuse the apathy. I won't be returning, and I can't recommend it for a special occasion--it felt like a standard business stopover at best.",1,custom_youkichirou-s-deepseek,long,negative,unstructured,few_shot,long_negative_unstructured_few_shot,25,920,152,700,1,1,1.0,12,2026-09-01T13:24:45.927964+00:00
fake,hardrock,Hotel,"Booked a 'Rock Star Suite' expecting the legendary Hard Rock vibe, but honestly, it felt like paying a premium for faded glamour. The room was dark and dated, with scuffed headboards and a bathroom that had seen better decades. Housekeeping was inconsistent--towels were missing one day, and the mini-fridge was warm on arrival. The air conditioning rattled all night, so I got maybe four hours of sleep.

The lobby is flashy, sure, but the actual service is where the polish stops. Front desk staff were polite but indifferent, and when I asked for a late checkout, I got a curt 'we're fully booked' that clearly wasn't true. The pool area was packed with non-guests from a private event, making it unusable. For these prices, I expected the rock-and-roll energy, not a tired conference hotel with a guitar mural.

Honestly, I'd look elsewhere next time. The brand's reputation outpaced the reality here.",1,custom_youkichirou-s-deepseek,long,negative,unstructured,few_shot,long_negative_unstructured_few_shot,26,905,151,700,1,1,1.0,12,2026-09-01T13:24:50.068766+00:00
fake,hilton,Hotel,"I booked the Hilton expecting the usual standard of comfort, but honestly, it fell flat. The room was fine at first glance, but then I noticed the carpet had a few suspicious stains and the bathroom door didn't close properly, which made for zero privacy. Housekeeping never came by until we called twice, and even then, they only left fresh towels without making the bed properly. The air conditioning unit rattled all night, and the 'city view' I paid extra for was mostly a brick wall and a noisy ventilation shaft. Breakfast was chaotic -- the omelet station ran out of eggs for twenty minutes and the coffee was lukewarm. Front desk staff were polite but seemed overwhelmed, and the checkout line snaked halfway through the lobby. For the price, I'd expect better. Not the worst stay ever, but I won't be rushing back to this particular property.",1,custom_youkichirou-s-deepseek,long,negative,unstructured,few_shot,long_negative_unstructured_few_shot,27,851,148,700,1,1,1.0,12,2026-09-01T13:24:54.923485+00:00
fake,homewood,Hotel,"We booked the Homewood expecting the usual Homewood Suites standard, but this felt like a cheap imitation. The room we were given had a sticky patch on the carpet near the mini-fridge, and the sofa bed mattress was so thin I could feel every spring through the sheet. We asked for extra towels at the front desk and were told they'd be sent up; after an hour and a second call, we gave up and used the bath mat. The 'hot breakfast' was lukewarm at best, with scrambled eggs that looked and tasted like they'd been sitting out since dawn. The hallway smelled strongly of stale frying oil the whole stay. Worst part? The air conditioner rattled so loudly all night I got maybe four hours of sleep. For the price, I expected a lot more. Definitely won't be back.",1,custom_youkichirou-s-deepseek,long,negative,unstructured,few_shot,long_negative_unstructured_few_shot,28,759,140,700,1,1,1.0,12,2026-09-01T13:25:01.044382+00:00
fake,hyatt,Hotel,"I booked the Hyatt expecting more, honestly. The lobby looked impressive in photos but felt dated and slightly grimy in person, with scuffed floors and a weird smell near the elevators. Check-in took over twenty minutes because only one person staffed the desk, and they seemed frazzled, barely making eye contact. My room on the seventh floor had a cracked bathroom tile, a sticky patch on the carpet near the mini-fridge, and the air conditioner rattled all night unless I turned it off completely. The window faced a brick wall, so the 'city view' I paid extra for was a joke. Breakfast was overpriced and underwhelming--cold scrambled eggs and stale pastries. Housekeeping skipped my room one day entirely, and when I called, they said I'd missed their window. The location is decent for walking, but that's about all this place has going for it. For the price, I'd pick a solid mid-range chain next time. Disappointing.",1,custom_youkichirou-s-deepseek,long,negative,unstructured,few_shot,long_negative_unstructured_few_shot,29,924,156,700,1,1,1.0,12,2026-09-01T13:25:05.414393+00:00
fake,intercontinental,Hotel,"I booked the Intercontinental based on its reputation, but my stay left me scratching my head. The lobby is grand, sure, but the room I was given felt dated, with a musty smell and a view of a brick wall and air conditioning units. The carpet had visible stains near the bed, and the bathroom looked like it hadn't seen a remodel since the 90s. Service was oddly inconsistent: the front desk was courteous at check-in, but housekeeping ignored my 'Do Not Disturb' sign twice, and room service took over an hour for a simple salad. The pool area was overcrowded, and the water was lukewarm at best. For the price I paid, I expected far more polish. The location is convenient, but honestly, this felt like a mid-tier business hotel charging a luxury premium. I won't be back, and I'd advise others to look elsewhere for their stay in this city. Disappointing is the kindest word I can find.",1,custom_youkichirou-s-deepseek,long,negative,unstructured,few_shot,long_negative_unstructured_few_shot,30,889,160,700,1,1,1.0,12,2026-09-01T13:25:10.327742+00:00
fake,james,Hotel,"We booked the James based on photos and the location, but the reality didn't match the hype. The room was dark and cramped, with a view of a brick wall. The much-touted 'modern design' translated to useless furniture and zero storage--we lived out of our suitcases for three nights. Housekeeping was hit or miss; one day they forgot towels entirely. The bathroom sink drained slow, and the shower pressure was a joke. The gym had two broken treadmills, and the 'complimentary' coffee in the lobby ran out by 8 AM. Staff at the front desk were polite but unhelpful when we asked for a later checkout--they were inflexible, which felt petty given the room rate. The only saving grace is the walkable neighborhood, but for this price, you're paying for the address and nothing else. I've had better stays at mid-range chains. Would not recommend, and we won't be back.",1,custom_youkichirou-s-deepseek,long,negative,unstructured,few_shot,long_negative_unstructured_few_shot,31,865,150,700,1,1,1.0,12,2026-09-01T13:25:17.470692+00:00
fake,knickerbocker,Hotel,"I booked the Knickerbocker expecting old-world charm, but what I got was a tired room and a lot of noise. The hallway carpet was stained, and the air conditioner in our room sounded like a lawnmower all night, which made it impossible to sleep. I called the front desk twice about it, and they just said they'd 'send someone up,' but no one ever came. The bathroom had a broken showerhead that sprayed sideways, and the grout was frankly gross. Location is the only saving grace, but that doesn't excuse the peeling wallpaper in the elevator. For nearly $400 a night, you'd think they could afford a basic repair crew. I'll be staying elsewhere next time and I'd advise you to do the same.",1,custom_youkichirou-s-deepseek,long,negative,unstructured,few_shot,long_negative_unstructured_few_shot,32,689,124,700,1,1,1.0,12,2026-09-01T13:25:22.195472+00:00
fake,monaco,Hotel,"We booked Hotel Monaco for a weekend getaway based on photos of the lobby, but the reality didn't match the hype. The room was dark and cramped, with a view of a brick wall and an air conditioning unit that rattled all night. The so-called 'boutique' touches felt cheap--peeling wallpaper, stained carpet near the minibar, and a bathroom door that wouldn't close properly. Housekeeping never came until we called twice, and even then they only swapped towels. The front desk staff were polite but genuinely unhelpful when we asked for a late checkout; we got a flat 'no' with no apology. The lobby itself is impressive at first glance, but that's where the charm ends. For the price, you'd expect at least decent soundproofing--we heard every hallway conversation and elevator ding. Location is the only saving grace, but that's not enough to make up for the discomfort. I wouldn't book here again unless they renovate.",1,custom_youkichirou-s-deepseek,long,negative,unstructured,few_shot,long_negative_unstructured_few_shot,33,919,155,700,1,1,1.0,12,2026-09-01T13:25:26.730731+00:00
fake,omni,Hotel,"I reserved an Omni King expecting the usual polished experience, but this visit just felt off from the start. The front desk agent barely looked up during check-in and handed over keys without mentioning breakfast hours or the pool situation--turns out the pool was closed for 'maintenance' with no notice beforehand. My room faced an alley, and the noise from garbage trucks at 5 a.m. was relentless; the blackout curtains also had gaps letting in streetlight all night. The bathroom had a lingering musty smell, and the towels were thin and scratchy. I ordered room service once--the club sandwich arrived cold and soggy, and the fries were limp. Housekeeping skipped turndown entirely and only replaced the coffee pods after I called twice. Honestly, for this price, I expected better attention to detail. Location is fine, but that doesn't compensate for the overall apathy. I won't be back to this Omni.",1,custom_youkichirou-s-deepseek,long,negative,unstructured,few_shot,long_negative_unstructured_few_shot,34,908,150,700,1,1,1.0,12,2026-09-01T13:25:31.438734+00:00
fake,palmer,Hotel,"I really wanted to like this place, but it just missed the mark from the second I walked in. The 'modern luxury' vibe they push in the photos is gone--the hallways feel tired and the carpet is badly stained. My room smelled damp and stale, like no one had actually aired it out after the last guest. Housekeeping didn't really clean it; I found a used water bottle under the desk on day two. The staff was polite but totally apathetic, especially at check-in when I waited over twenty minutes with only one person at the desk while three others stood around talking. The bed was lumpy and the pillows were flat. Even the coffee maker looked grimy, so I skipped it. Honestly, not worth the money they're charging. I'd skip it unless you're truly desperate for a room.",1,custom_youkichirou-s-deepseek,long,negative,unstructured,few_shot,long_negative_unstructured_few_shot,35,766,139,700,1,1,1.0,12,2026-09-01T13:25:36.607599+00:00
fake,sheraton,Hotel,"Booked the Sheraton expecting the usual standard -- walked away genuinely let down. The lobby looks grand in photos, but up close it's tired: scuffed marble, flickering lights, and a front desk that had one person handling a queue of ten. Our room wasn't ready at 4 p.m., and when we finally got in, the 'city view' was a brick wall and an air conditioning unit that rattled all night. The mattress sagged on one side, and the bathroom smelled faintly of mildew. Breakfast cost $28 for rubbery eggs and lukewarm coffee. On the upside, the location is central, and housekeeping did respond quickly to requests for extra towels. But at these rates, I expect more than a courteous apology about 'high occupancy.' Save your money unless you really need the name on the door.",1,custom_youkichirou-s-deepseek,long,negative,unstructured,few_shot,long_negative_unstructured_few_shot,36,770,135,700,1,2,1.0,12,2026-09-01T13:26:01.936374+00:00
fake,sofitel,Hotel,"I really wanted to love this Sofitel, given the brand's reputation, but our stay was a letdown from start to finish. We arrived at 3:30 PM, only to be told our room wasn't ready--fine, that happens--but it took another hour and a half of waiting in the lobby before they called. When we finally got upstairs, the 'luxury' room felt dated, with scuffed furniture and a bathroom that had a lingering musty odor. The air conditioning was either freezing or off, and we couldn't find a comfortable middle. I'll give credit to the front desk staff for being polite, but the vibe was pure indifference elsewhere. We tried the bar for a nightcap, and it took ten minutes just to get a menu. For nearly $400 a night, I expect more than a mediocre bed and peeling wallpaper. The location is convenient, sure, but it doesn't make up for the feeling that this property is running on its name alone. I won't be returning.",1,custom_youkichirou-s-deepseek,long,negative,unstructured,few_shot,long_negative_unstructured_few_shot,37,909,164,700,1,1,1.0,12,2026-09-01T13:26:09.367400+00:00
fake,swissotel,Hotel,"Booked the Swissotel for a weekend getaway, and honestly, I should have trusted the mixed reviews. The lobby looks impressive, but that's where the polish ends. Our room faced the inner courtyard, so all we saw was a concrete wall, and the window wouldn't open more than a crack. The air conditioning sounded like a freight train and cycled all night, so sleep was nearly impossible. Housekeeping knocked at 8:30 a.m. on Saturday, then again at 9, even though we had the do-not-disturb sign up. The bathroom had a nice shower, but the grout was stained and the drain was slow. Breakfast was a crowded, overpriced buffet with lukewarm eggs and watery coffee. Check-out took forever with only one person at the desk while three guests waited. For the price, this was a real letdown--location is convenient, but the service and room basics feel neglected.",1,custom_youkichirou-s-deepseek,long,negative,unstructured,few_shot,long_negative_unstructured_few_shot,38,852,145,700,1,1,1.0,12,2026-09-01T13:26:14.358366+00:00
fake,talbott,Hotel,"I'd heard the Talbott was a classic Chicago institution, so I booked a weekend here expecting charm. What I got was a tired room with threadbare carpet and a bathroom that smelled faintly of mildew no matter how often I ran the fan. The 'courtyard view' turned out to be a brick wall and a dumpster. Service was indifferent--I waited 20 minutes at the front desk while two staffers argued about a schedule, and nobody acknowledged me. The air conditioning rattled all night, and the pillows were flat as pancakes. Location is decent, near the Gold Coast, but you're paying for the address, not the experience. Breakfast was overpriced and lukewarm. Honestly, I'd rather stay at a chain next time. This place needs a serious refresh and a dose of hospitality training. Won't be back.",1,custom_youkichirou-s-deepseek,long,negative,unstructured,few_shot,long_negative_unstructured_few_shot,39,782,135,700,1,1,1.0,12,2026-09-01T13:26:18.908520+00:00
fake,affinia,Hotel,"We booked the Affinia expecting a lot more for the price. The 'suite' we got was just a standard room with a couch jammed in, and the AC unit sounded like a lawnmower all night. We asked for a quiet floor at check-in and got put right next to the elevator, which dinged constantly. The hallways smell strongly of old carpet and disinfectant. On the second day, housekeeping didn't come until 5 PM, and when they did, they just dropped off fresh towels and didn't make the bed. The gym is a closet with two broken treadmills, and the 'complimentary coffee' in the lobby is lukewarm dishwater. Location is decent for walking, but honestly, for what we paid, you're better off at a standard chain two blocks away. I left feeling like this place banks entirely on its address and forgot about basic comfort. We won't be back.",1,custom_youkichirou-s-deepseek,long,negative,unstructured,few_shot,long_negative_unstructured_few_shot,40,821,148,700,1,1,1.0,12,2026-09-01T13:26:59.823706+00:00
fake,allegro,Hotel,"I really wanted to like Hotel Allegro, and the location near the theaters is genuinely convenient, but that's about where the positives end for me. Check-in took forever because there was only one person at the front desk, and while she was polite, she seemed completely overwhelmed. The room itself was tired--worn carpet, a bed that dipped in the middle, and a bathroom that had clearly seen better decades. Housekeeping didn't come until almost 5 PM, and when I asked for extra towels, it felt like I was putting someone out. The noise from the hallway was constant; I could hear every door slam and conversation. I get that it's an older building, but for the price, I expected better upkeep, maybe some attention to detail. It's a forgettable stay, and I won't be rushing back.",1,custom_youkichirou-s-deepseek,long,negative,unstructured,few_shot,long_negative_unstructured_few_shot,41,782,136,700,1,1,1.0,12,2026-09-01T13:27:03.803986+00:00
fake,amalfi,Hotel,"We really wanted to love this place, but it just missed the mark in so many ways. The location is fantastic, but that's about the only positive. Check-in took forever because there was only one person at the desk, and she seemed completely overwhelmed. Our room on the third floor was noisy--we could hear every conversation in the hallway and the plumbing was ridiculous. Also, the air conditioning barely worked, so we slept terribly. The breakfast buffet was a disaster: lukewarm scrambled eggs, empty bread baskets, and coffee that tasted burnt. I asked the front desk for a wake-up call and it never came, which almost made us miss our ferry. The curtains wouldn't fully close either, so we were up with the sunrise. Honestly, for the price we paid, I expected far better. We've had much nicer stays at cheaper hotels. I wouldn't bother revisiting.",1,custom_youkichirou-s-deepseek,long,negative,unstructured,few_shot,long_negative_unstructured_few_shot,42,853,146,700,1,1,1.0,12,2026-09-01T13:27:08.983001+00:00
fake,ambassador,Hotel,"Honestly, I left feeling pretty let down. We booked the Ambassador for a weekend away, hoping for that boutique charm the photos suggest. Instead, we got peeling paint in the bathroom and a light fixture that flickered all night. The staff were polite, but stretched thin--we waited twenty minutes at the front desk just to get a simple question answered. Housekeeping never came until we called twice, and even then, they only dropped off towels. Our room faced the main street, and the soundproofing was a joke. You could hear every bus and siren until 2 AM. Location is convenient, sure, but for what they charged, I expected so much more. It felt tired, worn, and overlooked. Disappointed is putting it mildly--I won't be back and can't recommend it to anyone seeking even basic comfort.",1,custom_youkichirou-s-deepseek,long,negative,unstructured,few_shot,long_negative_unstructured_few_shot,43,791,135,700,1,1,1.0,12,2026-09-01T13:27:16.254860+00:00
fake,conrad,Hotel,"I booked the Conrad expecting the usual Hilton luxury, but this stay fell embarrassingly short. The check-in process was a mess--two agents arguing about my room type while I stood there, then a 'surprise' that they'd given away my suite and bumped me to a standard room with a view of the air conditioning units. Housekeeping never came until 5pm, and even then, they forgot fresh towels twice. The bathroom had a persistent mildew smell, and the shower pressure was pathetic. I tried the lounge, but it was packed with noisy conference attendees and the food was lukewarm, clearly sitting out for hours. The bed was decent, I'll give them that, but for nearly $400 a night, I expect working elevators and staff who actually care. Honestly, I've had better experiences at a Courtyard. I won't be back.",1,custom_youkichirou-s-deepseek,long,negative,unstructured,few_shot,long_negative_unstructured_few_shot,44,802,138,700,1,1,1.0,12,2026-09-01T13:27:21.680648+00:00
fake,fairmont,Hotel,"We booked the Fairmont for a milestone anniversary, expecting the usual flagship-level polish. Instead, we got a room that felt tired and overheated, with a thermostat that might as well have been decorative. The hallway ice machine was out of order, and our request for extra towels took three calls and over an hour. We tried the hotel bar for a nightcap--the bartender was friendly, but the service around him was glacial, and we watched two tables send back drinks. The view was nice, sure, but you don't pay those rates for a view when the bed's pillows are flat and the bathroom caulk is peeling. The gym was fine, but the pool was booked solid with a private event, so guests were locked out. It all felt like a corporate machine running on autopilot. For this price, I expected attentive staff and a room that didn't feel neglected. We left disappointed and questioning the brand's reputation. Definitely not worth it for us.",1,custom_youkichirou-s-deepseek,long,negative,unstructured,few_shot,long_negative_unstructured_few_shot,45,933,163,700,1,1,1.0,12,2026-09-01T13:27:25.423490+00:00
fake,hardrock,Hotel,"The Hard Rock's reputation and that iconic guitar sign had me hyped, but my stay was a total letdown. Check-in took forever; the line snaked around the lobby with only two agents working. Finally getting a key, I walked into a room that smelled like stale smoke and old carpet. The much-talked-about rock memorabilia was scarce, just a couple of framed prints. The bed was lumpy, and the pillows were flat as pancakes. I could hear every footstep and conversation from the hallway, so sleep was a joke. The bathroom had rust spots around the drain. I tried the restaurant for breakfast, but the service was glacial and the food was overpriced and mediocre. For these rates, I expected at least a spotless, quiet room. This place runs on its name, not on quality. I'm genuinely disappointed and wouldn't recommend it.",1,custom_youkichirou-s-deepseek,long,negative,unstructured,few_shot,long_negative_unstructured_few_shot,46,816,141,700,1,1,1.0,12,2026-09-01T13:27:29.487604+00:00
fake,hilton,Hotel,"I really wanted to like this Hilton, especially given the brand name, but the experience fell flat from the moment I walked in. Check-in took nearly twenty minutes because there was only one person at the desk, and she seemed completely overwhelmed by a line of guests. The room itself was worn down--carpet had stains, the AC rattled all night, and the bathroom had a lingering musty smell despite the towels being fresh. I got no sleep and barely any hot water in the morning shower. The WiFi kept dropping, and when I called the front desk about it, I was put on hold for ages. The only bright spot was the location, but honestly, for the price I paid, I expected far better maintenance and service. Disappointed is putting it mildly.",1,custom_youkichirou-s-deepseek,long,negative,unstructured,few_shot,long_negative_unstructured_few_shot,47,737,132,700,1,1,1.0,12,2026-09-01T13:27:32.745323+00:00
fake,homewood,Hotel,"I really wanted to like this place, but the whole stay felt off from the moment we arrived. We booked a suite specifically for the separate bedroom and were given a room that smelled strongly of damp carpet and old cigarette smoke, despite the '100% non-smoking' sign on the door. The front desk clerk barely looked up when we asked to switch, and said nothing was available even though I saw open rooms on their booking site later that night. The air conditioning unit rattled all night, and the hallway was so noisy we could hear every door slam until 2 a.m. The breakfast was lukewarm and the scrambled eggs were basically watery mush. On the positive side, the beds were comfortable and housekeeping did a decent job, but that doesn't make up for the lack of care or the feeling that nobody actually paid attention to the details. For the price, I'd honestly find somewhere else next time.",1,custom_youkichirou-s-deepseek,long,negative,unstructured,few_shot,long_negative_unstructured_few_shot,48,893,159,700,1,1,1.0,12,2026-09-01T13:27:38.993881+00:00
fake,hyatt,Hotel,"I had high hopes for the Hyatt based on the brand name, but this stay was a letdown from start to finish. The check-in line moved at a snail's pace, and when I finally got to the desk, they'd lost my reservation details even though I had the confirmation email right on my phone. The room itself felt tired and musty, with a scratchy carpet and a bathroom that smelled faintly of mildew. The bed was lumpy, and the pillows were flat as pancakes. I tried to order room service for a quick dinner, and the food arrived cold and undercooked, with the wrong side dish. The gym was cramped, with two broken treadmills and no water refill station. I expected more from a property with this name, and honestly, I left feeling like I wasted my money. I won't be back.",1,custom_youkichirou-s-deepseek,long,negative,unstructured,few_shot,long_negative_unstructured_few_shot,49,759,142,700,1,1,1.0,12,2026-09-01T13:27:43.299434+00:00
fake,intercontinental,Hotel,"I'd heard great things about the Intercontinental brand, so I was genuinely excited for our anniversary weekend. Unfortunately, the experience fell far short of the reputation. Check-in took nearly 25 minutes despite arriving at 3 PM sharp, and the front desk agent seemed more interested in a phone call than greeting us. Our room, when we finally got the key card, smelled faintly of damp carpet and the air conditioning sounded like a small tractor every time it cycled on. The 'city view' turned out to be a roof and a ventilation shaft.

We tried the hotel restaurant for dinner and were sorely disappointed. My steak arrived overcooked, and the waiter disappeared for so long we nearly walked out. The crowning issue, though, was the noise--paper-thin walls meant we heard every conversation from the room next door until almost midnight. For these prices, I expected polish, not a lesson in patience. Won't be back.",1,custom_youkichirou-s-deepseek,long,negative,unstructured,zero_shot,long_negative_unstructured_zero_shot,0,922,154,700,1,1,1.0,12,2026-09-01T13:27:47.818189+00:00
fake,james,Hotel,"The king room we booked looked nothing like the photos. The carpet had a suspicious sticky patch near the minibar, and the 'city view' was mostly a brick wall and a sliver of the next building. I get that hotels age, but this felt neglected. Housekeeping was inconsistent--one day we got fresh towels, the next we had to call twice for toilet paper. The AC unit rattled all night like a trapped wasp, and the blackout curtains didn't fully close, so the hallway light bled in. The lobby bar was overpriced, and the bartender seemed annoyed we asked for a wine list that didn't exist. Honestly, the only bright spot was the location--walkable to a few decent spots. But for what we paid, I'd expect basic upkeep and a proper night's sleep. Won't be back, and I wouldn't recommend it unless you're desperate.",1,custom_youkichirou-s-deepseek,long,negative,unstructured,zero_shot,long_negative_unstructured_zero_shot,1,806,143,700,1,1,1.0,12,2026-09-01T13:27:51.976638+00:00
fake,knickerbocker,Hotel,"I really wanted to love this place, given the history and the location right on Michigan Avenue, but our stay was a letdown from start to finish. The lobby is stunning, I'll give them that, but the charm stops at the elevator doors. Our room was shockingly small for the price, with a view of a brick wall and an air conditioning unit that rattled all night. Housekeeping knocked at 8:30 AM on our first morning, and when I asked for more coffee pods, they just never showed up. The 'vintage' vibe quickly felt dated, with worn carpet and a bathroom that desperately needed a regrout. Check-in took over 20 minutes because they somehow lost our reservation, even though I had the confirmation email. The one saving grace was the bar downstairs, but honestly, the whole experience felt like a cash grab on the name. For what we paid, we could have had a much fresher, less stressful stay a few blocks away. I won't be back.",1,custom_youkichirou-s-deepseek,long,negative,unstructured,zero_shot,long_negative_unstructured_zero_shot,2,922,167,700,1,1,1.0,12,2026-09-01T13:27:56.784551+00:00
fake,monaco,Hotel,"Stayed three nights for a conference and left genuinely puzzled by the hype. The lobby is slick, sure, but that's where the polish ends. Our room faced the inner courtyard, which meant zero natural light and a constant hum from the HVAC that never let up. The bed was comfortable enough, but the pillows were flat and lumpy. Housekeeping skipped our turndown twice without notice, and when I called for extra towels, they arrived after a 40-minute wait. The bar downstairs is overpriced--$19 for a small gin and tonic that was mostly ice. Also, the gym has two treadmills, one of which was broken the whole stay. For what they charge per night, I expected far more attention to detail. It's not terrible, just a mid-tier experience with a boutique price tag. I'd book elsewhere next time.",1,custom_youkichirou-s-deepseek,long,negative,unstructured,zero_shot,long_negative_unstructured_zero_shot,3,788,137,700,1,1,1.0,12,2026-09-01T13:28:03.786622+00:00
fake,omni,Hotel,"I booked the Omni specifically for a weekend getaway, expecting the standards their name usually implies. What a letdown. The air conditioning in our room sounded like a cement mixer having a seizure, and maintenance 'fixed' it by leaving a note saying it was 'working as designed' in a heatwave. The bathroom had a faint but constant smell of mildew, and the housekeeping never replaced our coffee pods once. I asked the front desk for a late checkout on Sunday and was met with a curt 'no,' even though the hotel was clearly half-empty. The pool area was packed with unsupervised kids doing cannonballs while the lifeguard scrolled on his phone. The only decent meal we had was at a diner two blocks away. The inflated nightly rate made all of this feel like a personal insult. Save your money.",1,custom_youkichirou-s-deepseek,long,negative,unstructured,zero_shot,long_negative_unstructured_zero_shot,4,796,140,700,1,1,1.0,12,2026-09-01T13:28:07.767814+00:00
fake,palmer,Hotel,"Stayed three nights at the Palmer and left feeling thoroughly underwhelmed. The lobby looks grand in photos, but in person it's tired, with scuffed marble and wilted flowers that nobody bothered to refresh. Our room faced the courtyard, which sounded nice until we realized it meant zero natural light and a view of the ventilation units humming all night. The bed was okay, but the pillows were flat as pancakes, and housekeeping skipped our room entirely on the second day until we called twice. Breakfast was a disaster: lukewarm eggs, stale pastries, and coffee that tasted burnt. The staff at the front desk were polite but useless when we asked for a late checkout--they just shrugged and said the system was full. For the rate we paid, I expected so much more. I left feeling cheated, honestly. Won't be back, and I'd warn anyone else to look elsewhere in the area.",1,custom_youkichirou-s-deepseek,long,negative,unstructured,zero_shot,long_negative_unstructured_zero_shot,5,872,151,700,1,1,1.0,12,2026-09-01T13:28:11.665404+00:00
fake,sheraton,Hotel,"Booked a 'renovated' room and honestly, it felt like a coat of paint on a very tired building. The AC unit sounded like a lawnmower with a sinus infection, and the bed was so lumpy that I woke up more tired than when I checked in. Housekeeping did show up, but only after I called twice on the second day, and they seemed to have missed the 'do not disturb' sign hanging on my door. The bar downstairs was understaffed, so I waited 20 minutes for a lukewarm cocktail that cost $18. The elevator--one of three working--had a distinct post-jogger aroma. Look, the staff at the front desk were polite enough, but that's about the only positive. For this price, you're paying for the name and the location, not for comfort. I've stayed in roadside motels with better towels and quieter plumbing. Disappointed is an understatement. Wouldn't come back.",1,custom_youkichirou-s-deepseek,long,negative,unstructured,zero_shot,long_negative_unstructured_zero_shot,6,846,149,700,1,1,1.0,12,2026-09-01T13:28:16.960598+00:00
fake,sofitel,Hotel,"The Sofitel's prestige is skin-deep. From check-in, the staff seemed to be doing me a favor by acknowledging my reservation, and the welcome drink was a watered-down juice. The room itself was tired: scuffed furniture, stained carpet near the window, and the 'signature' bed was lumpy in the middle. I got zero sleep hearing plumbing from the adjacent room and hallway chatter late into the night. The bathroom looked grand at first glance, but the shower door wouldn't seal and leaked all over the floor. For what they charge, you'd expect at least a functioning wardrobe--the doors kept sliding off their tracks. Breakfast was hectic and the pastries were stale. The only nice touch was the pool views, but I couldn't enjoy them with the maintenance crew power-washing the deck at 8 AM. I expected far more polish and attention. This felt like a standard business hotel coasting on a luxury label. I won't be back.",1,custom_youkichirou-s-deepseek,long,negative,unstructured,zero_shot,long_negative_unstructured_zero_shot,7,916,156,700,1,1,1.0,12,2026-09-01T13:28:21.069057+00:00
fake,swissotel,Hotel,"Stayed here for three nights and left genuinely puzzled by the good ratings. The bed was comfortable, I'll give them that, but the noise was relentless--thin walls meant I heard every door slam and hallway conversation from 6 AM onward. The 'city view' turned out to be a brick wall and a vent. Breakfast was chaotic, with lukewarm scrambled eggs and coffee that tasted burnt, plus staff who seemed annoyed when I asked for more pastries. The air conditioning unit rattled all night and the room never really cooled down. When I reported a leaky bathroom faucet at reception, the woman just shrugged and said maintenance would come 'when possible'--they never did. For the price, I expected way better. The location is convenient, sure, but that's the only real upside. I've had friendlier service at budget chains. Won't be returning.",1,custom_youkichirou-s-deepseek,long,negative,unstructured,zero_shot,long_negative_unstructured_zero_shot,8,835,140,700,1,1,1.0,12,2026-09-01T13:28:25.849244+00:00
fake,talbott,Hotel,"We booked the Talbott for a special weekend, and honestly, it fell flat. The lobby is charming in photos, but the reality is cramped and the staff at check-in seemed rushed, barely making eye contact. Our room was advertised as a 'deluxe king,' but it felt more like a shoebox with a view of a brick wall. The air conditioning was loud and rattled all night, which made sleeping tough. We tried the restaurant for dinner and waited forty-five minutes for overcooked pasta. The bar was better, but they got our order wrong twice. On the plus side, the location on Chestnut can't be beaten, and the bed was comfortable. For the price, though, I expected so much more. It's not terrible, but I'd skip the hype and stay elsewhere next time.",1,custom_youkichirou-s-deepseek,long,negative,unstructured,zero_shot,long_negative_unstructured_zero_shot,9,736,132,700,1,1,1.0,12,2026-09-01T13:28:30.418301+00:00
fake,affinia,Hotel,"The Affinia was a real letdown, especially for the price tag. Our room felt tired and stuffy, with a view of a brick wall and a heating system that clanked all night. The 'modern' amenities were a joke--the iPad controlling the room kept disconnecting, and the so-called blackout curtains had a gap that let in a glaring streetlight. The bathroom had a persistent moldy smell, no matter how often we asked for extra towels to mask it. I get that it's an older building, but the lobby's slick photos don't match the threadbare carpet and chipped furniture in the actual rooms. Staff were polite but overwhelmed whenever we needed anything, like an extra blanket, which took over an hour. For this money, I'd expect far better. We left more exhausted than we arrived, and I can't recommend it. Shop elsewhere.",1,custom_youkichirou-s-deepseek,long,negative,unstructured,zero_shot,long_negative_unstructured_zero_shot,10,807,140,700,1,1,1.0,12,2026-09-01T13:28:34.487495+00:00
fake,allegro,Hotel,"We booked the Allegro based on photos that must have been taken a decade ago. The hallway smelled like a mix of old cigarettes and bleach, and our 'city view' was a brick wall and a flickering neon sign from the laundry across the street. The bed was lumpy, and the pillows were like concrete blocks. After a long day, we just wanted to rest, but the thin walls meant we heard every flush, every TV, and a couple arguing next door until 2 AM.

The breakfast was the final straw. Cold scrambled eggs, watery juice, and a coffee machine that was out of order. The only friendly staff member was the bellman; everyone else acted like we were an inconvenience. For the price, I expect basic comfort and a functioning room. This place missed the mark on everything. I genuinely can't recommend it unless you're desperate and out of other options. Save your money.",1,custom_youkichirou-s-deepseek,long,negative,unstructured,zero_shot,long_negative_unstructured_zero_shot,11,858,155,700,1,1,1.0,12,2026-09-01T13:28:40.156875+00:00
fake,amalfi,Hotel,"Booked the Hotel Amalfi based on the photos online, but the reality was a letdown from the moment we walked in. The lobby smelled musty, like old carpet and damp towels, and the front desk staff barely acknowledged us while they finished a personal phone call. Our room, supposedly upgraded, faced a brick wall and a clanking air conditioner that sounded like a lawnmower. The bed was lumpy, and the pillows were so thin they were useless. Breakfast was chaotic--empty chafing dishes, stale croissants, and coffee that tasted burnt. To top it off, the pool was closed for 'maintenance' the entire stay, which we only learned about after we'd unpacked. The only positive was the location, but that didn't make up for the dingy room or the indifferent service. For the price, I expected far more. Save your money and book elsewhere.",1,custom_youkichirou-s-deepseek,long,negative,unstructured,zero_shot,long_negative_unstructured_zero_shot,12,830,142,700,1,1,1.0,12,2026-09-01T13:28:44.331869+00:00
fake,ambassador,Hotel,"Great location, but that's where the positives end. The front desk staff were polite enough, but check-in took forever because they seemed to be juggling three tasks at once. Got to our room and it was stuffy, with a lingering musty smell like the AC filter hadn't been changed in months. The 'city view' was mostly a brick wall and a sliver of the neighboring rooftop. Housekeeping only came by when we called, and even then, they forgot to replace the towels. The breakfast buffet was a nightmare--cold scrambled eggs, stale pastries, and coffee that tasted burnt. On our last night, the hallway was noisy until 2 AM with what sounded like a party, and the walls were thin enough to hear every word. I really wanted to like this place, but for the price, I expected a lot more. Won't be back.",1,custom_youkichirou-s-deepseek,long,negative,unstructured,zero_shot,long_negative_unstructured_zero_shot,13,794,143,700,1,1,1.0,12,2026-09-01T13:28:48.862484+00:00
fake,conrad,Hotel,"Booked the Conrad expecting the usual five-star polish, but this stay left a sour taste. Check-in was painfully slow, and the front desk seemed more interested in their phones than acknowledging me. The room itself was tired--stained carpet, a bathroom door that wouldn't close properly, and a view of a concrete wall. Housekeeping never came until I called twice, and even then they only swapped towels. The restaurant at breakfast served lukewarm eggs and coffee that tasted burnt; I ended up eating out. On top of that, the air conditioning rattled all night, so I barely slept. For the price, I've had better experiences at boutique hotels. Honestly, the staff's indifference was the biggest letdown--nobody asked about my stay or offered a solution when I mentioned the noise at checkout. Just a flat 'sorry' and a receipt. Won't be back.",1,custom_youkichirou-s-deepseek,long,negative,unstructured,zero_shot,long_negative_unstructured_zero_shot,14,843,140,700,1,1,1.0,12,2026-09-01T13:28:53.117296+00:00
fake,fairmont,Hotel,"I booked the Fairmont for a milestone anniversary, expecting the usual grandeur. Instead, we got a room overlooking the HVAC units and a constant, low hum that never stopped. The 'classic' decor felt tired, with scuffed baseboards and a bathroom grout that was frankly gross. Service was glacial--we waited forty minutes for ice, and the concierge seemed annoyed by basic questions. Breakfast was a disaster: cold eggs, burnt toast, and a server who forgot our coffee twice. The pool was packed with non-guests, and the gym had two broken treadmills. I've stayed at far nicer properties for half the price. This felt like a brand living on its reputation, not its reality. Really disappointed, especially given what we paid.",1,custom_youkichirou-s-deepseek,long,negative,unstructured,zero_shot,long_negative_unstructured_zero_shot,15,724,119,700,1,1,1.0,12,2026-09-01T13:28:57.052513+00:00
fake,hardrock,Hotel,"Booked a two-night stay expecting the classic Hard Rock energy, but honestly, it fell flat from check-in. The front desk staff were polite but painfully slow, and we waited over 40 minutes just to get our keys. The room itself was tired--scuffed furniture, a frayed carpet, and a bathroom that smelled faintly of mildew no matter how much we ran the fan. Soundproofing is a joke; we heard every hallway conversation and the elevator ding all night. The mini-fridge was warm, and housekeeping never replenished our coffee after the first day. I tried the pool, but it was overcrowded with no available loungers, and the bar service took 25 minutes for a simple drink. Location is convenient, sure, but for the price, I expected far more polish. Won't be returning.",1,custom_youkichirou-s-deepseek,long,negative,unstructured,zero_shot,long_negative_unstructured_zero_shot,16,763,130,700,1,1,1.0,12,2026-09-01T13:29:04.278163+00:00
fake,hilton,Hotel,"Booked a weekend here expecting the usual Hilton polish--walked away genuinely underwhelmed. Check-in took nearly twenty minutes despite arriving at 4 PM, and the front desk agent seemed more interested in her phone than acknowledging the queue. The room itself was clean, sure, but the AC rattled all night like a trapped wasp, and the 'city view' was basically a brick wall and a ventilation shaft. Breakfast was the real letdown: lukewarm scrambled eggs, stale pastries, and coffee that tasted burnt, all for $28 per person. On top of that, housekeeping never replaced our towels after the first day, and when I called down about it, I got transferred three times and eventually gave up. The lobby bar was packed with conference attendees and the bartender openly ignored me for ten minutes. Honestly, for the price, the Hampton down the street would've been a better bet. Save your money.",1,custom_youkichirou-s-deepseek,long,negative,unstructured,zero_shot,long_negative_unstructured_zero_shot,17,892,149,700,1,1,1.0,12,2026-09-01T13:29:32.546132+00:00
fake,homewood,Hotel,"The beds were comfortable, I'll give them that, but that's about the only positive thing I can say about my stay. Check-in took forever because there was only one person at the front desk, and she was juggling phone calls and a line of guests. The room itself had a faint, musty smell that no amount of air freshener could cover. Housekeeping never came by on the second day, and I had to ask for fresh towels at the desk, which felt like pulling teeth. The 'hot breakfast' was lukewarm at best, with scrambled eggs that looked like they'd been sitting out for hours. The hallway was noisy until past midnight, and the walls were so thin I could hear the TV in the next room. Honestly, for the price I paid, I expected so much more. I'm disappointed and probably won't be back.",1,custom_youkichirou-s-deepseek,long,negative,unstructured,zero_shot,long_negative_unstructured_zero_shot,18,777,144,700,1,1,1.0,12,2026-09-01T13:29:37.198330+00:00
fake,hyatt,Hotel,"I really wanted to like this place, but too many small issues added up to a frustrating stay. The room itself was clean and decently sized, but the air conditioning was nearly useless--it just barely took the edge off, even after maintenance fiddled with it. I tried calling the front desk twice after 10 PM about some hallway noise, and nobody picked up. When I walked down, there was a single frazzled employee who said he'd 'make a note,' but nothing ever changed. The breakfast buffet was genuinely disappointing for the price; the eggs were rubbery and the coffee tasted burnt. Check-in also took over twenty minutes because they insisted on verifying my reservation through some offline system that kept lagging. On a positive note, the location was convenient and the lobby was lovely. But for over $250 a night, I expect a working thermostat and responsive staff. I'll likely look elsewhere next time.",1,custom_youkichirou-s-deepseek,long,negative,unstructured,zero_shot,long_negative_unstructured_zero_shot,19,909,154,700,1,1,1.0,12,2026-09-01T13:29:42.624730+00:00
fake,intercontinental,Hotel,"I've stayed at plenty of InterContinentals, so I had high hopes, but this one really missed the mark. The lobby is grand, sure, but that's where the polish ended. Check-in took nearly 25 minutes because the front desk staff seemed more interested in chatting among themselves than helping guests. I finally got my room, only to find the air conditioning sounded like a truck idling and the 'city view' was mostly a brick wall and a sliver of rooftop. The bed was comfortable, I'll give them that, but the bathroom had a lingering damp smell and the towels were threadbare. Breakfast was a chaotic free-for-all--the omelet station had a 15-minute line and the pastries were stale. On my last night, I asked for a late checkout and was told 'not possible,' with zero apology. For the price, this was a letdown. I expected so much more from the brand, and honestly, a mid-range hotel would've treated me better. Won't be back.",1,custom_youkichirou-s-deepseek,long,negative,unstructured,zero_shot,long_negative_unstructured_zero_shot,20,923,161,700,1,2,1.0,12,2026-09-01T13:29:52.124821+00:00
fake,james,Hotel,"We booked the James specifically for a weekend getaway, drawn in by the sleek photos. The reality was a letdown from the moment we hit the lobby--the 'signature scent' was cloying, and the check-in clerk seemed annoyed by our simple request for a quiet floor. The room itself was cramped, with a view of a brick wall and a dusty air conditioning unit. The bed was hard as a rock, and the pillows offered zero support, leaving me with a stiff neck each morning. We tried the rooftop bar, but the cocktails were watered down and cost a fortune for the view we got. Honestly, for these prices, you'd expect at least working Wi-Fi, but ours dropped constantly. The only bright spot was the location, which made it easy to escape the hotel for decent food and drinks. I've stayed in cheaper chain hotels with more character and better service. This was a disappointing, feel-good-but-forgotten experience. I won't be back.",1,custom_youkichirou-s-deepseek,long,negative,unstructured,zero_shot,long_negative_unstructured_zero_shot,21,917,160,700,1,1,1.0,12,2026-09-01T13:29:57.166374+00:00
fake,knickerbocker,Hotel,"Booked the Knickerbocker specifically for its location near Times Square, and honestly, that's the only thing it has going for it. The lobby feels chaotic, more like a train station than a four-star hotel, with nowhere to sit while you wait for check-in. Our room wasn't ready until almost 4 PM, which was already annoying, but when we finally got up there, the view was of a brick wall and the air conditioning sounded like a lawnmower. The bed was okay, but the pillows were flat as pancakes. We ate at the rooftop bar one night--overpriced drinks and service that clearly didn't care. The hallway smelled like old carpet and the elevator took forever. For what they charge, it's just not worth it. I'd skip this one and stay somewhere with actual soundproofing and staff who respond to requests. Won't be back.",1,custom_youkichirou-s-deepseek,long,negative,unstructured,zero_shot,long_negative_unstructured_zero_shot,22,813,142,700,1,1,1.0,12,2026-09-01T13:30:01.389733+00:00
fake,monaco,Hotel,"I was really looking forward to staying at Hotel Monaco based on the photos and reputation, but the reality fell far short. The room we were assigned had a musty smell that never went away, and the air conditioning unit rattled loudly all night, making it nearly impossible to sleep. I mentioned it to the front desk, and while the clerk was polite, he said the hotel was fully booked and couldn't offer a change. The bathroom was small, with a shower that had poor water pressure and a drain that clogged almost immediately. Breakfast was another letdown--overpriced and lukewarm, with limited options that were gone by 9 AM. On the plus side, the location is convenient, and the lobby looks nice, but that doesn't make up for the uncomfortable stay. Given the nightly rate, I expected much better. I won't be returning.",1,custom_youkichirou-s-deepseek,long,negative,unstructured,zero_shot,long_negative_unstructured_zero_shot,23,821,143,700,1,1,1.0,12,2026-09-01T13:30:06.491512+00:00
fake,omni,Hotel,"I really wanted to like this place, but the Omni left me feeling cheated. The location is fine, but the room felt tired and the A/C unit sounded like a lawnmower all night; I got maybe three hours of sleep. The bathroom had a lingering musty smell and the caulking was peeling. I tried to grab a late bite at the bar, but the bartender ignored me for ten minutes and then served a lukewarm, overpriced cocktail. When I mentioned the noise at checkout, the front desk agent just shrugged and said, 'That's how it is.' For the rates they charge, I expected so much more. It's a shame--the lobby is beautiful, but that's where the polish ends. Definitely won't be back.",1,custom_youkichirou-s-deepseek,long,negative,unstructured,zero_shot,long_negative_unstructured_zero_shot,24,666,122,700,1,1,1.0,12,2026-09-01T13:30:10.190192+00:00
fake,palmer,Hotel,"We booked the Palmer based on photos that made it look like a charming boutique escape. The reality was a letdown. Our room, while spacious, had a musty smell that air freshener couldn't mask, and the window looked directly onto a brick wall. The advertised 'rain shower' was a weak dribble. Service was polite but painfully slow; we waited over forty minutes for two coffees at breakfast, and the pastries were stale. The pool area was overcrowded, with no available loungers by 9 AM. Loud construction noise started promptly at 8 AM on Saturday, making a lie-in impossible. For the price, I genuinely expected a relaxing stay. Instead, we paid a premium for damp, noisy mediocrity and left feeling underwhelmed. There are far better options in the area for less money. We won't be returning.",1,custom_youkichirou-s-deepseek,long,negative,unstructured,zero_shot,long_negative_unstructured_zero_shot,25,793,135,700,1,1,1.0,12,2026-09-01T13:30:14.080461+00:00
fake,sheraton,Hotel,"I've stayed at plenty of Sheratons over the years and usually know what to expect, but this visit was a real letdown. The check-in process took nearly 30 minutes because only one person was at the front desk, and when we finally got our keys, the room smelled musty--like the AC filter hadn't been changed in months. The bed was comfortable enough, but the pillows were flat and lumpy. Housekeeping never came by during our two-night stay, even after we hung the 'service please' sign. Breakfast was chaotic, with empty buffet trays and coffee that tasted burnt. On top of that, the pool had a weird green tint and was closed for 'maintenance' without prior notice. For the price we paid, I expected better. The staff were polite but seemed overwhelmed, which made everything feel disorganized. I'd probably look elsewhere next time.",1,custom_youkichirou-s-deepseek,long,negative,unstructured,zero_shot,long_negative_unstructured_zero_shot,26,833,142,700,1,2,1.0,12,2026-09-01T13:30:23.078000+00:00
fake,sofitel,Hotel,"I booked the Sofitel expecting the usual French polish, but honestly, it fell flat. The lobby is stunning--that's where the magic ends. Check-in took forever because the clerk kept apologizing for a system glitch, and I stood there with my jet lag and a heavy suitcase. My room, while spacious, had a stale cigarette smell that lingered despite the 'purified air' card on the desk. The bathroom faucet dripped all night, and the minibar was stocked with warm sodas. Breakfast was chaos: cold eggs, empty bread baskets, and staff who ignored me until I flagged someone down. For the price, I expected better service and attention to detail. The location is convenient, but next time I'll pay half as much at a boutique hotel down the street. Disappointing, Sofitel. I expected more.",1,custom_youkichirou-s-deepseek,long,negative,unstructured,zero_shot,long_negative_unstructured_zero_shot,27,781,132,700,1,1,1.0,12,2026-09-01T13:30:28.117097+00:00
fake,swissotel,Hotel,"Booked a deluxe room expecting the Swissotel standard, but this felt like a tired, overpriced version of it. Check-in was painfully slow--one person at the front desk for a line of fifteen. Our room had a lingering smell of damp carpet, and the 'city view' was basically a brick wall and a sliver of rooftops. The AC rattled all night, kept cutting out, and the thin walls meant we heard every door slam and hallway conversation. Breakfast was chaos: cold scrambled eggs, empty coffee carafes, and staff who looked annoyed when we asked for a refill. The pool area was packed and the water was lukewarm, not refreshing. To their credit, the bed was comfortable and the shower pressure was decent. But for the price, I've had better stays at a three-star. Maybe it's just getting run down, but I won't be back.",1,custom_youkichirou-s-deepseek,long,negative,unstructured,zero_shot,long_negative_unstructured_zero_shot,28,809,143,700,1,2,1.0,12,2026-09-01T13:30:36.321039+00:00
fake,talbott,Hotel,"I really wanted to love Hotel Talbott, given the charming facade and prime location, but our stay was a letdown from arrival. The front desk staff were courteous but overwhelmed, leaving us waiting over twenty minutes past check-in time while our room was 'still being prepared.' When we finally got in, the room itself was cramped and tired. The paint was chipped near the windowsill, the carpet had an odd, musty smell, and the air conditioning unit rattled loudly all night, interrupting what little sleep we could get. The advertised 'boutique' feel just translated to outdated decor and worn furniture. Breakfast was a chaotic, overpriced buffet with lukewarm eggs and stale pastries. For the nightly rate, I honestly expected far better. The location is the only reason this gets two stars instead of one, but we left feeling we'd overpaid for a mediocre, noisy experience that didn't live up to the photos.",1,custom_youkichirou-s-deepseek,long,negative,unstructured,zero_shot,long_negative_unstructured_zero_shot,29,913,152,700,1,1,1.0,12,2026-09-01T13:30:42.989516+00:00
fake,affinia,Hotel,"I really wanted to like the Affinia, given the photos online, but the reality fell far short. The room was stuffy, and the A/C unit sounded like a lawnmower every time it kicked on, making sleep nearly impossible. The carpet had a faint, sour smell that no amount of air freshener could mask. Housekeeping was also spotty--we came back one afternoon to find our coffee cups not replaced and the trash bin only half emptied. The bathroom was cramped, with a showerhead that sprayed in every direction but down. On the plus side, the front desk staff were polite, but they couldn't do much about the noise from the hallway or the paper-thin walls. For the price we paid, I expected a lot more. I genuinely wanted to like this place, but it felt more like a worn-out roadside motel than a boutique hotel. I wouldn't book here again.",1,custom_youkichirou-s-deepseek,long,negative,unstructured,zero_shot,long_negative_unstructured_zero_shot,30,829,149,700,1,1,1.0,12,2026-09-01T13:30:52.094360+00:00
fake,allegro,Hotel,"We booked the Allegro based on photos that must have been taken a decade ago. The hallway smelled like old cigarettes and fried food, and our 'renovated' room had a bathroom door that wouldn't close and a view of a brick wall. The bed was so lumpy we both woke up sore.

Breakfast was a disaster. The scrambled eggs were watery, the coffee was lukewarm, and the staff seemed annoyed that we even asked for more orange juice. The pool was advertised as heated, but it felt like an ice bath, and the lounge chairs were cracked and stained.

Honestly, the only thing that worked was the air conditioning. For the price we paid, this was a huge letdown. I'd recommend spending a bit more elsewhere--you'll get a much better experience for just a few extra euros. We left feeling ripped off and exhausted.",1,custom_youkichirou-s-deepseek,long,negative,unstructured,zero_shot,long_negative_unstructured_zero_shot,31,800,144,700,1,1,1.0,12,2026-09-01T13:30:56.611034+00:00
fake,amalfi,Hotel,"We booked the Hotel Amalfi based on the photos, but the reality was a massive letdown. Our 'sea view' room actually overlooked a side alley and a sliver of the harbor, and the constant noise from the street below meant we never got a decent night's sleep. The air conditioning sounded like a lawnmower and barely cooled the room. Breakfast was chaotic--the scrambled eggs were watery and cold, and the coffee tasted burnt. On the second day, the Wi-Fi completely died in our room, and when we called reception, the response was less than helpful. To be fair, the location is central, but for the price we paid, we expected far more comfort and basic maintenance. The only positive was the friendly bartender by the pool. We'll be finding different accommodation for our next trip, that's for sure.",1,custom_youkichirou-s-deepseek,long,negative,unstructured,zero_shot,long_negative_unstructured_zero_shot,32,797,138,700,1,2,1.0,12,2026-09-01T13:31:06.783208+00:00
fake,ambassador,Hotel,"We booked the Ambassador specifically for the weekend spa package, and honestly, we should have saved the money. The 'deluxe' room we were given was anything but that - the wallpaper was peeling in the corner by the AC unit, and the bathroom had that lingering smell of damp towels. I'll give them credit for the valet being quick, but that's where the hospitality ended. The front desk staff were polite but dismissive when I asked about the pool closing times, which apparently change daily but aren't posted anywhere. Dinner at the in-house restaurant was a disaster: our reservation was lost, we waited 45 minutes for a table, and my steak came out overcooked and cold. The live jazz band was nice, but we could hear their entire set through the paper-thin walls, making it impossible to sleep before 11 PM. For nearly $400 a night, I expected a lot more than a mediocre breakfast buffet and a stained carpet. We won't be returning.",1,custom_youkichirou-s-deepseek,long,negative,unstructured,zero_shot,long_negative_unstructured_zero_shot,33,936,164,700,1,1,1.0,12,2026-09-01T13:31:14.479309+00:00
fake,conrad,Hotel,"We booked the Conrad specifically for a luxurious weekend away, and I'm genuinely baffled by the hype. The check-in process was painfully slow, and when we finally got to our room, the air conditioning was louder than a lawnmower. We reported it twice, but it was never fixed, just shrugged off. The 'city view' we paid extra for was mostly a brick wall and a sliver of the adjacent rooftop's ugly ventilation units. The bathroom felt dated, with grout that looked like it had seen better decades. Honestly, the only saving grace was the breakfast buffet, which was decent. But for this price point, I expect better than a moody staff member who rolled their eyes when we asked for extra towels. It felt less like a five-star hotel and more like an overpriced conference center. I won't be back.",1,custom_youkichirou-s-deepseek,long,negative,unstructured,zero_shot,long_negative_unstructured_zero_shot,34,795,140,700,1,1,1.0,12,2026-09-01T13:31:19.270974+00:00
fake,fairmont,Hotel,"We booked the Fairmont for a milestone anniversary, expecting the usual grand experience. Instead, we got a study in faded glory. The lobby is still impressive, sure, but our room felt tired--scuffed baseboards, a bathroom door that didn't close properly, and a view of the concrete ventilation shaft. Housekeeping never replaced our coffee pods after the first day. We ate at the main restaurant one night and the duck was overcooked, served lukewarm, and the waiter vanished for twenty minutes. The pool area was packed and the water was cloudy. I get it, it's a big property, but for $700 a night, I expect attention to detail. No one ever asked if we were enjoying our stay. It was just transactional. We've stayed at better-run four-stars for half the price. I'd skip it next time and find something that actually cares.",1,custom_youkichirou-s-deepseek,long,negative,unstructured,zero_shot,long_negative_unstructured_zero_shot,35,825,141,700,1,1,1.0,12,2026-09-01T13:31:25.592356+00:00
fake,hardrock,Hotel,"Booked here expecting the iconic rock-and-roll vibe and Sunset Strip energy, but left feeling totally flat. Check-in was a mess--waited 45 minutes behind a huge tour group while only two front desk agents worked. The room itself looked nothing like the photos: the 'signature' Panasonic sound system was outdated, the decor felt cheap and borrowed from a mid-range chain, and the window faced a brick wall. Housekeeping knocked three times before noon even though our 'Do Not Disturb' sign was up, and the hallway smelled like stale perfume mixed with cleaning chemicals. Worst part? The pool area was overcrowded with non-guests from a private event, so we couldn't even grab a chair. The minibar was overpriced and the staff seemed overwhelmed and unbothered. For these prices, you'd think the legend would live up to the hype. It didn't. Save your money for a boutique spot with actual character.",1,custom_youkichirou-s-deepseek,long,negative,unstructured,zero_shot,long_negative_unstructured_zero_shot,36,899,148,700,1,1,1.0,12,2026-09-01T13:38:31.210493+00:00
fake,hilton,Hotel,"We booked the Hilton specifically for a weekend getaway, expecting the usual standard of comfort. The location is undeniably convenient, but that's about the only positive I can muster. Our room smelled strongly of stale smoke, despite being a non-smoking floor, and the air conditioning unit sounded like a lawnmower all night. We asked for a fan, but were told they were all in use. The bathroom had a broken toilet seat and a hairline crack in the sink that just felt unhygienic. Breakfast was a chaotic free-for-all, with empty chafing dishes and lukewarm coffee. For the price we paid, this felt more like a budget motel experience. I genuinely expected better housekeeping and a front desk that was more than just apologetic. I left more tired than when I arrived. Won't be returning.",1,custom_youkichirou-s-deepseek,long,negative,unstructured,zero_shot,long_negative_unstructured_zero_shot,37,790,134,700,1,1,1.0,12,2026-09-01T13:38:35.639154+00:00
fake,homewood,Hotel,"We booked the 'executive suite' for a weekend escape based on the photos, and honestly, we spent the first hour trying to figure out where the executive part was. The room smelled musty, like damp towels left in a gym bag, and the air conditioning unit rattled so loudly we had to turn it off just to hear ourselves think. The bed was one of those springy motel types, and the pillows were flat as pancakes. The bathroom had a cracked sink and the shower pressure was a pathetic trickle. We tried the on-site restaurant for breakfast, but the eggs were cold and the coffee tasted burnt. To make matters worse, the hallway was noisy all night - we could hear every door slam and someone's TV until 2 AM. For the price, this was a huge letdown. The only decent thing was the parking. We won't be returning.",1,custom_youkichirou-s-deepseek,long,negative,unstructured,zero_shot,long_negative_unstructured_zero_shot,38,804,149,700,1,1,1.0,12,2026-09-01T13:38:40.554153+00:00
fake,hyatt,Hotel,"We booked the Hyatt specifically for a quiet anniversary weekend, and left wondering if we'd stumbled into a different hotel than the one in the photos. The air conditioning in our room sounded like a lawnmower having a seizure all night, and the third time we called the front desk, they actually suggested we 'try turning it off and on again.' The hallways smelled like a mix of stale beer and industrial cleaner, which was... memorable. Breakfast was a zoo--cold eggs, lukewarm coffee, and a woman arguing with the staff over the last croissant. On the plus side, the bed was decent and the location was convenient. But for these rates, I expected far more polish and a lot less hassle. It felt like a budget motel wearing a fancy suit. Disappointed feels like an understatement.",1,custom_youkichirou-s-deepseek,long,negative,unstructured,zero_shot,long_negative_unstructured_zero_shot,39,782,136,700,1,1,1.0,12,2026-09-01T13:38:44.222597+00:00
fake,intercontinental,Hotel,"Booked a King Executive for a weekend getaway and left scratching my head at the hype. The lobby is gorgeous, sure, but that's where the polish ended for me. Check-in took nearly twenty minutes despite being a priority member--the agent kept disappearing into the back office. Finally got to the room and found the mini-bar half-stocked and the bathroom trash can unemptied from the previous guest. Gross. The bed was comfortable enough, but the duvet had a suspicious brown stain on the corner that housekeeping never addressed even after I called twice.

The pool area was overcrowded and the water felt lukewarm, not refreshing. Breakfast was a chaotic free-for-all, with scrambled eggs sitting lukewarm in a chafing dish that was clearly past its prime. For the price we paid, I expected much better service and attention to detail. Won't be returning, which is a shame because the location is genuinely convenient.",1,custom_youkichirou-s-deepseek,long,negative,unstructured,zero_shot,long_negative_unstructured_zero_shot,40,919,151,700,1,1,1.0,12,2026-09-01T13:38:49.489534+00:00
fake,james,Hotel,"I booked the James expecting a stylish boutique stay, but the reality fell flat. The lobby is nice in photos, but the room I got had a broken AC unit that rattled all night, and the hallway smelled like old carpet and mildew. I asked for a quiet floor, yet I heard every door slam and the elevator dinging until 2 AM. Staff were polite but unhelpful when I requested a late checkout--they said no without even checking. The bar downstairs was overcrowded with non-guests, and one drink took 20 minutes. Breakfast was a joke: lukewarm eggs, stale pastries, and coffee that tasted burnt. For the price, I've had far better at a standard chain. The location is decent for downtown, but honestly, I wouldn't return unless they fix the noise and maintenance issues. Disappointing.",1,custom_youkichirou-s-deepseek,long,negative,unstructured,zero_shot,long_negative_unstructured_zero_shot,41,775,135,700,1,1,1.0,12,2026-09-01T13:38:54.582326+00:00
fake,knickerbocker,Hotel,"Stayed here for a conference and left feeling genuinely let down. The lobby looks grand in photos, but the reality is worn carpets and a front desk that seemed perpetually understaffed. Check-in took over half an hour, and when we finally got to the room, the air conditioning sounded like a lawnmower and never actually cooled the space below 78 degrees. I asked for a fix twice; maintenance eventually showed up, shrugged, and said it was 'normal for summer.' The bathroom had a cracked sink basin and only two towels for a double-occupancy reservation. The rooftop bar, which we were excited about, was closed for a private event both nights--no advance notice, no comp. Breakfast was a chaotic, overpriced buffet with lukewarm eggs and stale pastries. Honestly, for this price point, you're paying for the address, not the experience. I'd skip it and book somewhere with actual service.",1,custom_youkichirou-s-deepseek,long,negative,unstructured,zero_shot,long_negative_unstructured_zero_shot,42,890,148,700,1,1,1.0,12,2026-09-01T13:38:59.465198+00:00
fake,monaco,Hotel,"I really wanted to like Hotel Monaco, given the hype, but our stay was a letdown from start to finish. The check-in process was painfully slow, with only one person at the desk despite a long line. When we finally got our room, the AC was on the fritz and the room smelled musty, like old carpet. The bed was hard as a rock, and the pillows were flat lumps. The bathroom had a lingering odor of mildew, and the water pressure in the shower was a pathetic trickle. To make matters worse, the 'complimentary' Wi-Fi kept disconnecting, so I couldn't even stream a movie. For the price we paid, I expected a lot more. The location is decent, right in the heart of things, but that's about the only positive I can dredge up. I won't be coming back. Save your money and book elsewhere.",1,custom_youkichirou-s-deepseek,long,negative,unstructured,zero_shot,long_negative_unstructured_zero_shot,43,779,146,700,1,1,1.0,12,2026-09-01T13:39:04.654445+00:00
fake,omni,Hotel,"We booked the Omni for a three-night anniversary getaway, and I'm honestly baffled by the hype. The room we were given - a 'deluxe king' - smelled musty, and the air conditioning unit clanked all night like a trapped bird. We asked for a quiet floor, but we were right above the loading dock, so deliveries started at 6 AM sharp. The bathroom had a cracked tile and the shower pressure was laughable, barely a drizzle. The so-called 'gourmet' breakfast buffet was a sad spread of stale croissants and powdered eggs. I will say the front desk staff were polite, but they couldn't do much about the situation. For the price - nearly $400 a night - this was a massive letdown. We've stayed at far better mid-range chains for a third of the cost. Won't be back.",1,custom_youkichirou-s-deepseek,long,negative,unstructured,zero_shot,long_negative_unstructured_zero_shot,44,757,138,700,1,1,1.0,12,2026-09-01T13:39:08.872699+00:00
fake,palmer,Hotel,"Stayed three nights for a conference and left feeling genuinely let down. The lobby is gorgeous in photos, but the reality is worn carpets and a front desk that seemed annoyed by basic requests. My room faced the inner courtyard, which meant constant noise from the housekeeping carts starting at 6 AM--no blackout curtains either, just thin sheers. The air conditioning rattled all night, and when I asked to switch rooms, I was told nothing was available, which felt like a lie given the empty hallways. Breakfast was a disaster: lukewarm scrambled eggs, stale pastries, and coffee that tasted burnt. The pool was closed for 'maintenance' without any prior notice, and the gym had two broken treadmills. For the price, this was a massive miss. I've had better experiences at chain motels. Save your money and book elsewhere--this place trades on old glory and delivers nothing but frustration.",1,custom_youkichirou-s-deepseek,long,negative,unstructured,zero_shot,long_negative_unstructured_zero_shot,45,895,148,700,1,1,1.0,12,2026-09-01T13:39:13.245950+00:00
fake,sheraton,Hotel,"I'd heard Sheraton was a solid, reliable choice, but my stay here was anything but. The room smelled musty, like the AC filter hadn't been changed in months, and the carpet had suspicious stains near the window. Housekeeping skipped our room entirely on day two--we had to call twice just to get fresh towels. Breakfast was a chaotic free-for-all with empty chafing dishes and lukewarm coffee that tasted burnt. The pool was closed for 'maintenance' without any prior notice, which was a letdown since we booked specifically for the kids. To top it off, the front desk agent seemed annoyed when I asked for a late checkout, offering a curt 'not possible' before turning away. For the price, I expected basic competence, but this felt more like a run-down roadside motel. I won't be back.",1,custom_youkichirou-s-deepseek,long,negative,unstructured,zero_shot,long_negative_unstructured_zero_shot,46,787,135,700,1,1,1.0,12,2026-09-01T13:39:17.547072+00:00
fake,sofitel,Hotel,"I really wanted to love this place, given the Sofitel name and the price point, but our stay was riddled with small letdowns that added up quickly. Check-in took an eternity, and the front desk agent seemed utterly indifferent, barely making eye contact while handing over our keys. Our room, though spacious, had a musty smell and a stained carpet near the minibar that we had to ask to have vacuumed twice.

The air conditioning sounded like a freight train all night, so sleep was almost impossible. Breakfast was another low point; the croissants were stale, and the coffee tasted burnt. I mentioned the AC issue at checkout, hoping for some acknowledgment, but the response was a shrug and a generic apology. For these rates, I expect polish, and honestly, we were relieved to leave. I'm not sure I'd gamble on a return visit.",1,custom_youkichirou-s-deepseek,long,negative,unstructured,zero_shot,long_negative_unstructured_zero_shot,47,831,144,700,1,1,1.0,12,2026-09-01T13:39:22.867521+00:00
fake,swissotel,Hotel,"Booked a Deluxe room for a three-night city break and left feeling thoroughly underwhelmed. The photos online are far more flattering than reality. Our room was tired, with stained carpet near the window and a bathroom that desperately needed regrouting. We asked for a quiet floor but got one facing the main road, which meant sirens and traffic noise until well past 2 AM. The air conditioning was either freezing or nonexistent, and the thermostat seemed to have a mind of its own. Breakfast was chaotic; the scrambled eggs were watery and the coffee tasted burnt. Staff were polite but overstretched, taking twenty minutes to bring extra towels. On the second night, the minibar wasn't restocked despite asking twice. For the price, this is nowhere near the standard you'd expect. It's acceptable if you're just passing through, but I wouldn't recommend it for a special occasion. Disappointing overall.",1,custom_youkichirou-s-deepseek,long,negative,unstructured,zero_shot,long_negative_unstructured_zero_shot,48,907,148,700,1,1,1.0,12,2026-09-01T13:39:27.126019+00:00
fake,talbott,Hotel,"I booked the Talbott based on photos that made it look charming and intimate. What a letdown. The room was incredibly cramped, with a musty smell that no amount of airing out could fix. The 'courtyard view' was essentially a brick wall and a dumpster. The Wi-Fi kept dropping every few minutes, making it impossible to get any work done. Breakfast was a sad, lukewarm buffet with scrambled eggs that looked like rubber. The staff seemed overwhelmed and indifferent. For the price we paid, this felt like a roadside motel dressed in fancy packaging. The only positive was a decent shower, though the hot water ran out after five minutes. Save your money and look elsewhere.",1,custom_youkichirou-s-deepseek,long,negative,unstructured,zero_shot,long_negative_unstructured_zero_shot,49,672,116,700,1,1,1.0,12,2026-09-01T13:39:30.954459+00:00
