Binary_label,Category,domain,text,is_synthetic,model,length,sentiment,structure,example_mode,cell_id,rep_index,n_chars,n_words,target_chars,in_length_band,n_attempts,gen_temperature,gen_seed,timestamp
fake,affinia,Hotel,"After four nights there, I was pleasantly surprised; even with city noise creeping in sometimes, the value for what we got really shines through, especially considering the fantastic breakfast spread each morning.",1,gemma4:e4b,short,positive,structured,few_shot,short_positive_structured_few_shot,0,213,32,200,1,2,1.0,12,2026-08-23T22:45:53.355602+00:00
fake,allegro,Hotel,"The spot itself is unbeatable for exploring downtown--right where you want to be. Despite the city's usual din bleeding in a bit at night, we slept fine enough. The breakfast spread was solid; definitely kept us fueled up without feeling like an ordeal.",1,gemma4:e4b,short,positive,structured,few_shot,short_positive_structured_few_shot,1,253,43,200,1,2,1.0,12,2026-08-23T22:45:55.177379+00:00
fake,amalfi,Hotel,"Our little base right on the coast was perfect; the staff made us feel instantly welcome despite some background clatter we noticed early on. Breakfast options were solid enough to get going after a night out, and just being steps from everything really sold it for us.",1,gemma4:e4b,short,positive,structured,few_shot,short_positive_structured_few_shot,2,269,47,200,1,1,1.0,12,2026-08-23T22:45:55.979082+00:00
fake,ambassador,Hotel,"After spending four nights here, I must say the value was surprisingly high; you get such attentive service from the team that it genuinely felt over-delivered for what we paid.",1,gemma4:e4b,short,positive,structured,few_shot,short_positive_structured_few_shot,3,177,30,200,1,2,1.0,12,2026-08-23T22:45:57.782298+00:00
fake,conrad,Hotel,"The location was perfect for walking everywhere we wanted to go, and frankly, the helpful staff really elevated everything; even our first breakfast felt gourmet enough for a fancy brunch spot, and despite being central, it was surprisingly quiet at night.",1,gemma4:e4b,short,positive,structured,few_shot,short_positive_structured_few_shot,4,256,41,200,1,1,1.0,12,2026-08-23T22:45:58.549986+00:00
fake,fairmont,Hotel,"We stayed for five nights, and honestly, considering the excellent breakfast spread and how attentive everyone was--the staff really went out of their way--it felt like a steal. For what we paid given how lovely everything was, the value truly beat the cost.",1,gemma4:e4b,short,positive,structured,few_shot,short_positive_structured_few_shot,5,258,43,200,1,2,1.0,12,2026-08-23T22:46:00.326419+00:00
fake,hardrock,Hotel,"Spent four nights here; the location couldn't be better for seeing everything downtown, making it feel like pure value considering the modern touches. Breakfast was surprisingly generous for the cost, really hitting the mark. Might justify this splurge again.",1,gemma4:e4b,short,positive,structured,few_shot,short_positive_structured_few_shot,6,259,39,200,1,2,1.0,12,2026-08-23T22:46:01.877656+00:00
fake,hilton,Hotel,"After spending nearly a week near Central Park, this hotel was surprisingly calm--you barely noticed any city rumble despite the central spot. The breakfast spread was vast, though maybe a bit overwhelming with choice.",1,gemma4:e4b,short,positive,structured,few_shot,short_positive_structured_few_shot,7,218,34,200,1,2,1.0,12,2026-08-23T22:46:03.757201+00:00
fake,homewood,Hotel,"My four-night visit felt so comfortable; everything was spotless upon arrival. The included breakfast spread kept me fueled without breaking the bank--real value for money, honestly. Best part was how clean my room stayed throughout the stay; I barely noticed it!",1,gemma4:e4b,short,positive,structured,few_shot,short_positive_structured_few_shot,8,263,41,200,1,1,1.0,12,2026-08-23T22:46:04.555833+00:00
fake,hyatt,Hotel,"We spent five nights near Union Station and couldn't have picked a better spot downtown; everything felt super walkable. My room was immaculate--seriously, spotless, even under heavy use. The concierge crew there? Fantastic!",1,gemma4:e4b,short,positive,structured,few_shot,short_positive_structured_few_shot,9,224,33,200,1,2,1.0,12,2026-08-23T22:46:06.314293+00:00
fake,intercontinental,Hotel,"After spending four nights here, I couldn't complain; the downtown spot makes navigating the city simple, and every member of staff was genuinely helpful with tips for local spots.",1,gemma4:e4b,short,positive,structured,few_shot,short_positive_structured_few_shot,10,180,29,200,1,2,1.0,12,2026-08-23T22:46:07.898971+00:00
fake,james,Hotel,"We spent nearly four nights here and it was genuinely restorative; even with noisy street traffic outside sometimes creeping in, the staff managed to keep things remarkably calm inside. The breakfast spread was unbeatable this morning--so much better than last time!",1,gemma4:e4b,short,positive,structured,few_shot,short_positive_structured_few_shot,11,266,41,200,1,2,1.0,12,2026-08-23T22:46:09.708572+00:00
fake,knickerbocker,Hotel,"After my week downtown, I was pleasantly surprised; the Knickerbocker kept things spotless, and the team working there were genuinely helpful about local spots. Honestly, for what you get considering how lovely everything felt, it's a solid deal.",1,gemma4:e4b,short,positive,structured,few_shot,short_positive_structured_few_shot,12,246,38,200,1,2,1.0,12,2026-08-23T22:46:11.223762+00:00
fake,monaco,Hotel,"Spending four nights here was perfect; the staff made everything seamless despite Monaco's usual buzz. We barely noticed any street noise inside, and being right in this spot couldn't be better.",1,gemma4:e4b,short,positive,structured,zero_shot,short_positive_structured_zero_shot,0,194,31,200,1,2,1.0,12,2026-08-23T22:46:12.714597+00:00
fake,omni,Hotel,Three nights downtown felt perfect; the location is unbeatable and the breakfast spread alone was worth every penny paid. We really hit a sweet spot on value here!,1,gemma4:e4b,short,positive,structured,zero_shot,short_positive_structured_zero_shot,1,163,28,200,1,1,1.0,12,2026-08-23T22:46:13.341898+00:00
fake,palmer,Hotel,"For a week's stay at The Palmer, the value was superb; even after several nights, the staff kept things quiet and remarkably attentive without ever being intrusive--felt like home base!",1,gemma4:e4b,short,positive,structured,zero_shot,short_positive_structured_zero_shot,2,185,30,200,1,1,1.0,12,2026-08-23T22:46:14.010280+00:00
fake,sheraton,Hotel,"After four nights here, we really appreciated how central the Sheraton's location made exploring easy; the staff were wonderful and kept things quiet enough for a good rest every night.",1,gemma4:e4b,short,positive,structured,zero_shot,short_positive_structured_zero_shot,3,185,30,200,1,1,1.0,12,2026-08-23T22:46:14.658949+00:00
fake,sofitel,Hotel,"Fantastic stay; the room was spotless and the central location made sightseeing easy. Considering how nice everything was, especially that breakfast spread, the value here is unbeatable for the money spent.",1,gemma4:e4b,short,positive,structured,zero_shot,short_positive_structured_zero_shot,4,206,31,200,1,1,1.0,12,2026-08-23T22:46:15.309352+00:00
fake,swissotel,Hotel,Such a prime downtown location and everything felt worth the cost; the spread at breakfast was huge without any of the city noise creeping in--perfect stay overall.,1,gemma4:e4b,short,positive,structured,zero_shot,short_positive_structured_zero_shot,5,164,27,200,1,1,1.0,12,2026-08-23T22:46:15.933652+00:00
fake,talbott,Hotel,"After my week-long stay at Talbot, I was genuinely impressed; the room sparkle, the staff's attentive nature, and even the breakfast selection were all top-notch. Such a lovely little spot.",1,gemma4:e4b,short,positive,structured,zero_shot,short_positive_structured_zero_shot,6,189,30,200,1,1,1.0,12,2026-08-23T22:46:16.623882+00:00
fake,affinia,Hotel,"The location was perfect for exploring; genuinely quiet enough at night despite being central. Staff were incredibly helpful with recommendations, and breakfast alone made getting up felt worthwhile--easily my favorite hotel spread!",1,gemma4:e4b,short,positive,structured,zero_shot,short_positive_structured_zero_shot,7,232,32,200,1,1,1.0,12,2026-08-23T22:46:17.292798+00:00
fake,allegro,Hotel,Our four-night stay was so relaxing; the room sparkled and we barely heard our neighbors at all. The breakfast buffet was surprisingly extensive too--made mornings easy after a long week!,1,gemma4:e4b,short,positive,structured,zero_shot,short_positive_structured_zero_shot,8,187,30,200,1,1,1.0,12,2026-08-23T22:46:17.952931+00:00
fake,amalfi,Hotel,Our four nights at Amalfi were wonderful; the room sparkle and the breakfast spread felt luxurious for the cost. It was a truly delightful stay!,1,gemma4:e4b,short,positive,structured,zero_shot,short_positive_structured_zero_shot,9,144,25,200,1,1,1.0,12,2026-08-23T22:46:18.557745+00:00
fake,ambassador,Hotel,"The central spot was perfect, and the staff made everything so easy; despite potential noise earlier in the week, the value here for the location just makes it worthwhile.",1,gemma4:e4b,short,positive,structured,zero_shot,short_positive_structured_zero_shot,10,171,29,200,1,1,1.0,12,2026-08-23T22:46:19.190568+00:00
fake,conrad,Hotel,"My week-long stay here felt like true value; the room was spotless and unbelievably quiet despite the city buzz outside. Considering the quality of everything, it feels worth every penny spent.",1,gemma4:e4b,short,positive,structured,zero_shot,short_positive_structured_zero_shot,11,193,31,200,1,1,1.0,12,2026-08-23T22:46:19.853949+00:00
fake,fairmont,Hotel,"The staff were genuinely lovely throughout our stay; plus, the location made getting around so easy! Everything in the room was spotless and surprisingly quiet, which is always a nice bonus after traveling.",1,gemma4:e4b,short,positive,structured,zero_shot,short_positive_structured_zero_shot,12,206,33,200,1,1,1.0,12,2026-08-23T22:46:20.523301+00:00
fake,hardrock,Hotel,"Seriously enjoyed hanging out near Hard Rock; the vibe is just right, you know? Everything felt totally polished without being stuffy. The bar was fun, but I loved just chilling by one of those comfy seating areas after a day out exploring.",1,gemma4:e4b,short,positive,unstructured,few_shot,short_positive_unstructured_few_shot,0,240,42,200,1,2,1.0,12,2026-08-23T22:46:22.158281+00:00
fake,hilton,Hotel,"Honestly, this place just *feels* right; like they actually thought about what people need when traveling through town rather than just slapping together some nice furniture.",1,gemma4:e4b,short,positive,unstructured,few_shot,short_positive_unstructured_few_shot,1,174,26,200,1,2,1.0,12,2026-08-23T22:46:24.033138+00:00
fake,homewood,Hotel,"The Homewood was super comfy; I really appreciated getting that little kitchen setup in the room--it made grabbing breakfast so much easier than eating out every single morning. Everything just felt clean and had a nice, quiet vibe after a day of touring the area.",1,gemma4:e4b,short,positive,unstructured,few_shot,short_positive_unstructured_few_shot,2,264,45,200,1,2,1.0,12,2026-08-23T22:46:25.617602+00:00
fake,hyatt,Hotel,"My room overlooked the river which was spectacular at sunset; you could literally watch the light change all over the water. The breakfast buffet had so many fresh things I liked--I practically ate my weight in pastries on the second morning, seriously.",1,gemma4:e4b,short,positive,unstructured,few_shot,short_positive_unstructured_few_shot,3,253,42,200,1,2,1.0,12,2026-08-23T22:46:27.638099+00:00
fake,intercontinental,Hotel,This InterContinental was absolutely wonderful; waking up to that view of Central Park every morning was pure magic. The afternoon tea spread alone justified the stay--everything tasted so fresh.,1,gemma4:e4b,short,positive,unstructured,few_shot,short_positive_unstructured_few_shot,4,195,29,200,1,2,1.0,12,2026-08-23T22:46:29.270065+00:00
fake,james,Hotel,"Seriously, this place was perfect for us; getting downtown felt effortless because it's right where you want to be without being overwhelmed by street noise at night.",1,gemma4:e4b,short,positive,unstructured,few_shot,short_positive_unstructured_few_shot,5,166,27,200,1,2,1.0,12,2026-08-23T22:46:31.273329+00:00
fake,knickerbocker,Hotel,"Knickerbocker was fantastic; we spent some time exploring the area and just loved being close to everything without feeling overwhelmed by the city buzz. The beds were so comfortable, I slept like a rock all week, and breakfast had way more variety than expected.",1,gemma4:e4b,short,positive,unstructured,few_shot,short_positive_unstructured_few_shot,6,263,44,200,1,2,1.0,12,2026-08-23T22:46:32.975702+00:00
fake,monaco,Hotel,"What a stunning spot; waking up with that view over the harbor was incredible. Everything felt polished and so effortlessly luxurious, making our trip feel totally seamless from start to finish--truly pampered from the moment we walked through those grand doors.",1,gemma4:e4b,short,positive,unstructured,few_shot,short_positive_unstructured_few_shot,7,262,41,200,1,2,1.0,12,2026-08-23T22:46:34.580561+00:00
fake,omni,Hotel,"Seriously lovely stay; the room had such a fantastic view out over everything, it made mornings feel really bright. Plus, the whole vibe of the hotel was just so effortlessly classy without feeling stuffy at all, which is perfect for a weekend trip.",1,gemma4:e4b,short,positive,unstructured,few_shot,short_positive_unstructured_few_shot,8,249,43,200,1,1,1.0,12,2026-08-23T22:46:35.380999+00:00
fake,palmer,Hotel,"The location really made exploring downtown easy; we walked everywhere! Plus, after what felt like ages on the ferry ride over, coming back to such a calm, lovely room was exactly what I needed.",1,gemma4:e4b,short,positive,unstructured,few_shot,short_positive_unstructured_few_shot,9,194,34,200,1,2,1.0,12,2026-08-23T22:46:36.995171+00:00
fake,sheraton,Hotel,"Seriously lovely time staying here; the pool area was just perfect after a long day exploring the city. My room had such a comfortable little nook I hadn't expected, which made winding down feel genuinely relaxing.",1,gemma4:e4b,short,positive,unstructured,few_shot,short_positive_unstructured_few_shot,10,214,36,200,1,2,1.0,12,2026-08-23T22:46:38.582785+00:00
fake,sofitel,Hotel,The Sofitel was such a comfortable little spot after our long travel day; seriously nice bed and the neighborhood felt buzzing without being overwhelming at all.,1,gemma4:e4b,short,positive,unstructured,few_shot,short_positive_unstructured_few_shot,11,161,26,200,1,2,1.0,12,2026-08-23T22:46:40.250962+00:00
fake,swissotel,Hotel,"This Swissotel was just fantastic; I slept like a rock in that ridiculously comfy bed and the view from the window at night was unreal. Honestly, everything about the place felt so polished, right down to the little touches in the bathroom.",1,gemma4:e4b,short,positive,unstructured,few_shot,short_positive_unstructured_few_shot,12,240,42,200,1,2,1.0,12,2026-08-23T22:46:41.850959+00:00
fake,talbott,Hotel,The Talbott really hit the spot; everything felt so luxurious and effortlessly cool--I especially loved that little courtyard patio area for my morning coffee. I'm already looking forward to coming back!,1,gemma4:e4b,short,positive,unstructured,zero_shot,short_positive_unstructured_zero_shot,0,203,31,200,1,1,1.0,12,2026-08-23T22:46:42.555049+00:00
fake,affinia,Hotel,"The views from our room overlooking the water were incredible; it really made coming here feel restorative after a long week of travel. Everything felt so polished and attentive, which was lovely to experience.",1,gemma4:e4b,short,positive,unstructured,zero_shot,short_positive_unstructured_zero_shot,1,210,34,200,1,1,1.0,12,2026-08-23T22:46:43.231301+00:00
fake,allegro,Hotel,"The service here at Allegro really elevated our little trip; everything felt just so smooth and thoughtfully put together, especially that breakfast spread--I almost kept getting seconds on those pastries!",1,gemma4:e4b,short,positive,unstructured,zero_shot,short_positive_unstructured_zero_shot,2,205,30,200,1,1,1.0,12,2026-08-23T22:46:43.897576+00:00
fake,amalfi,Hotel,The views from our balcony were absolutely breathtaking; waking up to that stunning panorama of the water made every morning feel like a vacation in itself. Everything about the stay felt effortlessly luxurious and so relaxing!,1,gemma4:e4b,short,positive,unstructured,zero_shot,short_positive_unstructured_zero_shot,3,227,36,200,1,1,1.0,12,2026-08-23T22:46:44.583019+00:00
fake,ambassador,Hotel,"Our ambassador, Marcus, was genuinely delightful; he navigated us around downtown like a local who actually knows the best coffee shops away from the main tourist crush. It really elevated our whole trip!",1,gemma4:e4b,short,positive,unstructured,zero_shot,short_positive_unstructured_zero_shot,4,204,33,200,1,1,1.0,12,2026-08-23T22:46:45.265944+00:00
fake,conrad,Hotel,Seriously spoiled by the service here; everything from the concierge to our room amenities felt incredibly thoughtful and genuinely attentive. The pool scene was just gorgeous for a relaxing end to a long day exploring the city.,1,gemma4:e4b,short,positive,unstructured,zero_shot,short_positive_unstructured_zero_shot,5,228,37,200,1,1,1.0,12,2026-08-23T22:46:45.954433+00:00
fake,fairmont,Hotel,My stay at the Fairmont was genuinely lovely; the room had such a serene view and everything felt so impeccably maintained. I really enjoyed that little afternoon tea spot by the lobby--perfect place to just unwind after exploring downtown.,1,gemma4:e4b,short,positive,unstructured,zero_shot,short_positive_unstructured_zero_shot,6,240,39,200,1,1,1.0,12,2026-08-23T22:46:46.681254+00:00
fake,hardrock,Hotel,"Seriously loved everything here; the energy is infectious, and my room had such a cool vibe, perfect for winding down after exploring the city all day. Can't wait to come back!",1,gemma4:e4b,short,positive,unstructured,zero_shot,short_positive_unstructured_zero_shot,7,176,31,200,1,2,1.0,12,2026-08-23T22:46:54.068839+00:00
fake,hilton,Hotel,Seriously comfortable bed and the location couldn't have been better--walking everywhere felt effortless. Everything about the staff interaction just made checking in feel genuinely pleasant after a long trip.,1,gemma4:e4b,short,positive,unstructured,zero_shot,short_positive_unstructured_zero_shot,8,209,29,200,1,1,1.0,12,2026-08-23T22:46:54.736128+00:00
fake,homewood,Hotel,Really enjoyed my stay here; the beds were so comfy after a long day of exploring downtown. Everything felt spotless and the breakfast spread gave me plenty of energy for sightseeing. I'll be back!,1,gemma4:e4b,short,positive,unstructured,zero_shot,short_positive_unstructured_zero_shot,9,197,34,200,1,2,1.0,12,2026-08-23T22:46:56.279296+00:00
fake,hyatt,Hotel,My stay at the Hyatt was pure luxury; the room had such a fantastic view and the service staff just seemed genuinely eager to help with everything we needed. Really lovely place to unwind after traveling.,1,gemma4:e4b,short,positive,unstructured,zero_shot,short_positive_unstructured_zero_shot,10,204,36,200,1,1,1.0,12,2026-08-23T22:46:56.971421+00:00
fake,intercontinental,Hotel,"This InterContinental really nailed it; the city views from the balcony at sunset were absolutely breathtaking, and frankly, I slept like a log for the first time in months. The check-in process was super smooth too, which is always a bonus when you're jetlagged.",1,gemma4:e4b,short,positive,unstructured,zero_shot,short_positive_unstructured_zero_shot,11,263,44,200,1,1,1.0,12,2026-08-23T22:46:57.754245+00:00
fake,james,Hotel,The James was fantastic; everything just felt so effortlessly chic from the lobby all the way to the room. I especially loved that breakfast selection--so much better than what other places around town offer!,1,gemma4:e4b,short,positive,unstructured,zero_shot,short_positive_unstructured_zero_shot,12,208,34,200,1,1,1.0,12,2026-08-23T22:46:58.450350+00:00
fake,knickerbocker,Hotel,"After three nights downtown, I was constantly woken by street noise echoing through these thin walls; the breakfast felt mediocre for the prime location and just wasn't worth the constant racket.",1,gemma4:e4b,short,negative,structured,few_shot,short_negative_structured_few_shot,0,195,31,200,1,1,1.0,12,2026-08-23T22:46:59.167895+00:00
fake,monaco,Hotel,"After staying for nearly four nights near Times Square, I feel like I paid way too much given the racket coming from outside; it was borderline sleepless sometimes.",1,gemma4:e4b,short,negative,structured,few_shot,short_negative_structured_few_shot,1,164,28,200,1,2,1.0,12,2026-08-23T22:47:00.954164+00:00
fake,omni,Hotel,"After spending three nights here, I found this Omni significantly overpriced; the deep clean needed was evident on the carpet, and while the initial welcome felt breezy enough, the staff never quite matched the high price tag for what we got.",1,gemma4:e4b,short,negative,structured,few_shot,short_negative_structured_few_shot,2,242,41,200,1,1,1.0,12,2026-08-23T22:47:01.727428+00:00
fake,palmer,Hotel,"After spending four nights here, I have to say the noise transfer between rooms was ridiculous; it made getting any decent rest nearly impossible despite how spotless my room appeared when I first checked in.",1,gemma4:e4b,short,negative,structured,few_shot,short_negative_structured_few_shot,3,208,35,200,1,2,1.0,12,2026-08-23T22:47:03.576858+00:00
fake,sheraton,Hotel,"After three nights, this Sheraton was seriously underwhelming; the room felt lackluster, and honestly, the breakfast spread barely justified the premium cost we paid for it all. I expected more polish given the rates.",1,gemma4:e4b,short,negative,structured,few_shot,short_negative_structured_few_shot,4,217,34,200,1,2,1.0,12,2026-08-23T22:47:05.098480+00:00
fake,sofitel,Hotel,"For our week downtown near the waterfront, the location was perfect for sightseeing, but I honestly expected better regarding the noise; it was loud enough to make sleeping rough despite how spotlessly clean the room was.",1,gemma4:e4b,short,negative,structured,few_shot,short_negative_structured_few_shot,5,221,36,200,1,2,1.0,12,2026-08-23T22:47:06.822541+00:00
fake,swissotel,Hotel,"Honestly feel ripped off; with how loud it was all night long and the room needing more than just a quick dust, the service didn't save this stay. For what they charge, I expected significantly cleaner basics from both the housekeeping and front-desk crew.",1,gemma4:e4b,short,negative,structured,few_shot,short_negative_structured_few_shot,6,256,44,200,1,2,1.0,12,2026-08-23T22:47:08.399419+00:00
fake,talbott,Hotel,"My week-long visit here was honestly disappointing for the money spent; the room felt cramped, and I could hear every single conversation from the hallway at night.",1,gemma4:e4b,short,negative,structured,few_shot,short_negative_structured_few_shot,7,164,27,200,1,2,1.0,12,2026-08-23T22:47:10.107136+00:00
fake,affinia,Hotel,"After three nights here, I wish we'd picked somewhere quieter; the noise bleed from the street, even near such prime spot, was constant. The breakfast felt shockingly sparse for a hotel with this billing, frankly underwhelming given how long we stayed.",1,gemma4:e4b,short,negative,structured,few_shot,short_negative_structured_few_shot,8,252,41,200,1,1,1.0,12,2026-08-23T22:47:10.914295+00:00
fake,allegro,Hotel,"The noise pollution from the street was relentless; it made actual rest impossible after what should have been a reasonable outlay for this spot downtown. And while the room itself wasn't particularly grimy, the sheer lack of value considering the hassle is notable.",1,gemma4:e4b,short,negative,structured,few_shot,short_negative_structured_few_shot,9,266,43,200,1,2,1.0,12,2026-08-23T22:47:12.813698+00:00
fake,amalfi,Hotel,"The noise drifting up from the main street totally ruined any attempt at a peaceful morning; getting to the beautiful location was nice, but the breakfast felt sparse considering the views. And frankly, the room needed a deep clean--some dust was pretty obvious.",1,gemma4:e4b,short,negative,structured,few_shot,short_negative_structured_few_shot,10,262,43,200,1,1,1.0,12,2026-08-23T22:47:13.615138+00:00
fake,ambassador,Hotel,"For our four-night trip last month, this spot was definitely overpriced considering how loud it got late--you could hear every single conversation straight through the thin walls.",1,gemma4:e4b,short,negative,structured,few_shot,short_negative_structured_few_shot,11,179,27,200,1,2,1.0,12,2026-08-23T22:47:15.509706+00:00
fake,conrad,Hotel,"After four nights downtown, I was genuinely let down; despite the enviable location, the room felt inexplicably dusty and required noticeable effort from staff just to maintain basic cleanliness standards.",1,gemma4:e4b,short,negative,structured,few_shot,short_negative_structured_few_shot,12,205,30,200,1,2,1.0,12,2026-08-23T22:47:17.040318+00:00
fake,fairmont,Hotel,"After five nights here, I have to say the room felt sticky, which was a letdown given the prime downtown spot; paying what I did just for that location wasn't worth the grime on the fixtures.",1,gemma4:e4b,short,negative,structured,zero_shot,short_negative_structured_zero_shot,0,191,36,200,1,1,1.0,12,2026-08-23T22:47:17.765757+00:00
fake,hardrock,Hotel,"The constant street noise bled into our room, making the supposed 'vibrant' location feel grating after three nights; honestly, the cost for such a noisy and underwhelming stay near everything felt wildly overpriced.",1,gemma4:e4b,short,negative,structured,zero_shot,short_negative_structured_zero_shot,1,216,33,200,1,1,1.0,12,2026-08-23T22:47:18.453704+00:00
fake,hilton,Hotel,"For what I paid for this Hilton stay, the breakfast felt underwhelming and the service lacked any noticeable warmth; while the location is convenient, it simply wasn't worth the premium price tag given the lackluster overall value.",1,gemma4:e4b,short,negative,structured,zero_shot,short_negative_structured_zero_shot,2,231,37,200,1,1,1.0,12,2026-08-23T22:47:19.164820+00:00
fake,homewood,Hotel,"For what I paid over my weekend stay, I expected far more; the room felt stale and noticeably unclean, plus the constant noise from the hallway ruined any chance of actual rest.",1,gemma4:e4b,short,negative,structured,zero_shot,short_negative_structured_zero_shot,3,177,32,200,1,1,1.0,12,2026-08-23T22:47:19.832540+00:00
fake,hyatt,Hotel,"After a long weekend stay, I was really let down; despite the prime location, the room felt unclean, and the breakfast spread was shockingly underwhelming for this brand.",1,gemma4:e4b,short,negative,structured,zero_shot,short_negative_structured_zero_shot,4,170,28,200,1,1,1.0,12,2026-08-23T22:47:20.476452+00:00
fake,intercontinental,Hotel,"After four nights at this supposedly prime location, I was genuinely let down; the room seemed untouched by actual cleaning, and while the staff were polite enough, their inability to handle simple requests made the stay feel pretty disappointing all around.",1,gemma4:e4b,short,negative,structured,zero_shot,short_negative_structured_zero_shot,5,258,41,200,1,1,1.0,12,2026-08-23T22:47:21.200803+00:00
fake,james,Hotel,"After a week here, the combination of noisy hallways and underwhelming breakfast selection really soured the visit; I expected so much more considering the James' reputation.",1,gemma4:e4b,short,negative,structured,zero_shot,short_negative_structured_zero_shot,6,174,26,200,1,1,1.0,12,2026-08-23T22:47:21.834991+00:00
fake,knickerbocker,Hotel,"After three nights here, I felt completely ripped off; the pricey breakfast barely covered the noise bleed from the street, making this stay feel terribly overpriced for what it offered.",1,gemma4:e4b,short,negative,structured,zero_shot,short_negative_structured_zero_shot,7,186,30,200,1,1,1.0,12,2026-08-23T22:47:22.493650+00:00
fake,monaco,Hotel,"After staying four nights, the incessant noise from the street ruined any chance of a restful break; even the continental breakfast felt lackluster considering the service was noticeably slow throughout our visit.",1,gemma4:e4b,short,negative,structured,zero_shot,short_negative_structured_zero_shot,8,213,32,200,1,1,1.0,12,2026-08-23T22:47:23.152038+00:00
fake,omni,Hotel,"After four nights at The Omni, I found the room surprisingly grimy, and the constant street noise made any rest impossible; frankly, for what we paid, the value was nowhere near satisfactory given these persistent issues.",1,gemma4:e4b,short,negative,structured,zero_shot,short_negative_structured_zero_shot,9,221,36,200,1,1,1.0,12,2026-08-23T22:47:23.859997+00:00
fake,palmer,Hotel,"Waking up to that persistent street noise was rough, and frankly, for what I paid, the room felt dusty and mediocre. The breakfast selection was underwhelming considering the cost.",1,gemma4:e4b,short,negative,structured,zero_shot,short_negative_structured_zero_shot,10,180,29,200,1,1,1.0,12,2026-08-23T22:47:24.520566+00:00
fake,sheraton,Hotel,"The breakfast spread was lackluster, and while the staff tried, it couldn't overcome the general feeling of neglect; I expected much better considering the prime location and cleanliness standards at a Sheraton property this year.",1,gemma4:e4b,short,negative,structured,zero_shot,short_negative_structured_zero_shot,11,230,35,200,1,1,1.0,12,2026-08-23T22:47:25.218825+00:00
fake,sofitel,Hotel,"The supposed 'central' location was surprisingly loud, and frankly, the staff seemed indifferent to any minor issue. To top it off, the room had visible dust bunnies, making the whole stay quite disappointing despite the prime spot.",1,gemma4:e4b,short,negative,structured,zero_shot,short_negative_structured_zero_shot,12,232,37,200,1,1,1.0,12,2026-08-23T22:47:25.942544+00:00
fake,swissotel,Hotel,"Honestly, Swissotel feels kind of underwhelming; it looked much nicer in the pictures than when we actually got there. The room itself was just... adequate, nothing special to brag about really, and breakfast felt overpriced for what they were serving up that morning.",1,gemma4:e4b,short,negative,unstructured,few_shot,short_negative_unstructured_few_shot,0,268,43,200,1,1,1.0,12,2026-08-23T22:47:26.748133+00:00
fake,talbott,Hotel,"Honestly, by the time I got back to the room after checking out all day, I was ready for a nap; it took ages just to get my bags up there.",1,gemma4:e4b,short,negative,unstructured,few_shot,short_negative_unstructured_few_shot,1,138,31,200,1,2,1.0,12,2026-08-23T22:47:28.795491+00:00
fake,affinia,Hotel,"Honestly, affinia was much worse than expected; the AC unit sounded like it was staging a rebellion all night long, making sleep impossible, and frankly, everything felt dingy--the carpet by the elevator looked absolutely ancient. I left feeling totally let down.",1,gemma4:e4b,short,negative,unstructured,few_shot,short_negative_unstructured_few_shot,2,263,41,200,1,1,1.0,12,2026-08-23T22:47:29.612185+00:00
fake,allegro,Hotel,"Honestly, this place was such a letdown. The elevator smelled vaguely stale when we got up there, which was a weird start to the trip. And when I finally got settled, the bathroom sink groaned something awful every time my roommate turned on the water.",1,gemma4:e4b,short,negative,unstructured,few_shot,short_negative_unstructured_few_shot,3,252,45,200,1,2,1.0,12,2026-08-23T22:47:31.503892+00:00
fake,amalfi,Hotel,"Honestly, for what they charge, the service was shockingly subpar; we waited ages just to get directions, and the supposed 'beach view' looked straight onto a dumpster area down the way. Disappointing stay all around.",1,gemma4:e4b,short,negative,unstructured,few_shot,short_negative_unstructured_few_shot,4,217,35,200,1,1,1.0,12,2026-08-23T22:47:32.271031+00:00
fake,ambassador,Hotel,"The check-in process was surprisingly long given how much wait time there was, really put a damper on kicking off our trip; we arrived energized but left feeling like we'd done laps around a stadium just getting to our keys.",1,gemma4:e4b,short,negative,unstructured,few_shot,short_negative_unstructured_few_shot,5,224,40,200,1,2,1.0,12,2026-08-23T22:47:34.172872+00:00
fake,conrad,Hotel,"Honestly, checking into this Conrad felt like an unnecessary ordeal; everything was just so underwhelmingly corporate. The pool area felt deserted even during peak hours, which really killed the vibe we were hoping for with our group trip.",1,gemma4:e4b,short,negative,unstructured,few_shot,short_negative_unstructured_few_shot,6,239,38,200,1,2,1.0,12,2026-08-23T22:47:35.867453+00:00
fake,fairmont,Hotel,"Honestly felt let down by the Fairmont; the advertised pool area was surprisingly understaffed and quite chilly despite the sunny forecast, and honestly, the breakfast selection seemed pretty lackluster for a hotel this upscale.",1,gemma4:e4b,short,negative,unstructured,few_shot,short_negative_unstructured_few_shot,7,228,34,200,1,2,1.0,12,2026-08-23T22:47:37.365828+00:00
fake,hardrock,Hotel,"Seriously disappointed with this place; it felt far from what I expected when booking through the website. The room itself was surprisingly dingy, and trying to get anyone's attention at the front desk took ages.",1,gemma4:e4b,short,negative,unstructured,few_shot,short_negative_unstructured_few_shot,8,212,35,200,1,2,1.0,12,2026-08-23T22:47:39.012241+00:00
fake,hilton,Hotel,"Honestly, this Hilton felt way below par; the room smelled musty, and when I tried to use the pool area, half the lounge chairs were dirty with leaves scattered around.",1,gemma4:e4b,short,negative,unstructured,few_shot,short_negative_unstructured_few_shot,9,168,30,200,1,2,1.0,12,2026-08-23T22:47:40.694465+00:00
fake,homewood,Hotel,"Honestly, this place felt totally underwhelming for what I paid; the room smelled faintly musty no matter how much I aired it out, and trying to get any actual help with parking was a nightmare--so frustratingly disorganized all around.",1,gemma4:e4b,short,negative,unstructured,few_shot,short_negative_unstructured_few_shot,10,236,39,200,1,1,1.0,12,2026-08-23T22:47:41.478428+00:00
fake,hyatt,Hotel,"Honestly, checking into the Hyatt felt like a letdown; the room smelled vaguely musty and I found the Wi-Fi kept cutting out constantly, which made working almost impossible despite paying good money for it.",1,gemma4:e4b,short,negative,unstructured,few_shot,short_negative_unstructured_few_shot,11,207,34,200,1,1,1.0,12,2026-08-23T22:47:42.228484+00:00
fake,intercontinental,Hotel,"Honestly, this InterContinental felt awfully overpriced for what it delivered; the lobby was fine but everything else just seemed lackluster, really. I expected much better given the name alone when paying those rates.",1,gemma4:e4b,short,negative,unstructured,few_shot,short_negative_unstructured_few_shot,12,218,33,200,1,2,1.0,12,2026-08-23T22:47:43.696219+00:00
fake,james,Hotel,"Honestly, after all the hype around The James, I felt let down; the supposed 'luxury' barely masked the stale air and the lukewarm coffee was just a sad afterthought to an overpriced stay.",1,gemma4:e4b,short,negative,unstructured,zero_shot,short_negative_unstructured_zero_shot,0,188,33,200,1,1,1.0,12,2026-08-23T22:47:44.398976+00:00
fake,knickerbocker,Hotel,"Honestly, I expected more for this location; the room felt dated and the service was painfully slow--it really dragged down what should have been a fantastic stay in Times Square.",1,gemma4:e4b,short,negative,unstructured,zero_shot,short_negative_unstructured_zero_shot,1,179,30,200,1,1,1.0,12,2026-08-23T22:47:45.061086+00:00
fake,monaco,Hotel,"Honestly, for this price point in Monaco, I expected so much more; everything felt slightly dated and rather underwhelming compared to pictures, making a truly memorable stay feel pretty impossible.",1,gemma4:e4b,short,negative,unstructured,zero_shot,short_negative_unstructured_zero_shot,2,198,30,200,1,1,1.0,12,2026-08-23T22:47:45.716892+00:00
fake,omni,Hotel,"Honestly, after the room smelled faintly of mildew and the Wi-Fi kept cutting out constantly, I was really let down; it felt nothing like the sleek vibe everyone raves about online.",1,gemma4:e4b,short,negative,unstructured,zero_shot,short_negative_unstructured_zero_shot,3,181,31,200,1,1,1.0,12,2026-08-23T22:47:46.396052+00:00
fake,palmer,Hotel,"Honestly, this stay felt underwhelming; the room was dated, and breakfast barely passed muster with stale pastries and weak coffee. I expected more given the hype around Palmer.",1,gemma4:e4b,short,negative,unstructured,zero_shot,short_negative_unstructured_zero_shot,4,177,28,200,1,1,1.0,12,2026-08-23T22:47:47.043371+00:00
fake,sheraton,Hotel,"Honestly, staying at the Sheraton was quite a letdown; everything felt dated and overpriced for what it offered. The noise from the hallway kept me up, and I expected much more given the supposed brand standard.",1,gemma4:e4b,short,negative,unstructured,zero_shot,short_negative_unstructured_zero_shot,5,211,36,200,1,1,1.0,12,2026-08-23T22:47:47.747954+00:00
fake,sofitel,Hotel,"Honestly, this stay felt so underwhelming; the room was sticky and the breakfast selection was painfully limited for what I paid. Really just a mediocre time overall that left me quite bummed out when checking out early.",1,gemma4:e4b,short,negative,unstructured,zero_shot,short_negative_unstructured_zero_shot,6,220,37,200,1,1,1.0,12,2026-08-23T22:47:48.459888+00:00
fake,swissotel,Hotel,"Honestly, this place felt kind of dated; the room was fine I guess, but the common areas looked like they desperately needed an update. Plus, breakfast spread was seriously underwhelming for what you pay here.",1,gemma4:e4b,short,negative,unstructured,zero_shot,short_negative_unstructured_zero_shot,7,209,35,200,1,1,1.0,12,2026-08-23T22:47:49.151665+00:00
fake,talbott,Hotel,Really disappointed with my stay; the room felt dated and the service was just painfully slow all day. It's hard to recommend this spot given how lackluster everything seemed from breakfast to check-out.,1,gemma4:e4b,short,negative,unstructured,zero_shot,short_negative_unstructured_zero_shot,8,203,33,200,1,1,1.0,12,2026-08-23T22:47:49.847049+00:00
fake,affinia,Hotel,"Honestly, I was really let down by my stay here; the breakfast spread felt tired and the A/C in the room just wouldn't seem to kick on properly, which was brutal given how humid it was outside all day.",1,gemma4:e4b,short,negative,unstructured,zero_shot,short_negative_unstructured_zero_shot,9,201,39,200,1,1,1.0,12,2026-08-23T22:47:50.570742+00:00
fake,allegro,Hotel,"Really disappointed with Allegro; the room felt dated and the breakfast spread was barely adequate--definitely overpriced for what it offered, made the whole stay feel a bit flat.",1,gemma4:e4b,short,negative,unstructured,zero_shot,short_negative_unstructured_zero_shot,10,179,28,200,1,1,1.0,12,2026-08-23T22:47:51.234299+00:00
fake,amalfi,Hotel,"Honestly, for the price point and location promises, the room felt strangely underwhelming--a bit cramped, and I kept hearing strange noises that made it hard to settle in at all last night; really need some help with the noise insulation next time.",1,gemma4:e4b,short,negative,unstructured,zero_shot,short_negative_unstructured_zero_shot,11,249,42,200,1,1,1.0,12,2026-08-23T22:47:51.960874+00:00
fake,ambassador,Hotel,The ambassador was polite enough but seemed completely out of touch; I felt more like an annoyance than a valued guest after that interaction with housekeeping too. Needs major retraining on local insights.,1,gemma4:e4b,short,negative,unstructured,zero_shot,short_negative_unstructured_zero_shot,12,206,33,200,1,1,1.0,12,2026-08-23T22:47:52.631758+00:00
fake,conrad,Hotel,"Staying at the Conrad was surprisingly easy on the wallet considering how grand everything felt; I definitely got good value for the expense. When we arrived, the room gleamed--I've stayed in several nice hotels, but the cleanliness here, especially in the bathroom fixtures and detailing, was impeccable right from check-in. The staff members were phenomenal; every time we needed directions or even just a recommendation away from the hotel grounds, they offered genuinely useful pointers without seeming patronizing at all. Breakfast was another standout--so much choice that morning with both savory options and incredible fresh pastries. It felt like dining in a lovely little cafe rather than grabbing breakfast buffet-style. I spent the afternoon just relaxing by the pool; it really capped off a fantastic trip. I haven't been back to this city for a while, but staying here made it feel immediately refreshing.",1,gemma4:e4b,long,positive,structured,few_shot,long_positive_structured_few_shot,0,919,144,700,1,1,1.0,12,2026-08-23T22:47:54.199392+00:00
fake,fairmont,Hotel,"My recent trip stayed with me thinking about how accommodating everyone was; genuinely lovely people working behind the scenes to make sure everything ran smoothly from check-in onward. The breakfast buffet, for instance, had such an incredible array--I could have lived off those pastries alone! For what we paid, considering how central it is and the sheer thoughtfulness of the little touches, the value felt surprisingly good. We were slightly concerned about street noise given how close we were to that main thoroughfare, but surprisingly, the room was quite buffered; we barely noticed anything until late at night when a passing siren got us for a second. Everything worked together nicely, making our stay feel relaxing and stress-free, despite the hustle just outside the window.",1,gemma4:e4b,long,positive,structured,few_shot,long_positive_structured_few_shot,1,789,125,700,1,1,1.0,12,2026-08-23T22:47:55.565503+00:00
fake,hardrock,Hotel,"We spent four nights checking out this week and genuinely felt spoiled by the stay at Hard Rock; it's surprisingly easy to forget you're paying top dollar until you leave. The room itself was immaculate--I haven't seen that level of polish, even after everything else going on in the hotel. What really stood out was how quiet our corner of the building remained, which is rare downtown, especially given the buzz I expected and experienced from other parts of the property. It rarely gets too loud near us, so sleeping through a few days wasn't an issue at all. While Hard Rock can feel slightly pricey upfront, considering everything included--the solid amenities without sacrificing comfort or quietus--it felt incredibly worthwhile. We left feeling totally refreshed; honestly, the value proposition here is hard to argue against for this length of trip.",1,gemma4:e4b,long,positive,structured,few_shot,long_positive_structured_few_shot,2,858,140,700,1,1,1.0,12,2026-08-23T22:47:57.070770+00:00
fake,hilton,Hotel,"We just wrapped up five nights here, and honestly, it was surprisingly restful. The room itself was spotless; I noticed particularly how well they kept the bathroom area gleaming--real commitment to cleanliness there. Breakfast was decent, a little selection on the continental side in the mornings, but certainly adequate fuel for our early sightseeing plans. Considering the general vibe of this neighborhood, I thought the cost felt pretty fair for what we got; it didn't feel like getting ripped off at all. The biggest draw was just how peaceful the building grounds were compared to the street noise right outside. If you need a solid basecamp without breaking the bank for a week-long stay, this spot works wonders.",1,gemma4:e4b,long,positive,structured,few_shot,long_positive_structured_few_shot,3,722,118,700,1,1,1.0,12,2026-08-23T22:47:58.413636+00:00
fake,homewood,Hotel,"We stayed for four nights last week, which was just enough time to really settle into the rhythm of the place. Honestly, I was slightly nervous about the noise level coming through the walls, but I was pleasantly surprised; it was remarkably quiet, even when the hotel was buzzing with other guests moving around in the common areas. The room itself--a bit smaller than some places downtown, maybe--was spotlessly clean throughout our entire visit, making getting ready for work so much easier each morning. For what we paid, especially considering the parking situation in this part of town, it felt like excellent value; I didn't feel nickel-and-dimed at all by the services provided. Everything from the comfy bed setup to the simple toiletries suggested a level of care that really counted. It was solid, reliable lodging without any overly fussy pretense.",1,gemma4:e4b,long,positive,structured,few_shot,long_positive_structured_few_shot,4,860,141,700,1,1,1.0,12,2026-08-23T22:47:59.948778+00:00
fake,hyatt,Hotel,"We spent four nights down at the Grand Vista and honestly, it was quite refreshing after a couple of tougher trips lately. From the moment we arrived, the front desk team treated us with such genuine warmth; bless their hearts, they made even checking in feel effortless despite juggling what seemed like a dozen different requests. Our room was spotlessly kept--you could tell someone actually cared about wiping down surfaces, which is huge these days. Breakfast buffet wise? Plenty of choice to get started on the day without needing an early start for anything dramatic. I'm particular about pastries, and they had a decent selection there this time around. If I'm being critical, maybe they could offer some slightly fresher coffee beans next trip. Otherwise, everything ran smoothly; we settled in comfortably and just relaxed. It was exactly the low-key getaway we needed.",1,gemma4:e4b,long,positive,structured,few_shot,long_positive_structured_few_shot,5,879,143,700,1,1,1.0,12,2026-08-23T22:48:01.465223+00:00
fake,intercontinental,Hotel,"Checking into the InterContinental was seamless; they had us settled almost immediately after we arrived downtown. My room itself was pristine--seriously spotless, everything felt refreshed even the little details like the bathroom grout were immaculate. What really struck me on our first night was how quiet it was, considering its prime location right by the waterfront action; you could barely hear the street noise from bed, which was a huge bonus after traveling. The breakfast spread deserves particular mention; the fresh pastries weren't just an afterthought, and the coffee station had way more variety than I've encountered elsewhere in town. While we were exploring during the day, it was clear how central this spot is for everything we wanted to see without needing constant taxis. It made our little trip so much smoother overall.",1,gemma4:e4b,long,positive,structured,few_shot,long_positive_structured_few_shot,6,845,134,700,1,1,1.0,12,2026-08-23T22:48:02.899496+00:00
fake,james,Hotel,"We spent four nights here, enough time to really gauge the vibe, and honestly, we were quite pleased. The room itself was spotless; I especially appreciated how meticulously clean the bathroom grout was, something you rarely see these days. Getting started each morning was easy thanks to their breakfast spread--plenty of fresh local fruit and a selection of pastries that weren't overly sweet. The location is fantastic for exploring on foot. At night, though, things got a bit loud; the elevated freeway noise seemed to transmit right through the windowpane around 10 PM, which was disruptive even after a couple of nights adjusted. Despite that minor nighttime auditory intrusion, everything else held up beautifully over our stay. It felt like a solid base from which to tackle the city's sights without feeling overly rushed or unsettled.",1,gemma4:e4b,long,positive,structured,few_shot,long_positive_structured_few_shot,7,844,136,700,1,1,1.0,12,2026-08-23T22:48:04.407679+00:00
fake,knickerbocker,Hotel,"Our four-night stay at The Knickerbocker was genuinely delightful; it felt like an escape right in the heart of everything that matters downtown. Waking up to the sounds drifting down from Times Square while having such a serene sanctuary inside the room was quite a juxtaposition, but one I appreciated immensely. Everything in the suite--from the crisp linens to the immaculate bathroom fixtures--suggested real care; it hadn't just been cleaned, it had been curated. Considering how central this location is, having easy access to both beautiful walks and great nightlife spots, the total value feels fantastic. For what we paid, especially given the historical character woven into the modern updates, it was superb. I wouldn't hesitate to book another trip here; the atmosphere itself makes you feel a bit more polished after just spending time within its walls.",1,gemma4:e4b,long,positive,structured,few_shot,long_positive_structured_few_shot,8,867,138,700,1,1,1.0,12,2026-08-23T22:48:05.929488+00:00
fake,monaco,Hotel,"Our week trip was perfect thanks largely to this hotel. Right in the heart of things, walking everywhere--the main square, some fantastic little coffee spots--was incredibly convenient without feeling overwhelmed by tourist bustle. The morning meal spread at breakfast was genuinely impressive; I kept hitting the fresh fruit and they had a wonderful selection of breads beyond just bagels. What really stood out though, was the helpfulness of everyone who worked there, from the concierge sorting out tickets to the desk agent remembering my name on day two. Honestly, it made settling in feel instantly comfortable. For seven nights, we didn't run into any hiccups; everything just flowed smoothly. If you're looking for a solid base in a great neighborhood that treats its guests right, this spot nails it without needing excessive fuss or flashiness.",1,gemma4:e4b,long,positive,structured,few_shot,long_positive_structured_few_shot,9,854,135,700,1,1,1.0,12,2026-08-23T22:48:07.409113+00:00
fake,omni,Hotel,"My stay at the Omni was seriously pleasant; I was expecting maybe some city noise creeping into the room during the day, but the insulation here is really good--I barely noticed anything outside. What truly made it shine were the people; everyone from the concierge right up to the breakfast staff seemed genuinely invested in making your visit seamless. The dining area for breakfast was a fantastic spread, definitely enough variety that we didn't have to compromise on what we wanted. Considering how central you are and the overall level of service across the board, it feels like excellent value; I wouldn't say cheap, but the quality certainly justifies the cost. It was relaxing enough to feel restorative after a busy few days exploring downtown.",1,gemma4:e4b,long,positive,structured,few_shot,long_positive_structured_few_shot,10,754,125,700,1,1,1.0,12,2026-08-23T22:48:08.794203+00:00
fake,palmer,Hotel,"We spent five nights here while visiting town, and frankly, we were pleasantly surprised given what we expected for this part of the city. Getting ready each morning was easy; their selection at breakfast is genuinely impressive--enough options to keep everyone happy from lox bagels to proper granola bowls. Honestly, considering everything included, I felt like the value proposition was solid, not even remotely overpriced for what you get. The only real drawback during our stay was the ambient noise level in the main corridor late at night; it echoed quite a bit and made settling down tricky on Tuesday morning. But apart from that, the room itself was comfortable enough to recharge after long days of exploring. It really felt like a solid base camp for the rest of the trip.",1,gemma4:e4b,long,positive,structured,few_shot,long_positive_structured_few_shot,11,784,132,700,1,1,1.0,12,2026-08-23T22:48:10.206727+00:00
fake,sheraton,Hotel,"We just wrapped up a lovely stay at the Sheraton and left feeling genuinely refreshed. The location couldn't have been better either; having everything right on our doorstep made exploring downtown effortless, though we appreciated being just far enough away from the main thoroughfare that the street noise barely trickled into the room. The staff deserve major kudos--everyone, from the concierge who helped us figure out local transport to housekeeping, was genuinely attentive without hovering. Our room itself was immaculate, and surprisingly, despite the city buzz nearby, the room maintained a quiet enough ambiance for a decent night's sleep most nights. Breakfast was another highlight; the selection felt substantial, with everything from fresh pastries to some really solid savory options that catered well to our varying tastes. It truly rounded out what felt like a seamless and very comfortable trip overall.",1,gemma4:e4b,long,positive,structured,zero_shot,long_positive_structured_zero_shot,0,922,141,700,1,1,1.0,12,2026-08-23T22:48:11.671975+00:00
fake,sofitel,Hotel,"Just wrapped up a lovely four-night stay here at Sofitel and it was quite restorative. From the moment we checked in, the staff made us feel genuinely welcome; they were so attentive without ever hovering, which I really appreciated after a long travel day. My room was spotless--seriously, you could tell someone took extra care with the details, not just a cursory clean. We stayed on a quiet upper floor, which meant that even during peak times downstairs, we barely registered any noise at all. Everything just flowed so smoothly throughout our time here. It's one of those places where everything just *works* for you. I slept wonderfully every night, and the entire atmosphere felt upscale but still very comfortable. Definitely a solid spot if you're looking for a nice retreat in the city center without giving up your peace and quiet.",1,gemma4:e4b,long,positive,structured,zero_shot,long_positive_structured_zero_shot,1,843,142,700,1,1,1.0,12,2026-08-23T22:48:13.164057+00:00
fake,swissotel,Hotel,"We just spent four nights here and honestly, it was a lovely stay. From checking in to leaving the next morning, every staff member we encountered, whether at reception or even just bringing up towels, was genuinely attentive without ever hovering--a real testament to their training. Our room was immaculate; I haven't seen fingerprints on anything, which is frankly rare these days. What really struck me positively was how quiet everything was, even with the central city vibe nearby; it felt like an oasis of calm. Given the quality of the amenities and the comfort level we enjoyed, I felt that the rate represented excellent value for money. It certainly feels more luxurious than the cost suggests. Everything just flowed so smoothly, making us feel well taken care of throughout our trip.",1,gemma4:e4b,long,positive,structured,zero_shot,long_positive_structured_zero_shot,2,796,132,700,1,1,1.0,12,2026-08-23T22:48:14.556568+00:00
fake,talbott,Hotel,"We just wrapped up a fantastic stay at The Talbot and honestly, it felt like a little pocket of calm right in the heart of everything bustling. From the moment we walked in, the atmosphere was welcoming; the location couldn't be better for exploring the city, even if you catch some street noise occasionally--but nothing jarringly disruptive inside. Our room was immaculate, truly spotless, and I particularly appreciated how quiet it remained at night despite being so central. The bed was incredibly comfortable too, which is always a win after long days of sightseeing. Breakfast deserves a mention; the selection was diverse enough that everyone found something they loved, and the fresh pastries were heavenly. It really set a positive tone for our mornings out exploring. Everything just worked together seamlessly, making it genuinely relaxing to unwind at the end of the day. We certainly left feeling refreshed from our time there.",1,gemma4:e4b,long,positive,structured,zero_shot,long_positive_structured_zero_shot,3,941,152,700,1,2,1.0,12,2026-08-23T22:48:17.715885+00:00
fake,affinia,Hotel,"We spent four nights at Affinia and truly enjoyed every moment. The location is unbeatable; being right on the waterfront made our evening strolls absolutely perfect, offering such a lovely view even just walking out the door. Seriously, waking up with that water view was a highlight each morning. Inside the hotel, everything felt pristine--the room was spotlessly clean, really immaculate, which is always a relief after a trip. Breakfast was another standout; they have an incredible spread, much more variety than I expected from a hotel setting, and the fresh pastries were particularly good. The staff were attentive without being intrusive, which struck the right balance for us. It just felt comfortable all around, like a seamless getaway where nothing seemed to be lacking. We left feeling totally refreshed after our time there.",1,gemma4:e4b,long,positive,structured,zero_shot,long_positive_structured_zero_shot,4,840,134,700,1,1,1.0,12,2026-08-23T22:48:19.134804+00:00
fake,allegro,Hotel,"Just wrapped up a delightful three-night stay at Allegro and I couldn't be happier with everything. From the moment we checked in, it felt wonderfully appointed; everything was spotless. The location is just unbeatable--a quick stroll gets us to the main square, which made navigating the city so effortless after long days of exploring. Honestly, the breakfast spread was a real highlight each morning; I particularly loved the artisan bread selection and the fresh juices complemented my coffee perfectly. Considering how central and luxurious everything felt, the rate was genuinely superb value for money--you really feel like you're getting an upscale experience without the premium price tag shock. The hotel staff were attentive throughout our entire stay. It truly made us feel well taken care of from arrival until departure.",1,gemma4:e4b,long,positive,structured,zero_shot,long_positive_structured_zero_shot,5,834,130,700,1,1,1.0,12,2026-08-23T22:48:20.510411+00:00
fake,amalfi,Hotel,"From the moment we arrived at Hotel Amalfi, it felt like stepping into something truly special. We were pleasantly surprised by how tranquil the room was despite its prime location; you could barely hear the lovely buzz of the ocean even with the street activity nearby. Honestly, the staff deserves a shout-out--everyone from concierge to the breakfast servers was genuinely attentive without ever being intrusive. Breakfast was particularly delicious; I loved the fresh local pastries paired with their excellent coffee. For the cost, which certainly isn't cheap, the sheer quality of everything we received felt like exceptional value. We spent days exploring and relaxing, and staying here simply enhanced the whole Italian getaway. It really hits that sweet spot where luxury meets genuine comfort.",1,gemma4:e4b,long,positive,structured,zero_shot,long_positive_structured_zero_shot,6,803,124,700,1,1,1.0,12,2026-08-23T22:48:21.847193+00:00
fake,ambassador,Hotel,"We just wrapped up a fantastic week at the Grand Vista; it felt like the perfect little escape from the city grind. From the moment we checked in, everything was immaculate--the room was spotless, seriously spotless, which is always a relief after traveling for a bit. I have to give a special mention to breakfast; even on our last morning, the selection was incredible, way more robust than expected with all the local pastries and coffee options. Being situated right downtown but still feeling tucked away in a calm corner was such a bonus; the location is unbeatable for exploring by foot. It really rounded out what turned into a lovely seven-day stay. The staff were wonderfully attentive throughout our visit.",1,gemma4:e4b,long,positive,structured,zero_shot,long_positive_structured_zero_shot,7,717,121,700,1,1,1.0,12,2026-08-23T22:48:23.143947+00:00
fake,conrad,Hotel,"Just spent four nights here and I'm genuinely impressed. The location is absolutely prime; walking to the waterfront felt effortless, which was a huge bonus after a long day of sightseeing. My room was immaculate--you could tell they pay attention to every little detail, from the plush linens to the spotless bathroom fixtures. Every time I stepped out, some staff member seemed to be anticipating my needs before I even had to ask for anything; the attentiveness was remarkable without being intrusive. And don't get me started on breakfast; the spread was incredible--fresh local pastries alongside perfectly cooked American classics, giving us options from early morning fuel to a leisurely start. It's clear that everyone who works here genuinely wants you to have a wonderful stay. I left feeling refreshed and quite spoiled by the service level.",1,gemma4:e4b,long,positive,structured,zero_shot,long_positive_structured_zero_shot,8,852,137,700,1,1,1.0,12,2026-08-23T22:48:24.592247+00:00
fake,fairmont,Hotel,"Really enjoyed our stay here at the Fairmont. The location couldn't have been better for exploring the city--everything felt easily accessible, which was perfect for a few days of sightseeing. We found the room impeccably clean upon arrival; it looked spotless from the little details to the linens. Breakfast was another highlight; the sheer variety available meant we could find something enjoyable every morning, even if one of us is particular about pastries versus savory items. Oddly enough, despite being in such a central spot, the noise levels were surprisingly low throughout our stay--we slept like logs! Everything just flowed so smoothly from check-in to check-out. It really felt like a genuinely restorative visit; I'm already looking forward to returning to this part of town and this establishment again soon.",1,gemma4:e4b,long,positive,structured,zero_shot,long_positive_structured_zero_shot,9,826,130,700,1,1,1.0,12,2026-08-23T22:48:26.009565+00:00
fake,hardrock,Hotel,"Seriously enjoyed my stay here at Hard Rock. The room was spotless, which is always a relief when you're traveling and just want to unwind after a long day of exploring the city; I didn't even have to worry about sticky surfaces or dust bunnies. What really impressed me were the staff--everyone from checking in to housekeeping seemed genuinely invested in making your stay pleasant. The lobby vibe is fantastic, energetic without being overwhelmingly loud, which kept things comfortable but lively. While it's certainly not a cheap trip, considering the prime location, the impeccable service level, and how much fun we had overall, I felt like the value proposition was really solid. It feels like they manage to hit that perfect sweet spot between extravagant luxury and genuinely welcoming hospitality. Will be back for sure next time I'm in town; it hits all the right notes.",1,gemma4:e4b,long,positive,structured,zero_shot,long_positive_structured_zero_shot,10,881,146,700,1,2,1.0,12,2026-08-23T22:48:29.179061+00:00
fake,hilton,Hotel,"We just wrapped up a four-night stay here and honestly, it was perfect. The location is unbeatable; being so central meant we could walk to everything without needing cabs constantly, which saved us quite a bit of hassle. The room itself was spotless--truly immaculate, right down to the little touches like the bathroom fixtures. It felt luxurious but not stuffy at all. Considering everything we got for the cost, I genuinely feel it represented exceptional value; you walk away thinking you snagged a real bargain given how high-end everything feels. If anyone is in the area and staying longer than just one night, this Hilton is a solid bet. We're already looking at dates to come back next year!",1,gemma4:e4b,long,positive,structured,zero_shot,long_positive_structured_zero_shot,11,701,119,700,1,1,1.0,12,2026-08-23T22:48:30.519588+00:00
fake,homewood,Hotel,"We spent three nights here for a work trip, and I really appreciated how easy it was to settle into, even after traveling across state lines. The room itself was surprisingly quiet considering how central the location is; you could actually hear yourself think, which is golden when you're trying to make virtual calls before bed. Breakfast was definitely the highlight--I'm a sucker for good coffee and their selection of pastries was huge, not just three sad croissants! My only small quibble would be that the Wi-Fi seemed to slow down slightly during peak morning hours, but otherwise, everything ran smoothly. The check-in process was painless; they moved us right into the room after we dropped our bags, which beat having to wait by a desk forever. It felt genuinely welcoming rather than just transactional.",1,gemma4:e4b,long,positive,unstructured,few_shot,long_positive_unstructured_few_shot,0,815,135,700,1,2,1.0,12,2026-08-23T22:48:33.932785+00:00
fake,hyatt,Hotel,"My trip was through town for some conferences, and honestly, this hotel made the whole ordeal bearable. The location, right near that subway line, was a massive plus; getting to everything else felt ridiculously easy. I spent most evenings just meandering around the area after checking out because the immediate surroundings were so walkable. My room itself, while nothing groundbreakingly luxurious, was spotlessly clean--the linens really smelled fresh when I opened up for the first time that evening. The bed actually slept on something decent, which is half the battle won during a busy week of meetings. Breakfast was solid too; more variety than I expected, particularly their local pastry selection that wasn't just reheated stuff piled onto trays. Even the little lobby bar area provided a nice spot to just sit with my laptop for a while without feeling like I was invading someone's workspace.",1,gemma4:e4b,long,positive,unstructured,few_shot,long_positive_unstructured_few_shot,1,905,146,700,1,2,1.0,12,2026-08-23T22:48:37.353123+00:00
fake,intercontinental,Hotel,"We stayed for three nights and honestly couldn't have asked for better service anywhere. From the moment we pulled up, the valet was impeccable with our luggage, which made arriving feeling so effortlessly smooth--a huge win right away. Our room overlooked the bay, and in the early morning light, it was genuinely breathtaking; we spent way too much time just watching the water move out past the pier. The bedding felt like sleeping on clouds, seriously luxurious sheets, and I slept better than I have in ages. Even breakfast wasn't a drag; the selection of fresh pastries coupled with the coffee bar setup made us feel like we were at a proper brunch spot rather than a hotel dining room. Everything felt polished, but not stiff--it had this really comfortable energy to it while still feeling upscale. The pool area was also fantastic, plenty of lounge chairs even when it got busy. We'll absolutely be back next time we're in the city.",1,gemma4:e4b,long,positive,unstructured,few_shot,long_positive_unstructured_few_shot,2,941,162,700,1,2,1.0,12,2026-08-23T22:48:40.651760+00:00
fake,james,Hotel,"We stayed for three nights last month and were so pleased with everything; it felt like a little city getaway inside the city proper. From the moment we pulled into the curb--it's always chaotic downtown--the valet team handled our luggage with this incredible ease, which was such a relief right off the road. Our room itself was immaculate, really, the linens smelled amazing, not just scented but genuinely fresh. We spent an entire afternoon lounging by the pool; it was quiet enough that we could actually hear ourselves think for once, rather than competing with jet skis or loud music like at some of the other spots nearby. I particularly appreciated how easy it was to navigate from our room to the lobby cafe in the mornings--a perfect spot to grab coffee without feeling rushed before work.",1,gemma4:e4b,long,positive,unstructured,few_shot,long_positive_unstructured_few_shot,3,801,137,700,1,2,1.0,12,2026-08-23T22:48:44.165827+00:00
fake,knickerbocker,Hotel,"We spent four nights down near Central Park staying at The Knickerbocker and honestly, it felt like stepping back to an incredible era without sacrificing modern comforts--it's a perfect blend, you know? My room was gorgeous; I kept noticing these details, like the really deep tones of the wood paneling and how well lit everything was despite the historic architecture. I must have spent half my time just sitting by the window looking out over Times Square buzz from this lovely vantage point. Breakfast was a delight too; we weren't talking about continental fare--there were so many artisanal breads and fresh juices that made getting up in the morning feel actually cheerful, which is saying something when you're traveling! The bar downstairs has such an atmosphere at night, even just sitting there with a proper cocktail felt like part of the experience itself.",1,gemma4:e4b,long,positive,unstructured,few_shot,long_positive_unstructured_few_shot,4,870,143,700,1,2,1.0,12,2026-08-23T22:48:47.602300+00:00
fake,monaco,Hotel,"This hotel is exactly what I needed after a grueling cross-country drive. Seriously, arriving tired and immediately finding everything so seamless--from parking right up to checking in--was miraculous. My room was quiet, which was huge because I was trying to salvage some sleep for an early meeting. The view from the window, looking out over the little park area, was surprisingly calming, a nice break from city smog. I wandered down to that cafe they have on the ground floor yesterday morning; their breakfast pastry was divine, seriously flaky crust work. Nothing too fussy or overly staged about it; just genuinely good food and a relaxed vibe. The staff working in the lobby seemed like seasoned locals who knew all the best little spots nearby, rather than just reciting pamphlet information. It felt more personal, less corporate churn. I slept wonderfully and left feeling genuinely refreshed instead of just *passing* through.",1,gemma4:e4b,long,positive,unstructured,few_shot,long_positive_unstructured_few_shot,5,938,151,700,1,1,1.0,12,2026-08-23T22:48:49.179310+00:00
fake,omni,Hotel,"We were visiting for a conference downtown and honestly, the Omni was such a breath of fresh air compared to some of the more... utilitarian places we've stayed before. Walking into the lobby felt instantly elevated; it has this really warm, classic grandeur without feeling stuffy at all. My room was perfect--plenty of space, which is rare these days when you're not paying flagship prices, and the bed slept like a dream, seriously luxurious sheets. I spent an afternoon reading near the window overlooking the park area, and just getting that quiet little corner to myself was heavenly after navigating conference chaos all day. The staff were so attentive without hovering, which is such a nice balance. They handled our reservation adjustments with zero fuss, practically magic. And for breakfast? Don't sleep on it; the bakery section alone deserves a visit before you tackle your coffee.",1,gemma4:e4b,long,positive,unstructured,few_shot,long_positive_unstructured_few_shot,6,895,146,700,1,2,1.0,12,2026-08-23T22:48:52.508020+00:00
fake,palmer,Hotel,"This boutique spot is tucked away just enough that you forget about the city hustle until you decide to head out. We were really impressed with how quietly efficient everything was; checking in didn't feel like an ordeal at all, which is such a win when you're running on travel fumes. The beds were seriously restful--I slept so soundly I think I might have gotten a little *too* much sleep! Honestly, the little corner cafe they run downstairs had some killer pastries; breakfast plans are already being made for next time just to get back into that vibe. Everything felt curated, you know? Like someone actually thought about all the little touches, not just putting in expensive-looking stuff. The bathroom setup was gorgeous, and having decent coffee supplies stocked up felt like a real luxury in this season. It has such a warm, lived-in feel, which is perfect when compared to those giant corporate stays.",1,gemma4:e4b,long,positive,unstructured,few_shot,long_positive_unstructured_few_shot,7,913,155,700,1,2,1.0,12,2026-08-23T22:48:55.880364+00:00
fake,sheraton,Hotel,"We spent three nights here after flying into town late, and honestly, I was pleasantly surprised at how smooth everything felt. From the minute we dropped our bags off--they actually got us right away without that ridiculous twenty-minute wait--it was seamless. My room itself was spotless; you know those places where it looks nice but feels vaguely dusty? Not here. Everything smelled fresh, and the bed was ridiculously comfortable; I think I slept better than I have in months. The pool area, particularly in the late afternoon when we swam after walking around downtown, had a really lovely vibe, not too crowded or loud. Breakfast was solid too--I usually complain about hotel breakfast being all lukewarm pastries, but the selection here, especially the artisanal bread station, felt genuinely high quality. It makes you feel like you're eating at a nice cafe rather than starting your day in a large hotel dining room.",1,gemma4:e4b,long,positive,unstructured,few_shot,long_positive_unstructured_few_shot,8,926,152,700,1,2,1.0,12,2026-08-23T22:48:59.293090+00:00
fake,sofitel,Hotel,"Arrived late on a rainy Tuesday after a miserable cross-country flight, and honestly, this hotel was exactly what I needed. The lobby itself had such a wonderfully enveloping warmth; not that cold corporate polished feel, you know? My room wasn't gigantic--definitely cozy rather than sprawling--but it smelled incredible when I opened the door, which is always a small victory after travel. What really impressed me were the little touches in the bathroom: really nice pressure shower setup and decent soaps that didn't smell aggressively floral. Downstairs, I grabbed coffee this morning; their pastry selection was unexpectedly good, way better than any airport spot. The check-in process was quick enough despite them being busy. It felt like a proper place to land for a couple of days, just solid, comfortable, and crucially, peaceful when the city noise fades out.",1,gemma4:e4b,long,positive,unstructured,few_shot,long_positive_unstructured_few_shot,9,871,138,700,1,1,1.0,12,2026-08-23T22:49:00.825143+00:00
fake,swissotel,Hotel,"Honestly, this Swissotel was such a pleasure spot for our little getaway downtown. We stayed for three nights and everything just flowed so smoothly; I particularly appreciated how quiet the room was despite being right near all that lively activity--it felt like a little bubble of calm. The bed was fantastic, seriously slept better than I have in months; those linens feel premium. Breakfast was another highlight, genuinely huge selection without feeling overwhelmed. My partner kept raving about the little coffee corner they had set up on our balcony; perfect spot to just watch the city wake up. The concierge team really went above and beyond too--they managed to snag us reservations at two places we were told were impossible to book. It felt polished but not stuffy, which is a hard balance to strike when you're talking upscale downtown lodging.",1,gemma4:e4b,long,positive,unstructured,few_shot,long_positive_unstructured_few_shot,10,857,141,700,1,2,1.0,12,2026-08-23T22:49:04.056824+00:00
fake,talbott,Hotel,"We spent four nights here and honestly couldn't have asked for more. Getting into the city felt seamless; they handled our early arrival with such grace, which really took the edge off a long travel day. The room itself exceeded expectations--it was quiet, somehow massive given the view we had, and those little touches, like the quality of the toiletries, made us feel genuinely pampered rather than just housed. We spent an afternoon by the pool area; it was surprisingly tranquil despite being right downtown, which is such a luxury in this part of town. Even breakfast wasn't the standard spread you expect; they had everything from fresh local pastries to proper coffee stations that catered to everyone's mood. My only minor quibble would be needing an umbrella on day three--it poured buckets unexpectedly--but even then, the service staff were so quick to bring us a complimentary cabana umbrella and made it feel totally effortless.",1,gemma4:e4b,long,positive,unstructured,few_shot,long_positive_unstructured_few_shot,11,942,155,700,1,2,1.0,12,2026-08-23T22:49:07.600035+00:00
fake,affinia,Hotel,"Just got back from a fantastic few nights at Affinia and I'm already counting down until my return. The location really can't be beat; stepping out felt like being right in the thick of things but still having this pocket of calm when you get back to the room. My suite was gorgeous, honestly--the view was breathtaking every single morning, making coffee just staring outside an absolute pleasure. What made it truly stand out though, beyond the aesthetics, was the service. The concierge team were incredibly helpful with restaurant reservations that I thought would be impossible to snag; they seemed to have connections everywhere! And breakfast? Oh man, don't even get me started on the spread--enough options for every dietary requirement, but without feeling overwhelming. Everything tasted fresh and thoughtfully prepared. Even just lounging by the pool after dinner felt perfectly relaxing.",1,gemma4:e4b,long,positive,unstructured,zero_shot,long_positive_unstructured_zero_shot,0,899,142,700,1,2,1.0,12,2026-08-23T22:49:11.020982+00:00
fake,allegro,Hotel,"Seriously enjoyed our stay at Allegro. From the moment we pulled in, everything felt so welcoming; the lobby itself has this lovely, airy vibe that was really pleasant after a long journey. Our room was perfect--spacious enough to spread out without feeling empty, and the bed, wow, I slept like never before. The bedding was top-notch quality, really comfortable but not *too* much so you feel weighed down. We spent an evening by the pool, and they had some great local snacks available that kept us going; it wasn't just a place to sleep, it felt like a little little vacation spot in itself. The staff interactions were consistently kind; I particularly appreciated how quickly housekeeping responded one morning when we needed extra towels. It's those small details, honestly, the genuine attentiveness from the team, that really elevate a stay from merely good to genuinely wonderful.",1,gemma4:e4b,long,positive,unstructured,zero_shot,long_positive_unstructured_zero_shot,1,890,146,700,1,2,1.0,12,2026-08-23T22:49:14.324372+00:00
fake,amalfi,Hotel,"Seriously adored our stay here; it felt like stepping into a postcard come to life. The view from the balcony alone was worth the trip--watching the boats drift by against that impossibly blue backdrop never got old. My room was absolutely charming, though perhaps a tad more *rustic* than I expected, but in the best way possible, giving it such character. Breakfast was delightful, particularly their selection of local pastries; they were heavenly. We spent an afternoon just wandering down to the beach, and the whole atmosphere around Amalfi feels genuinely magical when you're settled into this hotel. The staff, everyone we encountered seemed so genuinely warm, always ready with a recommendation or a little bit of local insight. It was such a relaxing pace, letting the Italian life wash over you. We left feeling completely rejuvenated and already plotting our return to that sunshine and sea air.",1,gemma4:e4b,long,positive,unstructured,zero_shot,long_positive_unstructured_zero_shot,2,907,148,700,1,2,1.0,12,2026-08-23T22:49:17.546583+00:00
fake,ambassador,Hotel,"Honestly, my stay at The Grand Vista was just... seamless. I know hotels can be hit or miss, but from the moment we arrived, everything felt curated for comfort. Our room overlooking the city skyline was absolutely breathtaking, making those evening cocktails feel like an event in themselves. What really elevated the trip, though, was talking to Marcus, who I believe was the hotel ambassador on Tuesday. He wasn't just helpful; he had this knack for knowing exactly what we needed before we even realized it ourselves--like suggesting that little hidden cafe nearby instead of the obvious tourist trap. It felt genuinely personal, not like reading from a script. Plus, the breakfast spread on Saturday was glorious; I'm still dreaming about those brioche pastries. We left feeling completely rejuvenated, which is always the goal, right? Can't wait to go back someday.",1,gemma4:e4b,long,positive,unstructured,zero_shot,long_positive_unstructured_zero_shot,3,871,141,700,1,2,1.0,12,2026-08-23T22:49:20.859591+00:00
fake,conrad,Hotel,"Honestly, I had such a lovely stay at The Conrad. From the moment we pulled up, everything felt so effortlessly upscale without being stuffy. My room was gorgeous--seriously, those city views from the balcony were breathtaking every morning; it made my coffee feel like a five-star event. But what really elevated the visit was the service. One gentleman, I think his name was David, handled our reservation adjustment seamlessly when we arrived late, and he just seemed so genuinely helpful. It wasn't some scripted minimum effort; it felt attentive in the best possible way. Dinner at the restaurant last night was fantastic too--the wine list complemented everything perfectly, and my partner raved about the plating on her dish. We spent a solid afternoon by the pool, which was beautifully kept up, and just generally felt like we could completely switch off for a few days.",1,gemma4:e4b,long,positive,unstructured,zero_shot,long_positive_unstructured_zero_shot,4,879,145,700,1,2,1.0,12,2026-08-23T22:49:24.338316+00:00
fake,fairmont,Hotel,"Just got back from Fairmont and I'm still feeling so refreshed. Honestly, this place exceeded what I thought I was going to get. The room itself was gorgeous--the view from our balcony overlooking the [mention local feature, e.g., ocean/city skyline] was breathtaking every single morning; it really set a wonderful tone for the day. But beyond just looking good, the service made all the difference. From the concierge who somehow managed to book us into that sold-out theater showing to the staff at breakfast who remembered our coffee order by the second day--it felt genuinely attentive, not robotic. We spent an afternoon by the pool, and even the little details, like how perfectly fluffed the pillows were every night, contributed to such a relaxing vibe. I especially loved dining at their signature restaurant; the pacing of the meal was perfect, and the wine list selection was superb. It was just seamless luxury all around.",1,gemma4:e4b,long,positive,unstructured,zero_shot,long_positive_unstructured_zero_shot,5,935,154,700,1,2,1.0,12,2026-08-23T22:49:27.538631+00:00
fake,hardrock,Hotel,"Seriously blown away by this stay. From the moment we walked in, it felt cool--you know, that perfect blend of edgy rock vibe mixed with actual luxury, which is tricky to pull off without looking tacky. My room was fantastic; the view from the window overlooking everything downtown was breathtaking at sunset. The bed was unbelievably comfortable, honestly slept like a baby after such a long flight. We had dinner at one of the onsite spots last night, and my partner's steak was cooked absolutely perfectly, really flavorful. Plus, the lobby area itself is gorgeous; just wandering through there in the evening with some background music was part of the fun. Staff members we interacted with were genuinely attentive but never intrusive, which I appreciate so much. This isn't just a place to sleep for the night; it feels like an experience in itself. We're already planning our next trip back.",1,gemma4:e4b,long,positive,unstructured,zero_shot,long_positive_unstructured_zero_shot,6,898,151,700,1,2,1.0,12,2026-08-23T22:49:30.873292+00:00
fake,hilton,Hotel,"Seriously enjoyed our stay here; it felt so refreshing after a long trip. From the moment we walked in, everything just looked impeccably clean--you could tell they take pride in keeping things spotless. The bed was ridiculously comfortable; I actually slept better than I have at my own place lately, which is saying something! Breakfast was another highlight; those fresh pastries paired with strong coffee made starting the day a real pleasure rather than a chore. Plus, the pool area was just perfectly situated for relaxing without feeling crowded. We spent most of our evenings wandering down to the nearby waterfront path after leaving the hotel, which was lovely, but coming back to this comfortable room felt like hitting a reset button. If you're anywhere in town and need a reliable, genuinely pleasant spot to stay, don't hesitate to book it.",1,gemma4:e4b,long,positive,unstructured,zero_shot,long_positive_unstructured_zero_shot,7,854,141,700,1,2,1.0,12,2026-08-23T22:49:33.919854+00:00
fake,homewood,Hotel,"We just got back from our stay here at Homewood and honestly, we were so impressed with everything. The location alone is unbeatable; it made navigating the city center so much easier than we anticipated, and parking was a real blessing after dealing with other hotels. Our room was spacious, much more comfortable than what we expected for this price point, and the bed was ridiculously cozy--I think I slept better there than I have in months! We particularly enjoyed the little coffee corner setup; it felt really well thought out. The breakfast area itself was bright and welcoming, and getting fresh pastries every morning became a small ritual we genuinely looked forward to. Even just wandering around the lobby when checking out felt pleasant enough to make us linger a bit longer than necessary. Everything seemed clean, from the common areas right down to the bathroom fixtures.",1,gemma4:e4b,long,positive,unstructured,zero_shot,long_positive_unstructured_zero_shot,8,888,148,700,1,2,1.0,12,2026-08-23T22:49:37.488476+00:00
fake,hyatt,Hotel,"Just got back from three nights here and honestly, I'm still unwinding from how comfortable everything was. The bedding in the room deserves a medal; it felt incredibly plush, like sleeping on a cloud that somehow also had excellent lumbar support. We spent most of our time near the pool area, and the staff managing the poolside service were so attentive without ever hovering--a perfect balance. My breakfast morning after yesterday was particularly noteworthy; they did such an amazing selection of fresh local pastries I've rarely seen before in hotels this caliber. The lobby itself is stunningly designed too, a real architectural gem that made me want to spend ages just people-watching while sipping coffee. Everything ran so smoothly from check-in to checkout. It really felt like a seamless getaway where you didn't have to worry about anything, which frankly, is luxury enough for me after weeks of city chaos.",1,gemma4:e4b,long,positive,unstructured,zero_shot,long_positive_unstructured_zero_shot,9,922,150,700,1,2,1.0,12,2026-08-23T22:49:40.759217+00:00
fake,intercontinental,Hotel,"Seriously, this InterContinental nailed it. I spent three nights down in the city and felt like I was actually taking a break, not just staying somewhere with a bed. The lobby area itself is stunning; I almost got lost admiring the architecture when I first walked in. My room had this fantastic little balcony overlooking the street--perfect for those early morning coffee sips while the city was still waking up. And the breakfast? Don't even get me started on the pastry selection; it was ridiculously good, way beyond just basic continental fare. Service-wise, one of the desk agents remembered that I preferred my newspaper folded in a specific corner, which is such a thoughtful little touch. It's those moments of genuine attention to detail that really elevate a stay from merely comfortable to genuinely luxurious.",1,gemma4:e4b,long,positive,unstructured,zero_shot,long_positive_unstructured_zero_shot,10,823,135,700,1,2,1.0,12,2026-08-23T22:49:44.298785+00:00
fake,james,Hotel,"Seriously lovely stay at The James. From the moment we walked through the entrance, everything just felt so polished and welcoming, not overly stuffy though, which is a win in my book. My room, overlooking the piazza--I swear I could hear the gentle buzz of activity below--was spacious and the bed was unbelievably comfortable; I slept like a log, which after travel usually means I've been run ragged. The breakfast spread was incredible too; they have way more artisanal bread selections than I expected, and the local pastries were genuinely outstanding. We spent an afternoon just lounging by the pool, and the service staff kept our little area perfect without hovering, which strikes me as a real skill. Everything just flowed seamlessly, making us feel completely taken care of but never patronized. It felt like a proper little urban escape--exactly what we needed before heading back to the hustle.",1,gemma4:e4b,long,positive,unstructured,zero_shot,long_positive_unstructured_zero_shot,11,908,149,700,1,2,1.0,12,2026-08-23T22:49:47.619531+00:00
fake,knickerbocker,Hotel,"I spent four nights at The Knickerbocker hoping for some quintessential New York stay, but I left feeling quite let down. Honestly, everything felt a bit dated beneath the grand facade. When we settled into the room, it was immediately noticeable that while visible dust wasn't an issue, the general upkeep suggested neglect rather than meticulous cleaning; it just didn't feel pristine. The noise level throughout my whole stay was bafflingly poor--I could clearly hear traffic roaring right through the walls late at night. Breakfast, which was supposed to be a highlight, was painfully underwhelming; the selection felt sparse and frankly, the coffee tasted burnt every single morning. For a hotel of this stature downtown, I expected much more polish, especially considering how long I stayed. It felt like paying for history when what I received was just weariness rather than memorable luxury.",1,gemma4:e4b,long,negative,structured,few_shot,long_negative_structured_few_shot,0,899,143,700,1,1,1.0,12,2026-08-23T22:49:49.169177+00:00
fake,monaco,Hotel,"After spending four nights here, I feel like I have my bearings on what to expect--and frankly, it's less than ideal. The sheer price tag for this stay really left me questioning the value proposition entirely. Nothing screamed 'premium' when you considered everything. When we had breakfast most mornings, it felt more like a collection of stale pastries and lukewarm coffee stations rather than any cohesive meal plan; hardly worth kicking the tires over. As for the room itself, while it was tidy enough initially, the cleaning didn't really feel deep-cleaned after day two. It's passable, I suppose, but nothing luxurious or relaxing to justify the cost. I needed this break from routine, and while the location is fine, staying longer just highlighted these persistent little disappointments that stack up pretty quickly against what you paid.",1,gemma4:e4b,long,negative,structured,few_shot,long_negative_structured_few_shot,1,848,136,700,1,1,1.0,12,2026-08-23T22:49:50.654408+00:00
fake,omni,Hotel,"Honestly, I expected much more given what you pay for this location. The bill felt steep; frankly, the value proposition is questionable when the actual service dips so low. To start with breakfast--it was painfully underwhelming, lukewarm eggs and stale pastries that barely cut it for a proper start to the day downtown. Worse than the food, though, were the noise levels. We were on a mid-floor room, yet I could distinctly hear conversations echoing through the hallway late into the evening; it made actual rest difficult. The room itself was fine, I suppose--nothing overtly dirty, but the general feeling was stale, as if proper deep cleaning hasn't happened in weeks. It felt rather underwhelming after paying a premium rate for this stay.",1,gemma4:e4b,long,negative,structured,few_shot,long_negative_structured_few_shot,2,747,123,700,1,1,1.0,12,2026-08-23T22:49:52.058875+00:00
fake,palmer,Hotel,"We spent four nights down by the waterfront, which was perfect for getting to those museums we wanted to see; the proximity made everything convenient enough without feeling like a tourist trap bubble. Honestly, the location itself scored points immediately. The staff interaction, however, was really uneven. At check-in, they were overly cheerful and seemed genuinely eager to help organize taxis right away, which I appreciated as I was dragging much luggage. But then in the mornings, it felt like anyone could answer a question, requiring us to wander down to the concierge desk repeatedly just for basic requests. Given what we paid--it's certainly not cheap--I expected the service level to be consistently polished across all departments, rather than relying on random pleasant moments.",1,gemma4:e4b,long,negative,structured,few_shot,long_negative_structured_few_shot,3,794,124,700,1,2,1.0,12,2026-08-23T22:49:55.316456+00:00
fake,sheraton,Hotel,"After spending four nights here, I left feeling significantly let down by this Sheraton experience. Honestly, based on what they charge for a stay, I expected so much more polish, especially regarding basic upkeep. The room itself was surprisingly unclean; there were visible smudges near the nightstand and the bathroom grout looked suspiciously dingy when it should have been spotless after housekeeping. Beyond that, sleeping was an ordeal because of the consistent, low-level rumble from the street--it made proper rest nearly impossible for the full duration of my visit. Considering the high price point versus the persistent noise pollution and the disappointing cleanliness standards, I genuinely question the value proposition here. It feels like they are pricing themselves into a premium bracket without delivering commensurate quality in guest comfort or routine maintenance.",1,gemma4:e4b,long,negative,structured,few_shot,long_negative_structured_few_shot,4,887,132,700,1,1,1.0,12,2026-08-23T22:49:56.729131+00:00
fake,sofitel,Hotel,"We had high hopes for this place given the prime spot downtown, but honestly, it was just mediocre. The location is undeniable; right by everything you want to be, which is certainly convenient, I'll give them that. However, getting any real peace in the room was nearly impossible because the noise bleed from the street was constant--you could hear every passing siren and shout through the thin walls until late. Regarding cleanliness, it was adequate, nothing alarming, but definitely not spotless; there were a few noticeable streaks on the bathroom fixtures. Breakfast was perhaps the biggest letdown. The selection felt tired, like they've been serving the same few pastries for years, and I found the coffee weak. Overall, we paid for what should have been a seamless stay experiencing central amenities, but ended up just feeling exhausted by the racket and unimpressed with the daily details.",1,gemma4:e4b,long,negative,structured,few_shot,long_negative_structured_few_shot,5,902,146,700,1,1,1.0,12,2026-08-23T22:49:58.300329+00:00
fake,swissotel,Hotel,"My five-night stay at the Swissotel was frankly a letdown compared to what I expected given the nightly rates. Noise pollution seemed like an architectural flaw; despite being on a higher floor, you could distinctly hear the bass thumping from the street below, which kept me awake half the time. As for the room itself, while nicely appointed in theory, it felt distinctly unclean upon arrival--a faint film on the bathroom counter that I certainly wouldn't have accepted after paying what I did. It was disappointing value; everything felt slightly tired or overpriced for the actual quality delivered. I kept thinking, 'Surely this much money gets me a better experience than this.' Overall, I left feeling like I'd overpaid significantly for an underwhelming stay.",1,gemma4:e4b,long,negative,structured,few_shot,long_negative_structured_few_shot,6,768,124,700,1,1,1.0,12,2026-08-23T22:49:59.722240+00:00
fake,talbott,Hotel,"Honestly, paying what we did for this stay left me feeling pretty ripped off; the value proposition is just weak right now. The room itself was surprisingly adequate, maybe even clean enough if you don't look too closely at the bathroom grout, but that's as high praise as I can offer on cleanliness. What really wrecked it were the noise levels--it sounded like a construction site next door throughout the entire night, making any semblance of sleep impossible. Trying to chat with reception about our early departure felt like talking to someone who had already given up enthusiasm; the staff seemed perpetually overworked and utterly uninterested in solving any minor issues. It was just an expensive place to spend one miserable night when everything felt so disjointed.",1,gemma4:e4b,long,negative,structured,few_shot,long_negative_structured_few_shot,7,775,127,700,1,1,1.0,12,2026-08-23T22:50:01.095005+00:00
fake,affinia,Hotel,"Honestly, arriving downtown was great; you can't really beat that corner spot near the river for ease of access to everything. But what we experienced inside was quite disappointing considering the rate they charge here at Affinia. My room, frankly, felt lackluster--the bathroom seemed perpetually damp, and I noticed a faint film on the bedside table that definitely needed more attention from housekeeping. The staff were pleasant enough initially, but when trying to sort out a simple restaurant booking, we hit a wall of indifference; it required constant prodding to get basic help. Paying what we did for this stay felt utterly unjustified. For the premium price point, I expected top-tier cleanliness and proactive service, instead getting an experience that just didn't match any expectation set by your prime location.",1,gemma4:e4b,long,negative,structured,few_shot,long_negative_structured_few_shot,8,828,130,700,1,2,1.0,12,2026-08-23T22:50:04.118453+00:00
fake,allegro,Hotel,"Honestly, this place feels like it costs way more than what you actually get for your money. The initial impression is decent enough, but everything else falls apart quickly. We were trying to sleep last night and the hallway noise was unbearable; it sounded like a perpetual party happening just beyond the thin veneer of drywall separating us from other rooms. Speaking of mornings, breakfast was seriously underwhelming--just stale pastries and coffee that tasted like burnt ambition. The staff were polite enough when you caught them between duties, but nothing proactive. You feel like you have to ask three times for simple things, which really detracts from the perceived value at this rate. I expected a much smoother experience given the room rates we paid.",1,gemma4:e4b,long,negative,structured,few_shot,long_negative_structured_few_shot,9,766,125,700,1,1,1.0,12,2026-08-23T22:50:05.453307+00:00
fake,amalfi,Hotel,"Frankly, the Amalfi felt like such an enormous stretch for the amount you actually paid. After spending nearly ten days there, I was expecting some level of magic given the supposed location; being right on the main drag is nice enough, I suppose, but it's also ridiculously loud constantly--even early mornings were just a cacophony of boat horns and shouting from vendors. The rooms themselves felt rather basic considering the astronomical price tag attached to this stay. We kept having trouble sleeping because of that relentless street noise filtering right through the glass. For what we paid for those ten nights, I thought I would get much more insulation from the city buzz. It was a beautiful area, yes, but staying *there* wasn't nearly as relaxing or restful as I'd hoped it would be after all that money spent.",1,gemma4:e4b,long,negative,structured,few_shot,long_negative_structured_few_shot,10,824,139,700,1,1,1.0,12,2026-08-23T22:50:06.950399+00:00
fake,ambassador,Hotel,"Honestly, staying here for three nights felt like such a gamble considering what we paid. When I arrived, the room was... fine. I mean, passable, but getting settled felt like an undertaking; there were little smudges and bits of dust that screamed 'needs a proper deep clean,' especially around the baseboards. The staff seemed perpetually overworked; lovely people when you catch them during lulls, but trying to get any consistent attention felt like wrestling with bureaucracy. Considering how much these rooms cost compared to what else is available downtown, the perceived value plummeted instantly. It's just so disappointing when you anticipate a smooth stay after travelling for hours, only to feel like basic upkeep was an afterthought.",1,gemma4:e4b,long,negative,structured,few_shot,long_negative_structured_few_shot,11,746,117,700,1,2,1.0,12,2026-08-23T22:50:09.888514+00:00
fake,conrad,Hotel,"Honestly, I left the Conrad feeling quite underwhelmed given the hype and the price tag associated with a stay here. The room itself was decent enough visually, but when it came to cleanliness--there were noticeable smudges on the bathroom fixtures, which is really disappointing at this level of supposed luxury. Service-wise, our interactions with staff felt perfunctory; we asked for extra towels twice, and it took ages for them to appear without much follow-up or apology. Breakfast was another letdown; the station felt chaotic, and the selection didn't justify the steep cost--you expected something more curated than what was offered. Considering everything, especially factoring in how unremarkable the whole package felt, I truly question the value proposition here. It felt like a significant premium paid for an experience that just didn't quite meet expectations.",1,gemma4:e4b,long,negative,structured,zero_shot,long_negative_structured_zero_shot,0,876,134,700,1,1,1.0,12,2026-08-23T22:50:11.356910+00:00
fake,fairmont,Hotel,"Stayed for three nights and frankly, I was let down by what I expected from a Fairmont property. While the lobby area certainly looks grand enough in photos, my actual room felt surprisingly dated, not to mention quite dusty upon arrival; it looked like it hadn't seen a deep clean in weeks. The noise insulation is non-existent--I could clearly hear the cleaning carts rolling down the hall late at night, which made getting any real rest difficult during our stay. Given the premium pricing structure here, I genuinely felt the value proposition was way off; one expects a certain level of seamless comfort that just wasn't present with inconsistent service and minor upkeep issues throughout my visit. It left a lingering feeling of having overpaid for an experience that ultimately fell short.",1,gemma4:e4b,long,negative,structured,zero_shot,long_negative_structured_zero_shot,1,797,132,700,1,1,1.0,12,2026-08-23T22:50:12.738091+00:00
fake,hardrock,Hotel,"Honestly, I was really let down by my stay here. While the location is undeniably central, making getting to Broadway effortless, it did nothing to compensate for everything else. When we arrived, the room felt... lived-in, if that makes any sense. There were noticeable dust streaks on the nightstand and a definite musty smell that lingered even after airing out the curtains. At night, the noise level was frankly disruptive; I could hear loud conversations from the hallway late into the evening, making sleep difficult despite the plush bedding we expected at this price point. To top it off, breakfast was an absolute letdown. The coffee tasted weak, and the selection felt painfully limited--just a few pastries and some lukewarm eggs. Given the hype surrounding Hard Rock, I genuinely expected a much higher standard across the board; everything felt slightly underwhelming and just didn't measure up to the reputation.",1,gemma4:e4b,long,negative,structured,zero_shot,long_negative_structured_zero_shot,2,927,149,700,1,1,1.0,12,2026-08-23T22:50:14.296705+00:00
fake,hilton,Hotel,"Honestly, my stay at this Hilton was quite a letdown across the board. While the location is undeniably central--easy to hop onto the subway from--the actual convenience factor suffered because everything felt slightly overpriced for what it offered. Speaking of things that weren't up to par, the room cleanliness was genuinely disappointing; I noticed dust bunnies near the baseboards and the bathroom grout looked suspiciously dingy upon arrival. It made me question how thoroughly housekeeping even manages the space. To compound matters, the breakfast spread was underwhelming. Seriously, calling it a spread is generous; the pastries were stale, and the coffee tasted like it had been sitting out since Tuesday. Considering we stayed for three nights, I expected a much higher standard of upkeep from this brand. It just felt lackluster from check-in to check-out.",1,gemma4:e4b,long,negative,structured,zero_shot,long_negative_structured_zero_shot,3,870,135,700,1,1,1.0,12,2026-08-23T22:50:15.743361+00:00
fake,homewood,Hotel,"Honestly, I expected so much more from Homewood given the rates we paid. The location is undeniably convenient for sightseeing in the city center, which was the main draw, but that benefit is completely negated by the noise pollution. It felt like staying right next to a perpetually roaring construction site; sleep was genuinely difficult every night. Furthermore, while I appreciate that the staff were polite enough when you actually caught them--and it took effort--the level of proactive service or genuine attentiveness was just absent. For what we paid, I expected much greater value, especially considering the noise and the general upkeep of the room felt a bit dated. It's a location with potential, yes, but right now, the experience significantly underperforms relative to the cost bracket.",1,gemma4:e4b,long,negative,structured,zero_shot,long_negative_structured_zero_shot,4,803,127,700,1,2,1.0,12,2026-08-23T22:50:18.764963+00:00
fake,hyatt,Hotel,"Really let down after spending four nights here expecting a Hyatt level of polish. While the location is undeniably central, it feels more inconvenient than convenient when considering the relentless street noise; even with the windows supposedly 'soundproof,' I could hear everything from the passing sirens to late-night revelry echoing through the room until well past midnight. The front desk staff were polite enough initially, certainly pleasantries were exchanged, but genuinely seemed disorganized; checking out was a bit of a struggle, having to chase down multiple departments for final billing details. For the price point associated with this brand, I expected more seamless service across the board. It felt like navigating an understaffed operation rather than staying at a luxury hotel. Given how long we were there, these small cumulative issues really chipped away at what should have been a relaxing trip basecamp.",1,gemma4:e4b,long,negative,structured,zero_shot,long_negative_structured_zero_shot,5,932,143,700,1,1,1.0,12,2026-08-23T22:50:20.227326+00:00
fake,intercontinental,Hotel,"Honestly, I left feeling quite let down after my four-night stay here. While the hotel itself is undeniably grand, several things detracted significantly from what should have been a premium experience. The staff were polite enough at check-in, but that was about it; service seemed patchy throughout, particularly when requesting basic amenities in our room. More worrying than the service lapses was the cleanliness of the bathroom--there were visible streaks and residue that spoke volumes. Considering the incredibly high nightly rate we paid, paying this much for what felt somewhat lackluster both materially and operationally just doesn't justify the cost. I expected flawless execution at this caliber establishment, but it certainly didn't deliver, making me question the actual value proposition here.",1,gemma4:e4b,long,negative,structured,zero_shot,long_negative_structured_zero_shot,6,811,121,700,1,1,1.0,12,2026-08-23T22:50:21.562341+00:00
fake,james,Hotel,"Honestly, I left the James feeling profoundly let down. The supposed luxury atmosphere didn't quite match reality across several aspects of our stay. Starting with breakfast--it was frankly underwhelming; stale pastries and coffee that tasted like it had been sitting out all morning. As for the room itself, while aesthetically pleasing on Instagram, the actual cleanliness left much to be desired; there were noticeable smudges on the bathroom fixtures, which is unacceptable for this price point. Furthermore, the noise level throughout the evening was relentless--it sounded like a washing machine was running constantly in the hallway until well past midnight. When you factor in these accumulated issues, especially coupled with what it costs just to stay here, I really struggled to feel that it represented good value for money at all. It felt overpriced given the general maintenance and service level we encountered.",1,gemma4:e4b,long,negative,structured,zero_shot,long_negative_structured_zero_shot,7,926,143,700,1,1,1.0,12,2026-08-23T22:50:23.009142+00:00
fake,knickerbocker,Hotel,"Honestly, I left The Knickerbocker feeling completely ripped off. Being in Midtown is convenient, sure, but that hardly compensates for what felt like a bait-and-switch pricing model. The location is prime, yes, undeniably, but nothing about the stay itself justified the cost. When I opened up Room 1209, I immediately noticed the dust film on the nightstand--it was obvious and quite disappointing considering this supposed 'luxury' establishment. Furthermore, while the concierge team seemed polite enough when asked for directions, their helpfulness waned quickly once it came to actual service needs; they were cagey about package retrieval times all afternoon. The entire experience felt overpriced for what amounted to dated comforts and a noticeable lapse in housekeeping standards. I expected much more polish given the rates here.",1,gemma4:e4b,long,negative,structured,zero_shot,long_negative_structured_zero_shot,8,840,126,700,1,1,1.0,12,2026-08-23T22:50:24.448478+00:00
fake,monaco,Hotel,"After four nights at The Fairmont, I left feeling frankly let down. While the location is undeniably prime--you literally step out and the Mediterranean is there--the entire stay felt tarnished by inconsistency. The breakfast spread was underwhelming; instead of a lavish affair befitting this supposed caliber of hotel, it felt rather mediocre, with lukewarm coffee being a persistent issue that really dragged down the morning routine. More surprisingly, the staff interactions were inconsistent. Some members of the front desk team were wonderfully attentive, but others seemed completely checked out, needing prodding to handle simple requests for directions or extra towels. It's a huge waste when you pay this much simply for the name recognition. I expected an effortless blend of luxury and seamless service that never materialized during my visit.",1,gemma4:e4b,long,negative,structured,zero_shot,long_negative_structured_zero_shot,9,856,130,700,1,1,1.0,12,2026-08-23T22:50:25.843367+00:00
fake,omni,Hotel,"Honestly, I expected much more from The Omni; it felt like a real letdown compared to pictures. Being right downtown is nice in theory, but the noise pollution from the street was relentless--I barely slept through last night due to traffic sounds echoing right into the room. While the staff were polite enough on the surface, there was just no genuine warmth or proactive service; it felt transactional, like I was inconveniencing them by needing anything at all. Furthermore, the cleanliness of the bathroom grout was frankly surprising for a hotel of this purported caliber. I really hoped for a relaxing stay to decompress after travel, but between the constant racket outside and the general upkeep issues within the room, it was pretty draining overall. They need some serious review regarding maintenance standards if they want guests to feel pampered here.",1,gemma4:e4b,long,negative,structured,zero_shot,long_negative_structured_zero_shot,10,865,141,700,1,1,1.0,12,2026-08-23T22:50:27.286379+00:00
fake,palmer,Hotel,"Honestly, staying at The Palmer felt like a significant letdown, especially considering what you pay for it. We paid a premium rate expecting something truly restorative, but the value proposition here is shaky at best. First off, the noise! It was relentless; no matter what time I tried to settle down, you could hear traffic vibrations or distant chatter right through the walls. As for cleanliness, while the visible spots were mostly fine, there was a definite musty odor in the bathroom that suggested it hadn't been thoroughly aired out. While the location is undeniably central, making access great when you step outside, none of those perks compensated for the subpar room condition and constant background buzz. It felt overpriced for the lackluster comfort level we actually experienced throughout our stay.",1,gemma4:e4b,long,negative,structured,zero_shot,long_negative_structured_zero_shot,11,818,131,700,1,1,1.0,12,2026-08-23T22:50:28.675625+00:00
fake,sheraton,Hotel,"Honestly, my stay at the Sheraton was incredibly disappointing. We were staying for a few nights before heading out to explore the city properly, so we really needed a comfortable base, but it felt more like an afterthought. The room itself smelled faintly musty, even with the air conditioning blasting all day; it was immediately noticeable and didn't dissipate at all. Beyond that initial whiff, everything just felt tired. The bathroom fixtures looked dated, like they hadn't seen a proper upgrade in decades. And don't get me started on the breakfast area--it was ridiculously crowded from 7 AM to 9 AM; trying to find a spot to actually sit down and eat was an ordeal by itself. To top it all off, when I called the front desk regarding a flickering light fixture in our room, they were vague about sending someone up until hours later than advertised.",1,gemma4:e4b,long,negative,unstructured,few_shot,long_negative_unstructured_few_shot,0,858,148,700,1,2,1.0,12,2026-08-23T22:50:32.208234+00:00
fake,sofitel,Hotel,"Honestly, I was pretty stressed walking in because the booking process felt so convoluted online, but once we got keys to the room it was surprisingly nice. The view from our window was decent enough, looking out over some neighboring rooftops which is better than facing a sheer brick wall, I guess. Getting settled was easy enough; they actually had clear instructions for luggage drop-off, which saves you waiting around awkwardly with big suitcases. The actual bed though? Seriously slept like a rock, much more comfortable than the last place I stayed downtown where it felt like sleeping on cardboard. The coffee maker in the room worked flawlessly this time, unlike some other places I've been where half the machines are broken or just don't heat up right. Staff seemed polite enough when we asked for an extra towel; nobody had to be prompted repeatedly.",1,gemma4:e4b,long,negative,unstructured,few_shot,long_negative_unstructured_few_shot,1,863,145,700,1,2,1.0,12,2026-08-23T22:50:35.694644+00:00
fake,swissotel,Hotel,"Honestly, I was really hoping for better based on how much I paid for this stay at Swissotel. From the moment we arrived, it felt like things were a bit disjointed--the check-in process snaked out unnecessarily long, and frankly, nobody seemed remotely apologetic about the delay. The room itself was... fine, I guess? Nothing particularly inspiring or even noteworthy. My biggest letdown was definitely the pool area; when you expect a high-end resort vibe, this felt underutilized and strangely quiet, like everyone else had given up for the day. Plus, one of the chairs by the water looked suspiciously stained, which is just tacky. I kept expecting prompt service, but when I needed an extra towel, I had to flag down housekeeping twice before anyone even acknowledged me. It's a nice hotel looking at it, sure, but the execution felt really lacking this trip.",1,gemma4:e4b,long,negative,unstructured,few_shot,long_negative_unstructured_few_shot,2,864,144,700,1,2,1.0,12,2026-08-23T22:50:38.997365+00:00
fake,talbott,Hotel,"Honestly, this place felt like it was perpetually one maintenance issue away from falling apart. I mean, getting into my room, the carpet had these noticeable stains, which is never fun to walk on after a long trip. And when I finally got settled, I noticed the mini-fridge was making this really loud rattling sound that kept me up--I'm used to hotel quirks, but this was genuinely disruptive, especially for sleeping. Trying out the coffee machine in the morning? Another battle; it leaked all over the counter which nobody seemed to notice until I pointed it out. It's like they haven't done a deep clean or even a minor repair in ages. The location itself is fine, central enough, sure, but the actual experience staying inside felt tired. You really have to hope for the best with service because relying on perfect upkeep seems impossible here.",1,gemma4:e4b,long,negative,unstructured,few_shot,long_negative_unstructured_few_shot,3,850,146,700,1,1,1.0,12,2026-08-23T22:50:40.575263+00:00
fake,affinia,Hotel,"Honestly, I was pretty let down after staying at the Affinia. We booked because the pictures looked so vibrant online, you know? Like an upscale little getaway vibe, but getting there was a chore itself--parking felt like navigating a maze designed by someone with zero understanding of human geometry. Once we finally got up to the room, things were just...beige. Everything screamed institutional cleanliness rather than genuine warmth; I expected better given what other people seem to be saying about it popping off. The breakfast area was okay, I guess, but the coffee tasted like it had been boiled in yesterday's disappointment. My biggest gripe is the noise insulation--I could clearly hear the cleaning staff finishing up right outside my window around 10 PM, which made winding down impossible.",1,gemma4:e4b,long,negative,unstructured,few_shot,long_negative_unstructured_few_shot,4,804,129,700,1,2,1.0,12,2026-08-23T22:50:43.967027+00:00
fake,allegro,Hotel,"Honestly, when we got back from exploring all day, walking into the lobby felt like taking a breath after holding it for hours. The general vibe was just...muted; nothing jumped out as revolutionary, but everything worked together so quietly well. My room itself was fine--nothing spectacular, linens were soft enough that I didn't notice them much, which is probably saying something, given how long the afternoon was dragging on. What really stood out though, and this is a small thing, was the lighting in the breakfast area; it was perfect, not too harsh like some overly bright places, but warm enough to actually make you want to sit down for more than ten minutes while you were supposed to be rushing off. The check-in process dragged just a bit; they needed almost five minutes just to get my reservation sorted despite having the confirmation email printed out. Still, sleeping here was okay, I guess? Not memorable either way.",1,gemma4:e4b,long,negative,unstructured,few_shot,long_negative_unstructured_few_shot,5,937,158,700,1,1,1.0,12,2026-08-23T22:50:45.590783+00:00
fake,amalfi,Hotel,"Honestly, I was so hyped for this Amalfi trip after seeing all the pictures, but our stay felt...meh. The location itself is stunning, yes, no question about that view when you actually get to it. But getting around feels like a constant battle; parking was an absolute nightmare, and the walk from the car to the lobby felt suspiciously long for paying premium rates. My room, while having a decent enough view, had these weird noises all night--like constant dripping or maybe plumbing issues I couldn't pinpoint. Plus, breakfast? It was painfully underwhelming. I expected fresh local goods, something vibrant, but it felt like lukewarm continental fare served listlessly. We asked for extra towels, and it took until midday to even send someone up. For the price point we paid, you anticipate a level of polish and proactive service that this hotel simply didn't deliver during our stay. A real letdown, sadly.",1,gemma4:e4b,long,negative,unstructured,few_shot,long_negative_unstructured_few_shot,6,914,152,700,1,1,1.0,12,2026-08-23T22:50:47.226053+00:00
fake,ambassador,Hotel,"Honestly, checking into this place felt like navigating a maze until we found our room finally. The lobby was gorgeous enough to stop you in your tracks for a second, very high ceilings and all that marble--definitely impressive first impressions. But once we got upstairs, it wasn't quite as polished as the ground floor suggested. My room was oddly dark, even with the curtains drawn back during what should have been bright daylight hours. The bed itself was fine, soft enough maybe, but the bathroom felt cramped; fitting in all their little fixtures made it feel like a dollhouse corner rather than somewhere restful after a day of sightseeing downtown. Service-wise, calling down for extra towels took more attempts than necessary, which is annoying when you're jet-lagged.",1,gemma4:e4b,long,negative,unstructured,few_shot,long_negative_unstructured_few_shot,7,779,127,700,1,2,1.0,12,2026-08-23T22:50:50.711878+00:00
fake,conrad,Hotel,"Honestly, I was really let down by this stay. We booked here expecting some kind of seamless luxury experience based on what we saw online, but it felt disjointed from the moment we walked through the revolving doors. The room itself was adequate, I guess--fine size-wise--but everything felt dated beneath the superficial sheen they try to maintain with throw pillows and those ridiculously expensive mini toiletries. Getting anything done in the business center was a nightmare; the Wi-Fi kept cutting out intermittently, which is just unprofessional for a hotel at this supposed caliber. And don't even get me started on breakfast. It was such a limited selection, frankly meager for what you pay a full plate for. We sat through an hour waiting for people to finally notice our empty coffee cups in the corner!",1,gemma4:e4b,long,negative,unstructured,few_shot,long_negative_unstructured_few_shot,8,814,135,700,1,2,1.0,12,2026-08-23T22:50:54.100893+00:00
fake,fairmont,Hotel,"Honestly, I was pretty let down after staying here last weekend. The location itself is fantastic, no question--you can walk to everything you want downtown, which saved me a ton of time lugging my suitcase around. But man, the room smelled faintly musty, like someone's forgotten damp laundry had been sitting in the bathroom for weeks. Getting ready felt like an ordeal; the mini-fridge barely held anything and was next to a terrible buzzing outlet that kept making this awful sound all night long. When I finally managed to drag myself down to breakfast, the coffee tasted watered down, seriously weak stuff, and there was no real variety, just the usual sad selection of pastries. The staff seemed busy but somehow still felt distant when I actually needed directions to a bus line across the street. For what we paid, I really expected a higher level of polish in the details.",1,gemma4:e4b,long,negative,unstructured,few_shot,long_negative_unstructured_few_shot,9,882,151,700,1,2,1.0,12,2026-08-23T22:50:57.278625+00:00
fake,hardrock,Hotel,"I was so let down by our stay here. Honestly, after hearing all the hype about Hard Rock, I expected something much more polished, you know? The room itself looked fine initially, but it quickly became apparent that the upkeep is seriously lacking. The bathroom fixtures were visibly stained--I actually had to ask housekeeping to address it because it was pretty noticeable right away. And don't even get me started on the breakfast situation; it felt disorganized and rushed, like nobody knew where everything was supposed to go. We spent forever waiting for coffee refills, which is ridiculous when you're paying hotel prices for that basic service. I kept thinking, given the brand reputation, shouldn't things run a little more smoothly? It just felt slightly chaotic throughout our visit. By the time we checked out, it didn't feel like an exciting rockstar experience; it was just... tired.",1,gemma4:e4b,long,negative,unstructured,few_shot,long_negative_unstructured_few_shot,10,897,147,700,1,2,1.0,12,2026-08-23T22:51:00.496273+00:00
fake,hilton,Hotel,"Honestly, I was hoping for something more vibrant; this place felt rather subdued. The lobby was beautiful enough when I first walked in--all marble and high ceilings--but navigating to my room felt unnecessarily complicated; it took forever just to find the right elevator bank. My room itself was adequate, nothing spectacular but certainly clean, which I have to give them credit for. The bed was remarkably comfortable, even if the blackout curtains were a bit stiff when pulling them open. The only real letdown was the breakfast situation. I expected something with more variety given the hotel's perceived level, and after just coffee and some slightly stale pastries, I left feeling almost hungrier than when I arrived. It's fine for passing through, I guess, but not a place you want to settle into for anything longer than a couple of nights.",1,gemma4:e4b,long,negative,unstructured,few_shot,long_negative_unstructured_few_shot,11,852,141,700,1,1,1.0,12,2026-08-23T22:51:02.022309+00:00
fake,homewood,Hotel,"Honestly, I was quite let down with Homewood. From the moment we arrived, everything felt a little worn, almost like the place hasn't seen a proper update in years. The air conditioning unit in our room was making this terrible rattling noise all night long; it was definitely disruptive and kept me from getting decent rest, which is frankly a huge deal when you're travelling for work. On top of that, the breakfast area was chaotic--you could barely get a decent coffee without waiting ages, and the selection felt painfully limited considering the rates we paid. I kept noticing scuff marks everywhere in the hallways, and some of the bathroom fixtures looked seriously outdated. It's nice enough if you're just passing through for one night only, but for what I expected from this property, it left a distinctly disappointing aftertaste throughout my whole stay.",1,gemma4:e4b,long,negative,unstructured,zero_shot,long_negative_unstructured_zero_shot,0,867,144,700,1,1,1.0,12,2026-08-23T22:51:03.549236+00:00
fake,hyatt,Hotel,"Honestly, I was really let down by my stay here. The room itself looked fine when I first walked in, but everything felt a little tired, like it hadn't seen a deep clean in ages. I kept noticing little bits of dust on the nightstand, which is just unsettling for the price point you charge. And don't even get me started on the breakfast; it was underwhelming. The coffee tasted burnt, and the selection was painfully meager--just stale pastries and lukewarm eggs that looked like they'd been sitting out since sunrise. I expected a bit more polish from a Hyatt brand property. Plus, getting to the lobby area felt chaotic during peak times; the staff seemed spread too thin trying to manage everything. It just gave the whole place a feeling of being overwhelmed rather than luxurious. I spent way more time noticing the maintenance issues and service lull than I did relaxing. Disappointing visit overall.",1,gemma4:e4b,long,negative,unstructured,zero_shot,long_negative_unstructured_zero_shot,1,907,156,700,1,1,1.0,12,2026-08-23T22:51:05.144362+00:00
fake,intercontinental,Hotel,"Honestly, I expected so much more from an Intercontinental stay; the branding suggests a certain level of polished luxury that just wasn't present. Check-in was painfully slow, and even after waiting ages, my room smelled faintly musty, which immediately set a sour tone for the whole trip. The bed itself was incredibly comfortable--I'll give them that--but getting down to breakfast was a letdown; the buffet felt oddly sparse, and while everything looked fine initially, the coffee station was practically abandoned by staff mid-morning. Trying to navigate the supposedly 'updated' fitness center was another slight letdown; half the machines were out of order or just frankly dusty looking. For what I paid for this stay, I really anticipated a level of attentive service that was just conspicuously absent throughout my visit. It felt more like an overpriced corporate hotel than a destination getaway.",1,gemma4:e4b,long,negative,unstructured,zero_shot,long_negative_unstructured_zero_shot,2,907,142,700,1,1,1.0,12,2026-08-23T22:51:06.689973+00:00
fake,james,Hotel,"Honestly, I was really let down by The James. I've stayed at hotels with more character--less of a modern beige void, you know? The room itself felt a bit tired, and when we got back late from dinner, trying to settle in after a long day, the air conditioning sounded like it was struggling to keep up, rattling constantly; it was frankly quite disruptive. Speaking of service, the front desk seemed overwhelmed or perhaps just uninterested; it took forever just to get someone's attention to ask for simple toiletries we were missing. And breakfast? It was painfully predictable, honestly. I expected a little more flair given the location and reputation, but it felt rather corporate and lukewarm by the time we left. For the price point, I really thought there would be some noticeable effort made across the board--a little polish here, better attention to detail there. It just didn't quite land for me this trip.",1,gemma4:e4b,long,negative,unstructured,zero_shot,long_negative_unstructured_zero_shot,3,918,156,700,1,1,1.0,12,2026-08-23T22:51:08.309284+00:00
fake,knickerbocker,Hotel,"Honestly, I left the Knickerbocker feeling completely let down. I've heard so much hype about this place in NYC, but it felt... tired. Getting to the room was fine, though the corridor smelled faintly musty, which immediately put me on edge. The view from our window was admittedly nice enough of Times Square, but the constant noise pollution made it impossible to even relax a bit after a long day of walking around Manhattan. Dinner at the restaurant was another letdown; my partner's steak was ridiculously overcooked, and honestly, the service felt sluggish--like they were perpetually behind on something. For the price point these places charge, you expect a certain level of polish, a little consistent sparkle, I guess? Instead, it felt more like an expensive relic that desperately needs some TLC. We paid for what promised to be historic elegance, and we got... adequate. Definitely not worth the fuss next time.",1,gemma4:e4b,long,negative,unstructured,zero_shot,long_negative_unstructured_zero_shot,4,923,152,700,1,1,1.0,12,2026-08-23T22:51:09.930505+00:00
fake,monaco,Hotel,"Honestly, I was so let down by this stay at The Monaco. Everything felt... tired. We booked for a much-needed romantic getaway, expecting that quintessential glamour associated with the name, but it never materialized. The room itself was pretty lackluster; beautiful decor, sure, but everything felt slightly dated and frankly, quite small given the rates we paid. Trying to enjoy a leisurely breakfast in the main dining area was a chore because the service was glacial--we waited nearly twenty minutes just for someone to refill our coffee cups. And don't even get me started on the pool area; it was noticeably understaffed for how busy it got in the afternoon heat. You expect perfection here, the kind of place that operates flawlessly every single moment, but there were too many minor logistical hiccups to ignore. It felt less like a luxurious escape and more like an expensive obligation. Really overpriced disappointment overall.",1,gemma4:e4b,long,negative,unstructured,zero_shot,long_negative_unstructured_zero_shot,5,940,152,700,1,1,1.0,12,2026-08-23T22:51:11.493278+00:00
fake,omni,Hotel,"Honestly, I left The Omni feeling pretty let down. The lobby area looked gorgeous from a distance, sure, but when you actually walked through and tried to navigate with luggage, it felt clunky--like they haven't updated the flow in years. My room itself was decent enough size-wise, but the noise bleed from the hallway was excessive; I swear I could hear people having loud, very late conversations right next door every night. The breakfast buffet was equally disappointing; overpriced for what it was, and half the stations looked like they were running low on fresh ingredients by 10 AM. We waited ages in the elevator, which is infuriating when you've got that much luggage to lug around. I expected a smoother operation given the name recognition of the brand. It just felt a bit dated underneath all the fancy finishes.",1,gemma4:e4b,long,negative,unstructured,zero_shot,long_negative_unstructured_zero_shot,6,826,140,700,1,1,1.0,12,2026-08-23T22:51:12.979732+00:00
fake,palmer,Hotel,"Honestly, I was quite let down by my stay at The Palmer. We'd booked based on photos showing a certain level of polished luxury, but arriving felt more like an older establishment that hasn't seen some serious TLC in years. The room itself was decent size, sure, but the bathroom fixtures looked incredibly dated--the grout in the shower was truly questionable. Trying to enjoy breakfast was another mixed bag; it wasn't bad enough to complain bitterly about the food quality, but the buffet area felt chaotic and quite underwhelming for the price point we paid. On top of that, getting a drink at the bar required an almost impossible wait, which is frustrating when you're trying to unwind after a long day sightseeing. For what I know in terms of potential, The Palmer could be great, but right now, it feels severely underperforming across key areas.",1,gemma4:e4b,long,negative,unstructured,zero_shot,long_negative_unstructured_zero_shot,7,854,146,700,1,1,1.0,12,2026-08-23T22:51:14.511605+00:00
fake,sheraton,Hotel,"Honestly, I expected much more from a Sheraton given its reputation, and I left feeling pretty let down. The room itself was adequate--nothing screamed 'needs repair' immediately visible--but everything just felt tired. The bathroom grout looked genuinely stained, like nothing short of professional cleaning would touch it. When we went to breakfast, the whole affair was disorganized; the coffee station was nearly empty by 9 AM and it took forever just to get someone's attention to ask for a decent pastry basket refill. Plus, the Wi-Fi kept dropping out at the most inconvenient times when I was actually trying to work remotely, which is honestly why I stayed here. It felt like paying premium rates for something that was just... mediocre, bordering on forgettable. Definitely overpriced for what it delivered this time around.",1,gemma4:e4b,long,negative,unstructured,zero_shot,long_negative_unstructured_zero_shot,8,834,133,700,1,2,1.0,12,2026-08-23T22:51:17.701445+00:00
fake,sofitel,Hotel,"Honestly, I left feeling pretty let down. The location is great, sure, you can walk everywhere, but that's about the only thing I'll give points for. My room itself was just... functional in a negative way. Everything felt tired; the carpets had this weird stain that no amount of staring could ignore, and the bathroom fixtures looked seriously aged, like they hadn't seen a decent scrubby since the last millennium. When I tried to call down for extra towels, it took ages, and when housekeeping finally came by later, they seemed utterly uninterested in actually noticing anything wrong--just ticking boxes. Breakfast was equally underwhelming; the coffee tasted vaguely burnt, and the selection felt like the hotel was hoping you wouldn't notice how sparse everything was. For the price point I paid, I expected a bit more polish, frankly.",1,gemma4:e4b,long,negative,unstructured,zero_shot,long_negative_unstructured_zero_shot,9,843,138,700,1,2,1.0,12,2026-08-23T22:51:21.025030+00:00
fake,swissotel,Hotel,"Honestly, I left Swissotel feeling pretty let down. Everything felt just...off. The room itself was gorgeous from a distance in photos, but upon arrival, it seemed slightly dated and had a strange musty smell, which was a real turn-off right away after checking out of the airport. When we finally got settled, the AC unit sounded like a jet engine taking off, making sleep anything but restful. On top of that, breakfast was underwhelming; the coffee was lukewarm and there was a noticeable lack of fresh fruit options in the buffet lineup. We tried to flag it down for some better choices, but staff seemed incredibly harried and unhelpful when we asked. Considering the premium price point associated with this hotel brand, I really expected a level of polished service that just wasn't there during our entire stay. It felt more transactional than genuinely welcoming.",1,gemma4:e4b,long,negative,unstructured,zero_shot,long_negative_unstructured_zero_shot,10,872,145,700,1,2,1.0,12,2026-08-23T22:51:24.160107+00:00
fake,talbott,Hotel,"Honestly, I was really let down by my stay at Talbot. I kept picturing something more luxurious based on photos, but it felt... tired. The room itself was decent enough size-wise, sure, but the decor reads as dated, almost dusty, and the bedding didn't feel fresh--like they hadn't changed the linens properly in a while or something. The biggest issue for me was the noise; the street sounds seeped right through the windows, making it genuinely hard to get any solid rest. Trying to enjoy dinner at the hotel restaurant felt strained because the service was painfully slow. We waited ages just for bread refills! For the price point they charge, I expected a much higher level of polish, both in maintenance and attentiveness from staff. It was just an unremarkable, disappointing stay that left me feeling quite ripped off by the whole experience.",1,gemma4:e4b,long,negative,unstructured,zero_shot,long_negative_unstructured_zero_shot,11,850,144,700,1,1,1.0,12,2026-08-23T22:51:25.693828+00:00
