Binary_label,Category,domain,text,is_synthetic,model,length,sentiment,structure,example_mode,cell_id,rep_index,n_chars,n_words,target_chars,in_length_band,n_attempts,gen_temperature,gen_seed,timestamp
fake,affinia,Hotel,"Three nights there for business and the value--quiet rooms, solid breakfast buffet with decent coffee--and the pool on-site was empty both evenings I hung out downstairs, so perfect for some quiet laptop work without feeling like I was intruding.",1,doomgrave/ministral-3:8b,short,positive,structured,few_shot,short_positive_structured_few_shot,0,246,39,200,1,2,1.0,12,2026-08-23T22:52:02.887665+00:00
fake,allegro,Hotel,"Staying here was just the perfect balance--quiet enough that you don't hear neighbors (thank god, since we came back late), but right by the action: five-minute walk to that hidden speakeasy you only find when locals point it out.",1,doomgrave/ministral-3:8b,short,positive,structured,few_shot,short_positive_structured_few_shot,1,230,39,200,1,2,1.0,12,2026-08-23T22:52:04.769422+00:00
fake,amalfi,Hotel,"Amalfi's front desk was our first touchpoint, and already the experience set the bar high--check-in smooth as a polished stone on a lazy river.",1,doomgrave/ministral-3:8b,short,positive,structured,few_shot,short_positive_structured_few_shot,2,143,24,200,1,2,1.0,12,2026-08-23T22:52:06.649574+00:00
fake,ambassador,Hotel,"Stayed for four nights--perfect for both work and unwinding. The room was quiet despite being downtown (a rare find), and check-in went smoothly thanks to attentive staff who even remembered my coffee order by Day 3.",1,doomgrave/ministral-3:8b,short,positive,structured,few_shot,short_positive_structured_few_shot,3,216,36,200,1,2,1.0,12,2026-08-23T22:52:08.304185+00:00
fake,conrad,Hotel,"Stepping off the elevator into my room at Conrad Las Vegas was like hitting a boutique hotel tucked inside a skyscraper--so unexpectedly peaceful, even with Strip noise just outside.",1,doomgrave/ministral-3:8b,short,positive,structured,few_shot,short_positive_structured_few_shot,4,182,29,200,1,2,1.0,12,2026-08-23T22:52:10.009131+00:00
fake,fairmont,Hotel,"Our four-night stay at Fairmont Pacific Rim felt like an extension of our family--less a trip, more a breath of fresh air with no trade-offs.",1,doomgrave/ministral-3:8b,short,positive,structured,few_shot,short_positive_structured_few_shot,5,141,25,200,1,2,1.0,12,2026-08-23T22:52:11.883040+00:00
fake,hardrock,Hotel,"Four days at Hard Rock's Las Vegas strip location fit perfectly with our impromptu road trip--plus, we were right on the boardwalk, strolling to bars and shows without missing a beat.",1,doomgrave/ministral-3:8b,short,positive,structured,few_shot,short_positive_structured_few_shot,6,183,31,200,1,2,1.0,12,2026-08-23T22:52:13.750157+00:00
fake,hilton,Hotel,"The Hilton on Lake Michigan was exactly what we needed after weeks of road trips--quiet enough to sleep deep, even with windows open, yet steps from a lakefront park where we'd grab coffee every morning.",1,doomgrave/ministral-3:8b,short,positive,structured,few_shot,short_positive_structured_few_shot,7,203,35,200,1,2,1.0,12,2026-08-23T22:52:15.515060+00:00
fake,homewood,Hotel,"Homewood's suite fit my weekend trip perfectly--three nights without missing a beat thanks to the smart layout, whether I was scrolling through work emails on the desk or unwinding with coffee (and *really* good pastries) at the breakfast bar.",1,doomgrave/ministral-3:8b,short,positive,structured,few_shot,short_positive_structured_few_shot,8,243,39,200,1,2,1.0,12,2026-08-23T22:52:17.201337+00:00
fake,hyatt,Hotel,"After three nights at Hyatt's downtown outpost near the train hub, my wife and I agreed it hit all the right marks--right down to the plush duvet that made morning roll-calls easier (yes, we counted).",1,doomgrave/ministral-3:8b,short,positive,structured,few_shot,short_positive_structured_few_shot,9,200,35,200,1,2,1.0,12,2026-08-23T22:52:19.042565+00:00
fake,intercontinental,Hotel,"Three nights at this InterContinental were exactly what I needed--the room's double bed was cozy after long days exploring, and the hotel bar had those killer old-fashioned cocktails you don't find anywhere else downtown.",1,doomgrave/ministral-3:8b,short,positive,structured,few_shot,short_positive_structured_few_shot,10,221,34,200,1,2,1.0,12,2026-08-23T22:52:20.783007+00:00
fake,james,Hotel,"Stayed for four nights at The James while exploring the city--no early starts or late returns, so slept like I hadn't in months; the quietness is unexpected for downtown.",1,doomgrave/ministral-3:8b,short,positive,structured,few_shot,short_positive_structured_few_shot,11,170,29,200,1,2,1.0,12,2026-08-23T22:52:22.503312+00:00
fake,knickerbocker,Hotel,My week here was smooth despite a few rain delays--check-in went so quickly my luggage barely hit the floor before a nightly corkboard list for neighborhood tips was shoved at me (thank you).,1,doomgrave/ministral-3:8b,short,positive,structured,few_shot,short_positive_structured_few_shot,12,191,33,200,1,2,1.0,12,2026-08-23T22:52:24.384768+00:00
fake,monaco,Hotel,"After three perfect nights at Monaco--spending days on the Promenade while breakfasted in on room service (which arrived like clockwork, thanks to my gracious desk clerk), the *real* treat was slipping into silence by 10pm and waking to ocean views every morning.",1,doomgrave/ministral-3:8b,short,positive,structured,zero_shot,short_positive_structured_zero_shot,0,263,42,200,1,2,1.0,12,2026-08-23T22:52:25.768155+00:00
fake,omni,Hotel,Flying in late last night made my arrival to this downtown Omni feel like a lucky break--check-in was seamless (though I'll never understand why the room key app still wouldn't auto-check me out).,1,doomgrave/ministral-3:8b,short,positive,structured,zero_shot,short_positive_structured_zero_shot,1,196,33,200,1,2,1.0,12,2026-08-23T22:52:27.480031+00:00
fake,palmer,Hotel,"My three-night stay at The Palmer in London was surprisingly reasonable for its location, and I couldn't have asked for friendlier check-in folks--especially with how early my reservation came through. Quiet despite being near Carnaby Street?",1,doomgrave/ministral-3:8b,short,positive,structured,zero_shot,short_positive_structured_zero_shot,2,242,36,200,1,2,1.0,12,2026-08-23T22:52:28.979464+00:00
fake,sheraton,Hotel,Stayed four nights--perfect for exploring downtown without sacrificing quiet at the Sheraton.,1,doomgrave/ministral-3:8b,short,positive,structured,zero_shot,short_positive_structured_zero_shot,3,93,12,200,0,2,1.0,12,2026-08-23T22:52:30.585917+00:00
fake,sofitel,Hotel,"For a city stay, this place nails it--just the right mix of chic without trying too hard. Location's prime (right by the Seine), but I'd book with my eyes open for breakfast timing; the buffet closes sharp at 10:30, and my coffee was lukewarm by then. That said?",1,doomgrave/ministral-3:8b,short,positive,structured,zero_shot,short_positive_structured_zero_shot,4,262,48,200,1,2,1.0,12,2026-08-23T22:52:32.375793+00:00
fake,swissotel,Hotel,The Swissotel's premium price never felt wasted--our room's riverside view made each morning (after a *very* generous breakfast buffet with everything from croissants to local pastries) feel like a treat.,1,doomgrave/ministral-3:8b,short,positive,structured,zero_shot,short_positive_structured_zero_shot,5,204,30,200,1,2,1.0,12,2026-08-23T22:52:34.009204+00:00
fake,talbott,Hotel,"The Talbott was exactly what I needed after two busy days in DC--three nights here, and every detail felt intentional.",1,doomgrave/ministral-3:8b,short,positive,structured,zero_shot,short_positive_structured_zero_shot,6,118,20,200,0,2,1.0,12,2026-08-23T22:52:35.342062+00:00
fake,affinia,Hotel,"The Affinia's location in the heart of the city was perfect--I could walk to all my favorite cafes without missing a beat. The staff were especially helpful, especially the guy at reception who saved me when I mixed up my flight time. Breakfast?",1,doomgrave/ministral-3:8b,short,positive,structured,zero_shot,short_positive_structured_zero_shot,7,245,43,200,1,2,1.0,12,2026-08-23T22:52:36.928297+00:00
fake,allegro,Hotel,"Three nights at Allegro were perfect--the room was spotless but not sterile (bedsheets smelled faintly fresh, sheets didn't drag at the hips), and the AC hummed just loud enough to drown out the distant rumble of the highway by day.",1,doomgrave/ministral-3:8b,short,positive,structured,zero_shot,short_positive_structured_zero_shot,8,232,40,200,1,2,1.0,12,2026-08-23T22:52:38.757605+00:00
fake,amalfi,Hotel,Our four-night stay here was perfect--especially after those last-minute upgrades (thank you!). The room sparkled so cleanly it looked brand-new; plush towels and that quiet view over the rooftops made it hard to leave.,1,doomgrave/ministral-3:8b,short,positive,structured,zero_shot,short_positive_structured_zero_shot,9,219,34,200,1,2,1.0,12,2026-08-23T22:52:40.541505+00:00
fake,ambassador,Hotel,"The rooms were quieter than expected--perfect for sleeping in after late nights exploring the neighborhood (seriously, the location can't be beat; everything's within a brisk walk). Staff made sure our drinks stayed ice-cold without needing to ask twice.",1,doomgrave/ministral-3:8b,short,positive,structured,zero_shot,short_positive_structured_zero_shot,10,254,38,200,1,2,1.0,12,2026-08-23T22:52:41.983541+00:00
fake,conrad,Hotel,"Splurged on The Conrad for three nights in Bangkok--worth every baht when they got that poolside cabana right for me (slightly more noise at dusk from street vendors, but earplugs fixed it by nightfall).",1,doomgrave/ministral-3:8b,short,positive,structured,zero_shot,short_positive_structured_zero_shot,11,203,34,200,1,2,1.0,12,2026-08-23T22:52:43.532337+00:00
fake,fairmont,Hotel,The Fairmont in San Francisco blew me away--even better than I expected.,1,doomgrave/ministral-3:8b,short,positive,structured,zero_shot,short_positive_structured_zero_shot,12,72,12,200,0,2,1.0,12,2026-08-23T22:52:45.211075+00:00
fake,hardrock,Hotel,Got straight into it once I walked through the lobby's bold rock 'n' roll vibe--like stepping into a concert tour bus turned five-star stay. The king bed was so comfortable my back actually stopped aching after one night (rare for me).,1,doomgrave/ministral-3:8b,short,positive,unstructured,few_shot,short_positive_unstructured_few_shot,0,235,41,200,1,2,1.0,12,2026-08-23T22:52:47.063743+00:00
fake,hilton,Hotel,I was surprised by how perfect my Hilton suite ended up being--especially for just the two of us.,1,doomgrave/ministral-3:8b,short,positive,unstructured,few_shot,short_positive_unstructured_few_shot,1,97,18,200,0,2,1.0,12,2026-08-23T22:52:48.950559+00:00
fake,homewood,Hotel,Stayed at Homewood for my sister's wedding weekend--turns out it was *perfect* for that.,1,doomgrave/ministral-3:8b,short,positive,unstructured,few_shot,short_positive_unstructured_few_shot,2,88,14,200,0,2,1.0,12,2026-08-23T22:52:50.701615+00:00
fake,hyatt,Hotel,Arrived late but check-in was so smooth--just handed my phone to a smiling hostess with directions pre-saved to her screen like it was nothing (though I *was* tired).,1,doomgrave/ministral-3:8b,short,positive,unstructured,few_shot,short_positive_unstructured_few_shot,3,166,28,200,1,2,1.0,12,2026-08-23T22:52:52.521029+00:00
fake,intercontinental,Hotel,"Checked in here for work but left feeling like I'd scored an upgrade--my suite's city views? Unbeatable, especially at sunset when those Midtown lights catch the skyline just right.",1,doomgrave/ministral-3:8b,short,positive,unstructured,few_shot,short_positive_unstructured_few_shot,4,181,29,200,1,2,1.0,12,2026-08-23T22:52:54.359558+00:00
fake,james,Hotel,The James feels like it was made for people who appreciate the little touches--the softest towels you'll ever use (the monogrammed ones were a fun extra) without all the overdone boutiquey flair. The rooftop bar's view at sunset?,1,doomgrave/ministral-3:8b,short,positive,unstructured,few_shot,short_positive_unstructured_few_shot,5,229,38,200,1,2,1.0,12,2026-08-23T22:52:56.246979+00:00
fake,knickerbocker,Hotel,"The Knickerbocker's lobby was that perfect mix of old-school charm and crisp modernity--the kind of place you want to linger in with coffee at 6 a.m., just soaking it all in.",1,doomgrave/ministral-3:8b,short,positive,unstructured,few_shot,short_positive_unstructured_few_shot,6,174,31,200,1,2,1.0,12,2026-08-23T22:52:58.093180+00:00
fake,monaco,Hotel,"Stayed here for three nights during my trip to Monaco--couldn't have been happier with how thoughtful everything felt, even though it was just for me.",1,doomgrave/ministral-3:8b,short,positive,unstructured,few_shot,short_positive_unstructured_few_shot,7,150,25,200,1,2,1.0,12,2026-08-23T22:52:59.970269+00:00
fake,omni,Hotel,"The rooftop bar here doesn't have that overpriced city view nonsense--it's got *real* depth, like you can actually see the lake on a clear day without some slick reflection trick.",1,doomgrave/ministral-3:8b,short,positive,unstructured,few_shot,short_positive_unstructured_few_shot,8,179,30,200,1,2,1.0,12,2026-08-23T22:53:01.858976+00:00
fake,palmer,Hotel,"I wasn't sure if Palmer's mix of history and modern comforts would actually work for me, but it totally did--no awkwardness about where it sits between high-end boutique and classic Chicago vibes.",1,doomgrave/ministral-3:8b,short,positive,unstructured,few_shot,short_positive_unstructured_few_shot,9,196,32,200,1,2,1.0,12,2026-08-23T22:53:03.683968+00:00
fake,sheraton,Hotel,"The bed here is absurdly comfortable--the kind you sink into just enough to remember it later--plus, their room service after midnight was exactly what I needed when my train was delayed (they even left a note with an extra biscuit). Only gripe?",1,doomgrave/ministral-3:8b,short,positive,unstructured,few_shot,short_positive_unstructured_few_shot,10,245,42,200,1,2,1.0,12,2026-08-23T22:53:05.357656+00:00
fake,sofitel,Hotel,"Staying at Sofitel Miami was effortlessly smooth--check-in was seamless with a warm smile and a bottle of water upon arrival, which hit just right after a long flight.",1,doomgrave/ministral-3:8b,short,positive,unstructured,few_shot,short_positive_unstructured_few_shot,11,167,28,200,1,2,1.0,12,2026-08-23T22:53:07.177163+00:00
fake,swissotel,Hotel,The Swissotel's check-in was so smooth--barcodes scanned before I even reached the front desk--and that little welcome drink with fresh mint on ice set the tone immediately.,1,doomgrave/ministral-3:8b,short,positive,unstructured,few_shot,short_positive_unstructured_few_shot,12,173,27,200,1,2,1.0,12,2026-08-23T22:53:08.955125+00:00
fake,talbott,Hotel,The Talbott's quiet charm wrapped around me like a cozy throw--exactly what I needed after endless flights. The room's crisp linen and that unexpected buttery coffee in the lobby sent my whole morning on autopilot happy mode; even the shower pressure didn't waver.,1,doomgrave/ministral-3:8b,short,positive,unstructured,zero_shot,short_positive_unstructured_zero_shot,0,264,43,200,1,2,1.0,12,2026-08-23T22:53:10.327378+00:00
fake,affinia,Hotel,"The Affinia's lobby was so much nicer than I expected--real wood beams instead of cheap paneling, and their breakfast buffet had way better pastries than most places (the almond croissants were *chef's kiss*).",1,doomgrave/ministral-3:8b,short,positive,unstructured,zero_shot,short_positive_unstructured_zero_shot,1,209,33,200,1,2,1.0,12,2026-08-23T22:53:12.141252+00:00
fake,allegro,Hotel,The Allegro's rooftop pool was just what I needed--right in the city but feeling like a secret oasis. The coffee in the lobby hit the spot first thing every morning (their lavender scone?,1,doomgrave/ministral-3:8b,short,positive,unstructured,zero_shot,short_positive_unstructured_zero_shot,2,187,33,200,1,2,1.0,12,2026-08-23T22:53:13.966132+00:00
fake,amalfi,Hotel,The sunlit terrace with that view of Positano's bay was worth every euro--I spent hours sipping Aperol on a comfy lounger while the waves sparkled below.,1,doomgrave/ministral-3:8b,short,positive,unstructured,zero_shot,short_positive_unstructured_zero_shot,3,153,26,200,1,2,1.0,12,2026-08-23T22:53:15.594614+00:00
fake,ambassador,Hotel,The bed was heaven--like floating in midair--but that's nothing compared to how quickly they fixed my Wi-Fi when I couldn't stream my meeting.,1,doomgrave/ministral-3:8b,short,positive,unstructured,zero_shot,short_positive_unstructured_zero_shot,4,142,23,200,1,2,1.0,12,2026-08-23T22:53:17.244935+00:00
fake,conrad,Hotel,"The room was just as gorgeous in person--all sleek wood and glass, with those little touches like handwritten notes by the minibar that made us feel taken care of instead of checked-in. The rooftop pool at night?",1,doomgrave/ministral-3:8b,short,positive,unstructured,zero_shot,short_positive_unstructured_zero_shot,5,212,37,200,1,2,1.0,12,2026-08-23T22:53:19.064950+00:00
fake,fairmont,Hotel,The Fairmont was perfect--from the butler opening my door with a knowing smile (he remembered my name!) to the sunrise views that had me forgetting time entirely over tea on the balcony.,1,doomgrave/ministral-3:8b,short,positive,unstructured,zero_shot,short_positive_unstructured_zero_shot,6,186,32,200,1,2,1.0,12,2026-08-23T22:53:20.418763+00:00
fake,hardrock,Hotel,"Honestly, staying here was exactly what I needed--cozy but not stuffy, right in the middle of everything with that killer Hard Rock energy buzzing downstairs.",1,doomgrave/ministral-3:8b,short,positive,unstructured,zero_shot,short_positive_unstructured_zero_shot,7,158,25,200,1,2,1.0,12,2026-08-23T22:53:21.990356+00:00
fake,hilton,Hotel,"Wow, the *rooftop pool* at this Hilton was everything--I woke up to a sunrise over the city (with my coffee!) after sleeping soundly in their super quiet suite with the blackout drapes.",1,doomgrave/ministral-3:8b,short,positive,unstructured,zero_shot,short_positive_unstructured_zero_shot,8,185,32,200,1,2,1.0,12,2026-08-23T22:53:23.576467+00:00
fake,homewood,Hotel,"Honestly? The breakfast spread here is unbeatable--fresh croissants that still had flaky layers when I took a bite (rare in hotel pastries), and the yogurt station was perfect for balancing with the honey butter.",1,doomgrave/ministral-3:8b,short,positive,unstructured,zero_shot,short_positive_unstructured_zero_shot,9,212,34,200,1,2,1.0,12,2026-08-23T22:53:25.312973+00:00
fake,hyatt,Hotel,"Oh man, this place totally nailed it--the rooms are so quiet you could practically hear a pin drop (which was nice, not creepy) and the coffee station had those little flavor pods I'd been dying to try. Their dinner reservation at the bar upstairs?",1,doomgrave/ministral-3:8b,short,positive,unstructured,zero_shot,short_positive_unstructured_zero_shot,10,248,44,200,1,2,1.0,12,2026-08-23T22:53:26.746853+00:00
fake,intercontinental,Hotel,"The bed at Intercontinental in Times Square was the best--so soft yet supportive I actually slept deeper than at home. Check-in was a breeze despite my late arrival, and the concierge knew exactly how to book that jazz bar downtown (perfect mojitos, btw). Only quirk?",1,doomgrave/ministral-3:8b,short,positive,unstructured,zero_shot,short_positive_unstructured_zero_shot,11,267,45,200,1,2,1.0,12,2026-08-23T22:53:28.346432+00:00
fake,james,Hotel,"I stayed at The James for a quick weekend getaway and honestly? The check-in line was surprisingly short, which saved us time so we could grab a drink at their rooftop bar sooner.",1,doomgrave/ministral-3:8b,short,positive,unstructured,zero_shot,short_positive_unstructured_zero_shot,12,179,33,200,1,2,1.0,12,2026-08-23T22:53:30.160042+00:00
fake,knickerbocker,Hotel,"Felt like we were living in a noisy hostel--thin walls mean every step in hallways felt like an intrusion by 5 AM, and the breakfast buffet was more like watching stale pastries collect dust.",1,doomgrave/ministral-3:8b,short,negative,structured,few_shot,short_negative_structured_few_shot,0,191,34,200,1,2,1.0,12,2026-08-23T22:53:31.557515+00:00
fake,monaco,Hotel,"Bought the 'family suite' for a long weekend thinking it'd save money--no way, this place is *so* overpriced for what you get. Located right by that strip where all the tourists jam up traffic?",1,doomgrave/ministral-3:8b,short,negative,structured,few_shot,short_negative_structured_few_shot,1,193,34,200,1,2,1.0,12,2026-08-23T22:53:33.427661+00:00
fake,omni,Hotel,"After four nights expecting comforts like a good mattress (none), actual soap (just body wipes), and an attentive concierge who'd remember my room's request for *actual* coffee in the morning (not that single burnt cup they called 'brewed'--no thanks), I'm still not sure what Omni thought it was selling. The place looked polished on paper, but for the $400/night we paid, a cheaper motel in Gary would've had less dust and more decency.",1,doomgrave/ministral-3:8b,short,negative,structured,few_shot,short_negative_structured_few_shot,2,438,73,200,0,2,1.0,12,2026-08-23T22:53:34.992320+00:00
fake,palmer,Hotel,"My one-night stay at Palmer was a mess--check-in was sluggish, my room smelled musty despite air-freshener attempts, and thin walls let the floor above stomp at 6am like they were marching.",1,doomgrave/ministral-3:8b,short,negative,structured,few_shot,short_negative_structured_few_shot,3,189,31,200,1,2,1.0,12,2026-08-23T22:53:36.596553+00:00
fake,sheraton,Hotel,Three nights here for twice what they charged for a cramped room with yellowed carpet smelling like stale cigarette smoke--my suitcase wasn't unpacked by checkout.,1,doomgrave/ministral-3:8b,short,negative,structured,few_shot,short_negative_structured_few_shot,4,163,25,200,1,2,1.0,12,2026-08-23T22:53:38.417402+00:00
fake,sofitel,Hotel,"For a three-night business trip in the CBD, Sofitel's 'central' location was overrated--it's right on a main drag, so every car horn and construction noise made it impossible to get even a few hours' sleep by room 12.",1,doomgrave/ministral-3:8b,short,negative,structured,few_shot,short_negative_structured_few_shot,5,217,38,200,1,2,1.0,12,2026-08-23T22:53:40.304124+00:00
fake,swissotel,Hotel,Ditched by a $600/night Swissotel for what passed as 'Swiss precision'--unless you're counting how many times we had to knock before the front desk answered after claiming 'room service would be there by 9 AM' (it was 11:30).,1,doomgrave/ministral-3:8b,short,negative,structured,few_shot,short_negative_structured_few_shot,6,225,38,200,1,2,1.0,12,2026-08-23T22:53:42.120734+00:00
fake,talbott,Hotel,"For three nights at over $500 a pop, I figured I'd get quiet and clean--but this place was loud with construction outside by 7am daily, plus the shower drain clogged halfway through my stay.",1,doomgrave/ministral-3:8b,short,negative,structured,few_shot,short_negative_structured_few_shot,7,190,34,200,1,2,1.0,12,2026-08-23T22:53:43.676959+00:00
fake,affinia,Hotel,"Five days at Affinia should've been great--the deal on location was unbeatable--but noise from the street at 4am kept us up every night, the breakfast spread had *one* burnt toaster bagel after another (sigh), and the pool was more 'lurking rat' than refreshing.",1,doomgrave/ministral-3:8b,short,negative,structured,few_shot,short_negative_structured_few_shot,8,262,43,200,1,2,1.0,12,2026-08-23T22:53:45.402062+00:00
fake,allegro,Hotel,"Broke down paying nearly $500/night just for this dump to feel like it actually had *anything*--but nope, the walls are paper-thin (could hear someone slurping a drink at 1am), the sheets smelled faintly of mildew even after 'prep work' (whatever that means), and 'downtown' is more like walking through traffic to get to anything decent. Even Uber charges extra to avoid their sketchy block. Save your cash--this place doesn't live up to half its price tag, no matter how you look at it.",1,doomgrave/ministral-3:8b,short,negative,structured,few_shot,short_negative_structured_few_shot,9,488,83,200,0,2,1.0,12,2026-08-23T22:53:47.114587+00:00
fake,amalfi,Hotel,Overpromising its Amalfi perch with sea views that were more *hope* than actual scenery--half my mornings woke to mist swallowing cliffs instead of the glittering coast we paid for.,1,doomgrave/ministral-3:8b,short,negative,structured,few_shot,short_negative_structured_few_shot,10,181,29,200,1,2,1.0,12,2026-08-23T22:53:49.002597+00:00
fake,ambassador,Hotel,"After paying almost triple the price of a decent Airbnb, the three-night stay felt like a stretch--until the window unit hummed nonstop into the night.",1,doomgrave/ministral-3:8b,short,negative,structured,few_shot,short_negative_structured_few_shot,11,151,25,200,1,2,1.0,12,2026-08-23T22:53:50.393616+00:00
fake,conrad,Hotel,"After three nights--*two* of which were wasted waiting on slow responses from front desk staff who couldn't even get my room key right--the Conrad's location near the Loop barely mattered once they forgot to replenish towels until I called twice; the suite looked pristine at check-in but had cobwebs in a corner by dinner. The concierge suggested overpriced dive bars instead of actual recommendations, and the 'luxury' bed was too firm for back pain. A waste of $$--at least my credit card didn't feel it yet.",1,doomgrave/ministral-3:8b,short,negative,structured,few_shot,short_negative_structured_few_shot,12,511,86,200,0,2,1.0,12,2026-08-23T22:53:52.165779+00:00
fake,fairmont,Hotel,After five nights at this Fairmont--supposedly in the heart of downtown--my room had cobwebs near the ceiling fan and a slight musty odor lingering despite 'daily' cleaning.,1,doomgrave/ministral-3:8b,short,negative,structured,zero_shot,short_negative_structured_zero_shot,0,173,27,200,1,2,1.0,12,2026-08-23T22:53:53.959138+00:00
fake,hardrock,Hotel,Slept through my first night here--only to wake at 3 AM to a live band's bass thumping harder than my alarm ever could. Three days for $500 downtown with skyscrapers blocking every sunrise didn't exactly justify it; I'll stick to hostels if I want cheap chaos.,1,doomgrave/ministral-3:8b,short,negative,structured,zero_shot,short_negative_structured_zero_shot,1,260,46,200,1,1,1.0,12,2026-08-23T22:53:54.554651+00:00
fake,hilton,Hotel,"Ditched my Hilton after paying $350/night for a room louder than Times Square--staff ignored our calls for quiet (or didn't care), and breakfast was a sad bagel with stale coffee that tasted like it aged in the vending machine.",1,doomgrave/ministral-3:8b,short,negative,structured,zero_shot,short_negative_structured_zero_shot,2,227,39,200,1,2,1.0,12,2026-08-23T22:53:55.962065+00:00
fake,homewood,Hotel,"For two nights in that 'luxury' room--double-charged for Wi-Fi--and the place smelt like mildew between sheet changes. Stepped on something slimy by the shower, and the street noise woke me at 4 a.m., thick walls or no.",1,doomgrave/ministral-3:8b,short,negative,structured,zero_shot,short_negative_structured_zero_shot,3,219,37,200,1,2,1.0,12,2026-08-23T22:53:57.566368+00:00
fake,hyatt,Hotel,"After a three-day stay that left us exhausted rather than rested, our Hyatt felt like a series of letdowns--dust bunnies in the corners, breakfast croissants so soggy they might've been microwaved (twice), and a location that was conveniently central but oddly devoid of life beyond overpriced coffee shops. Checked out halfway through planning my complaint rather than enjoying myself.",1,doomgrave/ministral-3:8b,short,negative,structured,zero_shot,short_negative_structured_zero_shot,4,386,59,200,0,2,1.0,12,2026-08-23T22:53:59.053983+00:00
fake,intercontinental,Hotel,"Stayed for four nights at this so-called 'iconic' spot near Times Square chaos, and let me tell you--no amount of lobby glam compensates for waking up to dust bunnies under my bed every morning or checking out a half-filled water bottle left on the nightstand (seriously?",1,doomgrave/ministral-3:8b,short,negative,structured,zero_shot,short_negative_structured_zero_shot,5,271,46,200,0,2,1.0,12,2026-08-23T22:54:00.887273+00:00
fake,james,Hotel,After two days at this place--with a room so loud we couldn't sleep past 5 AM--they claimed it was 'new construction' but forgot to soundproof the AC fan. Breakfast?,1,doomgrave/ministral-3:8b,short,negative,structured,zero_shot,short_negative_structured_zero_shot,6,165,29,200,1,2,1.0,12,2026-08-23T22:54:02.256512+00:00
fake,knickerbocker,Hotel,"Check out seemed rushed after five nights here--$500 a night for a cramped room with thin walls left us waking to snoring at 6 AM and weak, overpriced coffee in the *barely* stocked breakfast nook.",1,doomgrave/ministral-3:8b,short,negative,structured,zero_shot,short_negative_structured_zero_shot,7,197,35,200,1,2,1.0,12,2026-08-23T22:54:03.728220+00:00
fake,monaco,Hotel,Two nights here were ruined by thin walls--woke up to my neighbor's snoring every morning at 3 AM--and the continental breakfast was mostly stale pastries and lukewarm coffee.,1,doomgrave/ministral-3:8b,short,negative,structured,zero_shot,short_negative_structured_zero_shot,8,175,28,200,1,2,1.0,12,2026-08-23T22:54:05.111457+00:00
fake,omni,Hotel,Stayed at Omni for five nights--paid *far* too much for what amounted to a dusty bed and a floorboard that creaked like a haunted house.,1,doomgrave/ministral-3:8b,short,negative,structured,zero_shot,short_negative_structured_zero_shot,9,136,25,200,1,2,1.0,12,2026-08-23T22:54:06.729124+00:00
fake,palmer,Hotel,"For nearly double what I'd pay elsewhere, this room looked like it hadn't been deep-cleaned since the '80s--dust bunnies in the corners, stale air that didn't lift with opening windows--and the breakfast was a sad buffet of soggy yogurt and pre-sliced apples gone limp hours ago. The wall next to my bed thumped like a bass drum all night; I finally slept on the floor instead.",1,doomgrave/ministral-3:8b,short,negative,structured,zero_shot,short_negative_structured_zero_shot,10,377,66,200,0,2,1.0,12,2026-08-23T22:54:08.343517+00:00
fake,sheraton,Hotel,Promised 'central' location turned out to be two blocks from anything worth walking to--barren streets with broken pavement by morning.,1,doomgrave/ministral-3:8b,short,negative,structured,zero_shot,short_negative_structured_zero_shot,11,135,20,200,1,2,1.0,12,2026-08-23T22:54:10.026692+00:00
fake,sofitel,Hotel,"After checking into Sofitel, I expected polished service and quiet--but the room smelled stale despite my request for fresh towels, while late-night construction across the street drowned out any hope of rest.",1,doomgrave/ministral-3:8b,short,negative,structured,zero_shot,short_negative_structured_zero_shot,12,209,32,200,1,2,1.0,12,2026-08-23T22:54:11.641703+00:00
fake,swissotel,Hotel,Swissotel's promise was way overhyped--like paying for a five-star flight but ending up on a budget airline.,1,doomgrave/ministral-3:8b,short,negative,unstructured,few_shot,short_negative_unstructured_few_shot,0,108,17,200,0,2,1.0,12,2026-08-23T22:54:13.281960+00:00
fake,talbott,Hotel,"The Talbott promised *chic*, but what we got was dated--like if someone threw old IKEA furniture together with a broken A/C (literally; my sheets were soaked by midnight) and called it design.",1,doomgrave/ministral-3:8b,short,negative,unstructured,few_shot,short_negative_unstructured_few_shot,1,192,32,200,1,2,1.0,12,2026-08-23T22:54:15.129138+00:00
fake,affinia,Hotel,Check-in took forty minutes because 'they' misrouted my reservation--twice--even after I called front desk to double-check.,1,doomgrave/ministral-3:8b,short,negative,unstructured,few_shot,short_negative_unstructured_few_shot,2,123,16,200,0,2,1.0,12,2026-08-23T22:54:16.883332+00:00
fake,allegro,Hotel,"Promised a 'peaceful retreat' but their window broke on the third night--glass scattered everywhere, woke us up every hour to shards hitting floors below.",1,doomgrave/ministral-3:8b,short,negative,unstructured,few_shot,short_negative_unstructured_few_shot,3,154,24,200,1,2,1.0,12,2026-08-23T22:54:18.781555+00:00
fake,amalfi,Hotel,"Spent three days there with my sister, expecting something like the beach clubs I've seen on Instagram--turns out they've got a *tiny* pool tucked in some corner behind the lobby, more crowded than the beach itself at 10am. The room?",1,doomgrave/ministral-3:8b,short,negative,unstructured,few_shot,short_negative_unstructured_few_shot,4,233,40,200,1,2,1.0,12,2026-08-23T22:54:20.680071+00:00
fake,ambassador,Hotel,"Had high hopes for this place after reading all the rave reviews, but their 'lobby drinks' were more about price gouging than hospitality--$18 for a lukewarm beer that tasted like it sat on ice meant to keep you from questioning your life choices.",1,doomgrave/ministral-3:8b,short,negative,unstructured,few_shot,short_negative_unstructured_few_shot,5,247,43,200,1,2,1.0,12,2026-08-23T22:54:22.562438+00:00
fake,conrad,Hotel,After flying halfway across the world just for this 'iconic' experience--only to be hit with a $40 room service delivery charge when they tracked my card without asking--I felt anything but grand.,1,doomgrave/ministral-3:8b,short,negative,unstructured,few_shot,short_negative_unstructured_few_shot,6,196,32,200,1,2,1.0,12,2026-08-23T22:54:24.450735+00:00
fake,fairmont,Hotel,Checked into my Fairmont for what was *supposed* to be a quiet escape--turns out 'high-end' means they'll hit you with a $50 charge just to leave coffee cups dirty (seriously?).,1,doomgrave/ministral-3:8b,short,negative,unstructured,few_shot,short_negative_unstructured_few_shot,7,177,30,200,1,2,1.0,12,2026-08-23T22:54:26.138906+00:00
fake,hardrock,Hotel,"Honestly, the Hard Rock's supposed energy fell flat--our room smelled like someone drowned a damp towel in here, and the shower wouldn't stay hot longer than a quick splash (my boyfriend burned his arm twice).",1,doomgrave/ministral-3:8b,short,negative,unstructured,few_shot,short_negative_unstructured_few_shot,8,209,35,200,1,2,1.0,12,2026-08-23T22:54:27.832755+00:00
fake,hilton,Hotel,"Spent three nights here last week after reading all the five-star hype online--and wow, did I feel cheated by comparison.",1,doomgrave/ministral-3:8b,short,negative,unstructured,few_shot,short_negative_unstructured_few_shot,9,121,20,200,0,2,1.0,12,2026-08-23T22:54:29.709808+00:00
fake,homewood,Hotel,This place was just... disappointing.,1,doomgrave/ministral-3:8b,short,negative,unstructured,few_shot,short_negative_unstructured_few_shot,10,37,5,200,0,2,1.0,12,2026-08-23T22:54:31.585229+00:00
fake,hyatt,Hotel,"The Hyatt was loud--literally. Our floor echoed with every step above us all night, and no matter how thick the walls seemed in the brochure, they didn't drown out snoring or thumping at 3am.",1,doomgrave/ministral-3:8b,short,negative,unstructured,few_shot,short_negative_unstructured_few_shot,11,191,34,200,1,2,1.0,12,2026-08-23T22:54:33.197280+00:00
fake,intercontinental,Hotel,"The Intercontinental's lobby was impressive but the room felt like an afterthought--flimsy sheets, dead bugs in the shower drain, and the air conditioner hissed like it was one fault away from giving up entirely.",1,doomgrave/ministral-3:8b,short,negative,unstructured,few_shot,short_negative_unstructured_few_shot,12,212,34,200,1,2,1.0,12,2026-08-23T22:54:34.771745+00:00
fake,james,Hotel,"The James was *supposed* to be luxurious--until we arrived at a cold room with a shower that barely stayed warm and smelled like mildew, despite us asking twice for new towels after they got damp.",1,doomgrave/ministral-3:8b,short,negative,unstructured,zero_shot,short_negative_unstructured_zero_shot,0,196,35,200,1,2,1.0,12,2026-08-23T22:54:36.331264+00:00
fake,knickerbocker,Hotel,I paid a premium for what felt like a hostel. The room was loud--constant HVAC clicking woke me twice--and the Wi-Fi was spotty enough I gave up trying to check messages after 30 minutes.,1,doomgrave/ministral-3:8b,short,negative,unstructured,zero_shot,short_negative_unstructured_zero_shot,1,187,34,200,1,2,1.0,12,2026-08-23T22:54:38.077826+00:00
fake,monaco,Hotel,"Checked in after three failed attempts--turns out my room didn't have a view despite 'oceanfront' promises--and when I finally settled into my dark, dated space with moldy drapes that wouldn't close all the way, staff barely bothered to explain why the Wi-Fi kept kicking me off every time I logged on. Staff was worse: one rude front desk clerk who eyed my complaints like they were a personal attack (my 'deluxe' suite had scuffs you could kick in), and another waiter who brought ice cold in my water despite asking for it three times. Even the pool area felt like a set piece--empty loungers, cracked",1,doomgrave/ministral-3:8b,short,negative,unstructured,zero_shot,short_negative_unstructured_zero_shot,2,604,105,200,0,2,1.0,12,2026-08-23T22:54:39.905219+00:00
fake,omni,Hotel,"Check-in was a nightmare--my name was barked out like I was a problem, and even after I finally got my key, the room had half the lights burned out.",1,doomgrave/ministral-3:8b,short,negative,unstructured,zero_shot,short_negative_unstructured_zero_shot,3,148,29,200,1,2,1.0,12,2026-08-23T22:54:41.467838+00:00
fake,palmer,Hotel,"I thought this place was supposed to be high-end after all those pictures, but the room smelled like mildew and the bed felt lumpy as hell--plus the Wi-Fi dropped every five minutes.",1,doomgrave/ministral-3:8b,short,negative,unstructured,zero_shot,short_negative_unstructured_zero_shot,4,182,32,200,1,2,1.0,12,2026-08-23T22:54:43.053260+00:00
fake,sheraton,Hotel,"After two nights at the Sheraton, I can't believe how overpromised this place was--our room smelled like stale air and mold in the shower.",1,doomgrave/ministral-3:8b,short,negative,unstructured,zero_shot,short_negative_unstructured_zero_shot,5,138,24,200,1,2,1.0,12,2026-08-23T22:54:44.636337+00:00
fake,sofitel,Hotel,"The place looked stunning in pictures--beautiful views of the canal--but the room's Wi-Fi kept dropping halfway through Zoom calls (three times in one day), and despite calling three times, the staff just blamed 'the weather,' like some tech-savvy storm magically fried our connections. Even the concierge who promised a 'local hidden gem' for dinner sent us to a place that had zero parking (or English menus), leaving me wishing we'd just stayed in with room service, which, by the way, was fine but came at 90 degrees while my tea went cold. For 300 euros a night, I expected better than",1,doomgrave/ministral-3:8b,short,negative,unstructured,zero_shot,short_negative_unstructured_zero_shot,6,590,101,200,0,2,1.0,12,2026-08-23T22:54:46.458833+00:00
fake,swissotel,Hotel,"The Swissotel's 'peaceful' claims were misleading--the street noise from a construction site next door was deafening all day, and even after complaining, they offered nothing but an overpriced mini-fridge as compensation, which arrived hours later with half-empty condiments (I've had better cheap motels). Their 'luxury spa' promised relaxation but felt like a sauna afternoons, the water always lukewarm despite three resets I requested. And don't get me started on the Wi-Fi: spotty in the rooms unless you dragged your laptop to the overcrowded lobby, where staff ignored my three reminders to 'check",1,doomgrave/ministral-3:8b,short,negative,unstructured,zero_shot,short_negative_unstructured_zero_shot,7,604,92,200,0,2,1.0,12,2026-08-23T22:54:48.267629+00:00
fake,talbott,Hotel,Slept through my early check-in because they 'lost' the reservation--so I showed up to a bare room with peeling wallpaper and a shower that sprayed like someone turned it on at half power.,1,doomgrave/ministral-3:8b,short,negative,unstructured,zero_shot,short_negative_unstructured_zero_shot,8,188,33,200,1,2,1.0,12,2026-08-23T22:54:49.886798+00:00
fake,affinia,Hotel,"Honestly, this place left me fuming--check-in took 45 minutes with clueless staff who fumbled my reservation twice, and the room's AC sounded like a dying lawnmower; by nightfall, we'd already called to switch rooms again. The breakfast buffet?",1,doomgrave/ministral-3:8b,short,negative,unstructured,zero_shot,short_negative_unstructured_zero_shot,9,244,38,200,1,2,1.0,12,2026-08-23T22:54:51.491359+00:00
fake,allegro,Hotel,"This Allegro was nothing like advertised--check-in took over an hour just to get a room key that barely worked in the lock, and then my bed creaked *loudly* every time I moved, even though it was supposedly a premium suite.",1,doomgrave/ministral-3:8b,short,negative,unstructured,zero_shot,short_negative_unstructured_zero_shot,10,223,40,200,1,2,1.0,12,2026-08-23T22:54:53.065305+00:00
fake,amalfi,Hotel,"After five nights, my suite still smelled like damp towels left too long by the janitor, and the 'room service' arrived three hours late with cold rice instead of pasta.",1,doomgrave/ministral-3:8b,short,negative,unstructured,zero_shot,short_negative_unstructured_zero_shot,11,169,30,200,1,2,1.0,12,2026-08-23T22:54:54.551321+00:00
fake,ambassador,Hotel,"Checked in expecting clean, quiet, and modern--ended up with sticky carpet near the elevator, a fridge that never worked despite multiple complaints to night staff (they just 'noticed' it after I left), and a view of the parking lot because my requested corner room got swapped last minute without apology. Not even the $300/night rate could fix the fact that management acted like guest convenience was an afterthought; will never go back.",1,doomgrave/ministral-3:8b,short,negative,unstructured,zero_shot,short_negative_unstructured_zero_shot,12,440,72,200,0,2,1.0,12,2026-08-23T22:54:56.158694+00:00
fake,conrad,Hotel,"The Conrad didn't skimp on anything--it's clearly designed for travelers who want a *real* luxury experience without the price tag feeling punitive. Sure, it costs more than some downtown options, but by the end of three nights, you'd be hard-pressed to find where the value stopped. The moment you step into your room (ours was on the 21st floor), the floor-to-ceiling windows and that deep blue-and-silver color scheme just *elevate* your whole visit--you're not checking into a hotel; you're staying in a high-rise oasis.

Cleanliness is where they really outshine competitors: every surface gleamed, sheets smelled freshly dried (I checked the tags--perfectly pressed), and the bathrooms were immaculate without feeling sterile. Even the trash cans had fresh liners, something so small but *so* meaningful after a week on the road.

The staff? That's where this place earned its reputation for hospitality.",1,doomgrave/ministral-3:8b,long,positive,structured,few_shot,long_positive_structured_few_shot,0,910,141,700,1,2,1.0,12,2026-08-23T22:55:01.461130+00:00
fake,fairmont,Hotel,"The Fairmont's Paris Ritz was everything my Parisian city break needed--without the frenzy of budget hotels. The concierge didn't just hand me a menu for Cafe de la Paix; they walked me through their best wine pairings and even secured last-minute reservations at Les Deux Magots, which I might've missed otherwise. Breakfast in the Grand Dining Room felt less like a buffet line and more like an experience: the croissants were golden and pillowy, the coffee strong enough to keep me steady on cobblestones, but not so bold it ruined my afternoon cafe au lait ritual. For the price, you'd expect some compromise, but every detail--from the slippers by the bed to the view of Sacre-Cœur from our 7th-floor room--made it feel worth every franc.

The only thing I worried about was noise at 5 AM when construction started down the street, but my room's triple-pane windows drowned out everything but birds chirping.",1,doomgrave/ministral-3:8b,long,positive,structured,few_shot,long_positive_structured_few_shot,1,913,153,700,1,2,1.0,12,2026-08-23T22:55:05.641831+00:00
fake,hardrock,Hotel,"For an overnight trip last month with my sister, we checked into Hard Rock Detroit right off the streetcar line, which honestly couldn't have been more convenient--no parking hassles at all. The room we booked was a standard double for two (not expecting luxury here), and I'm happy to say it delivered on basics without overpromising: no peeling wallpaper or damp towels, just solid cleanliness. They'd restocked the small fridge with coffee pods mid-stay, which saved us from scrambling for something basic first thing the next morning--little gestures like that matter when you're jet-lagged.

The first night was loud, as expected with a venue across the hall (the concert we came to started just two minutes after check-in), but by the second day, my sister had her earplugs ready before dawn and wasn't bothered once.",1,doomgrave/ministral-3:8b,long,positive,structured,few_shot,long_positive_structured_few_shot,2,823,135,700,1,2,1.0,12,2026-08-23T22:55:10.086220+00:00
fake,hilton,Hotel,"I'd say Hilton's Riverside Tower is worth every penny, even if it feels like you're paying for the iconic skyline views that don't exactly hit *all* your room windows. Our two-night stay was perfect for a weekend getaway--the location can't be beat, right next to the riverwalk and easy access to the transit hubs, though I will admit we got lost once trying to walk back after dark because 'easy access' is relative when you're carrying luggage and staring up at the massive skyscrapers.",1,doomgrave/ministral-3:8b,long,positive,structured,few_shot,long_positive_structured_few_shot,3,488,84,700,1,2,1.0,12,2026-08-23T22:55:14.612168+00:00
fake,homewood,Hotel,"Four nights at The Homestead--my first time here--and I left already plotting my next visit. The suite was a rare find for downtown Chicago: tall ceilings made the space feel grander than its 400 square feet, and the king bed with feather pillows *actually* lived up to the photos. Check-in at the front desk? A breeze--friendly enough to note that my reservation had upgrades for business travelers (free coffee refills, a later checkout window), which no one thought to mention until I'd settled in, but I won't complain when small things like that happen.

Noise-wise, the room was impressive. On a weekend where downtown would normally be noisy, the double-paned windows and heavy drapes sealed out the hum of the street. Even the elevator ride up seemed muted--unlike most city hotels, there's no clanging at 2 AM. My only complaint? The coffee in the suite was decent but lukewarm by morning, so I ended up hitting the lobby cafe twice.",1,doomgrave/ministral-3:8b,long,positive,structured,few_shot,long_positive_structured_few_shot,4,942,160,700,1,2,1.0,12,2026-08-23T22:55:19.197906+00:00
fake,hyatt,Hotel,"The Hyatt's downtown location couldn't have been more perfect--right off Canal Street with easy access to all the restaurants we wanted. We checked into room 812 for a quick two-night business trip (but also kind of like a long weekend because Chicago always drags you into late dinners), and while it was small by our standards, the layout made up for it. The bed was firm enough not to hurt after sitting in meetings all day, but not so much that we rolled out screaming--something I've had mixed results with at other hotels.

Breakfast at the Hyatt's cafe hit the spot; their avocado toast got rave reviews (okay, so did the mimosas), and the staff couldn't have been nicer, especially when my roommate accidentally ordered a vegan bagel instead of the standard--no eye rolls or sighs, just a quick replacement.",1,doomgrave/ministral-3:8b,long,positive,structured,few_shot,long_positive_structured_few_shot,5,815,140,700,1,2,1.0,12,2026-08-23T22:55:23.837974+00:00
fake,intercontinental,Hotel,"Staying at the Intercontinental was everything I hoped for--clean, convenient, and downright impressive for the area. First off, the room itself blew me away: freshly pressed sheets (with that crisp, *almost* new hotel smell), a solid soundproof door that kept the street noise--mostly just a distant hum of city life--and a bathroom so immaculate you could eat off the marble countertop without batting an eye. The shower had strong pressure and *finally*, a water heater that held its temperature long enough to get in and out. Small details like extra pillows tucked by the headboard and blackout curtains made all the difference.

The location? You couldn't ask for better if you're visiting Paris's Left Bank. Steps away from the Louvre (though you'll need a map to avoid tourist traps) and right on the Seine, but not *on* it--so no boat traffic or foghorns waking you at 6 AM.",1,doomgrave/ministral-3:8b,long,positive,structured,few_shot,long_positive_structured_few_shot,6,883,148,700,1,2,1.0,12,2026-08-23T22:55:28.211122+00:00
fake,james,Hotel,"Stayed at The James over the weekend for three nights with my partner, and it completely exceeded expectations--especially given how much downtown Chicago buzzes outside its walls. First thing I noticed upon check-in was just how quiet our room stayed despite being right on Michigan Avenue; the floor-to-ceiling windows blocked most street noise, though we left them open occasionally to soak in the evening hum below. The cleanliness? Spotless--dampened towels were refreshed mid-stay without any reminders, and the bedding smelled like something out of a spa: crisp cotton sheets with just enough weight to feel indulgent.

Breakfast at the in-house cafe was our favorite touch (and a nice surprise). We had eggs Benedict every morning and honestly, we could've done it all weekend. The staff kept us stocked on coffee refills without fuss, though I do wish there'd been more pastries for sharing--I ended up eating two croissants alone.",1,doomgrave/ministral-3:8b,long,positive,structured,few_shot,long_positive_structured_few_shot,7,940,149,700,1,2,1.0,12,2026-08-23T22:55:32.749682+00:00
fake,knickerbocker,Hotel,"My three-night stay at Knickerbocker made my long weekend in Boston absolutely seamless--no small feat for someone who tends to overthink room layout and local conveniences. The room (a standard with a view) was immaculate upon arrival, that rare kind of spotless where you could actually believe the maid had wiped every surface rather than just dusted it into existence; my allergy sufferer traveling companion barely batted an eye at the carpet. And while Boston's streets are always alive with sound, our seventh-floor window let in a crisp breeze and softened the city's usual cacophony to something manageable--especially after 10 p.m.

Location-wise, it couldn't have been more handy; the Red Line stop was two blocks over, and we walked to Harvard Square like locals in minutes instead of navigating the T during rush hour. The free breakfast buffet?",1,doomgrave/ministral-3:8b,long,positive,structured,few_shot,long_positive_structured_few_shot,8,858,138,700,1,2,1.0,12,2026-08-23T22:55:37.229123+00:00
fake,monaco,Hotel,"Stayed at Monaco for three nights over the weekend--enough time to truly appreciate its polished elegance without feeling like I was rushing through anything. The location alone is worth the stay; waking up to skyline views from my room (not an ocean view, but just as impressive) made it feel less like a downtown hotel and more like I'd stepped into a storybook. Breakfast at the on-site restaurant was surprisingly substantial--think perfectly fluffy croissants with honeycomb drizzled right onto the plate (don't skip the homemade jams), plus an eggs Benedict that had just enough hollandaise to pair with my coffee without drowning the dish.

The staff were genuinely thoughtful, not just scripted politeness. The concierge remembered our last-minute request for a wake-up call and even suggested two hidden gems for dinner (one was a Michelin star, but worth every second of waiting).",1,doomgrave/ministral-3:8b,long,positive,structured,few_shot,long_positive_structured_few_shot,9,890,142,700,1,2,1.0,12,2026-08-23T22:55:41.174558+00:00
fake,omni,Hotel,"Check-in was seamless--literally. My group waited no more than forty-five seconds for our key cards at the sleek front desk, where the host already had our room details pulled up before I even asked. The clerk didn't just hand us keys; she flagged nearby spots that beat the long lines at Navy Pier and reminded me to pre-book dinner at a hole-in-the-wall spot down the block (which was *exactly* as good as promised). That kind of attentiveness made all the difference.

The room exceeded expectations, especially for this price--plenty of space even with three of us sharing, though the extra twin bed did creak a little when we got up at 5 AM. The living area let us spread out without tripping over each other, and the workspace was big enough to drag out laptops side by side.",1,doomgrave/ministral-3:8b,long,positive,structured,few_shot,long_positive_structured_few_shot,10,781,138,700,1,2,1.0,12,2026-08-23T22:55:45.494931+00:00
fake,palmer,Hotel,"Stayed here for three nights in mid-April with my boyfriend and our tiny pug, who clearly had more fun than us--he got to run the halls every time we opened the door. The room (a cozy but surprisingly spacious double) felt like a little sanctuary away from Chicago's city buzz, especially after settling into the giant bed that actually cradled our combined mess of travel-sized toiletries and half-empty soda cans. The AC worked quietly enough to let us sleep through occasional street noise from Wabash Ave (nothing alarming, just a regular Friday-night bar crawl), though the real magic was breakfast: their oatmeal bar is underrated--we went for three mornings straight, and nothing beat pairing warm oats with that local honey and fresh whipped cream. For price, it's a solid middle ground; you pay enough to avoid the sleazier boutique hotels but not so much that you're regretting your nightlife plans.",1,doomgrave/ministral-3:8b,long,positive,structured,few_shot,long_positive_structured_few_shot,11,909,150,700,1,2,1.0,12,2026-08-23T22:55:48.889520+00:00
fake,sheraton,Hotel,"I stayed at Sheraton for four nights last week while visiting family in New Haven--turns out the location was *perfect* for strolling through Yale's campus (the tree-lined path from the lobby to East Campus feels straight out of a travel guide) and a short Uber ride from the science park. The pool area was my morning sanctuary, even in March; the heated water was inviting after days of cold drizzle, though the deck could use a little more seating.

Breakfast was surprisingly solid--none of those sad buffet offerings. Their avocado toast had just enough chili flakes to keep me from missing salsa entirely, and the omelets were fluffy without falling apart. The pastries were a hit with my husband: he ate three croissants before the waitress asked if we wanted refills.

The room itself was immaculate but lacked some charm.",1,doomgrave/ministral-3:8b,long,positive,structured,zero_shot,long_positive_structured_zero_shot,0,830,140,700,1,2,1.0,12,2026-08-23T22:55:53.482765+00:00
fake,sofitel,Hotel,"My three-night stay at Sofitel London St. Pancras was a seamless blend of elegance and comfort--just as I'd hoped. The team couldn't have been more attentive; my concierge, Maria, not only helped with dinner reservations but also tracked down a forgotten jacket I'd left in the lobby after breakfast (which I'll let her know I found on my return trip). The room exceeded expectations--the bed was a cloud of softness, and those high-thread-count linens felt like a spa indulgence every morning. Noise levels were surprisingly low for such a central location; between double-glazing and thoughtful design, you'd never guess it's just steps from the train tracks.

A couple minor quirks? The Wi-Fi took a small nap in the middle of one night (though my wake-up call was still on time), and the shower's temp gauge is finicky--either too cold or suddenly scalding if you turn your back for two seconds.",1,doomgrave/ministral-3:8b,long,positive,structured,zero_shot,long_positive_structured_zero_shot,1,899,150,700,1,2,1.0,12,2026-08-23T22:55:56.824599+00:00
fake,swissotel,Hotel,"The Swissotel in Singapore really delivered--the kind of stay where you realize exactly why it's a step above most other five-star properties here. Our room on the 30th floor offered panoramic views that were almost worth the (very reasonable) upgrade fee; waking up to that skyline view, even with rain or haze, was like having nature's wake-up call.

Cleanliness? Immaculate is the only word--towels were fluffy yet fresh, bathrooms sparkled without feeling sterile, and the minibar was restocked in the morning (something I've found missing at other places). The Wi-Fi held up well during my late-night work sessions, which says a lot given Singapore's crowded networks. Bed was comfy enough to make me want to nap longer than I should have--good job on that mattress!

The staff?",1,doomgrave/ministral-3:8b,long,positive,structured,zero_shot,long_positive_structured_zero_shot,2,783,127,700,1,2,1.0,12,2026-08-23T22:56:01.309672+00:00
fake,talbott,Hotel,"The Talbott delivered exactly what we needed--clean, quiet, and charming without breaking the bank. The room was spotless; not just surface-deep, but those little details like fresh towels smelling faintly of lavender and a mini fridge stocked with water (and an unexpected bottle of local kombucha) made it feel intentional rather than overlooked. The king bed was firm-ish on my back but deep enough to drag me into dreams before I hit the pillows; she couldn't resist checking for pillow menus, though there were only two options.

Noise-wise? Surprisingly hush. We booked a third-floor room off the courtyard side--exactly where we wanted to be--but closed windows dampened street traffic better than expected. At night, just a few rustles outside and the occasional thrum of a nearby AC unit.",1,doomgrave/ministral-3:8b,long,positive,structured,zero_shot,long_positive_structured_zero_shot,3,797,128,700,1,2,1.0,12,2026-08-23T22:56:05.973858+00:00
fake,affinia,Hotel,"Stayed at Affinia for four nights this week, and honestly? It was a lovely little haven right in the heart of London's West End--perfect if you want to dip into theatre without the crowds, but not so remote that you're stuck in transit all day. The location was *gold*, with Trafalgar Square just a ten-minute walk away, though I had to admit I preferred the quieter side streets for evening strolls when my feet were killin' me after shows.

The room itself felt fresh and airy--my fifth-floor suite faced the gardens of St Martin's Place, where pigeons are basically your personal alarm clock (adorably chaotic), but I didn't mind the views. Breakfast at Affinia was a game-changer: their scrambled eggs were creamy, toast warm enough to soak up butter without burning my tongue, and the croissants? Worth the room rate alone. One morning I overordered like an idiot and left with half a dozen (still good for my partner later).",1,doomgrave/ministral-3:8b,long,positive,structured,zero_shot,long_positive_structured_zero_shot,4,930,160,700,1,2,1.0,12,2026-08-23T22:56:10.630078+00:00
fake,allegro,Hotel,"The Allegro was exactly the kind of hotel I needed for my quick three-night getaway--just the right mix of convenience and charm without breaking the bank. I was pleasantly surprised by how affordable it felt; for a place that's *this* close to downtown but still quiet, the value is hard to beat. (I paid $169/night for a studio with a small fridge, and let me tell you: cold beer on the balcony after work was my favorite perk.)

Breakfast at the cafe downstairs was one of those things that makes or breaks your morning, and this place did it perfectly--think hearty pastries (especially their ricotta-filled ones), fresh fruit, and strong coffee (black, no sugar, straight from the pot). The barista knew our order by Tuesday. My room had everything: solid A/C (non-negotiable for July heat), a cozy bed with decent pillows, and one of those slim TVs that *doesn't* eat up half your space.",1,doomgrave/ministral-3:8b,long,positive,structured,zero_shot,long_positive_structured_zero_shot,5,893,154,700,1,2,1.0,12,2026-08-23T22:56:14.883881+00:00
fake,amalfi,Hotel,"The Hotel Amalfi was just as charming in person as it looked online--but with a few lovely surprises that made my stay even better. The best part? The quiet--despite being centrally located near the main square, our room on the third floor felt impossibly serene at night; the double-glazed windows blocked out the occasional nightlife murmur, which was rare for this area. I woke up to sunlight spilling through the shutters each morning (though the blackout curtain worked perfectly when I wanted a late start).

Breakfast in the dining room? Absolute highlight. The buffet was *generous*--fresh pastries still warm from the oven, yogurt with local honey, and endless cappuccinos that could have fueled a marathon. My one complaint (minor!) was the spread of jams--some were glorified fruit syrups, but at least the lemon curd was homemade. And those croissants?",1,doomgrave/ministral-3:8b,long,positive,structured,zero_shot,long_positive_structured_zero_shot,6,864,139,700,1,2,1.0,12,2026-08-23T22:56:19.939795+00:00
fake,ambassador,Hotel,"Stayed here for five nights over the holidays while visiting my brother in town, and I'll admit I was a little hesitant at first--his recommendations were spotty on the finer details--but I'm so glad I didn't let skepticism get the better of me. The location can't be beat; you're right off the main drag with plenty of coffee shops within stumbling distance if you want an early-morning walk, and the subway's a quick 10-minute jog away for anyone looking to head into the city proper. My room was on the fourth floor, which meant waking up to birds chirping instead of construction noise (always a plus), and the maid, Maria? She hit it out of the park with that daily touch-up--no dusty corners here, and the fresh towels smelled like they'd just been pulled from a high-end spa.",1,doomgrave/ministral-3:8b,long,positive,structured,zero_shot,long_positive_structured_zero_shot,7,782,138,700,1,2,1.0,12,2026-08-23T22:56:24.374082+00:00
fake,conrad,Hotel,"The Conrad in Dubai really set the bar high for me this trip--no exaggeration, it felt like staying at a five-star sanctuary rather than just another hotel suite. From the moment I stepped into the lobby, with its towering palm trees and that buttery-soft carpet (I swear, they've perfected the no-sneaker-rubbing technique), you know you're somewhere special.

Breakfast at the 21 Club was *the* highlight--trust me, if you can get a table there, do it. The buffet had an absurd amount of quality: from fluffy, golden pastries that stayed fresh long after my third attempt at coffee (which, by the way, the latte art made my soul happy) to creative dishes like the beetroot-ricotta crepe that somehow balanced sweet and savory better than anything I've tried.",1,doomgrave/ministral-3:8b,long,positive,structured,zero_shot,long_positive_structured_zero_shot,8,760,126,700,1,2,1.0,12,2026-08-23T22:56:29.651519+00:00
fake,fairmont,Hotel,"The Fairmont's prime riverside spot in the city center made every morning feel like a treat--just steps from the marina and walking distance to everywhere we needed. Sunrise walks along the docks were perfect before hitting downtown for coffee, though my husband wished there was a small cafe right on-site; even better, we discovered the in-house spa's pool overlooked the water, a peaceful way to start each day.

Breakfast at the hotel's lobby bar was understated but delicious. The omelets were fluffy, the fruit always fresh, and they'd accommodate dietary quirks (I kept them gluten-free without fuss). One morning, we hit it off with the breakfast pastry staff--she insisted on swapping my plain croissant for one of the brioche ones when she saw I was eyeing them. Small details like that made all the difference.

The room's only complaint?",1,doomgrave/ministral-3:8b,long,positive,structured,zero_shot,long_positive_structured_zero_shot,9,849,139,700,1,2,1.0,12,2026-08-23T22:56:34.308667+00:00
fake,hardrock,Hotel,"I stayed at Hard Rock in Orlando for three nights while hitting up Disney--perfect location right off I-4, only minutes from Epcot and Hollywood Studios. The room itself (a standard king) was clean enough, though there's that signature hotel scent of bleach-and-linen, which might stick with you if you're sensitive to that kind of thing. The mattress was decently firm (I actually slept better than I expected for a chain), but the pillows were flat as a pancake--they'll need replacing soon.

Noise-wise, the third-floor suite on the far end from the lobby was *quiet*, which surprised me--expecting back-to-back shows and poolside parties to seep in. The only disturbances came from construction at 8am (noise-canceling headphones are your friend).",1,doomgrave/ministral-3:8b,long,positive,structured,zero_shot,long_positive_structured_zero_shot,10,751,118,700,1,2,1.0,12,2026-08-23T22:56:38.378245+00:00
fake,hilton,Hotel,"Stayed here for four nights in March--perfect mix of luxury and convenience without overpaying for a five-star. The room (15th floor) had a great city view but also faced the service road, so early mornings meant occasional humming trucks; worth it for $329/night given the perks. Cleanliness was spot-on: plush towels folded neatly, fresh linens without even a smudge, and the bathroom (with rainfall shower) felt newly renovated--not a hint of mustiness. Location couldn't be better; 10-minute walk to my meeting spot at the convention center, plus easy Uber/Lyft rides if tired. The staff were especially helpful--one clerk remembered my name by morning just for checking in and had a map ready for nearby spots when I mentioned the museum. Lobbied around midday but always had seating (even with 80+ people on-site). Only tiny gripe: coffee was lukewarm, but that's par for the course with chain hotels.",1,doomgrave/ministral-3:8b,long,positive,structured,zero_shot,long_positive_structured_zero_shot,11,907,147,700,1,2,1.0,12,2026-08-23T22:56:42.446290+00:00
fake,homewood,Hotel,"I was honestly shocked by how perfect our homewood stay turned out--even though I thought boutique hotels could never hit this spot on in Boston. From the moment we stepped into the lobby, you're wrapped up in that mix of modern sleekness and old-school charm, like stepping into a refined but not stuffy apartment. The check-in was so smooth; the staff didn't just say 'enjoy your stay' (though they did that too), but actually gave us specific neighborhood tips--like which cobblers still hand-stitch boots instead of using machines, because apparently that's something people care about here.

Our room blew me away. The bed? A cloud you could sleep in for a week.",1,doomgrave/ministral-3:8b,long,positive,unstructured,few_shot,long_positive_unstructured_few_shot,0,667,112,700,1,2,1.0,12,2026-08-23T22:56:47.219588+00:00
fake,hyatt,Hotel,"Honestly, my Hyatt Regency in downtown was exactly what I needed after weeks on the road. The check-in line moved surprisingly fast--even though it was a Friday night--and when they gave me the keys, they actually remembered we'd requested an extra pillow for my bad neck (they hadn't even had to look at our reservation; just perfect). Our room wasn't huge, but the layout made the most of it: enough space between the bed and seating area that we weren't tripping over each other during those 4 a.m. meetings on video calls. The bathroom's double vanities were a lifesaver when I finally dragged myself to the shower at midnight--it actually felt luxurious with all the fluffy towels and the shampoo dispenser that didn't dry your hair out.

The rooftop pool bar was a bonus I hadn't expected, especially after the city's usual August humidity.",1,doomgrave/ministral-3:8b,long,positive,unstructured,few_shot,long_positive_unstructured_few_shot,1,846,144,700,1,2,1.0,12,2026-08-23T22:56:52.335032+00:00
fake,intercontinental,Hotel,"I've stayed at quite a few InterContinental properties over the years--this one in Dallas took the crown for being exactly what I needed on a last-minute business trip with my team. The moment we arrived, the efficiency was impressive; no long lines at check-in, just a friendly but professional team ready to get us settled quickly, and even helped me print my presentation notes before I got a room key. That's not always the case in big hotels--I appreciate when they don't waste your time.

Our rooms were solid for what we paid--comfortable enough that I didn't feel guilty spending half an hour on Zoom calls from the desk area (which is bigger than most hotels' 'living spaces'). The bedding was fresh and fluffy, which you notice way more after a night of restless sleep in some places.",1,doomgrave/ministral-3:8b,long,positive,unstructured,few_shot,long_positive_unstructured_few_shot,2,794,138,700,1,2,1.0,12,2026-08-23T22:56:57.381763+00:00
fake,james,Hotel,"I was there for three nights on a whim--needed a quiet place to get some work done before heading into a chaotic weekend with family--and I'm so glad I picked The James. From the moment you step inside through those gleaming glass doors, it's clear they've thought hard about what guests actually want, not just what looks pretty in ads. The front desk team remembered my name by night two (a small but meaningful detail when you're jet-lagged and over coffee), and even had a bottle of their in-house LaCroix ready for me after check-in--free and unexpected, which meant more than the cheap complimentary stuff at those big chain places.

My room was perfect: no flimsy drapes or thin walls (I could hear nothing from the hallway or adjacent rooms), the mattress was *finally* supportive after years of hotel letdowns, and that shower? Enough pressure to massage away my shoulders.",1,doomgrave/ministral-3:8b,long,positive,unstructured,few_shot,long_positive_unstructured_few_shot,3,882,150,700,1,2,1.0,12,2026-08-23T22:57:01.848071+00:00
fake,knickerbocker,Hotel,"The Knickerbocker was exactly what we needed for our short trip--no frills, just solid, comfortable, no-nonsense lodging that didn't waste space with over-the-top luxury but still had enough thoughtful details to make it worthwhile. Check-in was a breeze; the front desk staff were warm but not pushy (perfect balance), and they gave us some great neighborhood tips before we even got settled. Our room--a standard king--was larger than I expected, with solid wood floors (real ones, not laminate) and blackout curtains that actually worked. The bedding was fresh and smelled clean without being sterilized; nothing about it felt tacked-on like some places. The bathroom had a single vanity but was surprisingly roomy, and the shower pressure was *finally* strong--no lukewarm lukewarms here. We didn't use the lobby's cafe much (too pricey for breakfast), but when we did, the pastries were good, if a little dry. The biggest plus? Location.",1,doomgrave/ministral-3:8b,long,positive,unstructured,few_shot,long_positive_unstructured_few_shot,4,942,149,700,1,2,1.0,12,2026-08-23T22:57:05.981635+00:00
fake,monaco,Hotel,"The Monaco was *everything* we hoped it would be for our quick business trip--clean, quiet, and with that polished elegance you just don't find everywhere anymore. The moment we walked in, it felt like stepping into a well-loved friend's apartment: the lobby has that perfect mix of modern touches (seriously, how cool was that digital check-in kiosk without any hassle?) and vintage warmth, especially with those wood panel accents around the bar area.

Our room (a double king) had plenty of space to unpack, and I loved how they'd arranged the desk by the window--natural light pouring in made for perfect video calls (or pretending you're not working when staring out over the city). The bed was firm but not *too* firm, the sheets smelled fresh, and the bathroom? A dream.",1,doomgrave/ministral-3:8b,long,positive,unstructured,few_shot,long_positive_unstructured_few_shot,5,777,131,700,1,2,1.0,12,2026-08-23T22:57:10.532609+00:00
fake,omni,Hotel,"This place really wowed me--I can't imagine checking into an Omni anywhere else after this experience. The lobby alone feels like stepping into something straight out of one of those architecture magazines, with that sleek but warm marble everywhere and a fireplace that *actually* burns (yes, I got to sit by it on the third morning). My room was massive--enough space for my suitcase, my laptop desk setup, and two big armchairs that were way comfier than they looked. The bed? Deep enough to drown in for an hour if you had time to waste.

The real game-changer was how smoothly everything ran. I got in at 3 AM after a delayed flight (no fault of the Omni's), and there were still people up waiting on guests--the check-in girl had already taken my details online, so by the time I stumbled in she just gave me my keycard and wished me good rest like we'd known each other forever.",1,doomgrave/ministral-3:8b,long,positive,unstructured,few_shot,long_positive_unstructured_few_shot,6,885,159,700,1,2,1.0,12,2026-08-23T22:57:15.864138+00:00
fake,palmer,Hotel,"The Palmer was everything I needed--no-nonsense elegance without sacrificing comfort, which is exactly what I was hoping for. The room felt like stepping into a well-loved friend's place: sturdy but tasteful furniture, blackout shades that actually worked (something I always judge), and a view of the city that didn't make me feel like I'd gotten ripped off for the price. The bathrobe they provide is *impossible* to resist--thick, luxurious fabric with just enough texture that you forget you're wearing something borrowed.

Breakfast was the real standout: simple but thoughtful options (I had the eggs Benedict--perfectly runny yolk) and no pressure to overdo it. The staff at the front desk knew their way around without being pushy, whether I needed a taxi suggestion or just wanted to vent about my flight delay.",1,doomgrave/ministral-3:8b,long,positive,unstructured,few_shot,long_positive_unstructured_few_shot,7,820,131,700,1,2,1.0,12,2026-08-23T22:57:19.933585+00:00
fake,sheraton,Hotel,"Staying at Sheraton was exactly what I needed for a work trip--comfort without any frills or fuss, just solid, reliable service that made my long hours away actually feel like a break. The room had everything: the bed was soft enough to melt into but still firm enough not to leave me sore, and the desk chair was surprisingly supportive after a morning of back-to-back Zoom calls. I wasn't expecting the quiet--I thought city noise would bleed through, but it's well-insulated enough that you could work without earplugs if you didn't want them.

The breakfast buffet hit the spot every morning. Nothing glamorous--just good eggs, fresh fruit, and pastries that weren't dry or greasy. There's a little table by the window where I'd catch up on emails before heading out, and the coffee bar had a steamer that actually worked (I swear some places skimp there).",1,doomgrave/ministral-3:8b,long,positive,unstructured,few_shot,long_positive_unstructured_few_shot,8,860,146,700,1,2,1.0,12,2026-08-23T22:57:24.224648+00:00
fake,sofitel,Hotel,"Woke up this morning refreshed--I mean *genuinely* rested--in my sofitel suite because between the memory-foam mattress (which I don't think is just fluff marketing) and the deep silence from the windows, even the early city sounds didn't bother me. The room itself was a study in thoughtful design: no cheap hotel cliches here--just clean lines, warm wood accents, and that slightly retro-chic vibe that made it feel like stepping into an elegant living space rather than a temporary stay. The desk was one of those ergonomic marvels with its height-adjustable angle, which was a relief after sitting through long meetings at the workspace below.

Then there's the pool deck by the river--the perfect spot to watch the sunrise over Chicago with my coffee (which they kindly made early for me, no questions asked) while the city lit up in shades of gold.",1,doomgrave/ministral-3:8b,long,positive,unstructured,few_shot,long_positive_unstructured_few_shot,9,854,142,700,1,2,1.0,12,2026-08-23T22:57:29.440109+00:00
fake,swissotel,Hotel,"Swissotel's concierge didn't just greet us with a warm smile--he actually took note of our group and handed me a custom itinerary within five minutes: breakfast at a Michelin-starred spot for 7 AM (with reserved seating), a rooftop lounge recommendation where the sunset views over the lake rivaled any photo, and even a last-minute discount at an art gallery we mentioned passing. The room itself was like a quiet escape in Singapore--cool marble floors that stayed warm under bare feet, high thread-count sheets so soft they'd have made a Buddhist monk approve, and an ergonomic desk where I finally managed to draft emails without hunching. Breakfast was served *on time* (not the joke it usually is) with their signature toasted avocado spread and eggs cooked just as we liked--no questions asked.",1,doomgrave/ministral-3:8b,long,positive,unstructured,few_shot,long_positive_unstructured_few_shot,10,801,131,700,1,2,1.0,12,2026-08-23T22:57:33.274520+00:00
fake,talbott,Hotel,"Stayed here for four nights with my partner last weekend and we both left feeling utterly refreshed--no small feat when you're trying to unwind after work trips. The moment we checked into our suite, I was struck by how well thought out every detail is: the beds? Plush enough that I didn't want to get up; the pillows had just the right give. My partner, who usually needs her space (and coffee *now*), adored the sitting area with the deep armchairs and the little side table stocked with fresh peaches--something I'd never noticed before in hotels but now won't forget.",1,doomgrave/ministral-3:8b,long,positive,unstructured,few_shot,long_positive_unstructured_few_shot,11,572,100,700,1,2,1.0,12,2026-08-23T22:57:38.126364+00:00
fake,affinia,Hotel,"Check-in was *effortlessly* smooth--no long lines or stressed faces behind the desk here, just quick smiles and a clear system for keys (fob or card, up to you). The room itself lived up to every expectation from the photos: modern, clean, with those deep, comfy pillows that made me want to hug them. But what sold it for us? The tiny balcony with a *perfect* morning sunrise view over the city--even on day two, I was sipping coffee out there like a local (thankfully, they left a little cream in the mini-fridge). The shower pressure was stellar, and since my partner's a light sleeper, the quiet air conditioning and blackout curtains were heaven sent.

Breakfast? The pastries were still warm when I got to the buffet, and the staff kept restocking plates with fresh fruit.",1,doomgrave/ministral-3:8b,long,positive,unstructured,zero_shot,long_positive_unstructured_zero_shot,0,778,135,700,1,2,1.0,12,2026-08-23T22:57:42.421018+00:00
fake,allegro,Hotel,"Arriving at Allegro after a long drive made me breathe easier--those little touches that matter really do add up. The check-in staff was efficient without being robotic; she had my room key prepped before I'd even stopped scrolling through the parking map, and that's not something you always see in 'mid-tier' hotels anymore.

My floor-to-ceiling windows let in enough morning light to wake me gently, instead of jarring alarm-blast style (thanks for that), but the real game-changer was the blackout curtains--thick, noise-reducing too--which I tested on a restless night and appreciated even when I didn't complain. The bedding smelled faintly like cotton and citrus, a pleasant surprise; the pillows?",1,doomgrave/ministral-3:8b,long,positive,unstructured,zero_shot,long_positive_unstructured_zero_shot,1,704,109,700,1,2,1.0,12,2026-08-23T22:57:46.773436+00:00
fake,amalfi,Hotel,"The Amalfi wasn't just another hotel--it felt like stepping into a storybook. Our room on the second floor overlooking the marina had these tiny windows that let in this gold-hour light every evening; waking up to the sound of waves and then sitting at our little balcony with coffee (which we pre-ordered so it'd be ready when we stumbled downstairs after the midnight swim) was like living inside a postcard. The sheets smelled like lavender, which sounds weird but somehow made every morning feel like you were wrapped in sunshine.

The pool deck during lunch? A mistake to skip. Every dish at the outdoor terrace (try the tiramisu with fresh rosemary--it's not just dessert, it's an experience) came with this quiet rhythm of the sea and the occasional clink of glasses from guests lingering over espresso.",1,doomgrave/ministral-3:8b,long,positive,unstructured,zero_shot,long_positive_unstructured_zero_shot,2,810,136,700,1,2,1.0,12,2026-08-23T22:57:51.439132+00:00
fake,ambassador,Hotel,"I honestly don't know how this place keeps staying so consistently fantastic--it's my third time booking here for work trips, and every single detail feels purposefully crafted instead of afterthought. The moment I checked in (and they remembered my usual room preference without me asking, which is pure genius), the staff just seemed *present* like nobody else does these days: not rushed or scripted, but genuinely happy to hold a conversation if you're not in a rush, and completely unfazed by random last-minute requests. My current bed? Firm enough for back sleepers but with that perfect indentation near the edge (I swear half the hotels I've stayed at make you feel like you're floating on marshmallows--no thank you).",1,doomgrave/ministral-3:8b,long,positive,unstructured,zero_shot,long_positive_unstructured_zero_shot,3,727,118,700,1,2,1.0,12,2026-08-23T22:57:56.389638+00:00
fake,conrad,Hotel,"Oh wow--this was *way* better than I expected. The moment we walked in, that huge lobby with its sleek design and floating wooden ceiling had me like, *holy moly*, this is more than a hotel, it's a showstopper. And the concierge? The guy at reception actually knew we were coming--he remembered our reservation by name and gave us an extra room key on a whim because our group was running late. Little touches like that make all the difference.

We took the elevator up to room 2107, and honestly? The second I saw those sliders opening onto the private rooftop patio with city views *while* the rain poured outside, I forgot why we'd ever stayed anywhere else. The rain didn't even matter--having a glass of that amazing Pinot Noir (room service at 3 AM saved our sanity) out there in the cool air was pure magic.",1,doomgrave/ministral-3:8b,long,positive,unstructured,zero_shot,long_positive_unstructured_zero_shot,4,814,146,700,1,2,1.0,12,2026-08-23T22:58:00.782156+00:00
fake,fairmont,Hotel,"The Fairmont Vancouver just exceeded every expectation--from the first second when I stepped into the grand lobby with its polished marble and glowing chandeliers, down to the moment I fell asleep cradled by sound-muffling luxury in my room. The service here isn't just good; it's like being wrapped in a warm, considerate blanket at every turn. Check-in was smooth (no long lines or rushed clerks--just genuine smiles and personalized touches), and the concierge already knew our travel preferences before I could ask.

Our suite felt like stepping into a curated art gallery mixed with five-star comfort: the bed's pillows were *the* reason we'll never stay anywhere else--they're plumper, fluffier, and perfectly supportive. The balcony overlooking Burrard Street? Pure magic during sunset; you could practically hear Vancouver come alive without leaving the room.",1,doomgrave/ministral-3:8b,long,positive,unstructured,zero_shot,long_positive_unstructured_zero_shot,5,867,132,700,1,2,1.0,12,2026-08-23T22:58:05.245082+00:00
fake,hardrock,Hotel,"The Hard Rock's downtown Boston location was exactly what I needed after weeks of hotel room fatigue from work trips. The second we walked in, I *knew*--this place had personality beyond just being a 'lived-in' building (though it's charmingly so; the fire escapes and exposed brick feel like stepping into a live music venue). Our room was on the 14th floor, with floor-to-ceiling windows that let in *real* daylight (and gave me a killer view of the harbor while I worked). The bed? Deep and cozy enough to forget the early morning wake-up call for a few minutes.

I could tell they cared about small details--the robes smelled like something nice, the shampoo wasn't your typical watered-down hotel brand, and the in-room coffee station was stocked with actual good filters.",1,doomgrave/ministral-3:8b,long,positive,unstructured,zero_shot,long_positive_unstructured_zero_shot,6,777,130,700,1,2,1.0,12,2026-08-23T22:58:09.425600+00:00
fake,hilton,Hotel,"My recent stay at Hilton in downtown [City] far exceeded what I'd expected--mostly because of how thoughtful the little details were. The room itself was spacious and felt fresh; the mattress surprised me with how supportive it was after long flights (kudos to whoever picked that out). My biggest takeaway? How considerate they were about extras: a well-stocked minibar (complete with cold beer for those lazy mornings) and thoughtful touches like free Netflix or Disney+--because, let's be honest, sometimes you just want to veg for a day. The shower pressure was *perfect*--not too weak, not scalding--and I'm weirdly particular about that.

Check-in at the concierge desk went so smoothly; the agent didn't just hand me my key but gave great neighborhood recs before I even asked.",1,doomgrave/ministral-3:8b,long,positive,unstructured,zero_shot,long_positive_unstructured_zero_shot,7,784,126,700,1,2,1.0,12,2026-08-23T22:58:13.124425+00:00
fake,homewood,Hotel,"This place seriously impressed me--better than I expected after my last stay in DC (and that was with a five-star label). First off, the location can't be beat: steps from Union Station and all its train lines, yet quiet enough you don't hear the tracks at night (the windows on our 13th floor did wonders). My room had these little touches that made it feel like coming home: the plush robes in the closet--*literally* cloud-soft--and the mini fridge stocked with local sparkling water instead of that pre-packaged bottled stuff most places offer. Breakfast at the Lobby Bar was a revelation; I ordered eggs Benedict (yes, they even had hollandaise on point) and a fresh mango nectar that tasted like it came from a grocer's basket in June.

The staff kept surprising me too--our front desk agent remembered my name by night two (not a thing I expect anymore) and helped rearrange our departure so we could catch an earlier train. The bathroom?",1,doomgrave/ministral-3:8b,long,positive,unstructured,zero_shot,long_positive_unstructured_zero_shot,8,945,162,700,1,2,1.0,12,2026-08-23T22:58:17.575972+00:00
fake,hyatt,Hotel,"The Hyatt in downtown had the perfect mix of convenience and relaxation for my stay. Walking into the lobby was like stepping into a sunlit gallery--high ceilings with sleek lighting made it feel airy without feeling sterile. The check-in staff were quick but warm, asking about my plans before even handing me my cardkey, which made us all smile. My room on the fifth floor overlooked a quiet park (I could hear kids laughing through the window in the afternoon), and the bed was *so* comfortable I debated sleeping past breakfast.

The small touches added up: a mini fridge stocked with bottled water, even a tiny bottle of soap in every shower cubicle--no one had left one out or forgotten half.",1,doomgrave/ministral-3:8b,long,positive,unstructured,zero_shot,long_positive_unstructured_zero_shot,9,698,121,700,1,2,1.0,12,2026-08-23T22:58:21.139465+00:00
fake,intercontinental,Hotel,"I just spent four nights at the InterContinental in Dubai Creek, and honestly? It set the bar *way* higher than I expected. The moment you step inside, that signature IC welcome--practically a warm hug--is already underway; they've got those little details like the coffee sample waiting by your bed (I may or may not have sampled it before even checking in). My room on the 20th floor was exactly as pictured: the floor-to-ceiling windows gave me sunrise views over the Creek that I could watch while drinking my tea, and the bath had that deep soaking tub you know will somehow make all your day's tension vanish. I wasn't just booking a hotel; I felt like I was booking an experience in *elegant simplicity*.

The staff? Insanely attentive without being intrusive.",1,doomgrave/ministral-3:8b,long,positive,unstructured,zero_shot,long_positive_unstructured_zero_shot,10,767,131,700,1,2,1.0,12,2026-08-23T22:58:25.086249+00:00
fake,james,Hotel,"I checked into James this weekend for a quick getaway in the city and--okay, full disclosure--I've never stayed anywhere so quiet before. Not just the usual urban hum but *actual* silence, which felt luxurious after last week's loud hostel. My room (102 on the lower level) had that old New York charm with high ceilings and these weird little frosted glass doorknobs that made me pause every time I entered. The bed was seriously comfy--so firm you could feel each spring in the best way--and waking up to sunlight streaming through these thick curtains (that weren't sheer, which I appreciated) without an alarm was such a treat.

The shower had *hot* water with zero pressure drop, and that towel they provided? Like, huge and still warm when I stepped out.",1,doomgrave/ministral-3:8b,long,positive,unstructured,zero_shot,long_positive_unstructured_zero_shot,11,760,130,700,1,2,1.0,12,2026-08-23T22:58:29.619842+00:00
fake,knickerbocker,Hotel,"After four nights at The Knickerbocker--thinking I'd gotten lucky on price--I quickly realized their 'classic Manhattan charm' is mostly in the name. My room smelled faintly like mildew when we first moved in (no, the AC wasn't broken; someone had forgotten to air it out after last guests' stay), and the carpeting was *that* familiar hotel-smell: damp and vaguely metallic, despite being swept between guests. The bedding felt stiff and thin--like they'd swapped out their plush duvet for some cheap no-name polyester--and the pillows were flat enough to call into question their ability to uphold even the most basic of human decency.

Worse still was the noise. At 7 AM sharp, every single morning, the maid would barge in with this *loud* cart, knocking cups onto surfaces, rattling the walls like a drunk marimba solo, and leaving us staring at each other across the room, wide-eyed.",1,doomgrave/ministral-3:8b,long,negative,structured,few_shot,long_negative_structured_few_shot,0,889,146,700,1,2,1.0,12,2026-08-23T22:58:34.215565+00:00
fake,monaco,Hotel,"The Monaco was my last resort after two consecutive booking disasters--cheap deals that fizzled--and I paid more than $400 a night to make up for it. For six nights, I thought maybe the price would justify the views (because *obviously* this is what they market). But it's all smoke and mirrors.

Breakfast? A sad buffet with lukewarm pastries that tasted like cardboard by mid-morning, if you could even find a seat in the cramped dining area. The yogurt sat out too long; I left half my granola uneaten just to avoid the sticky aftertaste. And don't get me started on the coffee--weak enough to make me question whether it was real or just watered-down regret.

The room? Supposedly 'ocean view' (fine, tiny balcony with a sliver of waves if you squint), but the sheets had that faint *unwashed* smell you only notice when you're half-asleep.",1,doomgrave/ministral-3:8b,long,negative,structured,few_shot,long_negative_structured_few_shot,1,844,145,700,1,2,1.0,12,2026-08-23T22:58:38.946618+00:00
fake,omni,Hotel,"I paid $450 per night for what was billed as an 'Upscale Guest Room,' and honestly, the Omni Chicago's value here is questionable at best. The room itself was small by downtown standards--tight enough that pulling out my suitcase for the second night was awkward, especially with all my tech gear. Not exactly a dealbreaker in theory, but combined with everything else, it just added up to feeling overcharged.

Breakfast was a letdown: the buffet options were limited (some days there were barely 3-4 decent choices), and what food there *was* seemed rushed--like someone had just plunked down pre-made items from off-site somewhere. The omelet bar lacked freshness, and the coffee was watery despite how much I stirred it.

The noise was an issue too--the floors above us had these thin carpet squares (or none at all), so if anyone walked or dropped something in our hallway after 2am, the thuds shook our walls.",1,doomgrave/ministral-3:8b,long,negative,structured,few_shot,long_negative_structured_few_shot,2,915,154,700,1,2,1.0,12,2026-08-23T22:58:43.979347+00:00
fake,palmer,Hotel,"Four nights at The Palmer should have been smooth--we were here for a long weekend after all--but instead felt like navigating a hotel that hadn't quite woken up yet. For three days running, my alarm was set twice as early thanks to an oversized bed with a mattress so lumpy you could map the bones beneath. The location on Park Avenue? Beautiful views of Fifth, sure, but the elevator took fifteen minutes one afternoon after hitting a stuck floor--staff just sighed and said, *'The old building's being renovated,'* like that explained why our luggage waited by the lobby desk longer than most people wait for breakfast.

The 'room service' menu listed things like 'hot chocolate' as an option (*really?*) and delivery felt more like watching paint dry.",1,doomgrave/ministral-3:8b,long,negative,structured,few_shot,long_negative_structured_few_shot,3,755,127,700,1,2,1.0,12,2026-08-23T22:58:48.231252+00:00
fake,sheraton,Hotel,"Stayed for four nights with my wife, and Sheraton didn't even come close to justifying what we paid per night--nearly triple what we should've spent on something remotely similar. The room itself was a step down from our last stay at a budget chain; the carpet smelled faintly like old mildew no matter how much we aired it out, and despite asking twice, housekeeping never replaced those stale towels (the ones there still had water rings). We didn't mind noise normally, but from 7am till midnight there was this constant droning hum from a vent or AC unit--or both--like a giant refrigerator had been moved into the room. Between that and the clanging from the hallway elevator, sleep was spotty at best.

The real kicker?",1,doomgrave/ministral-3:8b,long,negative,structured,few_shot,long_negative_structured_few_shot,4,725,125,700,1,2,1.0,12,2026-08-23T22:58:51.976693+00:00
fake,sofitel,Hotel,"Check-in was smooth enough, though it took 15 minutes past the promised time--and not because we were late. But that's where the hospitality stopped. The room's supposed 'modern elegance' felt more like a tight squeeze after paying over $400 a night. Between the hum of the air conditioner and the neighboring suite's bass-heavy playlist (or maybe it was the bar's late-night crowd), we couldn't sleep until 1:30 AM. The bed sheets had a faint mildew-like odor, like someone skipped changing them for days, and there were stains near the mattress's foot--small but not so small as to go unnoticed. Management insists it's 'luxury,' but that bathroom faucet dripped every time you turned on the shower, and the toilet paper was one-ply, ripped at the edges by whatever they use to save on costs.

The location isn't bad if you're trying to brave the gridlock downtown to reach restaurants, which is ridiculous. Breakfast buffet?",1,doomgrave/ministral-3:8b,long,negative,structured,few_shot,long_negative_structured_few_shot,5,927,153,700,1,2,1.0,12,2026-08-23T22:58:55.769958+00:00
fake,swissotel,Hotel,"Stayed three nights at Swissotel Chicago for what I thought would be a nice central downtown stay, but honestly, it came up well short. The room was fine on arrival--big enough with decent views of the city--but the value felt like overpriced disappointment. At $350/night (before taxes), you'd expect immaculate maintenance or at least some thoughtful extras; instead, we found a single folded coffee cream packet on the desk that hadn't been used in weeks and towels with faint yellowing around the cuffs. The bathroom had an okay shower, but the glass divider was permanently streaked despite multiple cleaning sessions.

Sleep was nearly impossible. The window faces the expressway, so between the blaring horns (yes, even at 3 AM) and the thin walls, I swear my neighbors' vacuum sounded like a lawnmower on repeat.",1,doomgrave/ministral-3:8b,long,negative,structured,few_shot,long_negative_structured_few_shot,6,820,134,700,1,2,1.0,12,2026-08-23T22:59:00.064750+00:00
fake,talbott,Hotel,"Check-in was quick enough--until we got upstairs. Our room had all the basics (AC worked fine!), but it felt like money went straight to padding the price tag. For $350 a night, you'd expect better: the towels were thin as newspaper, and the bed? Lumpy enough to count sheep on just looking at it. No real issue with noise, unless you're a light sleeper, then construction across the hall kept me up until midnight.

The staff? Polite but dismissive. When I mentioned the water pressure wasn't up to snuff, they shrugged and said it was 'fine for guests.' Meanwhile, my friend's request for extra coffee was waved off as 'we only replace when we *really* have to.' The gym was clean enough but had the same half-dead machines other budget hotels use--one of the treadmills made weird noises after five minutes, and no one bothered to fix it.

The location helped some (walkable to the riverfront), but the rooms don't justify what we paid.",1,doomgrave/ministral-3:8b,long,negative,structured,few_shot,long_negative_structured_few_shot,7,939,164,700,1,2,1.0,12,2026-08-23T22:59:03.704086+00:00
fake,affinia,Hotel,"Promised that this downtown Chicago stay would be central to everything I needed, but honestly, affinia fell short. The location is passable--right off Michigan Ave--but you'll always feel like an afterthought compared to other nearby options. Walk up three flights for no elevator (yes, it's *three*), and your first impression isn't exactly welcoming. The staff was polite enough, but there's that corporate numbness you get when interactions seem rote. I asked about a late check-in option--just one small courtesy--and got an eye-roll instead of help.

Then there were the rooms: thin walls where footsteps upstairs sound like drum solos at 6 AM (I slept on the floor to escape it). Cleanliness was hit or miss--I had to clean my own mirror with hand sanitizer because the guest wipes were gone, and the bed sheets smelled faintly like mildew, not detergent. The price felt extortionate for what you get--$300 a night without breakfast?",1,doomgrave/ministral-3:8b,long,negative,structured,few_shot,long_negative_structured_few_shot,8,940,152,700,1,2,1.0,12,2026-08-23T22:59:07.825283+00:00
fake,allegro,Hotel,"For the price we paid--especially for Allegro's so-called 'elevated' brand--this was a steep letdown. The room felt more like a college dorm with its cheap laminate flooring and drapes that didn't block out *any* light, no matter how tightly you closed them. Between the AC hissing constantly (and freezing my feet) and the thin walls, I couldn't sleep past midnight because some poor soul next door was blasting music or dropping a tray like they were in a fight with gravity. Breakfast? A sad buffet where the pastries had been reheated three times, the coffee was weak enough to float, and half the eggs smelled questionable--thanks for putting me off my planned brunch plans. The one bright spot was a hostess who actually listened when I asked if they could swap out my ice-cold room (they did), but that couldn't fix the lingering impression that Allegro is either overpriced or just didn't care enough to invest in basics.",1,doomgrave/ministral-3:8b,long,negative,structured,few_shot,long_negative_structured_few_shot,9,929,158,700,1,2,1.0,12,2026-08-23T22:59:11.605032+00:00
fake,amalfi,Hotel,"Spent three nights at Amalfi in June--expected luxury for €250/night, but it fell short in ways that weren't just quirks but downright frustrating. The *location* was okay--fine for exploring the marina, but the walk to central Positano took 15 minutes uphill with no shade or benches after the sun bakes you. For a 'luxury' hotel, the stairs were surprisingly punishing. And let's talk about the *noise*: construction next door started at 7 AM sharp, plus street noise crept in through drafty windows--even on a weekend, it wasn't quiet like I'd hoped.

The room itself? Overpriced for what you get. The bed was firm to the point of discomfort after one night; no blackout curtains meant waking up at 6 AM despite being told about 'darkening drapes.' The mini-fridge had a weird smell, and while the breakfast buffet was plentiful, half the items were cold or stale by 8:30--like someone forgot to reset it overnight.",1,doomgrave/ministral-3:8b,long,negative,structured,few_shot,long_negative_structured_few_shot,10,918,154,700,1,2,1.0,12,2026-08-23T22:59:15.676742+00:00
fake,ambassador,Hotel,"I stayed here for three nights--long enough to realize this wasn't what I paid for. The room was supposed to be 'cozy,' but when you wake up with a dead bug crawling across the bedspread at 6 AM, that charm feels like a distant memory. We found another beetle under the nightstand light later (yes, I checked). The 'fresh' linens were anything but; one pillow smelled faintly mildewy, and while I could ignore it in my rush to get ready for breakfast, my travel companion commented on it every time we got back to the room. Meanwhile, the shower curtain was perpetually damp, even though we'd used it only twice--was someone else staying there but refusing to dry it? Or had it just never been hung properly to begin with?

For $320 a night in a city where you can get *twice* as much for half the price (not hyperbole), I expected at least *some* care.",1,doomgrave/ministral-3:8b,long,negative,structured,few_shot,long_negative_structured_few_shot,11,853,156,700,1,2,1.0,12,2026-08-23T22:59:20.064525+00:00
fake,conrad,Hotel,"After days of scrolling through gleaming Conrad photos--endless Instagram filters of moody cityscapes and artful table settings--I thought finally getting a room here would feel like stepping into some high-end fantasy. Spoiler: it didn't.

Our suite was *supposed* to be 'spacious,' but the bathroom floor was dotted with black specks that didn't disappear no matter how much I scrubbed (and I scrubbed). The shower curtain had one side permanently fused to its track, like some weird pet project of a maid's creativity. It wasn't until I spotted actual hair clogging the drain that I realized this wasn't 'modern minimalism'--it was just sloppy neglect.

The staff, too, leaned into a passive-aggressive charm. Our breakfast request for a few more pastries? *'It's only continental.'* When I asked if they could transfer us to a quieter room on an off-hour floor (we got wake-up calls at 7 a.m.",1,doomgrave/ministral-3:8b,long,negative,structured,zero_shot,long_negative_structured_zero_shot,0,896,145,700,1,2,1.0,12,2026-08-23T22:59:24.578130+00:00
fake,fairmont,Hotel,"This Fairmont stay left more to be desired than a midday nap after too much wine--especially for the price. Spent three nights, and while the views from our room's 27th-floor balcony were undeniably impressive (and let's be honest, Instagram-worthy), nothing could shake the sense that we'd been overcharged for a boutique version of mediocrity.

First, the cleanliness: our room was serviceable at best. The bathroom smelled faintly stale despite two requests for fresh towels (the third time we asked, I swear they just shrugged). A dead gnat in the shower? Hard pass on that $650/night splash. Then there were the noises--the hallway doors echoing like a haunted house at 2 AM--because clearly soundproofing wasn't part of the *five-star* upgrade. Our roommate next door had an alarm set for 3:17 every night, and I'm pretty sure their coffee machine was on a playlist too.

Breakfast buffet?",1,doomgrave/ministral-3:8b,long,negative,structured,zero_shot,long_negative_structured_zero_shot,1,895,145,700,1,2,1.0,12,2026-08-23T22:59:28.935906+00:00
fake,hardrock,Hotel,"The Hard Rock's location in Times Square was *supposed* to be its saving grace--convenience for last-minute show tickets or late-night bites--but after a week here, I realized it's less 'prime central' and more 'nonstop chaos.' The lobby felt like standing at the base of Times Square's screaming mob: endless sirens from taxis, honks, construction drills, and a din so thick you'd think the building itself was protesting its existence. And don't even get me started on how often the TV screens in there cut out--it wasn't exactly an immersive 'rock experience.'

My room's cleaning standards struck me as strangely inconsistent with this hotel's rock 'n' roll bravado. The sheets looked freshly laundered, but dust bunnies had staged a coup in the corner behind the nightstand (yes, I inspected). The bathroom faucet spluttered like a stoner mid-monologue when you tried to fill a glass of water--hardly a *rock solid* amenity.",1,doomgrave/ministral-3:8b,long,negative,structured,zero_shot,long_negative_structured_zero_shot,2,929,149,700,1,2,1.0,12,2026-08-23T22:59:33.449856+00:00
fake,hilton,Hotel,"Stayed at Hilton for three nights, and let me tell you--I was counting the minutes until checkout before I even unpacked. First, the location? It's right by that dreadful highway noise--honestly, like driving your bed in circles. The staff acted polite but tired, like they'd heard 'room service' a million times already.

My room should've been flawless--high end! Instead, my bathtub had scum so thick I wondered if it was staged for the next hotel safety video. Towels were stiff, and who *forgets* to restock toilet paper after two days? (Okay, sure, a third night would've been pushing it.) Breakfast was an afterthought: basic pastries and burnt coffee in some sad corner. I ordered a smoothie one morning--tasted like it came from a blender and a rush.

No refunds, obviously, but maybe future guests avoid the floor where you have to turn on ceiling lights just to check if the bedsheets are actually clean? I'll skip the pool next time.",1,doomgrave/ministral-3:8b,long,negative,structured,zero_shot,long_negative_structured_zero_shot,3,945,160,700,1,2,1.0,12,2026-08-23T22:59:37.511024+00:00
fake,homewood,Hotel,"This place is overpriced for what you get--Homewood in Seattle was supposed to be a mid-range boutique stay, but it felt like settling after two decent hotels earlier this trip. The location? Central enough, sure, but tucked in one of those quieter alleyways by the Pike Place Market that makes walking back late at night feel like a security risk (I saw three guys lingering outside my window between 11 and midnight--creepy, given the $350/night price tag). The room itself had a nice view of the water, but the cheap plastic furnishings didn't match the 'cozy boutique' vibe advertised online. And don't get me started on the noise--the construction next door kicked in at 7:30 AM sharp, while the elevator rattled every time someone used it.",1,doomgrave/ministral-3:8b,long,negative,structured,zero_shot,long_negative_structured_zero_shot,4,745,126,700,1,2,1.0,12,2026-08-23T22:59:41.084987+00:00
fake,hyatt,Hotel,"After four nights at the Hyatt Place downtown--supposedly 'modern and convenient'--I left feeling like I'd just spent my weekend dodging construction noise instead of actually relaxing. The location was fine for its purpose, but every morning and late evening, jackhammers and siren blasts from the nearby road made conversation nearly impossible in my 300-square-foot box. Worse yet, the 'soundproofing' (if you could call those thin walls soundproofing at all) let the neighbor's snoring or TV echo directly into our room--no way to escape unless we blasted music ourselves, which felt ridiculous for a 'quiet getaway.' The staff weren't *terrible*, but check-in was painfully slow: my reservation was misread twice before they got it right, and the clerk seemed more focused on his phone than on making us feel welcome.",1,doomgrave/ministral-3:8b,long,negative,structured,zero_shot,long_negative_structured_zero_shot,5,822,129,700,1,2,1.0,12,2026-08-23T22:59:45.516535+00:00
fake,intercontinental,Hotel,"I spent four nights at Intercontinental Chicago last weekend for a business trip--expected upscale service but got disappointed instead. The first red flag? My room smelled faintly of dampness upon arrival, like old carpets that hadn't been aired out in months. I messaged housekeeping about it, only to be told it was 'standard' (it wasn't). They didn't even change the sheets after that.

The staff were polite but painfully unfocused--one waiter forgot my name by round two at breakfast, and another concierge dismissed a minor Wi-Fi complaint as if I'd asked for a miracle. And don't get me started on the prices: $450/night? For this? The views of the skyline are gorgeous, but the bed was lumpy (even after complaining), and there were hairs in the shower drain like it hadn't been deep-cleaned in years.

For that price, a smaller boutique hotel with consistent maintenance would've felt like a steal. Will I return?",1,doomgrave/ministral-3:8b,long,negative,structured,zero_shot,long_negative_structured_zero_shot,6,923,153,700,1,2,1.0,12,2026-08-23T22:59:49.257007+00:00
fake,james,Hotel,"For nearly $450 a night--because who books a place this pricey without checking *every* detail--I thought James would at least pretend to live up to its name. The lobby smelled faintly of stale coffee and mildew, like it hadn't been aired out since the last time someone coughed in corner. Not exactly the grand opening vibe I'd hoped for.

The breakfast buffet was a joke: cold cereal that tasted like dust, yogurt labeled 'artisanal' that clotted in my spoon, and pancakes so dense they could've doubled as a skipping stone. The avocado on display had already started browning by the time my turn to order rolled around--*fine*, we'll pretend it was just *really* ripe. The worst part? The staff acted like we were interrupting their lunch instead of serving our breakfast. Rude.

Sleep was near-impossible, too. The room's wall shared a thin sheetrock kiss with what I now believe is the hotel's *unofficial karaoke bar*.",1,doomgrave/ministral-3:8b,long,negative,structured,zero_shot,long_negative_structured_zero_shot,7,924,155,700,1,2,1.0,12,2026-08-23T22:59:54.508563+00:00
fake,knickerbocker,Hotel,"I paid over $400 a night for what felt like a glorified shoebox at this place--*overpriced* for a downtown location that's only 'central' if you don't mind dodging drunks and delivery bikes to reach real attractions. The room itself smelled faintly of mildew despite the 'fresh linens,' and though it had that 'luxury chain hotel' vibe, every surface--cabinet doors, bed frame rails, even the towel racks--had a sticky residue like they'd forgotten to wipe down properly after previous guests. The Wi-Fi was spotty enough to ruin work calls (if you're dumb enough to try working there), and the TV barely worked past 10 PM.

The real kicker? Checking out left me embarrassed. After I asked for ice--twice--the clerk at the front desk sighed so deeply I half-expected it would physically knock me over.",1,doomgrave/ministral-3:8b,long,negative,structured,zero_shot,long_negative_structured_zero_shot,8,801,133,700,1,2,1.0,12,2026-08-23T22:59:58.528799+00:00
fake,monaco,Hotel,"Spent three nights here for what was supposed to be a quick getaway--ended up feeling more exhausted than when I arrived. The room on the 12th floor overlooked the marina, but let's just say 'view' is generous; between the construction scaffolding across the street and a single overpowered AC unit that hissed like a jet engine every hour, it was either baking or freezing. Breakfast at their in-house cafe was another slog--overpriced coffee tasted flat, the toast burned even when ordered medium-rare (seriously?), and the pastries were sad little squares of disappointment that could've been frozen. I didn't see one housekeeper smile or make eye contact the entire stay; it wasn't malice exactly, just the dead weight of checked-out professionalism.

The location is decent if you're into clinging to a cliffside for $350/night and overlooking parked boats instead of the actual ocean.",1,doomgrave/ministral-3:8b,long,negative,structured,zero_shot,long_negative_structured_zero_shot,9,890,142,700,1,2,1.0,12,2026-08-23T23:00:02.335802+00:00
fake,omni,Hotel,"Checked in last weekend for what was supposed to be a quick business trip with my wife, but left feeling anything but relaxed. The hotel's reputation is clearly inflated--our experience was mediocre at best. Upon arrival, we had to fight through a noisy hallway because some room across the hall was blasting music until after midnight (twice!). The staff weren't much help either; front desk wasn't prepared for our check-in time and fumbled with keys before realizing they had extra rooms--embarrassing, especially since we're repeat guests. Our room was dimly lit but had a strange scent like wet cardboard; the carpet smelled faintly mildewy too, which lingered even after we requested cleaning.

The location's only saving grace is proximity to the riverfront, but everything else--like the distant highway noise and lack of sidewalk lighting near the entrance--felt unsettling after dark.",1,doomgrave/ministral-3:8b,long,negative,structured,zero_shot,long_negative_structured_zero_shot,10,894,140,700,1,2,1.0,12,2026-08-23T23:00:06.024272+00:00
fake,palmer,Hotel,"I'd been looking forward to my stay at Palmer's for weeks--until I actually walked in. For $275 a night, you'd expect more than the thin mattress that left my back screaming by midnight or the shower curtain stiff enough to double as a tent flap (let me tell you, stepping into a cold splash of water when turning on the faucet? Not ideal). The 'luxury' amenities list was mostly half-hearted--fancy coffee maker collecting dust in the corner, toilet paper with more holes than my confidence after this place's service. Meanwhile, the sound of laughter, voices, and what sounded suspiciously like a bass-heavy party trickled through the walls for most of the night. I'd assumed a city stay would mean noise, but nothing like the wall-thin partitions at Palmer's that let me overhear strangers' conversations (including one couple arguing about *me*--they thought I was in the next room).",1,doomgrave/ministral-3:8b,long,negative,structured,zero_shot,long_negative_structured_zero_shot,11,887,147,700,1,2,1.0,12,2026-08-23T23:00:09.986223+00:00
fake,sheraton,Hotel,"I expected more from a Sheraton--this was nowhere near what I paid for. The room felt like it was stuck in a mid-century time warp instead of 2024. The carpet smelled stale, no matter how much we aired it out, and the bed was lumpy as if someone dumped pillows on top while rearranging furniture. That wasn't the worst part, though: the Wi-Fi died at least four times during my work calls, and when I finally got frustrated enough to complain, the desk clerk shrugged like it was my own personal problem. The 'high-tech' TV barely worked with streaming apps (Netflix was glitchy, Disney+ kept buffering), so we just ended up watching something on my phone. The pool looked promising--until I noticed the murky water and how many towels had coffee rings on them.",1,doomgrave/ministral-3:8b,long,negative,unstructured,few_shot,long_negative_unstructured_few_shot,0,761,134,700,1,2,1.0,12,2026-08-23T23:00:13.789997+00:00
fake,sofitel,Hotel,"I was so looking forward to my night at the Sofitel--someone had praised it as this hidden gem with Parisian flair--but the reality felt more like a glitchy simulation than anything magical.

First, the room smelled faintly musty, like old books left open in an attic, and when I pulled back the sheets I found a hair caught in one of the thread counts (a tiny detail that made me question everything). The bed wasn't bad per se--just firm enough to leave my shoulders aching after two hours--but the *pillow* was a disaster. It collapsed entirely within 30 minutes, leaving me propping it up with my hand like I was some kind of sleep-defying contortionist. By morning, there were deep creases where I'd rested my head.

Then came the bathroom. The shower's temperature swings felt like defying nature--if you wanted lukewarm water, that was your only option after a minute of chasing it down.",1,doomgrave/ministral-3:8b,long,negative,unstructured,few_shot,long_negative_unstructured_few_shot,1,894,154,700,1,2,1.0,12,2026-08-23T23:00:19.115793+00:00
fake,swissotel,Hotel,"Arrived early to check in, and already felt unsettled. The front desk couldn't be bothered to take my reservation--like I should've known better than to come here for a big conference. Tried explaining it was a work trip with deadlines, but they just waved me off like, 'Sign the sheet somewhere.' *Somewhere.* No one showed my key card up to my room until 15 minutes later. When I finally got in--after some grumbling about no elevator (ugh, six flights)--the first thing that hit was the stale-air smell clinging to everything. Like someone vacuumed with wet hands before I walked in.

The bed *squeaked* every time I moved--which, okay, but honestly, that's fixable. No, what really killed it? The shower was either scalding or freezing, and the water pressure was so weak it felt like it was just... sighing in my hair. Even the TV was stuck on some corporate station I couldn't change without digging through 10 menus.",1,doomgrave/ministral-3:8b,long,negative,unstructured,few_shot,long_negative_unstructured_few_shot,2,923,158,700,1,2,1.0,12,2026-08-23T23:00:23.551720+00:00
fake,talbott,Hotel,"My room at Talbott was supposed to be central, but I walked twenty minutes through rain-slicked streets just to find my bar was across the street--*again*--because my building's map had no context for where 'downtown' actually started and stopped. The room itself felt smaller than the photos suggested; the bed's mattress sagged unevenly, waking me twice last night. Worse were the drafts: even with a jacket on, I shivered through most of March. Check-in was a slog--no one knew my reservation was pre-paid till I mentioned it twice to three different hosts (one gave me a weird look like I'd just asked for room service at 3am). The lobby's 'local advice' desk had a single laminated sheet with one restaurant circled, which wasn't open after 8pm, and no mention of why that one mattered over any other. Small stuff? Maybe.",1,doomgrave/ministral-3:8b,long,negative,unstructured,few_shot,long_negative_unstructured_few_shot,3,826,140,700,1,2,1.0,12,2026-08-23T23:00:27.665048+00:00
fake,affinia,Hotel,"I'd been looking forward to Affinia's minimalist design--just the kind of place that makes me forget I'm in the middle of the city--but the second I walked into my room, everything about it screamed *cheap*. The 'industrial chic' aesthetic was all exposed pipes and uneven lighting that flickered on the nightstand when you moved your phone just right. I don't care if the mattress is supposed to be 'ergonomic'; after three hours of tossing because every time I shifted, the springs dug into my hip, I was ready to drag it out the window.

The bathroom? A punchline. The toilet paper holder was missing half its tabs--you had to grip it with two hands just to tear a sheet without ripping the whole roll (which happened three times). And don't even get me started on the showerhead: it's like I was standing under a spray bottle on blast, no matter how much pressure I turned it to.",1,doomgrave/ministral-3:8b,long,negative,unstructured,few_shot,long_negative_unstructured_few_shot,4,883,157,700,1,2,1.0,12,2026-08-23T23:00:32.404370+00:00
fake,allegro,Hotel,"Honestly, my experience at Allegro was far more frustrating than I expected for the price. The room wasn't terrible--it had decent light and quiet AC--but that's where the positives ended. The shower had no hot water until I waited 20 minutes just to get lukewarm spray, and when I finally checked out, my room keycard stopped working on the 11th floor, so I had to go down and ask at the front desk for a replacement while my stuff sat in an empty hallway. The free breakfast buffet was... well, there wasn't really much to eat beyond cereal and coffee that tasted like watery sludge.

The staff weren't exactly helpful either. I mentioned the shower issue twice, but no one ever fixed it--they just apologized before moving on. Then, when I asked for a safe in my room (which should be standard for this level of hotel), the clerk looked at me like I'd asked for the keys to the city.",1,doomgrave/ministral-3:8b,long,negative,unstructured,few_shot,long_negative_unstructured_few_shot,5,886,161,700,1,2,1.0,12,2026-08-23T23:00:36.865551+00:00
fake,amalfi,Hotel,"Promised so much on the website--rooms with those little balconies right above the sea? Not mine. Ours looked out over a parking garage and had to duck when I stood up straight. The bed was fine, but the sheets were so rough they made me question my life choices. Breakfast? Please. Three sad croissants and something called 'juice' that tasted like a forgotten lemon. Asked about Wi-Fi speed--oh, *now* he's frantically checking the router.

The Amalfi is right by the water (yes, I saw it), but the reality was a tight squeeze between traffic noise and the smell of some questionable restaurant across the street. The pool? A tiny thing with plastic chairs that dug into your back like they'd been salvaged from a children's party. Told my kid to keep the towel off the pool cover because, well, who knows where it's been.

We paid nearly $400 a night for this. There are nicer motels in Positano with a view.",1,doomgrave/ministral-3:8b,long,negative,unstructured,few_shot,long_negative_unstructured_few_shot,6,911,161,700,1,2,1.0,12,2026-08-23T23:00:41.010224+00:00
fake,ambassador,Hotel,"The second floor was a mess--sticky floors in the hallway near room 312 where I'd tripped over something wet when coming back late at night. The housekeeping had left a damp towel draped over the chair near the door like they thought anyone would appreciate the moisture lingering, and the bathroom smelled faintly of mildew despite how recently I'd seen it checked. My room's air conditioning hummed all day but barely moved the heat beyond being uncomfortable--left the window cracked for two hours, still sweating by 3 p.m.

The worst part was the Wi-Fi: constantly dropping when I tried to check emails or even look up nearby things to do. The desk clerk called IT twice after I lost connection during a video call, and they just shrugged like it was my fault for having an actual job.",1,doomgrave/ministral-3:8b,long,negative,unstructured,few_shot,long_negative_unstructured_few_shot,7,789,138,700,1,2,1.0,12,2026-08-23T23:00:45.683890+00:00
fake,conrad,Hotel,"Woke up yesterday morning with the feeling that I'd been left holding the bill after what was supposed to be a premium stay. From the second I checked in--where a harried hostess barely glanced at my key card before shoving it toward me--I knew something wasn't right. The concierge desk looked more like a command center than a place where helpful recommendations might've come from, and when I asked about nearby spots for coffee, she just mumbled about the hotel's *recommended* spot in-house (spoiler: overpriced, overhyped). My room--supposedly part of their 'Signature Collection'--felt like it had been designed by someone who loved *the idea* of modern minimalism but hadn't bothered to test whether any of the light switches worked. The bed was either too firm or too soft, depending on which way you tilted your hips, and the bathroom?",1,doomgrave/ministral-3:8b,long,negative,unstructured,few_shot,long_negative_unstructured_few_shot,8,845,139,700,1,2,1.0,12,2026-08-23T23:00:50.626130+00:00
fake,fairmont,Hotel,"I thought staying at a Fairmont was going to be my kind of luxury--you know, the kind where every detail is thoughtfully polished--but this one felt more like an expensive disappointment. The first issue? That absurdly long check-in line even though it wasn't crowded. I stood there for 15 minutes while someone typed away at some computer and another person held their phone to a tiny photo booth selfie mirror like it was some kind of performance art. By the time I finally got my key card, all my energy had bled out, and then--oh, then--the room smelled like damp laundry that didn't dry properly.

The bed? Ugh. Pillows piled so high they looked intentional, but they felt like someone had stuffed them with old shoeboxes instead of down. The duvet was so heavy it took three attempts just to throw one arm over it without smothering myself.",1,doomgrave/ministral-3:8b,long,negative,unstructured,few_shot,long_negative_unstructured_few_shot,9,846,148,700,1,2,1.0,12,2026-08-23T23:00:55.832525+00:00
fake,hardrock,Hotel,"Staying here was one of those experiences that leaves you wondering how a supposedly major hotel chain like Hard Rock manages to underdeliver on basics. The online pictures made me expect something fresh and stylish--at least *some* sign of the brand's iconic vibe--but our room felt like an afterthought. The walls were so thin we could hear someone snoring across the hall by midnight, and the mattress was rock-hard enough to leave bruises (no joke). No joke about that either.

The pool area looked nice from a distance but smelled like chlorine overload, and while I appreciate the retro arcade machines in the lobby, they're all out of quarters. The 'dining suggestions' from concierge were painfully generic--'try the place down the street'--like they'd memorized one script for everyone.

The real kicker? My coffee order at checkout took *20 minutes* because someone forgot to prep it in time, despite me waiting with my bag packed.",1,doomgrave/ministral-3:8b,long,negative,unstructured,few_shot,long_negative_unstructured_few_shot,10,941,154,700,1,2,1.0,12,2026-08-23T23:01:00.153736+00:00
fake,hilton,Hotel,"Check-in was a nightmare--first line I had to stand there while another guest's reservation got mixed up with mine (yes, *another* mix-up; the front desk didn't even catch it until I started asking questions), and then my room, which I thought was booked for two, somehow only came with one full bed. One *full*. Bed. No couch, no pullout--just a single bed in what they called a 'king' room. Like, we're talking college dorm levels of cramped.

Then the Wi-Fi? Please. The password didn't work at first (typo?), and when it finally connected, it kept dropping mid-conference call. Not great for business. And don't get me started on the noise--the hallway doors were paper-thin, so we had to listen to every sneeze and whisper from the adjacent rooms like a high school cafeteria.

Breakfast was... fine if you like soggy croissants and coffee that tasted like dish soap. The buffet didn't even have yogurt--how is that a thing? And the staff?",1,doomgrave/ministral-3:8b,long,negative,unstructured,few_shot,long_negative_unstructured_few_shot,11,944,161,700,1,2,1.0,12,2026-08-23T23:01:04.429631+00:00
fake,homewood,Hotel,"Honestly? The Homewood was supposed to be my upgrade from last-minute Airbnbs in D.C., but it fell short. First off, the check-in experience felt like running laps--no one directed me to the right desk until I wandered through three different lines, confused. The lobby looked more like a hotel from 2005 with faded red carpet and those tacky chandeliers; not bad, just... forgettable. My room wasn't terrible, but I'll admit: the bed was *hard*--like sleeping on a mattress wrapped in concrete (sorry, but there's a line at Whole Foods for 'firm' mattresses now). And don't even get me started on the shower--the water pressure? Barely a trickle, and half the time it smelled like mildew.",1,doomgrave/ministral-3:8b,long,negative,unstructured,zero_shot,long_negative_unstructured_zero_shot,0,689,115,700,1,2,1.0,12,2026-08-23T23:01:08.940108+00:00
fake,hyatt,Hotel,"Arrived at Hyatt in New York expecting the usual upscale but functional luxury--turns out it was just *basic* with a side of frustration. The check-in went fine (though the app glitch told me my reservation was 'under review' for 10 minutes while I waited), but then I dragged my suitcase up those endless, flickering fluorescent-lit hallways to find my room. Double-check the door code twice--third time worked--but when I opened it, the A/C blasted cold *all night*, even in late fall, and the mattress was like sleeping on a deflated inner tube with the occasional crunch of a loose floorboard.

Worst part? The view. It faces a noisy road; by 1am, every honk and screech of a delivery truck or drunken pedestrian outside felt amplified through thin walls. Asked for noise-canceling earplugs--the clerk sighed like this was routine: *'Just turn the fan on.'* Fan? I had *all* the sheets over my head and still heard it.",1,doomgrave/ministral-3:8b,long,negative,unstructured,zero_shot,long_negative_unstructured_zero_shot,1,922,156,700,1,2,1.0,12,2026-08-23T23:01:13.835017+00:00
fake,intercontinental,Hotel,"The InterContinental promised luxury and effortless convenience--I should've known better. The room was decent enough at first glance, but the air conditioning didn't work properly on my second night (72 degrees in July?), and the staff barely acknowledged our complaints beyond a half-hearted 'we'll see.' The Wi-Fi kept dropping during meetings, making me miss critical client calls while I fumbled with spotty signal bars.

The breakfast spread was mediocre at best--overcooked eggs, lukewarm coffee, and the tofu 'option' tasted like something a robot microwaved. I'd expected more from a place that charges triple what it should for a city center stay. And don't get me started on the shower pressure: you could've been doing *CPR* in my bathtub instead of enjoying the jets.

The concierge was worse than useless when I asked for recommendations; he just shrugged and pointed to a tourist map like we were strangers.",1,doomgrave/ministral-3:8b,long,negative,unstructured,zero_shot,long_negative_unstructured_zero_shot,2,922,147,700,1,2,1.0,12,2026-08-23T23:01:17.437474+00:00
fake,james,Hotel,"This place was *way* less impressive than I expected from the photos and high ratings online--definitely overhyped. My room (307) had those terrible thin curtains that let in *every* light imaginable even when you think they're closed, and it smelled faintly musty like no matter how much air freshener they sprayed, there's still something off about the ventilation system. The showerhead leaks if you turn on the water forcefully enough (which is impossible not to do after sitting in a cold bus for hours), and the toilet plunger is missing half its handle--just the stubby part that doesn't help at all.

Breakfast was *disappointingly* unbreakfasty. A few stale croissants wrapped in plastic, a yogurt cup that had congealed by the time I got there, and coffee so bitter it tasted like the staff brewed it with ground-up shoe polish.",1,doomgrave/ministral-3:8b,long,negative,unstructured,zero_shot,long_negative_unstructured_zero_shot,3,838,139,700,1,2,1.0,12,2026-08-23T23:01:21.665480+00:00
fake,knickerbocker,Hotel,"I just had what I thought was going to be a short getaway, but staying at Knickerbocker was like being stuck in someone's cluttered storage closet--if that storage closet also smelled vaguely of old carpet and mildew. The room itself felt smaller than my Brooklyn apartment (and don't even get me started on how the bed sagged harder than a deflating pool float after two kids jumped in), but what really killed it was the noise level.

I arrived around 10pm thinking I'd at least have some peace to wind down, but within minutes, the walls started shaking with bass-heavy music drifting in from adjacent rooms. By midnight, the guy next door's voice boomed through our flimsy partition like he was hosting a shout-into-the-hallway karaoke session--*loudly*--and security just waved me off when I texted.",1,doomgrave/ministral-3:8b,long,negative,unstructured,zero_shot,long_negative_unstructured_zero_shot,4,804,134,700,1,2,1.0,12,2026-08-23T23:01:26.731477+00:00
fake,monaco,Hotel,"I expected Monaco to be one of those ultra-luxurious escapes you read about online--you know, where every little thing feels curated and the staff glide around with champagne in hand. Spoiler: this wasn't that.

Our room was supposed to have a view of the palace, but all we got was a cramped studio with an oddly stiff bed that had us shifting every 10 minutes just to avoid stiffness in one hip or another. The sheets smelled faintly damp--like someone had washed them in bleach too close to opening night--and I woke up twice to what sounded like a banshee screaming through the vent (which, yeah, *could* have been my imagination, but no, it was probably AC maintenance, because Monaco clearly doesn't do quiet upgrades). The bathroom faucet dripped like someone was leaving on a garden hose, and the toilet paper roll was half-unspooled by someone who just didn't care. Small things, you'd think?",1,doomgrave/ministral-3:8b,long,negative,unstructured,zero_shot,long_negative_unstructured_zero_shot,5,901,154,700,1,2,1.0,12,2026-08-23T23:01:31.967211+00:00
fake,omni,Hotel,"Check-in was smooth enough--I mean, I got my key without waiting too long--but the moment we walked into our room, the air hit like a swamp in July. The AC barely kicked on, and the window was so cracked it let in the neighbor's TV noise, even when their show wasn't playing loud. Not exactly a romantic getaway for us.

The bed? Lumpy as all heck--like someone rolled hay into a mattress--so my partner kept complaining about his hip after one night. And don't get me started on the shower: water pressure so weak it took forever to rinse off, if you could even call it that. We tried flushing it twice in hopes of clearing whatever was clogging it; no luck.

The worst part? The staff acted like they didn't care. The night manager gave us a half-hearted apology when I mentioned the AC but refused to switch rooms despite our exhaustion.",1,doomgrave/ministral-3:8b,long,negative,unstructured,zero_shot,long_negative_unstructured_zero_shot,6,840,153,700,1,2,1.0,12,2026-08-23T23:01:35.823068+00:00
fake,palmer,Hotel,"The Palmer felt like it was stuck between *affordable* and *uninspiring*--neither one quite working. Check-in was fine (though the clerk looked like he was half asleep), but the room itself--sorry, 'key experience'--was a letdown. The carpet smelled weirdly like mildew in one corner; the shower curtain had water rings that were *definitely* not there when I booked. And don't even get me started on the bed: one of those weird memory-foam things that turned out to be just a thin mattress stuffed into a box spring, so every time I shifted, it *creaked* like a barn door.

Breakfast? They called it 'hotel-style' but served sad little pastries that tasted like cardboard and coffee that was either lukewarm or over-extracted. The Wi-Fi worked in fits and starts--half the morning I couldn't load anything past the first screen of my email, which was frustrating given how often I had to double-check travel plans.

The 'amenities' part? Ha.",1,doomgrave/ministral-3:8b,long,negative,unstructured,zero_shot,long_negative_unstructured_zero_shot,7,942,155,700,1,2,1.0,12,2026-08-23T23:01:40.493313+00:00
fake,sheraton,Hotel,"The Sheraton in [city] promised luxury--at least according to its slick online photos--but the reality fell way short. The first thing that hit me when I stepped into my room was that stale air smell like you get in a neglected office building; the AC didn't even buzz, which was weird for July heat. Then there's the bed: lumpy and sagging in the middle, like they've been using it to store misplaced towels beneath the mattress.

Breakfast? Forget it. The buffet had the same sad waffles I'd seen at diners that cost a quarter, and the bacon was greasier than my car's hood after an all-night drive. The waiter who finally showed up for coffee wasn't even paying attention to me--just dropping mugs like he was in a hurry (and not giving a damn if they got smudged).

The Wi-Fi cuts out at random, which is fine until you're trying to finalize travel plans and suddenly half your tab's on hold. And the staff? Rude wasn't strong enough.",1,doomgrave/ministral-3:8b,long,negative,unstructured,zero_shot,long_negative_unstructured_zero_shot,8,938,168,700,1,2,1.0,12,2026-08-23T23:01:44.966283+00:00
fake,sofitel,Hotel,"Honestly? I came in with such high expectations for Sofitel--French design, that luxurious vibe, the idea of sleek elegance--but by the end, I was left feeling like it had gotten some good ideas and stopped there. The lobby was actually stunning; those curved couches with the soft blue cushions were *very* chic, and the light fixtures looked like something from a Parisian cafe. But that was about where it shone.

My room, oh man. The bathroom sink's faucet was either freezing or scalding--I spent five minutes adjusting it just to get lukewarm water while standing there in the rain, trying not to freeze my hands off. Then I walked over to brush my teeth, and somehow the trash can overflowed all over the countertop. *All* of it. I had to grab towels just to wipe up the mess before it soaked into the tiles.",1,doomgrave/ministral-3:8b,long,negative,unstructured,zero_shot,long_negative_unstructured_zero_shot,9,815,144,700,1,2,1.0,12,2026-08-23T23:01:50.011728+00:00
fake,swissotel,Hotel,"The Swissotel in town was a major letdown--especially after all the hype about the lake views and Michelin-starred dining. The room itself was... functional at best. Thin walls meant I heard my neighbor's TV blasting till 2am, and no matter how much I adjusted the 'quiet hours' switch, it didn't help. The pillows were flat as cardboard slabs, and the sheets had seen better days--stiff and slightly damp under my chin (great way to start a vacation). Not to mention the bathroom: the shower curtain was always sagging off its rod, and half the time water pooled on the floor because the drain didn't work properly. Honestly? I've stayed in budget motels with better airflow.

The restaurant downstairs had potential--until you realized how overpriced everything was for the quality.",1,doomgrave/ministral-3:8b,long,negative,unstructured,zero_shot,long_negative_unstructured_zero_shot,10,784,129,700,1,2,1.0,12,2026-08-23T23:01:54.953577+00:00
fake,talbott,Hotel,"I'd hoped The Talbott was going to be that perfect mid-range hideaway--you know, polished enough for a business stay but cozy enough to feel like you're actually getting something special. Instead, I got a functional dumpster fire with an overpriced veneer.

The room smelled *off*--like stale air and cheap detergent--and the bed was so lumpy that waking up each morning felt like defusing a landmine. The Wi-Fi? Forget it. By 3 AM, it kept dropping every few minutes, making me swear like I hadn't since college. And don't even get me started on the *shower*. The water pressure was so low it sounded more like a trickle than a shower. Then there's the elevator: slow, creaky, and--here's the kicker--it only had one working button for each floor at a time. I spent half my evening pressing the same key repeatedly while staring at the ceiling, waiting for some engineer to miraculously fix it.

Then, of course, there was breakfast.",1,doomgrave/ministral-3:8b,long,negative,unstructured,zero_shot,long_negative_unstructured_zero_shot,11,935,159,700,1,2,1.0,12,2026-08-23T23:01:59.303693+00:00
